k,N,seed,transient,period,final_density
2,16,0,2,17,0.6875
2,16,1,2,3,0.6875
2,16,2,2,3,0.6250
2,16,3,2,17,0.7500
2,16,4,2,17,0.7500
2,16,5,2,3,0.6875
2,16,6,2,3,0.6875
2,16,7,2,17,0.6875
2,16,8,2,3,0.6250
2,16,9,2,17,0.6875
2,16,10,2,3,0.6875
2,16,11,2,3,0.6875
2,16,12,2,17,0.6875
2,16,13,2,3,0.6875
2,16,14,2,17,0.6875
2,16,15,2,3,0.6875
2,16,16,2,3,0.6875
2,16,17,1,3,0.6875
2,16,18,2,17,0.6875
2,16,19,2,17,0.6875
2,16,20,1,17,0.6875
2,16,21,2,3,0.6875
2,16,22,2,3,0.6250
2,16,23,1,17,0.7500
2,16,24,2,3,0.6875
2,16,25,1,17,0.6875
2,16,26,1,17,0.6875
2,16,27,1,17,0.7500
2,16,28,2,17,0.7500
2,16,29,2,3,0.6875
2,16,30,1,17,0.7500
2,16,31,2,3,0.6875
2,16,32,2,3,0.6875
2,16,33,2,3,0.6250
2,16,34,2,17,0.6875
2,16,35,2,3,0.6250
2,16,36,2,3,0.6875
2,16,37,2,3,0.6875
2,16,38,2,17,0.7500
2,16,39,2,3,0.6875
2,16,40,1,3,0.6875
2,16,41,2,17,0.6875
2,16,42,2,3,0.6875
2,16,43,2,17,0.6875
2,16,44,2,17,0.6875
2,16,45,1,17,0.6875
2,16,46,2,3,0.6250
2,16,47,2,17,0.6875
2,16,48,2,17,0.6875
2,16,49,1,17,0.6875
2,16,50,1,17,0.6875
2,16,51,2,3,0.6875
2,16,52,1,17,0.7500
2,16,53,2,3,0.6875
2,16,54,2,17,0.6875
2,16,55,1,17,0.7500
2,16,56,2,3,0.6875
2,16,57,2,3,0.6250
2,16,58,1,17,0.6875
2,16,59,2,17,0.6875
2,16,60,2,3,0.6875
2,16,61,2,17,0.6875
2,16,62,1,17,0.7500
2,16,63,2,3,0.6250
2,16,64,2,17,0.6875
2,16,65,2,3,0.6250
2,16,66,1,17,0.7500
2,16,67,2,17,0.6875
2,16,68,1,17,0.6875
2,16,69,2,3,0.6875
2,16,70,2,3,0.6250
2,16,71,2,3,0.6250
2,16,72,1,17,0.7500
2,16,73,2,3,0.6250
2,16,74,2,17,0.6875
2,16,75,2,17,0.6875
2,16,76,2,17,0.6875
2,16,77,1,3,0.6875
2,16,78,2,3,0.6875
2,16,79,2,3,0.6875
2,16,80,1,17,0.6875
2,16,81,1,17,0.6875
2,16,82,2,17,0.6875
2,16,83,2,17,0.6875
2,16,84,2,3,0.6875
2,16,85,1,3,0.6875
2,16,86,2,17,0.7500
2,16,87,2,3,0.6250
2,16,88,2,3,0.6250
2,16,89,1,17,0.7500
2,16,90,2,17,0.7500
2,16,91,1,17,0.7500
2,16,92,2,17,0.7500
2,16,93,2,17,0.6875
2,16,94,1,17,0.7500
2,16,95,2,17,0.7500
2,16,96,2,3,0.6875
2,16,97,2,3,0.6250
2,16,98,1,17,0.6875
2,16,99,2,17,0.6875
2,16,100,1,17,0.6875
2,16,101,1,17,0.7500
2,16,102,2,17,0.6875
2,16,103,1,17,0.7500
2,16,104,2,17,0.6875
2,16,105,2,17,0.6875
2,16,106,2,17,0.7500
2,16,107,2,17,0.6875
2,16,108,2,17,0.6875
2,16,109,1,17,0.6875
2,16,110,1,17,0.6875
2,16,111,2,3,0.6875
2,16,112,2,17,0.6875
2,16,113,2,3,0.6875
2,16,114,2,17,0.6875
2,16,115,1,17,0.7500
2,16,116,2,17,0.7500
2,16,117,2,3,0.6875
2,16,118,1,17,0.6875
2,16,119,2,17,0.6875
2,16,120,1,17,0.7500
2,16,121,2,3,0.6250
2,16,122,2,17,0.6875
2,16,123,2,17,0.6875
2,16,124,1,17,0.6875
2,16,125,2,17,0.6875
2,16,126,2,17,0.6875
2,16,127,2,3,0.6875
2,16,128,2,3,0.6875
2,16,129,2,3,0.6250
2,16,130,2,3,0.6250
2,16,131,2,17,0.7500
2,16,132,1,3,0.6875
2,16,133,2,17,0.6875
2,16,134,2,17,0.7500
2,16,135,2,17,0.6875
2,16,136,2,3,0.6250
2,16,137,2,17,0.6875
2,16,138,2,17,0.6875
2,16,139,2,17,0.6875
2,16,140,2,3,0.6875
2,16,141,2,3,0.6250
2,16,142,1,3,0.6875
2,16,143,2,17,0.6875
2,16,144,2,17,0.6875
2,16,145,2,17,0.6875
2,16,146,2,17,0.7500
2,16,147,2,3,0.6875
2,16,148,1,17,0.7500
2,16,149,2,3,0.6250
2,16,150,1,17,0.7500
2,16,151,2,17,0.6875
2,16,152,1,17,0.7500
2,16,153,1,17,0.6875
2,16,154,2,17,0.6875
2,16,155,2,17,0.6875
2,16,156,2,17,0.6875
2,16,157,2,3,0.6875
2,16,158,1,17,0.6875
2,16,159,1,17,0.7500
2,16,160,2,3,0.6875
2,16,161,2,3,0.6875
2,16,162,2,17,0.6875
2,16,163,1,17,0.6875
2,16,164,1,17,0.7500
2,16,165,1,17,0.6875
2,16,166,1,17,0.7500
2,16,167,2,17,0.6875
2,16,168,2,3,0.6250
2,16,169,2,3,0.6250
2,16,170,2,17,0.7500
2,16,171,1,17,0.7500
2,16,172,2,17,0.7500
2,16,173,1,17,0.7500
2,16,174,2,3,0.6250
2,16,175,2,17,0.6875
2,16,176,2,3,0.6250
2,16,177,1,17,0.7500
2,16,178,2,17,0.6875
2,16,179,2,3,0.6250
2,16,180,2,3,0.6875
2,16,181,2,17,0.6875
2,16,182,2,17,0.6875
2,16,183,1,17,0.7500
2,16,184,2,3,0.6875
2,16,185,1,17,0.6875
2,16,186,1,17,0.6875
2,16,187,2,3,0.6875
2,16,188,2,17,0.6875
2,16,189,1,17,0.6875
2,16,190,2,3,0.6250
2,16,191,2,3,0.6250
2,16,192,2,3,0.6875
2,16,193,2,17,0.6875
2,16,194,1,17,0.7500
2,16,195,1,17,0.6875
2,16,196,1,17,0.7500
2,16,197,2,3,0.6875
2,16,198,1,17,0.7500
2,16,199,2,3,0.6875
2,20,0,3,3,0.7000
2,20,1,3,3,0.7000
2,20,2,3,3,0.6500
2,20,3,2,3,0.7000
2,20,4,2,21,0.7000
2,20,5,2,3,0.6500
2,20,6,3,3,0.7000
2,20,7,2,3,0.6500
2,20,8,1,21,0.7500
2,20,9,2,21,0.7000
2,20,10,2,3,0.6500
2,20,11,2,21,0.7500
2,20,12,2,3,0.6500
2,20,13,2,21,0.7000
2,20,14,1,21,0.7000
2,20,15,2,3,0.6500
2,20,16,2,3,0.6500
2,20,17,2,21,0.7000
2,20,18,2,21,0.7000
2,20,19,1,3,0.7000
2,20,20,2,3,0.6500
2,20,21,2,21,0.7000
2,20,22,2,3,0.6500
2,20,23,2,3,0.7000
2,20,24,2,3,0.7000
2,20,25,3,3,0.6500
2,20,26,1,21,0.7500
2,20,27,2,3,0.7000
2,20,28,2,3,0.6500
2,20,29,2,3,0.6500
2,20,30,2,21,0.7000
2,20,31,2,3,0.6500
2,20,32,2,21,0.7000
2,20,33,3,3,0.7000
2,20,34,3,3,0.6500
2,20,35,2,3,0.6500
2,20,36,2,3,0.6500
2,20,37,2,21,0.7500
2,20,38,2,21,0.7000
2,20,39,2,21,0.7000
2,20,40,2,3,0.6500
2,20,41,1,21,0.7500
2,20,42,2,3,0.6500
2,20,43,2,3,0.6500
2,20,44,2,21,0.7000
2,20,45,2,3,0.6500
2,20,46,1,21,0.7500
2,20,47,3,3,0.7000
2,20,48,2,3,0.6500
2,20,49,2,3,0.6500
2,20,50,1,21,0.7000
2,20,51,3,3,0.6500
2,20,52,1,21,0.7500
2,20,53,1,21,0.7000
2,20,54,2,21,0.7000
2,20,55,3,3,0.7000
2,20,56,3,3,0.7000
2,20,57,2,21,0.7000
2,20,58,2,21,0.7000
2,20,59,2,3,0.7000
2,20,60,3,3,0.6500
2,20,61,2,21,0.7000
2,20,62,2,3,0.6500
2,20,63,2,3,0.6500
2,20,64,2,3,0.7000
2,20,65,2,3,0.6500
2,20,66,1,21,0.7000
2,20,67,3,3,0.6500
2,20,68,2,3,0.6500
2,20,69,1,7,0.7500
2,20,70,2,21,0.7000
2,20,71,3,3,0.6500
2,20,72,2,3,0.6500
2,20,73,2,3,0.6500
2,20,74,3,3,0.7000
2,20,75,2,3,0.6500
2,20,76,3,3,0.7000
2,20,77,3,3,0.7000
2,20,78,2,3,0.7000
2,20,79,2,3,0.6500
2,20,80,2,3,0.7000
2,20,81,2,3,0.6500
2,20,82,3,3,0.7000
2,20,83,3,3,0.7000
2,20,84,2,3,0.7000
2,20,85,2,3,0.6500
2,20,86,3,3,0.7000
2,20,87,2,21,0.7000
2,20,88,2,3,0.7000
2,20,89,3,3,0.6500
2,20,90,1,21,0.7500
2,20,91,2,3,0.6500
2,20,92,2,21,0.7500
2,20,93,2,3,0.7000
2,20,94,2,3,0.7000
2,20,95,2,21,0.7000
2,20,96,2,3,0.6500
2,20,97,3,3,0.7000
2,20,98,2,3,0.6500
2,20,99,1,21,0.7000
2,20,100,3,3,0.7000
2,20,101,3,3,0.6500
2,20,102,3,3,0.7000
2,20,103,2,21,0.7000
2,20,104,2,21,0.7000
2,20,105,2,21,0.7000
2,20,106,2,3,0.6500
2,20,107,2,3,0.7000
2,20,108,2,21,0.7000
2,20,109,3,3,0.7000
2,20,110,2,3,0.6500
2,20,111,3,3,0.7000
2,20,112,3,3,0.6500
2,20,113,2,21,0.7000
2,20,114,3,3,0.6500
2,20,115,2,3,0.7000
2,20,116,1,3,0.7000
2,20,117,2,3,0.6500
2,20,118,3,3,0.6500
2,20,119,2,3,0.6500
2,20,120,2,21,0.7000
2,20,121,1,21,0.7500
2,20,122,2,3,0.6500
2,20,123,2,3,0.6500
2,20,124,3,3,0.7000
2,20,125,2,21,0.7000
2,20,126,2,3,0.6500
2,20,127,2,21,0.7000
2,20,128,3,3,0.6500
2,20,129,2,21,0.7000
2,20,130,2,21,0.7000
2,20,131,2,3,0.6500
2,20,132,2,3,0.6500
2,20,133,3,3,0.6500
2,20,134,2,3,0.7000
2,20,135,2,3,0.6500
2,20,136,2,3,0.6500
2,20,137,2,21,0.7000
2,20,138,3,3,0.6500
2,20,139,2,3,0.7000
2,20,140,2,3,0.6500
2,20,141,2,3,0.7000
2,20,142,1,21,0.7500
2,20,143,3,3,0.6500
2,20,144,1,21,0.7500
2,20,145,2,3,0.7000
2,20,146,3,3,0.6500
2,20,147,1,21,0.7500
2,20,148,1,21,0.7000
2,20,149,2,3,0.6500
2,20,150,2,3,0.6500
2,20,151,1,21,0.7500
2,20,152,3,3,0.7000
2,20,153,1,21,0.7000
2,20,154,3,3,0.7000
2,20,155,2,3,0.6500
2,20,156,2,3,0.6500
2,20,157,1,21,0.7000
2,20,158,1,21,0.7500
2,20,159,2,21,0.7000
2,20,160,2,3,0.6500
2,20,161,1,21,0.7500
2,20,162,3,3,0.7000
2,20,163,2,3,0.6500
2,20,164,2,21,0.7000
2,20,165,2,3,0.6500
2,20,166,2,21,0.7500
2,20,167,1,3,0.7000
2,20,168,2,3,0.7000
2,20,169,2,3,0.6500
2,20,170,2,3,0.6500
2,20,171,2,21,0.7500
2,20,172,2,3,0.6500
2,20,173,2,21,0.7000
2,20,174,2,3,0.6500
2,20,175,2,21,0.7000
2,20,176,2,21,0.7000
2,20,177,2,21,0.7000
2,20,178,2,3,0.6500
2,20,179,2,3,0.6500
2,20,180,1,21,0.7500
2,20,181,2,3,0.7000
2,20,182,2,21,0.7000
2,20,183,2,3,0.7000
2,20,184,3,3,0.6500
2,20,185,2,3,0.6500
2,20,186,3,3,0.6500
2,20,187,3,3,0.7000
2,20,188,2,3,0.6500
2,20,189,1,3,0.7000
2,20,190,1,21,0.7000
2,20,191,1,21,0.7500
2,20,192,2,3,0.6500
2,20,193,2,3,0.7000
2,20,194,3,3,0.7000
2,20,195,1,21,0.7500
2,20,196,2,7,0.7000
2,20,197,2,3,0.6500
2,20,198,2,3,0.7000
2,20,199,1,3,0.7000
2,24,0,1,25,0.6667
2,24,1,2,25,0.6667
2,24,2,3,25,0.7083
2,24,3,2,25,0.6667
2,24,4,2,25,0.6667
2,24,5,1,25,0.7500
2,24,6,2,25,0.6667
2,24,7,2,25,0.7500
2,24,8,3,25,0.6667
2,24,9,1,25,0.7500
2,24,10,2,25,0.6667
2,24,11,2,25,0.6667
2,24,12,2,25,0.7083
2,24,13,2,25,0.7083
2,24,14,2,25,0.7500
2,24,15,2,25,0.7083
2,24,16,3,25,0.7083
2,24,17,3,25,0.7083
2,24,18,3,25,0.7083
2,24,19,2,25,0.7083
2,24,20,2,25,0.6667
2,24,21,2,25,0.6667
2,24,22,2,25,0.7083
2,24,23,2,25,0.6667
2,24,24,2,25,0.7083
2,24,25,3,25,0.6667
2,24,26,2,25,0.7083
2,24,27,2,25,0.6667
2,24,28,2,25,0.6667
2,24,29,2,25,0.6667
2,24,30,2,25,0.7083
2,24,31,2,25,0.7083
2,24,32,2,25,0.7083
2,24,33,3,25,0.7083
2,24,34,2,25,0.7083
2,24,35,3,25,0.6667
2,24,36,2,25,0.6667
2,24,37,1,25,0.7500
2,24,38,3,25,0.7083
2,24,39,2,25,0.6667
2,24,40,2,25,0.6667
2,24,41,2,25,0.6667
2,24,42,2,25,0.7083
2,24,43,2,25,0.6667
2,24,44,3,25,0.6667
2,24,45,1,25,0.7083
2,24,46,2,25,0.6667
2,24,47,2,25,0.7083
2,24,48,2,25,0.6667
2,24,49,2,25,0.6667
2,24,50,3,25,0.7083
2,24,51,2,25,0.6667
2,24,52,2,25,0.6667
2,24,53,1,25,0.6667
2,24,54,3,25,0.7083
2,24,55,2,25,0.6667
2,24,56,2,25,0.6667
2,24,57,2,25,0.7083
2,24,58,2,25,0.7083
2,24,59,2,25,0.6667
2,24,60,2,25,0.6667
2,24,61,3,25,0.6667
2,24,62,1,25,0.7500
2,24,63,2,25,0.6667
2,24,64,2,25,0.6667
2,24,65,2,25,0.7083
2,24,66,2,25,0.6667
2,24,67,2,25,0.6667
2,24,68,2,25,0.7083
2,24,69,2,25,0.7083
2,24,70,2,25,0.6667
2,24,71,2,25,0.6667
2,24,72,1,25,0.7083
2,24,73,2,25,0.7083
2,24,74,2,25,0.7083
2,24,75,2,25,0.7500
2,24,76,2,25,0.7083
2,24,77,1,25,0.7083
2,24,78,3,25,0.6667
2,24,79,2,25,0.6667
2,24,80,2,25,0.6667
2,24,81,2,25,0.6667
2,24,82,2,25,0.6667
2,24,83,2,25,0.7083
2,24,84,2,25,0.6667
2,24,85,2,25,0.6667
2,24,86,1,25,0.7500
2,24,87,2,25,0.6667
2,24,88,2,25,0.6667
2,24,89,2,25,0.6667
2,24,90,2,25,0.6667
2,24,91,1,25,0.7083
2,24,92,2,25,0.6667
2,24,93,1,25,0.7083
2,24,94,2,25,0.7083
2,24,95,1,25,0.7083
2,24,96,2,25,0.6667
2,24,97,1,25,0.7083
2,24,98,2,25,0.7083
2,24,99,2,25,0.7083
2,24,100,2,25,0.6667
2,24,101,2,25,0.6667
2,24,102,2,25,0.6667
2,24,103,3,25,0.7083
2,24,104,2,25,0.7083
2,24,105,2,25,0.6667
2,24,106,2,25,0.6667
2,24,107,2,25,0.7083
2,24,108,2,25,0.6667
2,24,109,2,25,0.6667
2,24,110,2,25,0.7083
2,24,111,1,25,0.7500
2,24,112,2,25,0.7083
2,24,113,2,25,0.6667
2,24,114,2,25,0.6667
2,24,115,2,25,0.6667
2,24,116,1,25,0.7083
2,24,117,2,25,0.7083
2,24,118,2,25,0.6667
2,24,119,2,25,0.6667
2,24,120,2,25,0.7083
2,24,121,2,25,0.7083
2,24,122,2,25,0.7083
2,24,123,2,25,0.6667
2,24,124,2,25,0.6667
2,24,125,3,25,0.6667
2,24,126,2,25,0.7083
2,24,127,3,25,0.6667
2,24,128,2,25,0.7083
2,24,129,2,25,0.6667
2,24,130,2,25,0.6667
2,24,131,2,25,0.7083
2,24,132,2,25,0.6667
2,24,133,3,25,0.7083
2,24,134,3,25,0.7083
2,24,135,1,25,0.7083
2,24,136,2,25,0.6667
2,24,137,2,25,0.7083
2,24,138,2,25,0.6667
2,24,139,2,25,0.7083
2,24,140,2,25,0.6667
2,24,141,2,25,0.6667
2,24,142,2,25,0.7083
2,24,143,2,25,0.6667
2,24,144,2,25,0.6667
2,24,145,2,25,0.6667
2,24,146,2,25,0.6667
2,24,147,2,25,0.6667
2,24,148,1,25,0.7083
2,24,149,2,25,0.6667
2,24,150,2,25,0.6667
2,24,151,3,25,0.7083
2,24,152,3,25,0.6667
2,24,153,3,25,0.7083
2,24,154,3,25,0.6667
2,24,155,2,25,0.6667
2,24,156,2,25,0.6667
2,24,157,2,25,0.6667
2,24,158,2,25,0.6667
2,24,159,2,25,0.6667
2,24,160,1,25,0.7083
2,24,161,2,25,0.6667
2,24,162,2,25,0.7083
2,24,163,2,25,0.6667
2,24,164,2,25,0.6667
2,24,165,2,25,0.6667
2,24,166,2,25,0.7083
2,24,167,2,25,0.7083
2,24,168,2,25,0.6667
2,24,169,2,25,0.7083
2,24,170,2,25,0.6667
2,24,171,3,25,0.7083
2,24,172,2,25,0.6667
2,24,173,2,25,0.7083
2,24,174,2,25,0.6667
2,24,175,2,25,0.6667
2,24,176,3,25,0.7083
2,24,177,2,25,0.6667
2,24,178,2,25,0.7083
2,24,179,2,25,0.6667
2,24,180,3,25,0.6667
2,24,181,2,25,0.7083
2,24,182,2,25,0.7083
2,24,183,1,25,0.7083
2,24,184,2,25,0.7083
2,24,185,2,25,0.6667
2,24,186,2,25,0.6667
2,24,187,1,25,0.6667
2,24,188,1,25,0.6667
2,24,189,2,25,0.6667
2,24,190,2,25,0.6667
2,24,191,2,25,0.7083
2,24,192,2,25,0.7083
2,24,193,1,25,0.7083
2,24,194,2,25,0.7083
2,24,195,2,25,0.6667
2,24,196,2,25,0.6667
2,24,197,2,25,0.6667
2,24,198,2,25,0.6667
2,24,199,2,25,0.7083
2,28,0,2,29,0.7143
2,28,1,2,29,0.6786
2,28,2,2,29,0.6786
2,28,3,2,29,0.6786
2,28,4,2,3,0.6786
2,28,5,2,29,0.6786
2,28,6,2,3,0.6429
2,28,7,2,3,0.6429
2,28,8,2,3,0.6429
2,28,9,1,29,0.7143
2,28,10,2,29,0.6786
2,28,11,2,29,0.6786
2,28,12,2,29,0.7143
2,28,13,2,29,0.6786
2,28,14,3,29,0.6786
2,28,15,2,29,0.6786
2,28,16,2,3,0.6429
2,28,17,3,29,0.7143
2,28,18,2,29,0.7143
2,28,19,2,29,0.7143
2,28,20,2,3,0.6786
2,28,21,2,29,0.6786
2,28,22,2,29,0.6786
2,28,23,2,29,0.6786
2,28,24,2,29,0.7143
2,28,25,2,3,0.6429
2,28,26,2,29,0.6786
2,28,27,2,29,0.6786
2,28,28,2,29,0.6786
2,28,29,2,29,0.7143
2,28,30,2,29,0.7143
2,28,31,2,29,0.6786
2,28,32,3,29,0.7143
2,28,33,2,29,0.7143
2,28,34,2,29,0.7143
2,28,35,1,29,0.7500
2,28,36,2,29,0.6786
2,28,37,2,29,0.7143
2,28,38,2,29,0.7143
2,28,39,2,3,0.6429
2,28,40,2,29,0.6786
2,28,41,2,29,0.6786
2,28,42,2,29,0.6786
2,28,43,3,29,0.7143
2,28,44,2,3,0.6786
2,28,45,2,3,0.6786
2,28,46,2,3,0.6786
2,28,47,2,29,0.7143
2,28,48,1,3,0.6429
2,28,49,1,29,0.6786
2,28,50,2,29,0.6786
2,28,51,2,29,0.6786
2,28,52,2,29,0.6786
2,28,53,2,29,0.7143
2,28,54,2,3,0.6786
2,28,55,2,3,0.6429
2,28,56,2,29,0.6786
2,28,57,2,29,0.6786
2,28,58,2,29,0.6786
2,28,59,3,29,0.7143
2,28,60,2,29,0.6786
2,28,61,2,29,0.7143
2,28,62,2,3,0.6429
2,28,63,2,3,0.6786
2,28,64,2,29,0.7143
2,28,65,1,3,0.6786
2,28,66,2,29,0.6786
2,28,67,1,29,0.7143
2,28,68,2,29,0.6786
2,28,69,2,29,0.6786
2,28,70,2,29,0.6786
2,28,71,2,29,0.6786
2,28,72,2,3,0.6786
2,28,73,1,29,0.7143
2,28,74,1,29,0.6786
2,28,75,2,29,0.6786
2,28,76,2,3,0.6429
2,28,77,2,3,0.6429
2,28,78,2,3,0.6786
2,28,79,3,29,0.7143
2,28,80,2,29,0.7143
2,28,81,2,3,0.6786
2,28,82,2,3,0.6429
2,28,83,2,29,0.6786
2,28,84,2,29,0.6786
2,28,85,2,29,0.6786
2,28,86,2,3,0.6786
2,28,87,2,3,0.6429
2,28,88,2,29,0.6786
2,28,89,2,29,0.6786
2,28,90,2,29,0.6786
2,28,91,2,29,0.7143
2,28,92,3,29,0.6786
2,28,93,2,29,0.6786
2,28,94,2,29,0.6786
2,28,95,2,29,0.6786
2,28,96,3,29,0.6786
2,28,97,2,29,0.6786
2,28,98,2,3,0.6786
2,28,99,2,3,0.6786
2,28,100,2,29,0.6786
2,28,101,2,29,0.6786
2,28,102,2,29,0.6786
2,28,103,2,29,0.6786
2,28,104,2,29,0.7143
2,28,105,2,29,0.6786
2,28,106,2,3,0.6786
2,28,107,2,29,0.6786
2,28,108,2,3,0.6786
2,28,109,2,29,0.6786
2,28,110,2,29,0.7143
2,28,111,2,29,0.6786
2,28,112,2,29,0.7143
2,28,113,2,29,0.7143
2,28,114,2,3,0.6429
2,28,115,2,29,0.6786
2,28,116,2,29,0.7143
2,28,117,2,29,0.7143
2,28,118,2,29,0.6786
2,28,119,2,29,0.6786
2,28,120,2,29,0.6786
2,28,121,2,29,0.6786
2,28,122,2,3,0.6429
2,28,123,2,29,0.7143
2,28,124,1,29,0.7143
2,28,125,2,29,0.6786
2,28,126,2,29,0.7143
2,28,127,2,29,0.6786
2,28,128,2,29,0.6786
2,28,129,2,29,0.6786
2,28,130,2,29,0.6786
2,28,131,2,29,0.6786
2,28,132,1,29,0.6786
2,28,133,1,29,0.6786
2,28,134,2,29,0.6786
2,28,135,2,3,0.6786
2,28,136,2,3,0.6429
2,28,137,1,29,0.6786
2,28,138,2,3,0.6786
2,28,139,3,29,0.6786
2,28,140,2,29,0.6786
2,28,141,2,29,0.6786
2,28,142,1,29,0.6786
2,28,143,2,29,0.6786
2,28,144,2,29,0.7143
2,28,145,2,29,0.6786
2,28,146,2,29,0.7143
2,28,147,2,29,0.6786
2,28,148,2,29,0.6786
2,28,149,2,29,0.6786
2,28,150,2,29,0.6786
2,28,151,2,29,0.6786
2,28,152,2,29,0.6786
2,28,153,2,29,0.6786
2,28,154,2,29,0.6786
2,28,155,1,29,0.6786
2,28,156,2,29,0.6786
2,28,157,1,29,0.6786
2,28,158,2,29,0.6786
2,28,159,2,29,0.6786
2,28,160,2,29,0.7143
2,28,161,2,29,0.6786
2,28,162,2,29,0.7143
2,28,163,2,29,0.6786
2,28,164,2,29,0.6786
2,28,165,2,29,0.6786
2,28,166,2,29,0.6786
2,28,167,2,3,0.6429
2,28,168,2,29,0.7143
2,28,169,2,29,0.6786
2,28,170,3,29,0.7143
2,28,171,2,29,0.6786
2,28,172,2,3,0.6786
2,28,173,2,29,0.6786
2,28,174,2,29,0.7143
2,28,175,2,29,0.6786
2,28,176,2,29,0.6786
2,28,177,2,29,0.6786
2,28,178,2,29,0.6786
2,28,179,2,29,0.7143
2,28,180,2,3,0.6429
2,28,181,2,29,0.6786
2,28,182,2,29,0.6786
2,28,183,2,3,0.6786
2,28,184,1,29,0.6786
2,28,185,2,3,0.6429
2,28,186,2,3,0.6786
2,28,187,3,29,0.7143
2,28,188,3,29,0.7143
2,28,189,1,29,0.7500
2,28,190,2,29,0.7143
2,28,191,2,3,0.6429
2,28,192,2,29,0.6786
2,28,193,2,29,0.6786
2,28,194,2,29,0.7143
2,28,195,2,29,0.6786
2,28,196,1,29,0.6786
2,28,197,2,29,0.6786
2,28,198,2,29,0.7143
2,28,199,2,29,0.6786
2,32,0,2,33,0.7188
2,32,1,3,3,0.6562
2,32,2,2,33,0.6875
2,32,3,2,33,0.7188
2,32,4,2,3,0.6562
2,32,5,2,33,0.6875
2,32,6,3,3,0.6875
2,32,7,2,33,0.6875
2,32,8,2,33,0.6875
2,32,9,1,33,0.6875
2,32,10,1,33,0.7188
2,32,11,3,3,0.6875
2,32,12,3,3,0.6875
2,32,13,2,3,0.6562
2,32,14,2,33,0.6875
2,32,15,3,33,0.6875
2,32,16,2,33,0.6875
2,32,17,3,3,0.6875
2,32,18,2,3,0.6562
2,32,19,2,33,0.7188
2,32,20,3,3,0.6562
2,32,21,3,3,0.6875
2,32,22,2,33,0.6875
2,32,23,3,33,0.7188
2,32,24,3,3,0.6875
2,32,25,2,3,0.6562
2,32,26,2,3,0.6562
2,32,27,2,3,0.6562
2,32,28,2,33,0.6875
2,32,29,3,3,0.6562
2,32,30,3,33,0.6875
2,32,31,3,3,0.6875
2,32,32,2,33,0.6875
2,32,33,2,33,0.6875
2,32,34,2,33,0.6875
2,32,35,2,3,0.6562
2,32,36,2,3,0.6562
2,32,37,3,33,0.7188
2,32,38,2,33,0.6875
2,32,39,2,33,0.7188
2,32,40,3,3,0.6875
2,32,41,2,33,0.6875
2,32,42,3,3,0.6875
2,32,43,2,33,0.6875
2,32,44,3,3,0.6562
2,32,45,2,33,0.6875
2,32,46,2,33,0.6875
2,32,47,2,33,0.6875
2,32,48,2,33,0.6875
2,32,49,1,33,0.7188
2,32,50,2,33,0.6875
2,32,51,2,3,0.6562
2,32,52,2,3,0.6562
2,32,53,2,3,0.6562
2,32,54,2,3,0.6875
2,32,55,2,33,0.6875
2,32,56,2,33,0.7188
2,32,57,2,33,0.7188
2,32,58,2,33,0.6875
2,32,59,2,33,0.6875
2,32,60,2,3,0.6562
2,32,61,2,3,0.6562
2,32,62,3,3,0.6562
2,32,63,2,3,0.6562
2,32,64,3,3,0.6562
2,32,65,2,3,0.6562
2,32,66,2,33,0.7188
2,32,67,2,3,0.6562
2,32,68,2,3,0.6875
2,32,69,2,3,0.6875
2,32,70,3,3,0.6562
2,32,71,2,3,0.6562
2,32,72,2,3,0.6562
2,32,73,2,33,0.6875
2,32,74,2,33,0.6875
2,32,75,2,33,0.6875
2,32,76,2,33,0.6875
2,32,77,3,3,0.6875
2,32,78,3,33,0.6875
2,32,79,2,33,0.6875
2,32,80,2,3,0.6562
2,32,81,2,33,0.7188
2,32,82,3,3,0.6875
2,32,83,3,3,0.6875
2,32,84,3,3,0.6875
2,32,85,2,33,0.6875
2,32,86,3,3,0.6562
2,32,87,2,3,0.6562
2,32,88,2,33,0.7188
2,32,89,2,3,0.6562
2,32,90,2,3,0.6562
2,32,91,3,3,0.6562
2,32,92,3,3,0.6875
2,32,93,2,33,0.6875
2,32,94,2,33,0.7188
2,32,95,2,33,0.6875
2,32,96,3,3,0.6875
2,32,97,2,3,0.6562
2,32,98,2,33,0.7188
2,32,99,3,3,0.6875
2,32,100,1,33,0.7188
2,32,101,2,33,0.6875
2,32,102,2,33,0.6875
2,32,103,2,3,0.6562
2,32,104,2,33,0.6875
2,32,105,2,3,0.6562
2,32,106,2,3,0.6562
2,32,107,3,3,0.6562
2,32,108,3,3,0.6562
2,32,109,3,3,0.6875
2,32,110,2,33,0.7188
2,32,111,2,3,0.6562
2,32,112,2,3,0.6562
2,32,113,2,33,0.6875
2,32,114,2,33,0.7188
2,32,115,3,33,0.6875
2,32,116,3,3,0.6562
2,32,117,2,33,0.7188
2,32,118,2,33,0.6875
2,32,119,2,33,0.6875
2,32,120,2,33,0.6875
2,32,121,2,33,0.7188
2,32,122,2,33,0.6875
2,32,123,3,3,0.6875
2,32,124,3,3,0.6562
2,32,125,2,33,0.6875
2,32,126,3,3,0.6875
2,32,127,2,33,0.6875
2,32,128,3,3,0.6562
2,32,129,2,3,0.6562
2,32,130,2,33,0.6875
2,32,131,2,33,0.7188
2,32,132,3,3,0.6875
2,32,133,1,33,0.6875
2,32,134,3,3,0.6562
2,32,135,3,3,0.6875
2,32,136,2,33,0.6875
2,32,137,2,33,0.6875
2,32,138,3,3,0.6875
2,32,139,2,33,0.7188
2,32,140,2,33,0.6875
2,32,141,3,3,0.6875
2,32,142,3,3,0.6875
2,32,143,2,33,0.6875
2,32,144,1,33,0.7188
2,32,145,2,3,0.6875
2,32,146,1,33,0.7188
2,32,147,3,33,0.7188
2,32,148,3,3,0.6562
2,32,149,2,33,0.6875
2,32,150,2,33,0.7188
2,32,151,2,3,0.6875
2,32,152,2,33,0.7188
2,32,153,3,33,0.7188
2,32,154,2,33,0.6875
2,32,155,2,3,0.6562
2,32,156,2,3,0.6562
2,32,157,3,3,0.6562
2,32,158,2,33,0.7188
2,32,159,3,3,0.6875
2,32,160,1,33,0.7500
2,32,161,2,33,0.6875
2,32,162,2,33,0.6875
2,32,163,2,33,0.6875
2,32,164,2,33,0.6875
2,32,165,3,3,0.6562
2,32,166,2,3,0.6562
2,32,167,1,33,0.6875
2,32,168,3,3,0.6562
2,32,169,2,33,0.6875
2,32,170,2,33,0.6875
2,32,171,2,33,0.7188
2,32,172,2,33,0.6875
2,32,173,2,33,0.6875
2,32,174,2,33,0.6875
2,32,175,3,3,0.6562
2,32,176,2,33,0.6875
2,32,177,1,33,0.6875
2,32,178,2,3,0.6562
2,32,179,2,3,0.6875
2,32,180,2,33,0.6875
2,32,181,3,3,0.6562
2,32,182,3,3,0.6562
2,32,183,2,33,0.6875
2,32,184,2,33,0.6875
2,32,185,3,33,0.7188
2,32,186,3,3,0.6562
2,32,187,2,33,0.6875
2,32,188,2,33,0.6875
2,32,189,2,33,0.6875
2,32,190,2,3,0.6562
2,32,191,2,33,0.6875
2,32,192,3,3,0.6562
2,32,193,3,3,0.6562
2,32,194,3,3,0.6875
2,32,195,3,3,0.6875
2,32,196,1,33,0.7188
2,32,197,3,3,0.6875
2,32,198,3,33,0.7188
2,32,199,1,33,0.6875
2,36,0,2,37,0.6944
2,36,1,3,37,0.6667
2,36,2,2,37,0.6667
2,36,3,2,37,0.6667
2,36,4,2,37,0.6667
2,36,5,2,37,0.6944
2,36,6,2,37,0.6667
2,36,7,3,37,0.6944
2,36,8,2,37,0.6944
2,36,9,2,37,0.6944
2,36,10,2,37,0.6667
2,36,11,3,37,0.6944
2,36,12,2,37,0.6667
2,36,13,2,37,0.6944
2,36,14,2,37,0.6944
2,36,15,2,37,0.6667
2,36,16,2,37,0.6667
2,36,17,3,37,0.6667
2,36,18,2,37,0.7222
2,36,19,3,37,0.6667
2,36,20,2,37,0.6944
2,36,21,2,37,0.6667
2,36,22,2,37,0.6944
2,36,23,2,37,0.6944
2,36,24,2,37,0.6667
2,36,25,2,37,0.6944
2,36,26,2,37,0.6944
2,36,27,2,37,0.6944
2,36,28,2,37,0.6667
2,36,29,2,37,0.6667
2,36,30,2,37,0.6667
2,36,31,2,37,0.6944
2,36,32,2,37,0.6944
2,36,33,3,37,0.6944
2,36,34,2,37,0.6944
2,36,35,2,37,0.6944
2,36,36,2,37,0.7222
2,36,37,3,37,0.6667
2,36,38,3,37,0.6944
2,36,39,2,37,0.7222
2,36,40,3,37,0.6667
2,36,41,2,37,0.6667
2,36,42,3,37,0.6667
2,36,43,2,37,0.6667
2,36,44,2,37,0.6667
2,36,45,2,37,0.7222
2,36,46,2,37,0.6667
2,36,47,2,37,0.6667
2,36,48,2,37,0.6944
2,36,49,2,37,0.6944
2,36,50,2,37,0.6944
2,36,51,2,37,0.6667
2,36,52,3,37,0.6944
2,36,53,2,37,0.6944
2,36,54,2,37,0.6667
2,36,55,2,37,0.6667
2,36,56,2,37,0.6944
2,36,57,3,37,0.6667
2,36,58,2,37,0.6667
2,36,59,2,37,0.6667
2,36,60,2,37,0.6667
2,36,61,2,37,0.6667
2,36,62,3,37,0.6667
2,36,63,2,37,0.6944
2,36,64,2,37,0.6667
2,36,65,3,37,0.6944
2,36,66,2,37,0.6944
2,36,67,2,37,0.6667
2,36,68,2,37,0.7222
2,36,69,2,37,0.6944
2,36,70,2,37,0.6667
2,36,71,3,37,0.6667
2,36,72,2,37,0.6667
2,36,73,3,37,0.6667
2,36,74,2,37,0.6667
2,36,75,2,37,0.6667
2,36,76,2,37,0.6944
2,36,77,2,37,0.6944
2,36,78,2,37,0.6944
2,36,79,2,37,0.7222
2,36,80,2,37,0.6944
2,36,81,2,37,0.6944
2,36,82,2,37,0.6944
2,36,83,2,37,0.6667
2,36,84,2,37,0.6944
2,36,85,2,37,0.6667
2,36,86,2,37,0.6944
2,36,87,2,37,0.6944
2,36,88,2,37,0.7222
2,36,89,2,37,0.6944
2,36,90,2,37,0.7222
2,36,91,2,37,0.6667
2,36,92,2,37,0.6944
2,36,93,3,37,0.6667
2,36,94,3,37,0.6944
2,36,95,2,37,0.6667
2,36,96,3,37,0.6667
2,36,97,2,37,0.6944
2,36,98,3,37,0.7222
2,36,99,2,37,0.6944
2,36,100,2,37,0.6944
2,36,101,2,37,0.6944
2,36,102,2,37,0.6944
2,36,103,1,37,0.6944
2,36,104,2,37,0.6944
2,36,105,3,37,0.6944
2,36,106,2,37,0.6667
2,36,107,2,37,0.6944
2,36,108,2,37,0.6944
2,36,109,2,37,0.6667
2,36,110,2,37,0.6944
2,36,111,2,37,0.6944
2,36,112,2,37,0.6667
2,36,113,2,37,0.6944
2,36,114,2,37,0.6944
2,36,115,1,37,0.7222
2,36,116,3,37,0.6944
2,36,117,3,37,0.6944
2,36,118,3,37,0.7222
2,36,119,2,37,0.6944
2,36,120,2,37,0.7222
2,36,121,2,37,0.6667
2,36,122,2,37,0.6667
2,36,123,3,37,0.6667
2,36,124,2,37,0.6944
2,36,125,2,37,0.6944
2,36,126,2,37,0.6944
2,36,127,1,37,0.6944
2,36,128,3,37,0.6667
2,36,129,3,37,0.6944
2,36,130,2,37,0.6944
2,36,131,2,37,0.6667
2,36,132,2,37,0.6667
2,36,133,3,37,0.6944
2,36,134,2,37,0.6944
2,36,135,2,37,0.6667
2,36,136,3,37,0.6667
2,36,137,3,37,0.6944
2,36,138,2,37,0.6667
2,36,139,1,37,0.6944
2,36,140,2,37,0.6667
2,36,141,1,37,0.7222
2,36,142,2,37,0.6944
2,36,143,2,37,0.6944
2,36,144,2,37,0.6667
2,36,145,2,37,0.6944
2,36,146,3,37,0.6944
2,36,147,2,37,0.6944
2,36,148,2,37,0.6667
2,36,149,2,37,0.6667
2,36,150,2,37,0.7222
2,36,151,2,37,0.6944
2,36,152,2,37,0.6667
2,36,153,2,37,0.6944
2,36,154,3,37,0.6944
2,36,155,2,37,0.6944
2,36,156,2,37,0.6944
2,36,157,3,37,0.6944
2,36,158,2,37,0.6944
2,36,159,2,37,0.6667
2,36,160,2,37,0.7222
2,36,161,2,37,0.6944
2,36,162,2,37,0.7222
2,36,163,2,37,0.6667
2,36,164,2,37,0.6944
2,36,165,2,37,0.6667
2,36,166,2,37,0.6667
2,36,167,2,37,0.6667
2,36,168,2,37,0.6667
2,36,169,3,37,0.6944
2,36,170,1,37,0.7222
2,36,171,1,37,0.7222
2,36,172,3,37,0.7222
2,36,173,2,37,0.6667
2,36,174,3,37,0.6667
2,36,175,3,37,0.6944
2,36,176,2,37,0.6944
2,36,177,2,37,0.6944
2,36,178,2,37,0.6667
2,36,179,2,37,0.7222
2,36,180,2,37,0.6944
2,36,181,2,37,0.6944
2,36,182,2,37,0.6944
2,36,183,2,37,0.6667
2,36,184,2,37,0.6944
2,36,185,2,37,0.6944
2,36,186,2,37,0.6944
2,36,187,2,37,0.6667
2,36,188,2,37,0.6944
2,36,189,3,37,0.6944
2,36,190,3,37,0.6667
2,36,191,2,37,0.7222
2,36,192,2,37,0.7222
2,36,193,2,37,0.6944
2,36,194,2,37,0.6667
2,36,195,2,37,0.6667
2,36,196,2,37,0.6667
2,36,197,2,37,0.6944
2,36,198,2,37,0.7222
2,36,199,2,37,0.6944
2,40,0,2,41,0.7000
2,40,1,2,41,0.6750
2,40,2,1,41,0.7250
2,40,3,2,41,0.7000
2,40,4,2,41,0.6750
2,40,5,2,41,0.6750
2,40,6,3,41,0.6750
2,40,7,2,41,0.6750
2,40,8,2,41,0.7000
2,40,9,3,41,0.6750
2,40,10,2,41,0.6750
2,40,11,2,41,0.6750
2,40,12,2,41,0.7000
2,40,13,2,41,0.7000
2,40,14,2,41,0.7000
2,40,15,2,41,0.7000
2,40,16,2,41,0.7000
2,40,17,2,41,0.6750
2,40,18,1,41,0.7000
2,40,19,2,41,0.6750
2,40,20,2,41,0.6750
2,40,21,2,41,0.7000
2,40,22,3,41,0.6750
2,40,23,2,41,0.7000
2,40,24,3,41,0.7000
2,40,25,2,41,0.7000
2,40,26,2,41,0.6750
2,40,27,2,41,0.7000
2,40,28,2,41,0.7000
2,40,29,2,41,0.6750
2,40,30,2,41,0.6750
2,40,31,3,41,0.7000
2,40,32,2,41,0.7250
2,40,33,2,41,0.7000
2,40,34,2,3,0.6500
2,40,35,2,41,0.7000
2,40,36,2,41,0.6750
2,40,37,2,41,0.6750
2,40,38,2,41,0.6750
2,40,39,2,41,0.7000
2,40,40,2,41,0.7000
2,40,41,2,41,0.7000
2,40,42,2,41,0.7000
2,40,43,2,41,0.6750
2,40,44,2,3,0.6500
2,40,45,2,41,0.6750
2,40,46,1,41,0.7250
2,40,47,2,41,0.7000
2,40,48,2,41,0.6750
2,40,49,3,41,0.6750
2,40,50,2,41,0.6750
2,40,51,2,41,0.7000
2,40,52,2,41,0.7000
2,40,53,2,3,0.6500
2,40,54,2,41,0.7000
2,40,55,2,41,0.6750
2,40,56,2,41,0.6750
2,40,57,2,41,0.7000
2,40,58,2,41,0.6750
2,40,59,2,41,0.7000
2,40,60,2,41,0.6750
2,40,61,2,41,0.6750
2,40,62,2,41,0.6750
2,40,63,2,41,0.7000
2,40,64,2,41,0.6750
2,40,65,2,41,0.6750
2,40,66,3,41,0.6750
2,40,67,2,41,0.6750
2,40,68,2,41,0.7000
2,40,69,2,41,0.7250
2,40,70,2,41,0.7000
2,40,71,2,41,0.6750
2,40,72,2,41,0.6750
2,40,73,2,41,0.6750
2,40,74,2,3,0.6500
2,40,75,2,41,0.6750
2,40,76,2,41,0.7250
2,40,77,3,41,0.7000
2,40,78,2,3,0.6500
2,40,79,2,41,0.7000
2,40,80,3,41,0.7000
2,40,81,2,41,0.6750
2,40,82,2,41,0.6750
2,40,83,2,41,0.6750
2,40,84,2,41,0.6750
2,40,85,2,41,0.7000
2,40,86,2,41,0.6750
2,40,87,2,41,0.6750
2,40,88,2,41,0.6750
2,40,89,2,41,0.6750
2,40,90,2,41,0.7000
2,40,91,2,41,0.6750
2,40,92,2,41,0.7000
2,40,93,2,41,0.7000
2,40,94,2,41,0.7000
2,40,95,3,41,0.7000
2,40,96,2,3,0.6500
2,40,97,2,41,0.7000
2,40,98,2,41,0.7000
2,40,99,2,41,0.7000
2,40,100,2,41,0.6750
2,40,101,2,41,0.6750
2,40,102,2,3,0.6500
2,40,103,2,41,0.6750
2,40,104,2,41,0.6750
2,40,105,2,41,0.6750
2,40,106,3,41,0.6750
2,40,107,3,41,0.6750
2,40,108,2,41,0.7000
2,40,109,2,41,0.6750
2,40,110,2,41,0.7000
2,40,111,2,41,0.6750
2,40,112,2,3,0.6500
2,40,113,2,41,0.7000
2,40,114,3,41,0.7000
2,40,115,2,41,0.6750
2,40,116,3,41,0.6750
2,40,117,2,41,0.6750
2,40,118,2,41,0.7000
2,40,119,2,41,0.6750
2,40,120,2,3,0.6500
2,40,121,2,3,0.6750
2,40,122,3,41,0.6750
2,40,123,2,41,0.6750
2,40,124,2,41,0.6750
2,40,125,2,41,0.6750
2,40,126,2,3,0.6750
2,40,127,1,41,0.7000
2,40,128,2,41,0.6750
2,40,129,3,41,0.7000
2,40,130,2,3,0.6750
2,40,131,2,41,0.6750
2,40,132,2,41,0.6750
2,40,133,2,41,0.6750
2,40,134,2,41,0.7000
2,40,135,2,41,0.6750
2,40,136,3,41,0.7000
2,40,137,3,41,0.6750
2,40,138,2,41,0.7000
2,40,139,2,41,0.6750
2,40,140,2,41,0.6750
2,40,141,2,41,0.6750
2,40,142,2,41,0.6750
2,40,143,2,3,0.6500
2,40,144,2,41,0.6750
2,40,145,2,41,0.6750
2,40,146,2,41,0.6750
2,40,147,2,41,0.6750
2,40,148,3,41,0.7000
2,40,149,2,41,0.6750
2,40,150,3,41,0.6750
2,40,151,2,41,0.6750
2,40,152,2,41,0.7000
2,40,153,2,41,0.6750
2,40,154,2,41,0.6750
2,40,155,3,41,0.6750
2,40,156,2,41,0.6750
2,40,157,2,41,0.7000
2,40,158,2,41,0.6750
2,40,159,2,41,0.7250
2,40,160,2,41,0.7000
2,40,161,2,41,0.7000
2,40,162,2,41,0.6750
2,40,163,3,41,0.6750
2,40,164,2,41,0.6750
2,40,165,2,41,0.7000
2,40,166,2,41,0.7250
2,40,167,2,41,0.6750
2,40,168,2,41,0.7000
2,40,169,2,41,0.6750
2,40,170,2,41,0.7000
2,40,171,2,41,0.7000
2,40,172,2,41,0.7250
2,40,173,2,41,0.6750
2,40,174,2,41,0.6750
2,40,175,2,41,0.6750
2,40,176,2,41,0.6750
2,40,177,2,41,0.6750
2,40,178,2,41,0.6750
2,40,179,2,41,0.6750
2,40,180,2,41,0.6750
2,40,181,2,3,0.6750
2,40,182,2,41,0.7000
2,40,183,2,41,0.7250
2,40,184,2,41,0.6750
2,40,185,2,3,0.6500
2,40,186,2,41,0.7000
2,40,187,2,41,0.7000
2,40,188,2,41,0.6750
2,40,189,2,41,0.6750
2,40,190,2,41,0.7000
2,40,191,3,41,0.6750
2,40,192,2,41,0.7000
2,40,193,1,41,0.7250
2,40,194,2,41,0.6750
2,40,195,2,3,0.6750
2,40,196,3,41,0.7000
2,40,197,2,41,0.7000
2,40,198,2,41,0.6750
2,40,199,2,3,0.6750
2,44,0,2,45,0.6818
2,44,1,2,45,0.7045
2,44,2,2,45,0.6818
2,44,3,2,45,0.6818
2,44,4,2,45,0.6818
2,44,5,3,3,0.6818
2,44,6,2,45,0.7045
2,44,7,2,45,0.6818
2,44,8,2,45,0.6818
2,44,9,2,45,0.7045
2,44,10,3,3,0.6591
2,44,11,2,45,0.6818
2,44,12,2,45,0.6818
2,44,13,2,45,0.6818
2,44,14,3,3,0.6818
2,44,15,2,45,0.6818
2,44,16,3,3,0.6591
2,44,17,3,3,0.6818
2,44,18,3,3,0.6591
2,44,19,2,45,0.7045
2,44,20,2,45,0.6818
2,44,21,3,3,0.6818
2,44,22,2,45,0.6818
2,44,23,2,45,0.7045
2,44,24,2,3,0.6591
2,44,25,2,45,0.6818
2,44,26,2,45,0.6818
2,44,27,2,45,0.6818
2,44,28,3,3,0.6818
2,44,29,2,3,0.6818
2,44,30,2,45,0.6818
2,44,31,2,45,0.6818
2,44,32,2,45,0.6818
2,44,33,2,45,0.6818
2,44,34,2,45,0.6818
2,44,35,2,45,0.6818
2,44,36,2,45,0.6818
2,44,37,2,45,0.7045
2,44,38,2,45,0.6818
2,44,39,3,3,0.6591
2,44,40,2,45,0.6818
2,44,41,3,45,0.7045
2,44,42,2,45,0.7045
2,44,43,3,45,0.6818
2,44,44,2,45,0.6818
2,44,45,2,45,0.6818
2,44,46,2,3,0.6591
2,44,47,3,3,0.6818
2,44,48,2,45,0.6818
2,44,49,2,45,0.6818
2,44,50,3,3,0.6591
2,44,51,2,45,0.7045
2,44,52,2,45,0.7045
2,44,53,2,45,0.6818
2,44,54,3,45,0.7045
2,44,55,2,45,0.7045
2,44,56,2,45,0.6818
2,44,57,2,3,0.6591
2,44,58,3,45,0.7045
2,44,59,2,45,0.6818
2,44,60,2,45,0.6818
2,44,61,2,45,0.6818
2,44,62,2,45,0.6818
2,44,63,2,45,0.6818
2,44,64,3,3,0.6818
2,44,65,2,45,0.6818
2,44,66,3,3,0.6591
2,44,67,2,45,0.6818
2,44,68,2,45,0.6818
2,44,69,2,45,0.7273
2,44,70,3,3,0.6591
2,44,71,2,45,0.6818
2,44,72,2,45,0.7045
2,44,73,2,3,0.6591
2,44,74,2,45,0.6818
2,44,75,1,45,0.7045
2,44,76,3,3,0.6818
2,44,77,2,45,0.6818
2,44,78,3,3,0.6591
2,44,79,2,45,0.7045
2,44,80,3,3,0.6591
2,44,81,2,45,0.7045
2,44,82,2,45,0.7045
2,44,83,2,45,0.7045
2,44,84,3,45,0.6818
2,44,85,2,45,0.7045
2,44,86,2,45,0.6818
2,44,87,3,3,0.6591
2,44,88,2,45,0.6818
2,44,89,2,45,0.6818
2,44,90,3,45,0.6818
2,44,91,2,45,0.7045
2,44,92,2,45,0.7045
2,44,93,2,45,0.7045
2,44,94,2,45,0.7045
2,44,95,3,3,0.6591
2,44,96,3,3,0.6591
2,44,97,2,45,0.6818
2,44,98,2,45,0.6818
2,44,99,3,3,0.6818
2,44,100,3,3,0.6591
2,44,101,2,45,0.6818
2,44,102,3,45,0.6818
2,44,103,2,45,0.7045
2,44,104,3,3,0.6818
2,44,105,2,45,0.6818
2,44,106,2,45,0.6818
2,44,107,2,45,0.6818
2,44,108,2,45,0.6818
2,44,109,2,45,0.7045
2,44,110,2,45,0.7045
2,44,111,2,45,0.6818
2,44,112,2,3,0.6818
2,44,113,2,45,0.6818
2,44,114,2,45,0.6818
2,44,115,3,45,0.7045
2,44,116,2,45,0.6818
2,44,117,3,3,0.6591
2,44,118,3,45,0.7045
2,44,119,2,45,0.6818
2,44,120,2,45,0.6818
2,44,121,3,3,0.6591
2,44,122,2,45,0.7273
2,44,123,2,45,0.6818
2,44,124,3,3,0.6818
2,44,125,2,3,0.6591
2,44,126,2,45,0.6818
2,44,127,3,3,0.6818
2,44,128,2,45,0.6818
2,44,129,3,45,0.6818
2,44,130,2,45,0.6818
2,44,131,3,3,0.6818
2,44,132,3,45,0.7045
2,44,133,2,45,0.6818
2,44,134,2,45,0.7045
2,44,135,2,45,0.6818
2,44,136,2,45,0.6818
2,44,137,2,45,0.6818
2,44,138,2,45,0.6818
2,44,139,2,45,0.6818
2,44,140,2,45,0.6818
2,44,141,2,45,0.6818
2,44,142,2,45,0.7045
2,44,143,2,45,0.7045
2,44,144,3,45,0.6818
2,44,145,3,3,0.6818
2,44,146,1,45,0.7045
2,44,147,1,45,0.7045
2,44,148,2,45,0.7045
2,44,149,1,45,0.7045
2,44,150,3,3,0.6818
2,44,151,2,45,0.7045
2,44,152,3,3,0.6591
2,44,153,2,45,0.6818
2,44,154,2,45,0.6818
2,44,155,2,45,0.6818
2,44,156,2,45,0.6818
2,44,157,2,45,0.7045
2,44,158,2,45,0.6818
2,44,159,3,3,0.6818
2,44,160,2,45,0.6818
2,44,161,2,3,0.6818
2,44,162,2,3,0.6818
2,44,163,2,45,0.7045
2,44,164,2,45,0.7045
2,44,165,2,45,0.6818
2,44,166,2,45,0.6818
2,44,167,3,3,0.6818
2,44,168,1,45,0.7045
2,44,169,2,45,0.6818
2,44,170,2,45,0.6818
2,44,171,2,45,0.6818
2,44,172,2,45,0.6818
2,44,173,2,45,0.7045
2,44,174,3,3,0.6591
2,44,175,2,45,0.6818
2,44,176,2,45,0.7045
2,44,177,2,45,0.7045
2,44,178,2,45,0.6818
2,44,179,3,3,0.6591
2,44,180,3,3,0.6591
2,44,181,2,45,0.6818
2,44,182,2,45,0.6818
2,44,183,2,45,0.6818
2,44,184,2,45,0.6818
2,44,185,2,45,0.6818
2,44,186,2,3,0.6818
2,44,187,1,45,0.7273
2,44,188,2,45,0.6818
2,44,189,2,45,0.6818
2,44,190,3,3,0.6818
2,44,191,3,45,0.6818
2,44,192,2,45,0.7045
2,44,193,2,45,0.7045
2,44,194,2,45,0.6818
2,44,195,3,3,0.6591
2,44,196,3,45,0.6818
2,44,197,3,3,0.6591
2,44,198,2,45,0.7045
2,44,199,2,45,0.7273
2,48,0,2,49,0.6667
2,48,1,2,49,0.6667
2,48,2,3,49,0.7083
2,48,3,2,49,0.6875
2,48,4,2,49,0.6875
2,48,5,2,49,0.6667
2,48,6,2,49,0.6875
2,48,7,2,49,0.7083
2,48,8,2,49,0.6875
2,48,9,2,49,0.6875
2,48,10,3,49,0.6667
2,48,11,2,49,0.7083
2,48,12,2,49,0.7292
2,48,13,2,49,0.6667
2,48,14,2,49,0.6875
2,48,15,3,49,0.6875
2,48,16,2,49,0.6875
2,48,17,3,49,0.6875
2,48,18,2,49,0.6667
2,48,19,2,49,0.6667
2,48,20,2,49,0.6875
2,48,21,2,49,0.6667
2,48,22,2,49,0.6875
2,48,23,1,49,0.7292
2,48,24,2,49,0.6875
2,48,25,2,49,0.6875
2,48,26,3,49,0.6875
2,48,27,2,49,0.6875
2,48,28,2,49,0.6875
2,48,29,2,49,0.6667
2,48,30,3,49,0.6875
2,48,31,3,49,0.6875
2,48,32,2,49,0.6667
2,48,33,2,49,0.7083
2,48,34,3,49,0.6875
2,48,35,2,49,0.7083
2,48,36,2,49,0.6875
2,48,37,3,49,0.7083
2,48,38,2,49,0.6667
2,48,39,2,49,0.6667
2,48,40,2,49,0.6667
2,48,41,2,49,0.6875
2,48,42,2,49,0.6875
2,48,43,2,49,0.6667
2,48,44,2,49,0.6875
2,48,45,2,49,0.7083
2,48,46,3,49,0.6667
2,48,47,2,49,0.6875
2,48,48,2,49,0.6875
2,48,49,2,49,0.6875
2,48,50,2,49,0.6667
2,48,51,2,49,0.7083
2,48,52,1,49,0.7292
2,48,53,3,49,0.6875
2,48,54,3,49,0.6667
2,48,55,2,49,0.6875
2,48,56,2,49,0.6667
2,48,57,2,49,0.6667
2,48,58,2,49,0.6875
2,48,59,3,49,0.6667
2,48,60,2,49,0.7083
2,48,61,2,49,0.6667
2,48,62,2,49,0.6875
2,48,63,3,49,0.6875
2,48,64,2,49,0.6875
2,48,65,2,49,0.6667
2,48,66,2,49,0.6875
2,48,67,2,49,0.6875
2,48,68,3,49,0.7083
2,48,69,2,49,0.6875
2,48,70,2,49,0.6667
2,48,71,2,49,0.6875
2,48,72,3,49,0.6875
2,48,73,2,49,0.6875
2,48,74,2,49,0.7083
2,48,75,2,49,0.6875
2,48,76,2,49,0.6667
2,48,77,2,49,0.6875
2,48,78,2,49,0.6875
2,48,79,2,49,0.6875
2,48,80,3,49,0.6875
2,48,81,3,49,0.6875
2,48,82,3,49,0.6875
2,48,83,2,49,0.6875
2,48,84,2,49,0.6667
2,48,85,2,49,0.6875
2,48,86,2,49,0.7083
2,48,87,2,49,0.6875
2,48,88,2,49,0.6875
2,48,89,3,49,0.6667
2,48,90,2,49,0.6875
2,48,91,3,49,0.6667
2,48,92,2,49,0.6875
2,48,93,3,49,0.6875
2,48,94,2,49,0.6875
2,48,95,2,49,0.6875
2,48,96,2,49,0.6875
2,48,97,3,49,0.6875
2,48,98,2,49,0.6875
2,48,99,2,49,0.6875
2,48,100,2,49,0.7083
2,48,101,2,49,0.7083
2,48,102,2,49,0.6667
2,48,103,2,49,0.7083
2,48,104,2,49,0.6667
2,48,105,2,49,0.6875
2,48,106,2,49,0.6875
2,48,107,2,49,0.6875
2,48,108,3,49,0.7083
2,48,109,3,49,0.6667
2,48,110,3,49,0.6875
2,48,111,2,49,0.6667
2,48,112,2,49,0.6875
2,48,113,2,49,0.6667
2,48,114,2,49,0.7083
2,48,115,2,49,0.6875
2,48,116,3,49,0.6875
2,48,117,2,49,0.6875
2,48,118,2,49,0.6875
2,48,119,2,49,0.6667
2,48,120,2,49,0.6667
2,48,121,2,49,0.7083
2,48,122,2,49,0.6667
2,48,123,2,49,0.6667
2,48,124,2,49,0.6667
2,48,125,2,49,0.7083
2,48,126,3,49,0.7083
2,48,127,2,49,0.6875
2,48,128,2,49,0.6875
2,48,129,3,49,0.7083
2,48,130,2,49,0.6875
2,48,131,3,49,0.6667
2,48,132,2,49,0.6875
2,48,133,2,49,0.6875
2,48,134,3,49,0.6667
2,48,135,2,49,0.7083
2,48,136,2,49,0.6667
2,48,137,2,49,0.6875
2,48,138,3,49,0.6875
2,48,139,2,49,0.6667
2,48,140,2,49,0.6875
2,48,141,2,49,0.6875
2,48,142,2,49,0.7083
2,48,143,2,49,0.6667
2,48,144,2,49,0.6667
2,48,145,2,49,0.6875
2,48,146,3,49,0.6875
2,48,147,2,49,0.6875
2,48,148,2,49,0.6875
2,48,149,2,49,0.6875
2,48,150,2,49,0.6875
2,48,151,2,49,0.7083
2,48,152,2,49,0.7083
2,48,153,3,49,0.6667
2,48,154,2,49,0.6875
2,48,155,2,49,0.7083
2,48,156,2,49,0.6875
2,48,157,2,49,0.6875
2,48,158,3,49,0.6875
2,48,159,2,49,0.6875
2,48,160,2,49,0.6875
2,48,161,2,49,0.6667
2,48,162,2,49,0.6667
2,48,163,3,49,0.7083
2,48,164,2,49,0.6667
2,48,165,3,49,0.6667
2,48,166,2,49,0.6875
2,48,167,2,49,0.6875
2,48,168,2,49,0.7083
2,48,169,2,49,0.7083
2,48,170,2,49,0.6667
2,48,171,2,49,0.7083
2,48,172,3,49,0.7083
2,48,173,2,49,0.6667
2,48,174,2,49,0.7083
2,48,175,2,49,0.6667
2,48,176,2,49,0.7083
2,48,177,2,49,0.6875
2,48,178,3,49,0.6667
2,48,179,2,49,0.6667
2,48,180,2,49,0.6875
2,48,181,3,49,0.6667
2,48,182,2,49,0.6667
2,48,183,1,49,0.7292
2,48,184,3,49,0.6875
2,48,185,2,49,0.6875
2,48,186,2,49,0.6875
2,48,187,2,49,0.6875
2,48,188,2,49,0.6875
2,48,189,3,49,0.6667
2,48,190,3,49,0.6875
2,48,191,2,49,0.6667
2,48,192,2,49,0.6875
2,48,193,2,49,0.6875
2,48,194,3,49,0.6875
2,48,195,3,49,0.6667
2,48,196,2,49,0.6875
2,48,197,2,49,0.6875
2,48,198,2,49,0.6875
2,48,199,2,49,0.6875
2,52,0,2,53,0.6731
2,52,1,2,53,0.6731
2,52,2,2,53,0.7115
2,52,3,2,53,0.6731
2,52,4,2,53,0.6923
2,52,5,2,53,0.6923
2,52,6,3,53,0.6923
2,52,7,2,53,0.6923
2,52,8,2,53,0.6923
2,52,9,2,53,0.6923
2,52,10,2,53,0.6923
2,52,11,2,53,0.7115
2,52,12,2,53,0.6923
2,52,13,2,53,0.6731
2,52,14,2,53,0.6731
2,52,15,3,53,0.6731
2,52,16,3,53,0.6731
2,52,17,2,53,0.6923
2,52,18,2,53,0.7115
2,52,19,3,53,0.6923
2,52,20,2,53,0.6923
2,52,21,2,53,0.6923
2,52,22,2,53,0.6731
2,52,23,3,53,0.6923
2,52,24,2,53,0.6731
2,52,25,3,53,0.6923
2,52,26,2,53,0.7115
2,52,27,2,53,0.6923
2,52,28,2,53,0.6731
2,52,29,3,53,0.6923
2,52,30,2,53,0.6731
2,52,31,2,53,0.6923
2,52,32,2,53,0.6731
2,52,33,3,53,0.6731
2,52,34,2,53,0.6731
2,52,35,3,53,0.6731
2,52,36,2,53,0.7115
2,52,37,2,53,0.6731
2,52,38,2,53,0.6731
2,52,39,2,53,0.6731
2,52,40,2,3,0.6538
2,52,41,2,53,0.6731
2,52,42,2,53,0.6923
2,52,43,2,53,0.6923
2,52,44,2,53,0.7115
2,52,45,3,53,0.6923
2,52,46,3,53,0.6923
2,52,47,2,53,0.6731
2,52,48,3,53,0.6731
2,52,49,2,53,0.7115
2,52,50,3,53,0.6923
2,52,51,2,53,0.6731
2,52,52,2,53,0.6731
2,52,53,2,53,0.7115
2,52,54,2,53,0.6731
2,52,55,3,53,0.6923
2,52,56,2,53,0.7115
2,52,57,3,53,0.6731
2,52,58,2,53,0.6923
2,52,59,2,53,0.6731
2,52,60,3,53,0.6731
2,52,61,2,53,0.6731
2,52,62,2,53,0.6923
2,52,63,3,53,0.6923
2,52,64,2,53,0.6923
2,52,65,2,53,0.6731
2,52,66,2,53,0.6731
2,52,67,3,53,0.6923
2,52,68,2,53,0.6731
2,52,69,2,53,0.7308
2,52,70,2,53,0.6923
2,52,71,3,53,0.6731
2,52,72,2,53,0.6923
2,52,73,2,53,0.6731
2,52,74,2,53,0.6731
2,52,75,3,53,0.6731
2,52,76,2,53,0.7115
2,52,77,2,53,0.6731
2,52,78,2,53,0.6731
2,52,79,2,53,0.6923
2,52,80,2,53,0.6731
2,52,81,3,53,0.6923
2,52,82,2,53,0.7115
2,52,83,2,53,0.6731
2,52,84,2,53,0.6923
2,52,85,2,53,0.6923
2,52,86,2,53,0.6731
2,52,87,2,53,0.6731
2,52,88,2,53,0.6731
2,52,89,2,53,0.6923
2,52,90,2,53,0.7115
2,52,91,3,53,0.6923
2,52,92,2,53,0.6923
2,52,93,2,53,0.7115
2,52,94,2,53,0.6923
2,52,95,2,53,0.6731
2,52,96,2,53,0.6731
2,52,97,2,53,0.7308
2,52,98,2,53,0.6731
2,52,99,3,53,0.6923
2,52,100,2,53,0.6923
2,52,101,2,53,0.6731
2,52,102,2,53,0.6731
2,52,103,3,53,0.6923
2,52,104,2,53,0.6731
2,52,105,2,53,0.6731
2,52,106,3,53,0.6731
2,52,107,2,53,0.6923
2,52,108,2,53,0.7115
2,52,109,2,53,0.6731
2,52,110,3,53,0.6923
2,52,111,3,53,0.6923
2,52,112,2,53,0.6923
2,52,113,2,53,0.6731
2,52,114,3,53,0.6923
2,52,115,2,53,0.6923
2,52,116,3,53,0.6731
2,52,117,2,53,0.6923
2,52,118,2,53,0.6923
2,52,119,2,53,0.6731
2,52,120,2,53,0.6923
2,52,121,2,53,0.6923
2,52,122,2,53,0.6731
2,52,123,3,53,0.6731
2,52,124,2,3,0.6731
2,52,125,2,53,0.6923
2,52,126,2,53,0.6731
2,52,127,2,53,0.6731
2,52,128,3,53,0.7115
2,52,129,3,53,0.6731
2,52,130,2,53,0.6731
2,52,131,2,53,0.6731
2,52,132,2,53,0.6923
2,52,133,3,53,0.6731
2,52,134,2,53,0.6731
2,52,135,2,53,0.6731
2,52,136,3,53,0.6731
2,52,137,2,53,0.6731
2,52,138,2,53,0.6923
2,52,139,2,53,0.6731
2,52,140,2,53,0.7115
2,52,141,2,53,0.7115
2,52,142,2,53,0.7115
2,52,143,2,53,0.6923
2,52,144,3,53,0.6923
2,52,145,2,53,0.6923
2,52,146,2,53,0.6731
2,52,147,2,53,0.6731
2,52,148,3,53,0.6923
2,52,149,2,53,0.6923
2,52,150,3,53,0.6923
2,52,151,2,53,0.7115
2,52,152,2,53,0.6923
2,52,153,2,3,0.6731
2,52,154,2,53,0.6923
2,52,155,2,53,0.6923
2,52,156,2,53,0.6731
2,52,157,2,53,0.7115
2,52,158,2,53,0.6731
2,52,159,2,53,0.6923
2,52,160,2,53,0.6731
2,52,161,2,53,0.6731
2,52,162,2,53,0.7115
2,52,163,2,53,0.6731
2,52,164,2,53,0.6731
2,52,165,3,53,0.6731
2,52,166,3,53,0.6923
2,52,167,3,53,0.6923
2,52,168,3,53,0.6923
2,52,169,2,53,0.6731
2,52,170,2,53,0.6731
2,52,171,1,53,0.7115
2,52,172,2,53,0.6731
2,52,173,1,53,0.6923
2,52,174,1,53,0.7115
2,52,175,2,53,0.6923
2,52,176,2,3,0.6538
2,52,177,2,53,0.6731
2,52,178,3,53,0.6923
2,52,179,3,53,0.6923
2,52,180,2,53,0.6923
2,52,181,2,53,0.6923
2,52,182,2,53,0.7115
2,52,183,2,53,0.6731
2,52,184,2,53,0.6731
2,52,185,3,53,0.6923
2,52,186,2,53,0.6731
2,52,187,2,53,0.6923
2,52,188,2,53,0.6923
2,52,189,2,53,0.6731
2,52,190,2,53,0.6923
2,52,191,2,53,0.7115
2,52,192,3,53,0.7115
2,52,193,2,53,0.6923
2,52,194,2,53,0.6731
2,52,195,3,53,0.6731
2,52,196,2,53,0.6731
2,52,197,2,53,0.6923
2,52,198,2,53,0.6923
2,52,199,2,53,0.7115
2,56,0,2,57,0.6964
2,56,1,3,3,0.6786
2,56,2,3,57,0.6786
2,56,3,2,57,0.6786
2,56,4,2,57,0.7143
2,56,5,2,57,0.6786
2,56,6,2,57,0.6786
2,56,7,3,57,0.6786
2,56,8,3,3,0.6786
2,56,9,2,57,0.6964
2,56,10,2,57,0.7143
2,56,11,2,57,0.6786
2,56,12,3,3,0.6607
2,56,13,2,57,0.6786
2,56,14,2,57,0.6964
2,56,15,2,57,0.6964
2,56,16,2,57,0.7143
2,56,17,3,57,0.6786
2,56,18,2,57,0.6786
2,56,19,2,57,0.6786
2,56,20,2,3,0.6607
2,56,21,1,57,0.6964
2,56,22,2,57,0.6964
2,56,23,2,57,0.6964
2,56,24,2,57,0.6964
2,56,25,3,57,0.6964
2,56,26,2,3,0.6607
2,56,27,2,57,0.6786
2,56,28,2,57,0.6964
2,56,29,2,57,0.6964
2,56,30,3,3,0.6786
2,56,31,2,57,0.6964
2,56,32,2,3,0.6786
2,56,33,2,57,0.6786
2,56,34,2,57,0.6786
2,56,35,2,57,0.7143
2,56,36,2,57,0.6786
2,56,37,2,57,0.6964
2,56,38,2,57,0.6786
2,56,39,2,3,0.6607
2,56,40,3,57,0.7143
2,56,41,2,57,0.6964
2,56,42,3,3,0.6607
2,56,43,3,57,0.6964
2,56,44,2,3,0.6607
2,56,45,3,3,0.6607
2,56,46,2,57,0.6786
2,56,47,2,57,0.6786
2,56,48,3,57,0.6964
2,56,49,2,57,0.6786
2,56,50,2,57,0.6786
2,56,51,2,57,0.6786
2,56,52,2,57,0.6964
2,56,53,2,57,0.6786
2,56,54,3,3,0.6786
2,56,55,3,57,0.6964
2,56,56,3,57,0.6786
2,56,57,2,57,0.6786
2,56,58,2,57,0.6964
2,56,59,2,3,0.6607
2,56,60,2,57,0.6786
2,56,61,2,57,0.6964
2,56,62,2,57,0.6964
2,56,63,2,57,0.6786
2,56,64,3,3,0.6607
2,56,65,3,57,0.6786
2,56,66,2,57,0.6964
2,56,67,2,57,0.6786
2,56,68,2,57,0.6964
2,56,69,2,57,0.6786
2,56,70,3,3,0.6607
2,56,71,2,57,0.7143
2,56,72,2,57,0.6964
2,56,73,2,57,0.6786
2,56,74,3,57,0.6786
2,56,75,3,3,0.6786
2,56,76,2,57,0.6964
2,56,77,2,57,0.6786
2,56,78,2,57,0.6786
2,56,79,2,57,0.6786
2,56,80,2,57,0.6964
2,56,81,2,57,0.6786
2,56,82,2,57,0.7143
2,56,83,2,57,0.6786
2,56,84,3,3,0.6786
2,56,85,2,57,0.6786
2,56,86,2,57,0.6786
2,56,87,2,57,0.6964
2,56,88,2,3,0.6607
2,56,89,2,57,0.6786
2,56,90,2,57,0.6786
2,56,91,3,57,0.6964
2,56,92,3,57,0.6964
2,56,93,2,57,0.6964
2,56,94,2,57,0.6964
2,56,95,2,57,0.6786
2,56,96,3,57,0.6786
2,56,97,2,57,0.6964
2,56,98,2,57,0.7143
2,56,99,2,57,0.6786
2,56,100,2,57,0.7143
2,56,101,2,57,0.6786
2,56,102,2,57,0.6964
2,56,103,2,57,0.6786
2,56,104,3,3,0.6786
2,56,105,2,57,0.6786
2,56,106,2,57,0.6964
2,56,107,3,3,0.6786
2,56,108,2,57,0.6964
2,56,109,2,57,0.6786
2,56,110,2,57,0.6786
2,56,111,2,57,0.6786
2,56,112,2,57,0.6786
2,56,113,2,3,0.6786
2,56,114,2,57,0.7143
2,56,115,2,57,0.6786
2,56,116,2,57,0.6786
2,56,117,2,57,0.6786
2,56,118,3,57,0.6964
2,56,119,3,57,0.6964
2,56,120,2,57,0.6786
2,56,121,2,57,0.6964
2,56,122,3,57,0.6964
2,56,123,2,57,0.6964
2,56,124,2,57,0.6964
2,56,125,2,57,0.6786
2,56,126,2,57,0.6964
2,56,127,2,57,0.6786
2,56,128,2,57,0.6786
2,56,129,2,57,0.6964
2,56,130,2,57,0.6964
2,56,131,2,57,0.6786
2,56,132,2,57,0.6964
2,56,133,2,57,0.6786
2,56,134,2,57,0.6964
2,56,135,2,57,0.7143
2,56,136,2,3,0.6607
2,56,137,3,57,0.6964
2,56,138,2,57,0.6964
2,56,139,2,57,0.6786
2,56,140,2,3,0.6607
2,56,141,2,57,0.6786
2,56,142,2,57,0.6964
2,56,143,2,57,0.6786
2,56,144,2,57,0.6786
2,56,145,2,57,0.6786
2,56,146,2,57,0.6964
2,56,147,2,57,0.6786
2,56,148,2,57,0.6786
2,56,149,2,57,0.6964
2,56,150,2,57,0.7321
2,56,151,2,57,0.6786
2,56,152,2,57,0.6964
2,56,153,2,57,0.6786
2,56,154,2,57,0.6786
2,56,155,2,57,0.6964
2,56,156,3,57,0.6786
2,56,157,2,57,0.6964
2,56,158,3,57,0.6786
2,56,159,2,57,0.6786
2,56,160,2,57,0.6964
2,56,161,3,57,0.6786
2,56,162,2,57,0.6786
2,56,163,2,57,0.6786
2,56,164,2,57,0.6786
2,56,165,3,57,0.6964
2,56,166,3,3,0.6607
2,56,167,3,57,0.6786
2,56,168,3,57,0.6786
2,56,169,2,57,0.6786
2,56,170,2,57,0.6964
2,56,171,2,3,0.6607
2,56,172,2,57,0.6786
2,56,173,2,57,0.6964
2,56,174,2,57,0.6786
2,56,175,2,57,0.6964
2,56,176,2,57,0.6964
2,56,177,2,57,0.7143
2,56,178,2,57,0.6964
2,56,179,2,57,0.7143
2,56,180,2,57,0.7143
2,56,181,2,57,0.6964
2,56,182,1,57,0.6964
2,56,183,2,57,0.6786
2,56,184,2,57,0.6786
2,56,185,2,57,0.6786
2,56,186,1,57,0.7143
2,56,187,2,57,0.7143
2,56,188,2,3,0.6607
2,56,189,3,57,0.6964
2,56,190,2,57,0.6786
2,56,191,3,3,0.6607
2,56,192,2,57,0.6964
2,56,193,2,57,0.6786
2,56,194,3,57,0.6786
2,56,195,2,57,0.6964
2,56,196,3,57,0.6964
2,56,197,2,57,0.6786
2,56,198,2,57,0.6786
2,56,199,3,57,0.6786
2,60,0,2,61,0.7000
2,60,1,2,61,0.7000
2,60,2,3,61,0.6833
2,60,3,2,61,0.6833
2,60,4,2,61,0.6833
2,60,5,3,61,0.6833
2,60,6,3,61,0.6667
2,60,7,3,61,0.7000
2,60,8,2,61,0.7000
2,60,9,2,61,0.6833
2,60,10,3,61,0.6667
2,60,11,2,61,0.6833
2,60,12,2,61,0.7000
2,60,13,2,61,0.6833
2,60,14,2,61,0.7167
2,60,15,3,61,0.6667
2,60,16,2,61,0.7000
2,60,17,2,61,0.7000
2,60,18,2,61,0.7000
2,60,19,2,61,0.6833
2,60,20,2,61,0.6833
2,60,21,2,61,0.6833
2,60,22,2,61,0.7000
2,60,23,3,61,0.7000
2,60,24,2,61,0.6833
2,60,25,2,61,0.6667
2,60,26,2,61,0.6833
2,60,27,3,61,0.6667
2,60,28,2,61,0.6833
2,60,29,2,61,0.7000
2,60,30,2,61,0.7000
2,60,31,3,61,0.7000
2,60,32,2,61,0.6833
2,60,33,2,61,0.6833
2,60,34,2,61,0.7000
2,60,35,2,61,0.6833
2,60,36,2,61,0.7000
2,60,37,3,61,0.7167
2,60,38,3,61,0.6667
2,60,39,2,61,0.7000
2,60,40,2,61,0.6833
2,60,41,2,61,0.6833
2,60,42,2,61,0.7000
2,60,43,2,61,0.7000
2,60,44,2,61,0.7000
2,60,45,3,61,0.7000
2,60,46,2,61,0.6833
2,60,47,2,61,0.6833
2,60,48,2,61,0.7167
2,60,49,2,61,0.6833
2,60,50,2,61,0.7000
2,60,51,2,61,0.6833
2,60,52,3,61,0.7000
2,60,53,2,61,0.7000
2,60,54,2,61,0.7000
2,60,55,2,61,0.6833
2,60,56,2,61,0.7000
2,60,57,3,61,0.6667
2,60,58,2,61,0.6833
2,60,59,3,61,0.6833
2,60,60,2,61,0.6833
2,60,61,2,61,0.6833
2,60,62,2,61,0.6833
2,60,63,2,61,0.7000
2,60,64,2,61,0.7000
2,60,65,2,61,0.7000
2,60,66,2,61,0.6833
2,60,67,2,61,0.7000
2,60,68,2,61,0.7000
2,60,69,2,61,0.6833
2,60,70,2,61,0.7000
2,60,71,2,61,0.7000
2,60,72,2,61,0.6833
2,60,73,2,61,0.6667
2,60,74,3,61,0.7167
2,60,75,2,61,0.7000
2,60,76,2,61,0.7000
2,60,77,2,61,0.6833
2,60,78,2,61,0.6833
2,60,79,2,61,0.6833
2,60,80,2,61,0.6667
2,60,81,2,61,0.6667
2,60,82,3,61,0.6833
2,60,83,2,61,0.6833
2,60,84,2,61,0.6833
2,60,85,2,61,0.7000
2,60,86,3,61,0.6833
2,60,87,3,61,0.6833
2,60,88,2,61,0.7000
2,60,89,2,61,0.7000
2,60,90,2,61,0.6833
2,60,91,2,61,0.6833
2,60,92,3,61,0.6833
2,60,93,2,61,0.6667
2,60,94,2,61,0.7000
2,60,95,2,61,0.7000
2,60,96,2,61,0.6833
2,60,97,2,61,0.6667
2,60,98,3,61,0.6833
2,60,99,2,61,0.6667
2,60,100,2,61,0.7000
2,60,101,2,61,0.6667
2,60,102,2,61,0.6833
2,60,103,3,61,0.6833
2,60,104,2,61,0.6833
2,60,105,2,61,0.7000
2,60,106,3,61,0.6833
2,60,107,2,61,0.7000
2,60,108,3,61,0.6833
2,60,109,2,61,0.6667
2,60,110,2,61,0.7000
2,60,111,2,61,0.6833
2,60,112,2,61,0.6833
2,60,113,2,61,0.7000
2,60,114,2,61,0.6833
2,60,115,2,61,0.6667
2,60,116,2,61,0.6833
2,60,117,2,61,0.6667
2,60,118,2,61,0.6667
2,60,119,2,61,0.6833
2,60,120,3,61,0.6667
2,60,121,2,61,0.6833
2,60,122,2,61,0.7000
2,60,123,2,61,0.7167
2,60,124,3,61,0.6667
2,60,125,2,61,0.6667
2,60,126,2,61,0.6833
2,60,127,2,61,0.6833
2,60,128,2,61,0.6833
2,60,129,3,61,0.6667
2,60,130,2,61,0.6667
2,60,131,3,61,0.6833
2,60,132,3,61,0.6667
2,60,133,2,61,0.7000
2,60,134,2,61,0.6833
2,60,135,2,61,0.7000
2,60,136,3,61,0.6833
2,60,137,3,61,0.6667
2,60,138,2,61,0.7000
2,60,139,2,61,0.6833
2,60,140,2,61,0.7000
2,60,141,2,61,0.6833
2,60,142,2,61,0.6833
2,60,143,3,61,0.7000
2,60,144,2,61,0.6667
2,60,145,2,61,0.6833
2,60,146,2,61,0.7000
2,60,147,3,61,0.6833
2,60,148,2,61,0.6833
2,60,149,3,61,0.6833
2,60,150,2,61,0.6833
2,60,151,2,61,0.7000
2,60,152,2,61,0.6833
2,60,153,3,61,0.6833
2,60,154,3,61,0.6667
2,60,155,2,61,0.6833
2,60,156,2,61,0.7000
2,60,157,2,61,0.7167
2,60,158,2,61,0.6833
2,60,159,2,61,0.7000
2,60,160,2,61,0.6667
2,60,161,2,61,0.6833
2,60,162,2,61,0.6833
2,60,163,2,61,0.6833
2,60,164,2,61,0.6833
2,60,165,2,61,0.6833
2,60,166,2,61,0.6833
2,60,167,2,61,0.7000
2,60,168,2,61,0.7333
2,60,169,3,61,0.6833
2,60,170,2,61,0.6833
2,60,171,2,61,0.6667
2,60,172,2,61,0.6833
2,60,173,2,61,0.6833
2,60,174,3,61,0.7000
2,60,175,2,61,0.6833
2,60,176,3,61,0.6833
2,60,177,2,61,0.7000
2,60,178,2,61,0.6667
2,60,179,3,61,0.6667
2,60,180,2,61,0.7167
2,60,181,2,61,0.6833
2,60,182,3,61,0.6833
2,60,183,2,61,0.7000
2,60,184,2,61,0.6667
2,60,185,3,61,0.6833
2,60,186,2,61,0.6667
2,60,187,2,61,0.6833
2,60,188,2,61,0.7000
2,60,189,3,61,0.7000
2,60,190,1,61,0.7000
2,60,191,2,61,0.6833
2,60,192,2,61,0.7167
2,60,193,3,61,0.6667
2,60,194,3,61,0.6833
2,60,195,2,61,0.7000
2,60,196,2,61,0.7000
2,60,197,2,61,0.7000
2,60,198,2,61,0.6833
2,60,199,2,61,0.6833
2,64,0,2,65,0.7031
2,64,1,2,65,0.6875
2,64,2,3,65,0.6875
2,64,3,2,65,0.6875
2,64,4,2,65,0.7031
2,64,5,3,65,0.6875
2,64,6,2,65,0.6719
2,64,7,2,65,0.6875
2,64,8,2,65,0.6875
2,64,9,3,65,0.6875
2,64,10,2,65,0.6719
2,64,11,2,65,0.7188
2,64,12,2,65,0.7031
2,64,13,2,65,0.6875
2,64,14,2,65,0.6719
2,64,15,2,65,0.6875
2,64,16,3,65,0.6875
2,64,17,1,65,0.7031
2,64,18,3,65,0.6875
2,64,19,2,65,0.7031
2,64,20,2,65,0.6719
2,64,21,3,65,0.6875
2,64,22,2,65,0.6875
2,64,23,2,65,0.6875
2,64,24,2,65,0.6719
2,64,25,2,65,0.6875
2,64,26,2,65,0.7031
2,64,27,3,65,0.7031
2,64,28,3,65,0.6719
2,64,29,2,65,0.7031
2,64,30,2,3,0.6562
2,64,31,3,65,0.7031
2,64,32,2,65,0.7031
2,64,33,3,65,0.6875
2,64,34,2,65,0.6875
2,64,35,2,65,0.6875
2,64,36,3,65,0.6875
2,64,37,2,65,0.7031
2,64,38,2,65,0.6875
2,64,39,2,65,0.6719
2,64,40,2,65,0.7031
2,64,41,2,65,0.6719
2,64,42,2,65,0.6875
2,64,43,2,65,0.6875
2,64,44,2,65,0.6875
2,64,45,2,65,0.6875
2,64,46,2,3,0.6562
2,64,47,2,65,0.6875
2,64,48,2,65,0.7031
2,64,49,2,65,0.7031
2,64,50,2,65,0.6719
2,64,51,2,65,0.7031
2,64,52,2,65,0.6719
2,64,53,2,65,0.6875
2,64,54,2,65,0.6875
2,64,55,2,65,0.6875
2,64,56,2,65,0.7031
2,64,57,2,65,0.7031
2,64,58,2,65,0.7031
2,64,59,2,65,0.6875
2,64,60,2,3,0.6719
2,64,61,2,65,0.6719
2,64,62,2,65,0.6875
2,64,63,3,65,0.6719
2,64,64,2,65,0.6875
2,64,65,2,65,0.7031
2,64,66,2,65,0.6875
2,64,67,2,65,0.6875
2,64,68,2,65,0.7031
2,64,69,3,65,0.6719
2,64,70,2,65,0.6719
2,64,71,2,65,0.6719
2,64,72,2,65,0.7031
2,64,73,3,65,0.6875
2,64,74,3,65,0.6719
2,64,75,3,65,0.6875
2,64,76,3,65,0.6719
2,64,77,2,65,0.6875
2,64,78,3,65,0.6875
2,64,79,2,65,0.6875
2,64,80,2,65,0.6719
2,64,81,2,65,0.6719
2,64,82,2,65,0.6719
2,64,83,2,65,0.6719
2,64,84,3,65,0.6875
2,64,85,2,65,0.6875
2,64,86,2,65,0.6875
2,64,87,2,65,0.6875
2,64,88,2,65,0.6875
2,64,89,3,65,0.6875
2,64,90,2,65,0.6875
2,64,91,2,65,0.7031
2,64,92,2,65,0.6875
2,64,93,3,65,0.6875
2,64,94,2,65,0.6719
2,64,95,2,65,0.6875
2,64,96,2,65,0.6875
2,64,97,3,65,0.6719
2,64,98,2,65,0.6875
2,64,99,2,65,0.7031
2,64,100,2,65,0.7031
2,64,101,3,65,0.6875
2,64,102,2,65,0.7031
2,64,103,2,65,0.6875
2,64,104,2,65,0.7031
2,64,105,2,65,0.6719
2,64,106,2,65,0.6719
2,64,107,2,65,0.6875
2,64,108,2,65,0.7031
2,64,109,2,65,0.6875
2,64,110,2,65,0.6875
2,64,111,2,65,0.7031
2,64,112,2,65,0.6875
2,64,113,2,65,0.6719
2,64,114,3,65,0.6875
2,64,115,2,65,0.6719
2,64,116,2,65,0.7188
2,64,117,3,65,0.6875
2,64,118,2,65,0.6719
2,64,119,2,65,0.6719
2,64,120,2,65,0.6875
2,64,121,2,65,0.6875
2,64,122,3,65,0.6875
2,64,123,2,65,0.7031
2,64,124,2,65,0.6875
2,64,125,2,65,0.6875
2,64,126,2,65,0.6875
2,64,127,3,65,0.6719
2,64,128,2,65,0.6719
2,64,129,3,65,0.6875
2,64,130,2,65,0.6719
2,64,131,3,65,0.6875
2,64,132,2,65,0.6719
2,64,133,2,65,0.7031
2,64,134,2,65,0.6719
2,64,135,2,65,0.6875
2,64,136,2,65,0.7031
2,64,137,3,65,0.6719
2,64,138,2,65,0.6875
2,64,139,2,65,0.6719
2,64,140,2,65,0.6875
2,64,141,2,65,0.6875
2,64,142,2,65,0.6719
2,64,143,2,65,0.6875
2,64,144,2,65,0.6719
2,64,145,3,65,0.6875
2,64,146,3,65,0.6719
2,64,147,2,65,0.6719
2,64,148,2,65,0.7031
2,64,149,2,65,0.6875
2,64,150,2,65,0.6875
2,64,151,3,65,0.6719
2,64,152,2,65,0.6719
2,64,153,2,65,0.6875
2,64,154,3,65,0.6875
2,64,155,2,65,0.7188
2,64,156,2,65,0.7031
2,64,157,2,65,0.6875
2,64,158,2,65,0.7031
2,64,159,2,65,0.6875
2,64,160,2,65,0.6875
2,64,161,2,65,0.7031
2,64,162,2,65,0.6719
2,64,163,2,65,0.6875
2,64,164,2,65,0.6875
2,64,165,2,65,0.7031
2,64,166,2,65,0.7031
2,64,167,3,65,0.6875
2,64,168,3,65,0.7031
2,64,169,2,65,0.6719
2,64,170,2,65,0.6719
2,64,171,2,65,0.6875
2,64,172,2,65,0.7031
2,64,173,2,65,0.6719
2,64,174,2,65,0.7031
2,64,175,2,65,0.6875
2,64,176,2,65,0.6875
2,64,177,2,65,0.6875
2,64,178,3,65,0.6875
2,64,179,2,65,0.6875
2,64,180,2,65,0.6875
2,64,181,3,65,0.6875
2,64,182,3,65,0.7031
2,64,183,2,65,0.6719
2,64,184,2,65,0.6875
2,64,185,2,65,0.7031
2,64,186,2,65,0.6875
2,64,187,2,65,0.7031
2,64,188,2,65,0.6875
2,64,189,3,65,0.6875
2,64,190,2,65,0.6875
2,64,191,2,65,0.6875
2,64,192,2,65,0.7031
2,64,193,2,65,0.7031
2,64,194,2,65,0.6719
2,64,195,2,65,0.7031
2,64,196,2,65,0.7031
2,64,197,3,65,0.6875
2,64,198,2,65,0.6875
2,64,199,2,65,0.7188
3,16,0,2,19,0.5625
3,16,1,2,19,0.5625
3,16,2,1,9,0.7500
3,16,3,2,19,0.6875
3,16,4,2,19,0.5625
3,16,5,2,19,0.6250
3,16,6,2,9,0.6250
3,16,7,2,19,0.6250
3,16,8,2,19,0.5625
3,16,9,2,19,0.6875
3,16,10,2,19,0.5625
3,16,11,1,19,0.6250
3,16,12,1,19,0.6875
3,16,13,2,19,0.6250
3,16,14,1,9,0.7500
3,16,15,2,9,0.6250
3,16,16,1,19,0.6250
3,16,17,2,9,0.6250
3,16,18,2,19,0.6250
3,16,19,2,9,0.6250
3,16,20,2,9,0.6875
3,16,21,1,9,0.6875
3,16,22,2,19,0.6875
3,16,23,2,9,0.6250
3,16,24,2,19,0.6875
3,16,25,1,19,0.5625
3,16,26,3,19,0.6250
3,16,27,2,19,0.5625
3,16,28,1,3,0.7500
3,16,29,2,19,0.5625
3,16,30,2,9,0.7500
3,16,31,2,19,0.6250
3,16,32,1,9,0.7500
3,16,33,2,19,0.6875
3,16,34,2,19,0.6875
3,16,35,2,19,0.6250
3,16,36,2,19,0.5625
3,16,37,2,19,0.6250
3,16,38,2,19,0.6875
3,16,39,2,9,0.6875
3,16,40,2,9,0.6250
3,16,41,2,9,0.6250
3,16,42,2,19,0.6250
3,16,43,2,9,0.6250
3,16,44,2,19,0.5625
3,16,45,2,19,0.6875
3,16,46,2,19,0.6875
3,16,47,2,19,0.6250
3,16,48,2,19,0.6250
3,16,49,2,19,0.6875
3,16,50,2,19,0.5625
3,16,51,2,19,0.6250
3,16,52,2,19,0.6250
3,16,53,2,19,0.6250
3,16,54,3,19,0.6875
3,16,55,2,19,0.6250
3,16,56,2,19,0.6875
3,16,57,2,19,0.6250
3,16,58,2,19,0.6250
3,16,59,2,19,0.5625
3,16,60,2,3,0.6250
3,16,61,2,19,0.6250
3,16,62,1,9,0.7500
3,16,63,2,19,0.6250
3,16,64,1,9,0.6875
3,16,65,2,19,0.6250
3,16,66,2,19,0.5625
3,16,67,3,19,0.6875
3,16,68,1,3,0.6875
3,16,69,2,19,0.5625
3,16,70,1,3,0.7500
3,16,71,2,19,0.6250
3,16,72,2,19,0.6250
3,16,73,1,3,0.7500
3,16,74,2,9,0.6250
3,16,75,2,19,0.6875
3,16,76,1,9,0.7500
3,16,77,2,9,0.6250
3,16,78,2,19,0.6250
3,16,79,2,19,0.6875
3,16,80,1,19,0.6875
3,16,81,2,19,0.6875
3,16,82,1,19,0.6250
3,16,83,2,19,0.5625
3,16,84,2,19,0.6250
3,16,85,2,19,0.6875
3,16,86,2,9,0.6875
3,16,87,2,19,0.5625
3,16,88,2,19,0.6250
3,16,89,2,19,0.6250
3,16,90,1,9,0.7500
3,16,91,2,19,0.6250
3,16,92,2,19,0.6875
3,16,93,1,9,0.6875
3,16,94,2,9,0.6250
3,16,95,2,9,0.6875
3,16,96,2,19,0.5625
3,16,97,1,19,0.6250
3,16,98,2,19,0.6250
3,16,99,2,9,0.6250
3,16,100,2,19,0.6875
3,16,101,2,19,0.5625
3,16,102,2,19,0.6875
3,16,103,2,19,0.5625
3,16,104,2,3,0.6250
3,16,105,2,19,0.5625
3,16,106,2,19,0.6875
3,16,107,1,9,0.7500
3,16,108,2,19,0.6875
3,16,109,2,19,0.5625
3,16,110,2,19,0.6250
3,16,111,1,19,0.6250
3,16,112,2,19,0.6250
3,16,113,1,9,0.7500
3,16,114,1,9,0.6875
3,16,115,2,19,0.6875
3,16,116,2,19,0.6250
3,16,117,2,19,0.6250
3,16,118,2,19,0.6250
3,16,119,2,9,0.6250
3,16,120,2,19,0.5625
3,16,121,2,19,0.5625
3,16,122,2,19,0.6875
3,16,123,2,19,0.6250
3,16,124,2,3,0.6250
3,16,125,2,19,0.6875
3,16,126,2,19,0.6875
3,16,127,1,9,0.7500
3,16,128,2,19,0.6875
3,16,129,2,19,0.6250
3,16,130,2,19,0.6250
3,16,131,2,9,0.6875
3,16,132,2,19,0.6875
3,16,133,2,19,0.6250
3,16,134,1,19,0.6875
3,16,135,1,19,0.6875
3,16,136,2,9,0.6250
3,16,137,2,19,0.6250
3,16,138,1,19,0.5625
3,16,139,2,19,0.6875
3,16,140,3,19,0.6250
3,16,141,2,19,0.5625
3,16,142,2,19,0.6250
3,16,143,1,9,0.6875
3,16,144,2,19,0.6875
3,16,145,2,19,0.5625
3,16,146,1,9,0.6250
3,16,147,1,19,0.6250
3,16,148,1,3,0.6875
3,16,149,2,19,0.6875
3,16,150,2,9,0.7500
3,16,151,2,19,0.6875
3,16,152,2,19,0.6250
3,16,153,2,19,0.6250
3,16,154,2,19,0.6250
3,16,155,2,19,0.6875
3,16,156,2,19,0.5625
3,16,157,2,9,0.6250
3,16,158,2,9,0.6250
3,16,159,2,19,0.5625
3,16,160,2,19,0.6250
3,16,161,3,19,0.6875
3,16,162,2,19,0.6875
3,16,163,2,19,0.5625
3,16,164,1,19,0.6250
3,16,165,2,9,0.6875
3,16,166,2,9,0.6875
3,16,167,2,9,0.6250
3,16,168,2,19,0.5625
3,16,169,2,19,0.6875
3,16,170,2,19,0.6250
3,16,171,2,19,0.6250
3,16,172,2,19,0.5625
3,16,173,2,19,0.6250
3,16,174,2,9,0.7500
3,16,175,2,19,0.5625
3,16,176,1,9,0.7500
3,16,177,3,19,0.6250
3,16,178,2,19,0.6875
3,16,179,1,19,0.6250
3,16,180,1,9,0.7500
3,16,181,2,9,0.7500
3,16,182,2,19,0.6250
3,16,183,1,9,0.6875
3,16,184,2,19,0.6250
3,16,185,1,19,0.6875
3,16,186,3,19,0.6875
3,16,187,1,9,0.6250
3,16,188,2,9,0.6875
3,16,189,2,19,0.6250
3,16,190,2,9,0.6250
3,16,191,2,19,0.6250
3,16,192,2,19,0.5625
3,16,193,2,19,0.6250
3,16,194,2,9,0.6250
3,16,195,2,19,0.5625
3,16,196,2,19,0.6875
3,16,197,2,9,0.6250
3,16,198,2,19,0.6250
3,16,199,2,19,0.5625
3,20,0,2,11,0.6500
3,20,1,2,11,0.6000
3,20,2,2,11,0.6500
3,20,3,2,11,0.6500
3,20,4,1,11,0.7000
3,20,5,2,11,0.7000
3,20,6,2,23,0.6500
3,20,7,2,11,0.6000
3,20,8,2,11,0.6000
3,20,9,2,11,0.6000
3,20,10,2,11,0.6000
3,20,11,2,11,0.6500
3,20,12,1,23,0.6500
3,20,13,2,23,0.6500
3,20,14,2,11,0.6500
3,20,15,2,23,0.7000
3,20,16,2,23,0.6000
3,20,17,2,23,0.6000
3,20,18,2,23,0.6000
3,20,19,2,23,0.6500
3,20,20,1,11,0.6500
3,20,21,2,11,0.6000
3,20,22,2,23,0.6500
3,20,23,1,11,0.6000
3,20,24,2,11,0.6000
3,20,25,2,23,0.7000
3,20,26,2,11,0.6000
3,20,27,2,11,0.7000
3,20,28,2,23,0.6500
3,20,29,2,11,0.6500
3,20,30,2,23,0.6500
3,20,31,2,11,0.6000
3,20,32,2,11,0.6000
3,20,33,2,23,0.6500
3,20,34,2,11,0.6000
3,20,35,2,23,0.7000
3,20,36,2,23,0.6500
3,20,37,2,11,0.7000
3,20,38,2,23,0.7000
3,20,39,2,23,0.6500
3,20,40,2,23,0.6000
3,20,41,2,11,0.6500
3,20,42,2,23,0.6500
3,20,43,3,11,0.6500
3,20,44,2,11,0.6000
3,20,45,2,11,0.6000
3,20,46,2,11,0.6500
3,20,47,2,11,0.6000
3,20,48,2,11,0.6500
3,20,49,2,11,0.6500
3,20,50,2,11,0.7000
3,20,51,2,23,0.6500
3,20,52,2,11,0.7000
3,20,53,2,23,0.6500
3,20,54,2,23,0.6500
3,20,55,3,23,0.7000
3,20,56,2,11,0.7000
3,20,57,2,11,0.6000
3,20,58,2,23,0.6500
3,20,59,2,23,0.6500
3,20,60,2,23,0.6500
3,20,61,2,23,0.6500
3,20,62,2,11,0.6000
3,20,63,2,11,0.6500
3,20,64,2,11,0.6000
3,20,65,3,11,0.6000
3,20,66,2,11,0.6000
3,20,67,2,11,0.6000
3,20,68,2,11,0.7000
3,20,69,2,11,0.6000
3,20,70,2,11,0.6500
3,20,71,2,11,0.6000
3,20,72,2,11,0.6000
3,20,73,2,11,0.6000
3,20,74,2,23,0.6000
3,20,75,1,23,0.6500
3,20,76,2,11,0.6000
3,20,77,2,11,0.6000
3,20,78,2,23,0.6500
3,20,79,1,11,0.7000
3,20,80,2,23,0.6000
3,20,81,2,23,0.6000
3,20,82,2,11,0.6500
3,20,83,2,23,0.6500
3,20,84,2,23,0.6000
3,20,85,2,11,0.6000
3,20,86,2,11,0.6000
3,20,87,2,11,0.6000
3,20,88,2,11,0.6000
3,20,89,2,11,0.7000
3,20,90,2,11,0.6500
3,20,91,2,23,0.7000
3,20,92,2,23,0.6500
3,20,93,2,11,0.6000
3,20,94,2,11,0.6000
3,20,95,1,23,0.7000
3,20,96,2,11,0.6000
3,20,97,2,11,0.6000
3,20,98,2,11,0.6000
3,20,99,2,23,0.6500
3,20,100,2,23,0.6500
3,20,101,2,23,0.6000
3,20,102,2,11,0.6000
3,20,103,2,11,0.6500
3,20,104,3,23,0.6500
3,20,105,2,11,0.7000
3,20,106,2,11,0.6000
3,20,107,2,23,0.6000
3,20,108,2,11,0.6000
3,20,109,2,11,0.6000
3,20,110,1,11,0.6500
3,20,111,2,23,0.6000
3,20,112,2,23,0.6000
3,20,113,2,11,0.6500
3,20,114,2,11,0.6000
3,20,115,2,11,0.6000
3,20,116,2,23,0.6500
3,20,117,2,23,0.7000
3,20,118,2,23,0.6500
3,20,119,2,11,0.6500
3,20,120,3,11,0.6000
3,20,121,2,11,0.6000
3,20,122,1,11,0.7000
3,20,123,2,23,0.6500
3,20,124,2,11,0.7000
3,20,125,2,11,0.7000
3,20,126,2,11,0.6000
3,20,127,2,11,0.6000
3,20,128,2,23,0.6500
3,20,129,2,11,0.6000
3,20,130,2,11,0.6000
3,20,131,2,11,0.6000
3,20,132,2,23,0.6000
3,20,133,1,23,0.6500
3,20,134,2,23,0.6000
3,20,135,1,11,0.6000
3,20,136,2,11,0.6000
3,20,137,2,23,0.6500
3,20,138,2,23,0.6500
3,20,139,2,23,0.6000
3,20,140,2,23,0.6000
3,20,141,2,23,0.7000
3,20,142,2,11,0.6000
3,20,143,2,11,0.6000
3,20,144,2,11,0.6500
3,20,145,2,11,0.6500
3,20,146,2,11,0.7000
3,20,147,2,23,0.6500
3,20,148,2,11,0.6500
3,20,149,2,11,0.6000
3,20,150,2,11,0.6500
3,20,151,2,11,0.6000
3,20,152,1,11,0.6500
3,20,153,2,11,0.6000
3,20,154,2,23,0.6000
3,20,155,2,23,0.6500
3,20,156,2,11,0.6500
3,20,157,2,23,0.6000
3,20,158,2,11,0.6000
3,20,159,2,23,0.6000
3,20,160,2,23,0.6500
3,20,161,2,11,0.6000
3,20,162,2,11,0.6500
3,20,163,2,11,0.6500
3,20,164,2,11,0.6500
3,20,165,2,11,0.6000
3,20,166,2,23,0.6500
3,20,167,2,11,0.6000
3,20,168,1,11,0.6000
3,20,169,2,11,0.6000
3,20,170,1,11,0.6500
3,20,171,2,11,0.7000
3,20,172,2,11,0.6500
3,20,173,2,23,0.6500
3,20,174,1,11,0.6500
3,20,175,2,11,0.6500
3,20,176,2,11,0.6500
3,20,177,1,11,0.7000
3,20,178,2,23,0.6500
3,20,179,2,23,0.6500
3,20,180,1,11,0.7000
3,20,181,2,23,0.6000
3,20,182,4,11,0.6000
3,20,183,2,11,0.6500
3,20,184,1,11,0.6500
3,20,185,2,11,0.6500
3,20,186,2,11,0.6500
3,20,187,2,11,0.6500
3,20,188,2,23,0.7000
3,20,189,2,11,0.6500
3,20,190,2,23,0.6000
3,20,191,2,23,0.6500
3,20,192,2,11,0.6000
3,20,193,2,11,0.6500
3,20,194,2,11,0.6000
3,20,195,2,11,0.7000
3,20,196,2,11,0.6500
3,20,197,2,23,0.6000
3,20,198,2,11,0.6000
3,20,199,2,11,0.6000
3,24,0,2,13,0.5833
3,24,1,2,13,0.6250
3,24,2,3,13,0.6667
3,24,3,2,13,0.5833
3,24,4,2,13,0.5833
3,24,5,2,13,0.5833
3,24,6,2,13,0.5833
3,24,7,2,9,0.7083
3,24,8,2,13,0.5833
3,24,9,3,13,0.5833
3,24,10,2,13,0.6250
3,24,11,2,13,0.6250
3,24,12,3,13,0.5833
3,24,13,2,13,0.5833
3,24,14,3,13,0.6250
3,24,15,2,13,0.6250
3,24,16,2,13,0.5833
3,24,17,2,13,0.5833
3,24,18,2,13,0.5833
3,24,19,3,9,0.6667
3,24,20,3,13,0.6250
3,24,21,2,9,0.7083
3,24,22,2,13,0.5833
3,24,23,2,13,0.6250
3,24,24,2,13,0.5833
3,24,25,2,13,0.5833
3,24,26,2,9,0.7083
3,24,27,3,13,0.6250
3,24,28,3,13,0.6250
3,24,29,1,13,0.7083
3,24,30,2,13,0.5833
3,24,31,2,13,0.5833
3,24,32,2,9,0.6667
3,24,33,3,13,0.5833
3,24,34,2,13,0.6667
3,24,35,2,13,0.5833
3,24,36,3,13,0.6250
3,24,37,2,9,0.6250
3,24,38,2,13,0.5833
3,24,39,2,13,0.6250
3,24,40,3,13,0.6667
3,24,41,4,13,0.5833
3,24,42,3,9,0.6667
3,24,43,1,13,0.7083
3,24,44,2,13,0.5833
3,24,45,3,13,0.6250
3,24,46,2,9,0.6667
3,24,47,2,13,0.6250
3,24,48,1,13,0.6250
3,24,49,2,13,0.5833
3,24,50,2,13,0.5833
3,24,51,2,9,0.6667
3,24,52,2,13,0.5833
3,24,53,2,13,0.5833
3,24,54,3,13,0.5833
3,24,55,2,9,0.6667
3,24,56,2,13,0.6250
3,24,57,3,13,0.5833
3,24,58,2,13,0.6250
3,24,59,2,13,0.6667
3,24,60,2,9,0.6667
3,24,61,2,9,0.6250
3,24,62,2,9,0.6667
3,24,63,2,9,0.6667
3,24,64,2,9,0.6667
3,24,65,2,9,0.6667
3,24,66,2,9,0.6250
3,24,67,2,13,0.6250
3,24,68,1,13,0.5833
3,24,69,2,13,0.6250
3,24,70,2,13,0.6250
3,24,71,2,9,0.6667
3,24,72,2,13,0.5833
3,24,73,2,13,0.6250
3,24,74,2,9,0.6667
3,24,75,2,9,0.6667
3,24,76,2,9,0.6667
3,24,77,2,13,0.5833
3,24,78,3,13,0.6250
3,24,79,3,13,0.6250
3,24,80,1,13,0.7500
3,24,81,2,13,0.6250
3,24,82,3,13,0.6667
3,24,83,2,13,0.6667
3,24,84,2,9,0.6667
3,24,85,1,13,0.5833
3,24,86,3,13,0.6667
3,24,87,2,13,0.5833
3,24,88,3,13,0.6667
3,24,89,3,13,0.6250
3,24,90,3,13,0.6250
3,24,91,2,13,0.5833
3,24,92,2,13,0.6250
3,24,93,2,13,0.5833
3,24,94,2,13,0.6250
3,24,95,4,13,0.5833
3,24,96,3,13,0.5833
3,24,97,2,13,0.6667
3,24,98,3,13,0.6667
3,24,99,2,13,0.6250
3,24,100,3,13,0.5833
3,24,101,2,13,0.5833
3,24,102,1,9,0.7083
3,24,103,2,13,0.6250
3,24,104,2,13,0.6250
3,24,105,2,13,0.6250
3,24,106,2,13,0.5833
3,24,107,3,13,0.6667
3,24,108,2,13,0.6667
3,24,109,3,13,0.6667
3,24,110,2,13,0.5833
3,24,111,2,13,0.6250
3,24,112,3,13,0.5833
3,24,113,2,13,0.6250
3,24,114,2,13,0.6250
3,24,115,2,13,0.5833
3,24,116,3,13,0.5833
3,24,117,3,13,0.6250
3,24,118,2,13,0.6667
3,24,119,2,9,0.6667
3,24,120,2,13,0.6667
3,24,121,2,9,0.6667
3,24,122,2,3,0.6667
3,24,123,3,13,0.6250
3,24,124,2,9,0.6667
3,24,125,3,13,0.6667
3,24,126,2,9,0.6250
3,24,127,3,13,0.6250
3,24,128,2,13,0.5833
3,24,129,2,13,0.5833
3,24,130,2,13,0.6250
3,24,131,2,13,0.6250
3,24,132,2,13,0.5833
3,24,133,2,9,0.6667
3,24,134,2,13,0.6250
3,24,135,2,13,0.6250
3,24,136,2,13,0.6250
3,24,137,1,13,0.6667
3,24,138,2,13,0.6250
3,24,139,3,13,0.6250
3,24,140,1,9,0.6667
3,24,141,2,13,0.6667
3,24,142,1,3,0.6667
3,24,143,2,13,0.5833
3,24,144,3,13,0.5833
3,24,145,2,13,0.6250
3,24,146,2,13,0.6250
3,24,147,2,13,0.6250
3,24,148,2,13,0.5833
3,24,149,2,13,0.5833
3,24,150,2,13,0.6667
3,24,151,2,13,0.5833
3,24,152,2,13,0.6250
3,24,153,2,13,0.5833
3,24,154,3,13,0.6250
3,24,155,3,13,0.6250
3,24,156,2,9,0.6667
3,24,157,3,13,0.6250
3,24,158,2,9,0.6250
3,24,159,2,9,0.6667
3,24,160,2,13,0.5833
3,24,161,2,13,0.6250
3,24,162,2,13,0.6667
3,24,163,2,13,0.5833
3,24,164,2,13,0.6250
3,24,165,3,13,0.6667
3,24,166,2,13,0.6667
3,24,167,2,13,0.6667
3,24,168,2,13,0.6250
3,24,169,3,13,0.6667
3,24,170,2,13,0.6667
3,24,171,2,13,0.5833
3,24,172,2,13,0.6250
3,24,173,1,13,0.5833
3,24,174,2,13,0.6250
3,24,175,2,9,0.7083
3,24,176,4,13,0.5833
3,24,177,2,13,0.6250
3,24,178,2,13,0.6667
3,24,179,2,13,0.5833
3,24,180,2,13,0.5833
3,24,181,2,9,0.6667
3,24,182,2,13,0.5833
3,24,183,2,13,0.5833
3,24,184,1,13,0.7083
3,24,185,1,9,0.7083
3,24,186,2,13,0.5833
3,24,187,3,13,0.5833
3,24,188,2,13,0.5833
3,24,189,2,13,0.5833
3,24,190,2,13,0.6250
3,24,191,4,13,0.5833
3,24,192,2,13,0.5833
3,24,193,3,13,0.6250
3,24,194,1,13,0.6667
3,24,195,1,13,0.5833
3,24,196,3,13,0.5833
3,24,197,2,13,0.6250
3,24,198,3,13,0.6667
3,24,199,1,9,0.7083
3,28,0,2,31,0.6429
3,28,1,4,5,0.6071
3,28,2,2,15,0.6429
3,28,3,3,5,0.6071
3,28,4,2,15,0.6786
3,28,5,2,5,0.5714
3,28,6,3,5,0.6429
3,28,7,3,5,0.5714
3,28,8,4,5,0.6429
3,28,9,3,5,0.6071
3,28,10,2,5,0.5714
3,28,11,2,5,0.5714
3,28,12,3,5,0.6429
3,28,13,2,15,0.7143
3,28,14,3,5,0.6429
3,28,15,3,5,0.6429
3,28,16,3,5,0.6429
3,28,17,4,5,0.6429
3,28,18,3,5,0.6071
3,28,19,4,5,0.6429
3,28,20,2,5,0.5714
3,28,21,2,15,0.6429
3,28,22,3,5,0.6429
3,28,23,2,5,0.6071
3,28,24,3,5,0.6429
3,28,25,3,5,0.6429
3,28,26,2,5,0.5714
3,28,27,2,15,0.6429
3,28,28,2,31,0.6786
3,28,29,4,5,0.6071
3,28,30,2,5,0.5714
3,28,31,2,15,0.7143
3,28,32,2,5,0.5714
3,28,33,2,15,0.7143
3,28,34,4,5,0.5714
3,28,35,2,5,0.6071
3,28,36,2,5,0.5714
3,28,37,2,31,0.6429
3,28,38,2,31,0.6786
3,28,39,2,5,0.5714
3,28,40,4,5,0.5714
3,28,41,4,5,0.5714
3,28,42,2,15,0.6429
3,28,43,2,5,0.5714
3,28,44,2,31,0.6786
3,28,45,2,5,0.6071
3,28,46,4,5,0.5714
3,28,47,2,5,0.6071
3,28,48,2,15,0.6786
3,28,49,5,5,0.5714
3,28,50,2,15,0.6786
3,28,51,3,5,0.5714
3,28,52,3,5,0.6429
3,28,53,3,5,0.6071
3,28,54,3,5,0.6429
3,28,55,2,5,0.6071
3,28,56,4,5,0.6071
3,28,57,2,5,0.6071
3,28,58,2,5,0.6071
3,28,59,5,5,0.5714
3,28,60,4,5,0.5714
3,28,61,2,5,0.5714
3,28,62,3,5,0.6071
3,28,63,2,15,0.6786
3,28,64,2,5,0.5714
3,28,65,3,5,0.6071
3,28,66,2,5,0.5714
3,28,67,3,5,0.5714
3,28,68,4,5,0.5714
3,28,69,4,5,0.5714
3,28,70,3,31,0.6786
3,28,71,2,15,0.6429
3,28,72,3,5,0.6071
3,28,73,3,5,0.6071
3,28,74,4,5,0.5714
3,28,75,3,5,0.6071
3,28,76,1,31,0.7143
3,28,77,4,5,0.6429
3,28,78,2,31,0.6786
3,28,79,3,5,0.5714
3,28,80,3,5,0.5714
3,28,81,3,5,0.5714
3,28,82,3,5,0.6071
3,28,83,3,5,0.6071
3,28,84,2,5,0.6071
3,28,85,2,15,0.6786
3,28,86,4,5,0.6429
3,28,87,2,15,0.6429
3,28,88,2,15,0.6429
3,28,89,2,15,0.6429
3,28,90,2,5,0.6071
3,28,91,2,5,0.5714
3,28,92,4,5,0.5714
3,28,93,3,5,0.6071
3,28,94,3,5,0.6071
3,28,95,3,5,0.6071
3,28,96,2,5,0.6071
3,28,97,2,5,0.5714
3,28,98,4,5,0.6071
3,28,99,2,5,0.6429
3,28,100,3,5,0.6429
3,28,101,2,5,0.5714
3,28,102,2,5,0.6071
3,28,103,3,5,0.6071
3,28,104,3,5,0.6429
3,28,105,2,5,0.6071
3,28,106,3,5,0.5714
3,28,107,2,5,0.6071
3,28,108,4,5,0.5714
3,28,109,3,5,0.6071
3,28,110,3,5,0.5714
3,28,111,2,5,0.5714
3,28,112,3,5,0.6071
3,28,113,3,5,0.6429
3,28,114,2,5,0.6071
3,28,115,3,5,0.5714
3,28,116,4,5,0.5714
3,28,117,1,15,0.7143
3,28,118,4,5,0.5714
3,28,119,3,5,0.6429
3,28,120,3,5,0.6071
3,28,121,3,5,0.5714
3,28,122,4,5,0.6071
3,28,123,2,5,0.6071
3,28,124,4,5,0.6429
3,28,125,4,5,0.5714
3,28,126,4,5,0.6429
3,28,127,3,5,0.6429
3,28,128,3,5,0.6071
3,28,129,2,5,0.5714
3,28,130,1,31,0.7143
3,28,131,3,5,0.5714
3,28,132,3,5,0.6071
3,28,133,2,5,0.6071
3,28,134,2,5,0.6071
3,28,135,4,5,0.6071
3,28,136,3,5,0.6429
3,28,137,5,5,0.6429
3,28,138,2,5,0.6071
3,28,139,3,5,0.6071
3,28,140,4,5,0.5714
3,28,141,3,5,0.6429
3,28,142,2,5,0.6429
3,28,143,2,5,0.5714
3,28,144,4,5,0.6429
3,28,145,2,31,0.6429
3,28,146,2,31,0.6786
3,28,147,4,5,0.6071
3,28,148,3,5,0.6071
3,28,149,3,5,0.5714
3,28,150,2,31,0.6786
3,28,151,3,5,0.6071
3,28,152,3,5,0.5714
3,28,153,2,5,0.5714
3,28,154,3,5,0.6071
3,28,155,2,15,0.6786
3,28,156,2,5,0.6071
3,28,157,2,15,0.6429
3,28,158,3,5,0.6071
3,28,159,2,5,0.5714
3,28,160,2,5,0.6071
3,28,161,2,15,0.6786
3,28,162,3,5,0.6071
3,28,163,3,5,0.6429
3,28,164,3,5,0.6071
3,28,165,3,5,0.6071
3,28,166,2,15,0.6429
3,28,167,3,5,0.6429
3,28,168,3,5,0.6071
3,28,169,4,5,0.5714
3,28,170,5,5,0.6429
3,28,171,2,5,0.5714
3,28,172,4,5,0.5714
3,28,173,2,5,0.5714
3,28,174,2,31,0.6429
3,28,175,1,31,0.7143
3,28,176,2,15,0.6429
3,28,177,2,5,0.5714
3,28,178,4,5,0.5714
3,28,179,2,15,0.6429
3,28,180,3,5,0.6071
3,28,181,1,31,0.6786
3,28,182,2,5,0.6071
3,28,183,3,5,0.6071
3,28,184,4,5,0.6071
3,28,185,3,5,0.6071
3,28,186,2,15,0.6429
3,28,187,3,5,0.5714
3,28,188,2,5,0.6429
3,28,189,3,5,0.6429
3,28,190,2,5,0.5714
3,28,191,2,5,0.6071
3,28,192,2,15,0.6786
3,28,193,2,15,0.6429
3,28,194,2,5,0.5714
3,28,195,3,5,0.6071
3,28,196,2,5,0.6071
3,28,197,2,5,0.6429
3,28,198,2,31,0.7143
3,28,199,2,5,0.6071
3,32,0,3,5,0.6250
3,32,1,2,17,0.6562
3,32,2,3,5,0.6250
3,32,3,2,17,0.6562
3,32,4,5,5,0.6250
3,32,5,3,5,0.6250
3,32,6,3,5,0.5938
3,32,7,4,5,0.5938
3,32,8,4,5,0.5625
3,32,9,2,5,0.6250
3,32,10,2,35,0.6875
3,32,11,5,5,0.5938
3,32,12,3,5,0.5938
3,32,13,5,5,0.5938
3,32,14,2,5,0.6250
3,32,15,2,17,0.6250
3,32,16,3,5,0.5938
3,32,17,2,17,0.6250
3,32,18,5,5,0.5938
3,32,19,2,17,0.6250
3,32,20,4,5,0.5938
3,32,21,1,35,0.7188
3,32,22,4,5,0.6250
3,32,23,2,5,0.5938
3,32,24,3,5,0.5938
3,32,25,2,17,0.6250
3,32,26,2,5,0.5938
3,32,27,3,5,0.5938
3,32,28,4,5,0.5938
3,32,29,3,5,0.6250
3,32,30,2,5,0.5625
3,32,31,2,17,0.6250
3,32,32,3,5,0.6250
3,32,33,4,5,0.5938
3,32,34,2,17,0.6250
3,32,35,2,17,0.6250
3,32,36,2,5,0.6250
3,32,37,3,5,0.6250
3,32,38,4,17,0.6250
3,32,39,2,17,0.6562
3,32,40,2,5,0.5625
3,32,41,3,5,0.6250
3,32,42,2,5,0.5938
3,32,43,3,5,0.5938
3,32,44,3,5,0.5938
3,32,45,3,5,0.6250
3,32,46,3,5,0.5938
3,32,47,4,5,0.6250
3,32,48,2,5,0.6250
3,32,49,2,5,0.5625
3,32,50,3,5,0.5938
3,32,51,4,5,0.6250
3,32,52,4,5,0.5625
3,32,53,3,5,0.6250
3,32,54,4,5,0.5938
3,32,55,2,17,0.6250
3,32,56,4,5,0.5938
3,32,57,2,17,0.6562
3,32,58,2,5,0.5625
3,32,59,2,5,0.6250
3,32,60,3,5,0.6250
3,32,61,3,5,0.5938
3,32,62,2,17,0.6562
3,32,63,3,5,0.5938
3,32,64,4,5,0.6250
3,32,65,3,5,0.6250
3,32,66,2,17,0.6562
3,32,67,2,17,0.6562
3,32,68,4,5,0.5938
3,32,69,3,5,0.6250
3,32,70,3,5,0.6250
3,32,71,3,5,0.6250
3,32,72,2,35,0.6562
3,32,73,2,17,0.6875
3,32,74,5,5,0.5625
3,32,75,4,5,0.5938
3,32,76,3,5,0.6250
3,32,77,4,5,0.5938
3,32,78,4,5,0.5938
3,32,79,2,5,0.6250
3,32,80,4,5,0.5625
3,32,81,5,5,0.5938
3,32,82,3,5,0.5625
3,32,83,5,5,0.5625
3,32,84,2,5,0.5938
3,32,85,4,5,0.5938
3,32,86,2,35,0.6875
3,32,87,3,5,0.5938
3,32,88,3,5,0.6250
3,32,89,2,5,0.5938
3,32,90,3,5,0.6250
3,32,91,4,5,0.5625
3,32,92,2,5,0.5938
3,32,93,2,17,0.6250
3,32,94,3,5,0.6250
3,32,95,2,17,0.6250
3,32,96,2,5,0.5625
3,32,97,2,17,0.6562
3,32,98,2,35,0.6562
3,32,99,2,5,0.5938
3,32,100,4,5,0.5938
3,32,101,4,5,0.6250
3,32,102,5,5,0.5938
3,32,103,2,5,0.5625
3,32,104,3,5,0.6250
3,32,105,2,17,0.6562
3,32,106,2,17,0.6562
3,32,107,4,5,0.5938
3,32,108,3,5,0.6250
3,32,109,3,5,0.6250
3,32,110,3,5,0.5938
3,32,111,4,5,0.5938
3,32,112,3,5,0.5938
3,32,113,3,5,0.5938
3,32,114,3,5,0.5625
3,32,115,3,5,0.5625
3,32,116,2,17,0.6875
3,32,117,3,5,0.5625
3,32,118,2,17,0.6562
3,32,119,3,5,0.5625
3,32,120,2,17,0.6250
3,32,121,2,5,0.5625
3,32,122,6,5,0.5938
3,32,123,2,17,0.6562
3,32,124,5,5,0.5938
3,32,125,4,17,0.6875
3,32,126,2,17,0.6250
3,32,127,2,17,0.6875
3,32,128,3,5,0.6250
3,32,129,4,5,0.6250
3,32,130,2,17,0.6562
3,32,131,2,5,0.5938
3,32,132,3,5,0.6250
3,32,133,2,17,0.6562
3,32,134,4,5,0.5938
3,32,135,2,17,0.6562
3,32,136,3,5,0.6250
3,32,137,5,5,0.5938
3,32,138,4,5,0.6250
3,32,139,2,5,0.6250
3,32,140,2,35,0.6562
3,32,141,2,5,0.5938
3,32,142,3,5,0.6250
3,32,143,3,5,0.5938
3,32,144,2,5,0.5625
3,32,145,2,5,0.6250
3,32,146,1,17,0.6875
3,32,147,3,5,0.5938
3,32,148,2,5,0.5938
3,32,149,3,5,0.6250
3,32,150,5,5,0.5938
3,32,151,2,17,0.6250
3,32,152,2,35,0.7188
3,32,153,3,5,0.6250
3,32,154,3,5,0.6250
3,32,155,4,5,0.5625
3,32,156,2,35,0.6875
3,32,157,4,5,0.5938
3,32,158,3,5,0.5938
3,32,159,3,5,0.6250
3,32,160,1,17,0.6250
3,32,161,3,5,0.6250
3,32,162,2,5,0.5625
3,32,163,3,5,0.5938
3,32,164,4,5,0.6250
3,32,165,3,5,0.5938
3,32,166,2,17,0.6562
3,32,167,2,5,0.5938
3,32,168,5,5,0.5625
3,32,169,2,5,0.5625
3,32,170,4,5,0.5938
3,32,171,4,5,0.6250
3,32,172,3,5,0.6250
3,32,173,2,5,0.6250
3,32,174,2,17,0.6562
3,32,175,2,5,0.5938
3,32,176,4,5,0.5625
3,32,177,3,5,0.5938
3,32,178,2,5,0.5938
3,32,179,4,5,0.5938
3,32,180,4,5,0.5625
3,32,181,2,5,0.6250
3,32,182,2,5,0.5938
3,32,183,3,5,0.6250
3,32,184,4,5,0.5625
3,32,185,3,5,0.5938
3,32,186,3,5,0.6250
3,32,187,4,5,0.5938
3,32,188,3,5,0.6250
3,32,189,2,17,0.6875
3,32,190,2,17,0.6250
3,32,191,4,5,0.5938
3,32,192,2,5,0.6250
3,32,193,3,5,0.5938
3,32,194,2,5,0.5938
3,32,195,3,5,0.6250
3,32,196,3,5,0.5938
3,32,197,4,5,0.5625
3,32,198,2,17,0.6250
3,32,199,2,5,0.5938
3,36,0,3,13,0.6111
3,36,1,3,13,0.6111
3,36,2,2,13,0.6389
3,36,3,2,13,0.6389
3,36,4,3,19,0.6667
3,36,5,3,13,0.6389
3,36,6,3,13,0.6111
3,36,7,2,13,0.6389
3,36,8,2,19,0.6389
3,36,9,2,19,0.6389
3,36,10,3,13,0.6389
3,36,11,4,13,0.6389
3,36,12,4,13,0.6111
3,36,13,2,19,0.6389
3,36,14,2,19,0.6667
3,36,15,2,13,0.5833
3,36,16,3,19,0.6111
3,36,17,3,13,0.5833
3,36,18,3,13,0.6111
3,36,19,3,19,0.6111
3,36,20,2,19,0.6111
3,36,21,4,13,0.6111
3,36,22,2,13,0.6111
3,36,23,2,13,0.6111
3,36,24,3,13,0.6389
3,36,25,3,13,0.6389
3,36,26,4,13,0.6111
3,36,27,2,13,0.6944
3,36,28,3,13,0.6111
3,36,29,2,19,0.6111
3,36,30,4,13,0.6389
3,36,31,2,13,0.6111
3,36,32,3,13,0.6111
3,36,33,4,19,0.6389
3,36,34,3,13,0.6389
3,36,35,2,13,0.6111
3,36,36,2,13,0.5833
3,36,37,2,19,0.6111
3,36,38,3,19,0.6111
3,36,39,3,13,0.6389
3,36,40,4,13,0.6389
3,36,41,4,13,0.6111
3,36,42,4,13,0.6111
3,36,43,2,19,0.6389
3,36,44,2,13,0.6389
3,36,45,3,13,0.6111
3,36,46,2,13,0.6111
3,36,47,2,13,0.6111
3,36,48,4,13,0.6389
3,36,49,2,19,0.6111
3,36,50,2,19,0.6389
3,36,51,2,19,0.6111
3,36,52,4,13,0.6111
3,36,53,5,13,0.5833
3,36,54,2,13,0.6111
3,36,55,2,19,0.6389
3,36,56,2,19,0.6111
3,36,57,3,13,0.6389
3,36,58,2,13,0.6111
3,36,59,3,13,0.6389
3,36,60,2,13,0.6111
3,36,61,2,19,0.6667
3,36,62,2,13,0.6111
3,36,63,2,13,0.5833
3,36,64,2,13,0.6111
3,36,65,2,13,0.6389
3,36,66,3,19,0.6111
3,36,67,3,13,0.6389
3,36,68,2,19,0.6111
3,36,69,3,13,0.5833
3,36,70,3,13,0.6111
3,36,71,2,19,0.6111
3,36,72,3,13,0.6389
3,36,73,2,13,0.5833
3,36,74,2,19,0.6389
3,36,75,2,19,0.6111
3,36,76,2,19,0.6111
3,36,77,2,19,0.6389
3,36,78,2,19,0.6111
3,36,79,2,13,0.6389
3,36,80,2,19,0.6111
3,36,81,2,19,0.6111
3,36,82,2,19,0.6389
3,36,83,4,13,0.6389
3,36,84,2,19,0.6389
3,36,85,2,13,0.6111
3,36,86,3,13,0.6111
3,36,87,3,13,0.6111
3,36,88,2,13,0.5833
3,36,89,2,19,0.6111
3,36,90,2,19,0.6389
3,36,91,2,13,0.6111
3,36,92,3,13,0.6111
3,36,93,3,13,0.6389
3,36,94,5,13,0.6389
3,36,95,4,13,0.6111
3,36,96,2,19,0.6111
3,36,97,2,13,0.6389
3,36,98,2,19,0.6111
3,36,99,2,13,0.6111
3,36,100,2,19,0.6389
3,36,101,3,13,0.6111
3,36,102,3,13,0.6111
3,36,103,2,13,0.6111
3,36,104,3,13,0.6389
3,36,105,3,19,0.6111
3,36,106,3,13,0.5833
3,36,107,3,13,0.6389
3,36,108,2,13,0.6111
3,36,109,2,13,0.5833
3,36,110,2,19,0.6389
3,36,111,2,13,0.5833
3,36,112,2,19,0.6389
3,36,113,3,13,0.6389
3,36,114,4,13,0.5833
3,36,115,2,13,0.6111
3,36,116,3,13,0.6389
3,36,117,2,13,0.6111
3,36,118,3,13,0.6111
3,36,119,2,19,0.6389
3,36,120,2,19,0.6667
3,36,121,3,19,0.6667
3,36,122,3,13,0.6389
3,36,123,2,13,0.6111
3,36,124,2,19,0.6111
3,36,125,5,13,0.6111
3,36,126,2,19,0.6389
3,36,127,2,19,0.6111
3,36,128,2,13,0.6111
3,36,129,2,19,0.6111
3,36,130,2,13,0.6111
3,36,131,4,13,0.6389
3,36,132,2,13,0.5833
3,36,133,4,13,0.6389
3,36,134,2,19,0.6667
3,36,135,3,19,0.6389
3,36,136,2,13,0.5833
3,36,137,2,13,0.5833
3,36,138,3,13,0.6389
3,36,139,3,13,0.6389
3,36,140,2,13,0.6111
3,36,141,3,13,0.6111
3,36,142,2,13,0.6111
3,36,143,2,19,0.6389
3,36,144,2,13,0.6389
3,36,145,3,13,0.6389
3,36,146,2,13,0.6389
3,36,147,3,13,0.6389
3,36,148,2,19,0.6111
3,36,149,2,19,0.6111
3,36,150,2,19,0.6111
3,36,151,4,13,0.6389
3,36,152,2,19,0.6389
3,36,153,2,19,0.6111
3,36,154,2,19,0.6389
3,36,155,2,19,0.6111
3,36,156,2,19,0.6389
3,36,157,2,19,0.6111
3,36,158,5,13,0.5833
3,36,159,3,13,0.6111
3,36,160,2,19,0.6111
3,36,161,3,19,0.6667
3,36,162,3,13,0.6111
3,36,163,2,19,0.6111
3,36,164,3,13,0.6111
3,36,165,2,13,0.5833
3,36,166,2,19,0.6111
3,36,167,2,13,0.6389
3,36,168,2,13,0.6389
3,36,169,2,19,0.6111
3,36,170,2,13,0.6111
3,36,171,2,19,0.6111
3,36,172,3,13,0.5833
3,36,173,2,13,0.5833
3,36,174,3,13,0.6389
3,36,175,2,19,0.6111
3,36,176,3,13,0.6111
3,36,177,2,13,0.5833
3,36,178,2,13,0.6111
3,36,179,5,13,0.6111
3,36,180,2,13,0.6111
3,36,181,2,13,0.6389
3,36,182,3,19,0.6111
3,36,183,2,13,0.6111
3,36,184,2,19,0.6111
3,36,185,3,13,0.6111
3,36,186,2,19,0.6111
3,36,187,2,13,0.5833
3,36,188,6,13,0.6111
3,36,189,2,13,0.6111
3,36,190,2,19,0.6389
3,36,191,2,13,0.6389
3,36,192,3,13,0.6111
3,36,193,2,13,0.6111
3,36,194,2,19,0.6111
3,36,195,5,13,0.6111
3,36,196,2,19,0.6111
3,36,197,2,13,0.6389
3,36,198,2,19,0.6111
3,36,199,2,19,0.6389
3,40,0,2,21,0.6000
3,40,1,2,43,0.6000
3,40,2,2,43,0.6000
3,40,3,3,43,0.6250
3,40,4,4,21,0.6000
3,40,5,2,21,0.6250
3,40,6,3,21,0.6500
3,40,7,2,21,0.6250
3,40,8,2,21,0.6000
3,40,9,2,43,0.6000
3,40,10,4,21,0.6500
3,40,11,1,21,0.6500
3,40,12,4,43,0.6500
3,40,13,2,43,0.6500
3,40,14,2,21,0.6250
3,40,15,2,21,0.6000
3,40,16,3,21,0.6250
3,40,17,2,43,0.6500
3,40,18,4,43,0.6500
3,40,19,3,21,0.6500
3,40,20,2,21,0.6250
3,40,21,3,21,0.6250
3,40,22,2,43,0.6000
3,40,23,2,43,0.6000
3,40,24,4,21,0.6250
3,40,25,2,21,0.6250
3,40,26,2,21,0.6000
3,40,27,2,43,0.6250
3,40,28,3,21,0.6000
3,40,29,2,43,0.6250
3,40,30,3,43,0.6250
3,40,31,3,21,0.6000
3,40,32,3,21,0.6500
3,40,33,2,21,0.6500
3,40,34,2,21,0.6000
3,40,35,3,43,0.6250
3,40,36,2,21,0.6000
3,40,37,2,21,0.6000
3,40,38,2,43,0.6500
3,40,39,2,43,0.6250
3,40,40,3,21,0.6000
3,40,41,2,21,0.6000
3,40,42,2,43,0.6250
3,40,43,2,21,0.6250
3,40,44,2,21,0.6500
3,40,45,2,43,0.6500
3,40,46,4,21,0.6000
3,40,47,2,21,0.6500
3,40,48,2,43,0.6250
3,40,49,3,21,0.6000
3,40,50,2,21,0.6000
3,40,51,1,21,0.6750
3,40,52,3,21,0.6500
3,40,53,2,43,0.6250
3,40,54,2,21,0.6000
3,40,55,2,21,0.6000
3,40,56,4,21,0.6000
3,40,57,2,21,0.6250
3,40,58,2,43,0.6250
3,40,59,2,43,0.6000
3,40,60,1,21,0.6500
3,40,61,2,21,0.6000
3,40,62,2,21,0.6000
3,40,63,3,43,0.6500
3,40,64,2,43,0.6000
3,40,65,2,43,0.6000
3,40,66,2,43,0.6250
3,40,67,2,43,0.6250
3,40,68,3,43,0.6250
3,40,69,2,21,0.6250
3,40,70,4,21,0.6500
3,40,71,2,21,0.6750
3,40,72,2,21,0.6000
3,40,73,2,21,0.6250
3,40,74,2,21,0.6000
3,40,75,3,21,0.6000
3,40,76,2,21,0.6000
3,40,77,2,21,0.6000
3,40,78,3,21,0.6500
3,40,79,2,43,0.6500
3,40,80,3,21,0.6250
3,40,81,2,43,0.6000
3,40,82,2,43,0.6000
3,40,83,4,21,0.6000
3,40,84,2,43,0.6250
3,40,85,3,43,0.6500
3,40,86,3,21,0.6000
3,40,87,2,43,0.6750
3,40,88,3,21,0.6250
3,40,89,3,21,0.6000
3,40,90,2,21,0.6500
3,40,91,2,43,0.6000
3,40,92,3,43,0.6000
3,40,93,3,21,0.6250
3,40,94,3,21,0.6000
3,40,95,3,21,0.6250
3,40,96,4,21,0.6000
3,40,97,2,21,0.6250
3,40,98,2,43,0.6500
3,40,99,2,43,0.6250
3,40,100,2,21,0.6250
3,40,101,2,21,0.6000
3,40,102,2,21,0.6000
3,40,103,2,43,0.6250
3,40,104,2,43,0.6250
3,40,105,4,43,0.6500
3,40,106,2,43,0.6500
3,40,107,2,21,0.6000
3,40,108,2,43,0.6500
3,40,109,2,21,0.6250
3,40,110,2,43,0.6500
3,40,111,2,21,0.6000
3,40,112,2,43,0.6500
3,40,113,2,21,0.6250
3,40,114,2,43,0.6000
3,40,115,2,21,0.6000
3,40,116,2,21,0.6250
3,40,117,3,21,0.6250
3,40,118,2,21,0.6000
3,40,119,2,43,0.6250
3,40,120,2,21,0.6250
3,40,121,2,43,0.6000
3,40,122,2,21,0.6000
3,40,123,3,21,0.6500
3,40,124,2,21,0.6250
3,40,125,3,43,0.6250
3,40,126,4,43,0.6000
3,40,127,2,43,0.6500
3,40,128,3,21,0.6000
3,40,129,2,43,0.6500
3,40,130,3,21,0.6000
3,40,131,3,43,0.6500
3,40,132,3,21,0.6500
3,40,133,2,43,0.6250
3,40,134,2,21,0.6000
3,40,135,2,21,0.6000
3,40,136,2,21,0.6250
3,40,137,2,43,0.6250
3,40,138,2,43,0.6250
3,40,139,2,43,0.6500
3,40,140,2,43,0.6250
3,40,141,3,21,0.6500
3,40,142,3,21,0.6250
3,40,143,2,43,0.6250
3,40,144,2,43,0.6250
3,40,145,3,21,0.6250
3,40,146,2,21,0.6250
3,40,147,2,21,0.6000
3,40,148,2,21,0.6000
3,40,149,4,21,0.6000
3,40,150,3,43,0.6500
3,40,151,2,43,0.6000
3,40,152,2,21,0.6250
3,40,153,2,43,0.6500
3,40,154,2,21,0.6000
3,40,155,2,43,0.6250
3,40,156,4,21,0.6000
3,40,157,3,43,0.6000
3,40,158,2,21,0.6000
3,40,159,2,43,0.6250
3,40,160,2,43,0.7000
3,40,161,3,21,0.6000
3,40,162,2,21,0.6000
3,40,163,3,21,0.6500
3,40,164,2,21,0.6000
3,40,165,2,43,0.6000
3,40,166,2,21,0.6000
3,40,167,2,21,0.6000
3,40,168,3,21,0.6000
3,40,169,2,21,0.6250
3,40,170,2,21,0.6500
3,40,171,2,43,0.6000
3,40,172,2,21,0.6250
3,40,173,2,21,0.6500
3,40,174,3,43,0.6000
3,40,175,4,21,0.6250
3,40,176,2,43,0.7000
3,40,177,2,21,0.6000
3,40,178,2,21,0.6500
3,40,179,2,21,0.6250
3,40,180,2,21,0.6500
3,40,181,2,43,0.6500
3,40,182,2,43,0.6250
3,40,183,3,43,0.6250
3,40,184,2,21,0.6000
3,40,185,2,21,0.6000
3,40,186,5,43,0.6500
3,40,187,2,21,0.6250
3,40,188,2,21,0.6000
3,40,189,2,43,0.6250
3,40,190,2,21,0.6000
3,40,191,1,43,0.7000
3,40,192,2,21,0.6000
3,40,193,2,21,0.6250
3,40,194,4,21,0.6250
3,40,195,3,43,0.6250
3,40,196,3,21,0.6000
3,40,197,2,21,0.6250
3,40,198,2,43,0.6250
3,40,199,2,43,0.6000
3,44,0,2,47,0.6364
3,44,1,2,23,0.6591
3,44,2,2,47,0.6364
3,44,3,2,23,0.5909
3,44,4,3,23,0.6136
3,44,5,3,23,0.6364
3,44,6,3,23,0.5909
3,44,7,2,47,0.6818
3,44,8,3,47,0.6364
3,44,9,3,23,0.6364
3,44,10,2,23,0.5909
3,44,11,2,23,0.6364
3,44,12,4,23,0.6364
3,44,13,2,23,0.5909
3,44,14,4,23,0.5909
3,44,15,2,23,0.5909
3,44,16,2,47,0.6136
3,44,17,5,23,0.6364
3,44,18,3,23,0.6136
3,44,19,4,23,0.5909
3,44,20,3,23,0.5909
3,44,21,2,23,0.6364
3,44,22,4,23,0.6136
3,44,23,2,47,0.6364
3,44,24,3,23,0.5909
3,44,25,3,23,0.5909
3,44,26,4,23,0.6136
3,44,27,4,23,0.6136
3,44,28,2,23,0.5909
3,44,29,2,23,0.5909
3,44,30,4,47,0.6591
3,44,31,2,47,0.6136
3,44,32,2,23,0.6136
3,44,33,2,23,0.6364
3,44,34,2,47,0.6591
3,44,35,2,23,0.6136
3,44,36,3,23,0.6136
3,44,37,3,23,0.6136
3,44,38,2,47,0.6591
3,44,39,2,23,0.6136
3,44,40,4,23,0.5909
3,44,41,3,23,0.5909
3,44,42,2,47,0.6364
3,44,43,2,23,0.5909
3,44,44,3,23,0.5909
3,44,45,2,23,0.6136
3,44,46,4,23,0.5909
3,44,47,4,23,0.5909
3,44,48,3,23,0.6136
3,44,49,2,23,0.6136
3,44,50,2,47,0.6591
3,44,51,2,47,0.6136
3,44,52,2,47,0.6136
3,44,53,3,23,0.6364
3,44,54,3,23,0.6136
3,44,55,3,23,0.6364
3,44,56,3,23,0.6136
3,44,57,2,23,0.6364
3,44,58,3,23,0.6364
3,44,59,2,23,0.6364
3,44,60,2,47,0.6136
3,44,61,3,23,0.5909
3,44,62,2,23,0.6364
3,44,63,2,47,0.6136
3,44,64,2,47,0.6136
3,44,65,2,47,0.6364
3,44,66,5,23,0.6136
3,44,67,2,47,0.6136
3,44,68,2,23,0.5909
3,44,69,3,23,0.6136
3,44,70,2,23,0.6364
3,44,71,4,23,0.5909
3,44,72,2,23,0.5909
3,44,73,2,23,0.5909
3,44,74,3,23,0.6364
3,44,75,3,23,0.5909
3,44,76,3,23,0.6136
3,44,77,2,47,0.6136
3,44,78,2,23,0.5909
3,44,79,4,23,0.5909
3,44,80,3,23,0.5909
3,44,81,2,23,0.6591
3,44,82,4,23,0.5909
3,44,83,2,23,0.6136
3,44,84,2,47,0.6364
3,44,85,3,23,0.6364
3,44,86,2,23,0.6136
3,44,87,2,23,0.6136
3,44,88,2,47,0.6136
3,44,89,3,23,0.6136
3,44,90,4,23,0.6136
3,44,91,3,23,0.5909
3,44,92,2,47,0.6136
3,44,93,2,23,0.5909
3,44,94,2,23,0.6591
3,44,95,2,23,0.5909
3,44,96,2,23,0.6364
3,44,97,4,23,0.5909
3,44,98,2,47,0.6136
3,44,99,2,47,0.6591
3,44,100,2,47,0.6364
3,44,101,2,23,0.6136
3,44,102,2,23,0.5909
3,44,103,3,23,0.6364
3,44,104,2,23,0.6591
3,44,105,4,23,0.6136
3,44,106,2,47,0.6136
3,44,107,2,23,0.5909
3,44,108,4,23,0.5909
3,44,109,4,23,0.6136
3,44,110,2,47,0.6136
3,44,111,2,23,0.5909
3,44,112,3,23,0.6364
3,44,113,3,23,0.6136
3,44,114,2,23,0.5909
3,44,115,3,23,0.6136
3,44,116,3,47,0.6591
3,44,117,2,23,0.6364
3,44,118,2,23,0.6364
3,44,119,3,23,0.6364
3,44,120,3,23,0.5909
3,44,121,3,23,0.5909
3,44,122,4,23,0.6136
3,44,123,3,23,0.5909
3,44,124,3,23,0.6136
3,44,125,3,23,0.5909
3,44,126,2,23,0.6136
3,44,127,4,23,0.6136
3,44,128,3,23,0.5909
3,44,129,3,23,0.6364
3,44,130,2,47,0.6591
3,44,131,3,23,0.6136
3,44,132,3,23,0.6136
3,44,133,4,23,0.6364
3,44,134,2,47,0.6136
3,44,135,2,47,0.6136
3,44,136,2,47,0.6591
3,44,137,2,47,0.6364
3,44,138,2,47,0.6364
3,44,139,2,23,0.5909
3,44,140,2,23,0.5909
3,44,141,4,23,0.5909
3,44,142,2,47,0.6591
3,44,143,3,23,0.5909
3,44,144,4,23,0.6136
3,44,145,3,23,0.6136
3,44,146,3,23,0.5909
3,44,147,2,23,0.6364
3,44,148,2,23,0.5909
3,44,149,3,23,0.6364
3,44,150,2,23,0.6818
3,44,151,2,23,0.6136
3,44,152,2,23,0.5909
3,44,153,4,23,0.6136
3,44,154,4,23,0.6364
3,44,155,3,23,0.5909
3,44,156,4,23,0.6136
3,44,157,2,47,0.6364
3,44,158,2,47,0.6364
3,44,159,4,23,0.5909
3,44,160,2,23,0.6818
3,44,161,2,23,0.5909
3,44,162,3,23,0.6136
3,44,163,5,23,0.5909
3,44,164,4,23,0.5909
3,44,165,2,23,0.6591
3,44,166,3,23,0.5909
3,44,167,3,23,0.6136
3,44,168,2,47,0.6591
3,44,169,2,23,0.5909
3,44,170,2,23,0.5909
3,44,171,4,23,0.5909
3,44,172,2,47,0.6364
3,44,173,4,23,0.6136
3,44,174,3,23,0.6136
3,44,175,2,23,0.5909
3,44,176,5,23,0.6136
3,44,177,2,23,0.6591
3,44,178,2,23,0.5909
3,44,179,3,23,0.6364
3,44,180,3,47,0.6364
3,44,181,3,23,0.5909
3,44,182,4,47,0.6136
3,44,183,3,23,0.6136
3,44,184,2,23,0.6364
3,44,185,3,23,0.5909
3,44,186,2,47,0.6591
3,44,187,3,47,0.6364
3,44,188,2,47,0.6364
3,44,189,2,23,0.5909
3,44,190,4,23,0.6136
3,44,191,3,23,0.6136
3,44,192,2,23,0.5909
3,44,193,2,23,0.6136
3,44,194,3,23,0.6364
3,44,195,2,47,0.6364
3,44,196,2,23,0.6364
3,44,197,3,47,0.6591
3,44,198,2,23,0.6136
3,44,199,4,23,0.5909
3,48,0,3,5,0.6042
3,48,1,4,5,0.5833
3,48,2,2,25,0.6667
3,48,3,3,5,0.6042
3,48,4,2,25,0.6250
3,48,5,3,5,0.6042
3,48,6,4,5,0.5833
3,48,7,3,5,0.6042
3,48,8,2,17,0.6458
3,48,9,3,5,0.6042
3,48,10,4,5,0.5833
3,48,11,3,5,0.6250
3,48,12,4,5,0.6042
3,48,13,5,5,0.5833
3,48,14,2,17,0.6458
3,48,15,3,5,0.6250
3,48,16,4,5,0.6042
3,48,17,5,5,0.6250
3,48,18,3,5,0.6042
3,48,19,2,17,0.6458
3,48,20,3,5,0.5833
3,48,21,2,17,0.6458
3,48,22,6,5,0.5833
3,48,23,2,5,0.5833
3,48,24,2,17,0.6250
3,48,25,5,5,0.6250
3,48,26,2,25,0.6250
3,48,27,2,25,0.6458
3,48,28,4,5,0.6250
3,48,29,3,5,0.5833
3,48,30,2,17,0.6667
3,48,31,2,17,0.6458
3,48,32,2,5,0.6042
3,48,33,3,5,0.6042
3,48,34,2,17,0.6667
3,48,35,4,5,0.5833
3,48,36,3,5,0.6042
3,48,37,3,5,0.6042
3,48,38,5,5,0.6250
3,48,39,2,25,0.6250
3,48,40,3,5,0.5833
3,48,41,2,17,0.6667
3,48,42,5,5,0.6042
3,48,43,5,5,0.6250
3,48,44,2,5,0.5833
3,48,45,4,5,0.5833
3,48,46,3,25,0.6250
3,48,47,3,5,0.5833
3,48,48,3,5,0.6042
3,48,49,2,25,0.6458
3,48,50,4,5,0.5833
3,48,51,2,25,0.6250
3,48,52,3,5,0.5833
3,48,53,3,17,0.6250
3,48,54,4,5,0.5833
3,48,55,2,25,0.6458
3,48,56,3,5,0.6042
3,48,57,2,25,0.6250
3,48,58,5,5,0.6042
3,48,59,4,5,0.5833
3,48,60,3,5,0.6042
3,48,61,3,5,0.6250
3,48,62,2,17,0.6458
3,48,63,4,5,0.6042
3,48,64,2,5,0.5833
3,48,65,2,5,0.6042
3,48,66,4,5,0.6042
3,48,67,4,5,0.5833
3,48,68,2,17,0.6667
3,48,69,2,17,0.6458
3,48,70,2,25,0.6250
3,48,71,3,5,0.6042
3,48,72,4,5,0.5833
3,48,73,3,5,0.5833
3,48,74,4,5,0.6250
3,48,75,4,5,0.6042
3,48,76,3,5,0.6250
3,48,77,2,25,0.6250
3,48,78,2,17,0.6458
3,48,79,3,17,0.6458
3,48,80,2,25,0.6250
3,48,81,2,17,0.6250
3,48,82,2,25,0.6250
3,48,83,2,5,0.6042
3,48,84,2,25,0.6250
3,48,85,4,5,0.6250
3,48,86,4,25,0.6250
3,48,87,3,5,0.6250
3,48,88,2,5,0.5833
3,48,89,3,5,0.6250
3,48,90,2,25,0.6250
3,48,91,2,17,0.6250
3,48,92,5,5,0.6042
3,48,93,4,5,0.6042
3,48,94,3,5,0.6042
3,48,95,2,5,0.6250
3,48,96,4,5,0.6042
3,48,97,3,5,0.6042
3,48,98,5,5,0.5833
3,48,99,3,5,0.6042
3,48,100,5,5,0.6042
3,48,101,4,5,0.6250
3,48,102,4,5,0.6250
3,48,103,2,25,0.6667
3,48,104,5,5,0.6042
3,48,105,2,25,0.6458
3,48,106,2,25,0.6458
3,48,107,3,5,0.5833
3,48,108,3,5,0.5833
3,48,109,2,17,0.6458
3,48,110,4,5,0.5833
3,48,111,2,25,0.6250
3,48,112,3,5,0.5833
3,48,113,5,5,0.6042
3,48,114,2,25,0.6250
3,48,115,3,5,0.5833
3,48,116,4,5,0.6250
3,48,117,2,25,0.6250
3,48,118,3,5,0.6250
3,48,119,5,5,0.6250
3,48,120,2,17,0.6250
3,48,121,5,5,0.6042
3,48,122,2,17,0.6458
3,48,123,2,25,0.6458
3,48,124,3,5,0.5833
3,48,125,2,25,0.6250
3,48,126,2,17,0.6250
3,48,127,2,5,0.6042
3,48,128,5,5,0.5833
3,48,129,2,5,0.5833
3,48,130,2,5,0.5833
3,48,131,3,5,0.6042
3,48,132,3,5,0.5833
3,48,133,3,17,0.6458
3,48,134,5,5,0.6042
3,48,135,4,5,0.6042
3,48,136,4,5,0.5833
3,48,137,4,5,0.6042
3,48,138,3,5,0.6250
3,48,139,5,5,0.6042
3,48,140,3,5,0.6250
3,48,141,3,5,0.5833
3,48,142,5,5,0.5833
3,48,143,2,25,0.6458
3,48,144,3,5,0.5833
3,48,145,2,17,0.6250
3,48,146,2,17,0.6667
3,48,147,3,5,0.6250
3,48,148,4,5,0.6042
3,48,149,3,5,0.5833
3,48,150,4,5,0.6042
3,48,151,2,17,0.6667
3,48,152,4,17,0.6458
3,48,153,4,5,0.6042
3,48,154,5,5,0.6250
3,48,155,4,5,0.5833
3,48,156,2,5,0.6042
3,48,157,4,5,0.6042
3,48,158,5,5,0.6042
3,48,159,3,5,0.6042
3,48,160,4,5,0.5833
3,48,161,3,5,0.6250
3,48,162,4,5,0.6042
3,48,163,2,25,0.6250
3,48,164,4,5,0.5833
3,48,165,5,5,0.6250
3,48,166,2,25,0.6250
3,48,167,3,5,0.5833
3,48,168,2,25,0.6250
3,48,169,4,5,0.6250
3,48,170,4,5,0.5833
3,48,171,2,17,0.6250
3,48,172,3,5,0.6042
3,48,173,5,5,0.6042
3,48,174,4,5,0.6042
3,48,175,5,5,0.5833
3,48,176,2,5,0.5833
3,48,177,3,5,0.6042
3,48,178,2,17,0.6667
3,48,179,4,5,0.6250
3,48,180,2,25,0.6250
3,48,181,4,5,0.5833
3,48,182,4,5,0.6042
3,48,183,4,5,0.5833
3,48,184,3,5,0.6042
3,48,185,2,5,0.5833
3,48,186,3,25,0.6250
3,48,187,4,5,0.6042
3,48,188,2,25,0.6250
3,48,189,3,25,0.6250
3,48,190,3,5,0.6042
3,48,191,3,5,0.6042
3,48,192,3,5,0.6250
3,48,193,6,5,0.6042
3,48,194,3,5,0.5833
3,48,195,2,25,0.6458
3,48,196,3,5,0.6042
3,48,197,2,25,0.6667
3,48,198,2,17,0.6458
3,48,199,5,5,0.6042
3,52,0,4,27,0.6346
3,52,1,3,5,0.5962
3,52,2,4,5,0.5962
3,52,3,5,5,0.6154
3,52,4,4,5,0.6154
3,52,5,4,5,0.5962
3,52,6,2,27,0.6154
3,52,7,4,5,0.5962
3,52,8,4,5,0.5769
3,52,9,2,27,0.6346
3,52,10,3,5,0.6154
3,52,11,2,27,0.6154
3,52,12,3,27,0.6346
3,52,13,2,27,0.6154
3,52,14,5,5,0.6154
3,52,15,2,27,0.6154
3,52,16,3,5,0.6154
3,52,17,3,5,0.6154
3,52,18,3,5,0.5769
3,52,19,3,27,0.6538
3,52,20,3,5,0.6154
3,52,21,5,5,0.5962
3,52,22,4,5,0.5769
3,52,23,4,5,0.5769
3,52,24,2,27,0.6154
3,52,25,5,5,0.5769
3,52,26,2,55,0.6538
3,52,27,4,5,0.6154
3,52,28,6,5,0.6154
3,52,29,2,27,0.6154
3,52,30,2,55,0.6538
3,52,31,5,5,0.6154
3,52,32,3,5,0.5962
3,52,33,5,5,0.5769
3,52,34,5,5,0.6154
3,52,35,2,27,0.6154
3,52,36,4,5,0.5769
3,52,37,4,5,0.6154
3,52,38,4,5,0.5962
3,52,39,3,27,0.6346
3,52,40,2,27,0.6154
3,52,41,2,27,0.6154
3,52,42,5,5,0.6154
3,52,43,5,5,0.5962
3,52,44,2,55,0.6538
3,52,45,2,55,0.6538
3,52,46,3,5,0.6154
3,52,47,2,27,0.6154
3,52,48,4,5,0.5962
3,52,49,4,5,0.5769
3,52,50,2,5,0.5769
3,52,51,5,5,0.5962
3,52,52,2,5,0.6154
3,52,53,3,5,0.6154
3,52,54,2,55,0.6538
3,52,55,3,5,0.6154
3,52,56,3,5,0.6154
3,52,57,3,27,0.6154
3,52,58,3,27,0.6154
3,52,59,3,5,0.5962
3,52,60,4,5,0.6154
3,52,61,2,27,0.6154
3,52,62,2,55,0.6346
3,52,63,5,5,0.5769
3,52,64,3,5,0.5962
3,52,65,2,55,0.6538
3,52,66,2,5,0.5962
3,52,67,3,5,0.6154
3,52,68,4,5,0.6154
3,52,69,5,5,0.5962
3,52,70,2,27,0.6346
3,52,71,3,5,0.5769
3,52,72,3,5,0.5769
3,52,73,2,55,0.6538
3,52,74,3,5,0.5962
3,52,75,4,5,0.6154
3,52,76,3,5,0.6154
3,52,77,3,5,0.6154
3,52,78,2,55,0.6538
3,52,79,5,5,0.5769
3,52,80,2,55,0.6538
3,52,81,3,5,0.5962
3,52,82,5,5,0.5962
3,52,83,4,5,0.5962
3,52,84,4,5,0.5769
3,52,85,2,55,0.6538
3,52,86,3,5,0.6154
3,52,87,3,5,0.6154
3,52,88,3,27,0.6346
3,52,89,4,5,0.5962
3,52,90,3,5,0.6154
3,52,91,4,5,0.5769
3,52,92,3,5,0.6154
3,52,93,4,5,0.5962
3,52,94,3,27,0.6346
3,52,95,3,5,0.5962
3,52,96,3,5,0.6154
3,52,97,4,5,0.5769
3,52,98,2,5,0.5962
3,52,99,5,5,0.6154
3,52,100,3,5,0.6154
3,52,101,3,27,0.6154
3,52,102,4,5,0.5962
3,52,103,2,27,0.6154
3,52,104,2,55,0.6346
3,52,105,6,5,0.5962
3,52,106,3,5,0.6154
3,52,107,5,5,0.5769
3,52,108,2,55,0.6538
3,52,109,3,27,0.6154
3,52,110,5,5,0.5962
3,52,111,2,27,0.6346
3,52,112,5,5,0.6154
3,52,113,5,5,0.6154
3,52,114,2,55,0.6538
3,52,115,2,27,0.6154
3,52,116,5,5,0.5962
3,52,117,2,27,0.6154
3,52,118,5,5,0.5769
3,52,119,4,5,0.6154
3,52,120,7,5,0.5962
3,52,121,2,27,0.6154
3,52,122,5,5,0.6154
3,52,123,3,5,0.6154
3,52,124,6,5,0.5962
3,52,125,4,5,0.6154
3,52,126,2,27,0.6154
3,52,127,3,27,0.6154
3,52,128,6,5,0.5962
3,52,129,3,5,0.5962
3,52,130,5,5,0.6154
3,52,131,5,5,0.5769
3,52,132,4,5,0.6154
3,52,133,4,5,0.5962
3,52,134,6,5,0.5962
3,52,135,2,55,0.6538
3,52,136,3,5,0.5962
3,52,137,3,5,0.5769
3,52,138,3,5,0.6154
3,52,139,2,27,0.6346
3,52,140,4,5,0.6154
3,52,141,3,5,0.6154
3,52,142,2,27,0.6346
3,52,143,3,5,0.5962
3,52,144,2,5,0.5769
3,52,145,3,5,0.5769
3,52,146,2,55,0.6731
3,52,147,3,5,0.6154
3,52,148,4,5,0.5962
3,52,149,5,5,0.5769
3,52,150,3,5,0.6154
3,52,151,3,5,0.5962
3,52,152,3,27,0.6154
3,52,153,4,5,0.6154
3,52,154,3,27,0.6346
3,52,155,4,5,0.5769
3,52,156,3,5,0.6154
3,52,157,4,5,0.6154
3,52,158,4,5,0.5962
3,52,159,5,5,0.5962
3,52,160,4,5,0.5962
3,52,161,4,5,0.5962
3,52,162,3,5,0.5962
3,52,163,2,27,0.6154
3,52,164,4,5,0.6154
3,52,165,3,5,0.6154
3,52,166,3,5,0.5962
3,52,167,2,27,0.6154
3,52,168,2,27,0.6154
3,52,169,5,5,0.6154
3,52,170,4,5,0.5769
3,52,171,4,5,0.5962
3,52,172,4,5,0.6154
3,52,173,3,5,0.6154
3,52,174,2,27,0.6154
3,52,175,3,27,0.6154
3,52,176,4,5,0.5962
3,52,177,3,27,0.6154
3,52,178,4,5,0.6154
3,52,179,4,5,0.6154
3,52,180,4,5,0.6154
3,52,181,2,55,0.6538
3,52,182,6,5,0.5962
3,52,183,2,27,0.6154
3,52,184,4,5,0.5769
3,52,185,2,27,0.6346
3,52,186,3,5,0.5962
3,52,187,4,27,0.6154
3,52,188,2,27,0.6346
3,52,189,4,5,0.5962
3,52,190,5,5,0.6154
3,52,191,3,5,0.5962
3,52,192,4,5,0.6154
3,52,193,5,5,0.5962
3,52,194,3,5,0.6154
3,52,195,2,27,0.6346
3,52,196,2,5,0.5962
3,52,197,4,5,0.5769
3,52,198,3,27,0.6154
3,52,199,7,5,0.5962
3,56,0,3,59,0.6250
3,56,1,3,59,0.6250
3,56,2,2,59,0.6250
3,56,3,2,29,0.6071
3,56,4,3,59,0.6071
3,56,5,3,59,0.6071
3,56,6,3,29,0.6250
3,56,7,4,59,0.6250
3,56,8,3,59,0.6071
3,56,9,2,59,0.6071
3,56,10,2,59,0.6429
3,56,11,3,59,0.6607
3,56,12,3,29,0.6429
3,56,13,3,59,0.6071
3,56,14,3,29,0.6250
3,56,15,3,59,0.6071
3,56,16,3,29,0.6429
3,56,17,4,29,0.6429
3,56,18,4,29,0.6250
3,56,19,2,29,0.6429
3,56,20,2,29,0.6250
3,56,21,4,59,0.5893
3,56,22,2,29,0.6071
3,56,23,2,29,0.6250
3,56,24,2,29,0.6071
3,56,25,3,59,0.6250
3,56,26,5,59,0.6071
3,56,27,3,29,0.6071
3,56,28,2,29,0.6071
3,56,29,2,29,0.6071
3,56,30,2,59,0.6250
3,56,31,3,29,0.6250
3,56,32,3,29,0.6429
3,56,33,2,29,0.6250
3,56,34,3,59,0.6250
3,56,35,2,29,0.6071
3,56,36,2,29,0.6250
3,56,37,3,29,0.6071
3,56,38,6,59,0.6071
3,56,39,3,29,0.6071
3,56,40,3,59,0.6071
3,56,41,3,29,0.6071
3,56,42,5,29,0.6071
3,56,43,3,59,0.6250
3,56,44,3,59,0.6071
3,56,45,3,29,0.6071
3,56,46,3,59,0.6071
3,56,47,4,59,0.5893
3,56,48,4,59,0.5893
3,56,49,4,59,0.5893
3,56,50,3,29,0.6250
3,56,51,5,29,0.6071
3,56,52,3,29,0.6250
3,56,53,4,59,0.6250
3,56,54,3,59,0.6250
3,56,55,2,29,0.6250
3,56,56,2,29,0.6250
3,56,57,2,59,0.5893
3,56,58,3,59,0.6071
3,56,59,5,59,0.6250
3,56,60,3,29,0.6250
3,56,61,2,59,0.6607
3,56,62,2,29,0.6071
3,56,63,3,59,0.6250
3,56,64,3,59,0.6071
3,56,65,2,29,0.6786
3,56,66,2,59,0.6071
3,56,67,5,59,0.6250
3,56,68,2,29,0.6071
3,56,69,4,59,0.6071
3,56,70,6,59,0.6071
3,56,71,2,29,0.6250
3,56,72,4,59,0.6250
3,56,73,4,29,0.6250
3,56,74,3,59,0.6250
3,56,75,3,59,0.5893
3,56,76,2,29,0.6071
3,56,77,3,59,0.5893
3,56,78,6,59,0.6071
3,56,79,2,29,0.6250
3,56,80,2,29,0.6071
3,56,81,4,59,0.6250
3,56,82,4,59,0.6250
3,56,83,2,59,0.6607
3,56,84,5,59,0.6250
3,56,85,3,29,0.6071
3,56,86,3,59,0.5893
3,56,87,6,59,0.6071
3,56,88,4,59,0.6250
3,56,89,4,59,0.6429
3,56,90,4,59,0.5893
3,56,91,3,59,0.6071
3,56,92,2,29,0.6071
3,56,93,3,59,0.5893
3,56,94,3,29,0.6250
3,56,95,3,29,0.6071
3,56,96,4,59,0.5893
3,56,97,3,29,0.6250
3,56,98,3,59,0.6071
3,56,99,3,29,0.6071
3,56,100,4,59,0.6250
3,56,101,3,29,0.6429
3,56,102,4,59,0.6250
3,56,103,3,59,0.6250
3,56,104,2,59,0.6607
3,56,105,2,29,0.6250
3,56,106,2,59,0.6607
3,56,107,4,59,0.6250
3,56,108,3,59,0.6071
3,56,109,3,29,0.6071
3,56,110,4,59,0.6071
3,56,111,4,59,0.6071
3,56,112,2,29,0.6071
3,56,113,2,29,0.6250
3,56,114,2,29,0.6071
3,56,115,3,29,0.6250
3,56,116,3,59,0.6250
3,56,117,2,59,0.6071
3,56,118,2,29,0.6071
3,56,119,4,59,0.6071
3,56,120,3,59,0.6250
3,56,121,2,59,0.6607
3,56,122,3,29,0.6250
3,56,123,5,59,0.6071
3,56,124,3,59,0.6071
3,56,125,3,29,0.6071
3,56,126,3,59,0.6071
3,56,127,2,29,0.6071
3,56,128,4,59,0.6250
3,56,129,4,29,0.6071
3,56,130,2,29,0.6071
3,56,131,2,29,0.6250
3,56,132,2,29,0.6250
3,56,133,3,59,0.6071
3,56,134,3,29,0.6071
3,56,135,2,29,0.6071
3,56,136,2,29,0.6071
3,56,137,2,59,0.6071
3,56,138,2,59,0.6071
3,56,139,2,59,0.6250
3,56,140,4,59,0.6071
3,56,141,3,59,0.6250
3,56,142,3,59,0.6071
3,56,143,2,29,0.6250
3,56,144,4,59,0.5893
3,56,145,5,59,0.5893
3,56,146,3,29,0.6250
3,56,147,3,29,0.6071
3,56,148,2,29,0.6071
3,56,149,3,29,0.6429
3,56,150,5,59,0.5893
3,56,151,3,29,0.6250
3,56,152,3,29,0.6429
3,56,153,3,59,0.6250
3,56,154,3,29,0.6071
3,56,155,4,29,0.6071
3,56,156,2,29,0.6071
3,56,157,3,59,0.5893
3,56,158,2,29,0.6250
3,56,159,4,59,0.6250
3,56,160,2,59,0.6250
3,56,161,2,29,0.6071
3,56,162,2,59,0.6250
3,56,163,3,59,0.6250
3,56,164,3,59,0.6071
3,56,165,2,29,0.6250
3,56,166,2,59,0.6071
3,56,167,3,59,0.5893
3,56,168,7,29,0.6071
3,56,169,5,59,0.5893
3,56,170,3,59,0.6250
3,56,171,3,59,0.6071
3,56,172,4,29,0.6429
3,56,173,3,59,0.6250
3,56,174,4,59,0.6250
3,56,175,3,59,0.6071
3,56,176,4,29,0.6071
3,56,177,3,29,0.6071
3,56,178,4,29,0.6071
3,56,179,2,29,0.6250
3,56,180,4,59,0.6250
3,56,181,4,59,0.6071
3,56,182,2,59,0.5893
3,56,183,2,29,0.6071
3,56,184,3,59,0.6250
3,56,185,3,29,0.6429
3,56,186,4,59,0.6250
3,56,187,4,59,0.6250
3,56,188,3,29,0.6071
3,56,189,4,29,0.6071
3,56,190,4,29,0.6250
3,56,191,3,29,0.6429
3,56,192,4,59,0.6250
3,56,193,2,59,0.6607
3,56,194,3,59,0.6071
3,56,195,3,29,0.6071
3,56,196,2,29,0.6250
3,56,197,5,59,0.5893
3,56,198,3,59,0.6250
3,56,199,2,59,0.5893
3,60,0,3,21,0.6167
3,60,1,2,31,0.6167
3,60,2,5,21,0.6000
3,60,3,4,31,0.6167
3,60,4,2,31,0.6333
3,60,5,5,21,0.6333
3,60,6,5,21,0.6167
3,60,7,2,31,0.6167
3,60,8,3,31,0.6167
3,60,9,2,21,0.6167
3,60,10,3,31,0.6167
3,60,11,4,31,0.6167
3,60,12,3,21,0.6167
3,60,13,3,31,0.6167
3,60,14,3,21,0.6167
3,60,15,5,31,0.6167
3,60,16,5,31,0.6000
3,60,17,3,21,0.6000
3,60,18,2,21,0.6333
3,60,19,3,31,0.6000
3,60,20,3,31,0.6333
3,60,21,4,31,0.6167
3,60,22,3,31,0.6000
3,60,23,3,31,0.6167
3,60,24,2,21,0.6167
3,60,25,4,21,0.6167
3,60,26,2,31,0.6167
3,60,27,5,31,0.6167
3,60,28,2,31,0.6500
3,60,29,2,31,0.6000
3,60,30,2,31,0.6167
3,60,31,3,21,0.6167
3,60,32,3,31,0.6000
3,60,33,3,31,0.6333
3,60,34,3,31,0.6167
3,60,35,3,31,0.6000
3,60,36,2,31,0.6000
3,60,37,3,31,0.6167
3,60,38,2,31,0.6333
3,60,39,5,21,0.6000
3,60,40,5,31,0.6333
3,60,41,2,31,0.6500
3,60,42,2,21,0.6000
3,60,43,4,21,0.6333
3,60,44,3,31,0.6167
3,60,45,2,21,0.6167
3,60,46,2,31,0.6000
3,60,47,4,31,0.6000
3,60,48,3,31,0.6167
3,60,49,4,21,0.6000
3,60,50,2,21,0.6167
3,60,51,4,21,0.6333
3,60,52,2,31,0.6167
3,60,53,2,31,0.6000
3,60,54,3,31,0.6167
3,60,55,2,31,0.6000
3,60,56,5,21,0.6333
3,60,57,3,21,0.6167
3,60,58,2,21,0.6000
3,60,59,2,31,0.6000
3,60,60,2,31,0.6000
3,60,61,4,21,0.6333
3,60,62,2,31,0.6500
3,60,63,2,31,0.6000
3,60,64,3,31,0.6167
3,60,65,4,31,0.6000
3,60,66,2,31,0.6333
3,60,67,3,31,0.6167
3,60,68,3,31,0.6167
3,60,69,2,31,0.6167
3,60,70,2,21,0.6667
3,60,71,2,31,0.6167
3,60,72,4,31,0.6000
3,60,73,3,31,0.6000
3,60,74,5,31,0.6000
3,60,75,3,21,0.6333
3,60,76,2,31,0.6167
3,60,77,2,21,0.6000
3,60,78,2,21,0.6000
3,60,79,2,31,0.6167
3,60,80,2,21,0.6333
3,60,81,4,21,0.6000
3,60,82,2,21,0.6167
3,60,83,2,21,0.6167
3,60,84,3,31,0.6167
3,60,85,4,31,0.6167
3,60,86,2,31,0.6000
3,60,87,5,31,0.6167
3,60,88,2,21,0.6167
3,60,89,4,31,0.6333
3,60,90,2,21,0.6167
3,60,91,5,21,0.6167
3,60,92,4,31,0.6333
3,60,93,3,31,0.6333
3,60,94,3,31,0.6333
3,60,95,3,31,0.6000
3,60,96,5,21,0.6167
3,60,97,2,21,0.6333
3,60,98,3,31,0.6333
3,60,99,2,31,0.6000
3,60,100,3,31,0.6167
3,60,101,4,31,0.6333
3,60,102,5,21,0.6333
3,60,103,3,31,0.6333
3,60,104,2,31,0.6167
3,60,105,2,21,0.6333
3,60,106,2,31,0.6000
3,60,107,4,31,0.6000
3,60,108,3,31,0.6167
3,60,109,2,31,0.6000
3,60,110,3,31,0.6333
3,60,111,3,31,0.6000
3,60,112,2,21,0.6167
3,60,113,2,21,0.6167
3,60,114,2,31,0.6167
3,60,115,4,31,0.6167
3,60,116,3,21,0.6167
3,60,117,5,31,0.6333
3,60,118,3,21,0.6333
3,60,119,3,31,0.6167
3,60,120,2,31,0.6333
3,60,121,2,31,0.6167
3,60,122,3,21,0.6167
3,60,123,4,21,0.6000
3,60,124,2,21,0.6667
3,60,125,3,31,0.6000
3,60,126,2,31,0.6000
3,60,127,3,21,0.6333
3,60,128,4,31,0.6000
3,60,129,2,31,0.6167
3,60,130,3,21,0.6333
3,60,131,5,31,0.6167
3,60,132,3,31,0.6000
3,60,133,4,31,0.6000
3,60,134,2,21,0.6000
3,60,135,3,31,0.6000
3,60,136,2,31,0.6000
3,60,137,2,31,0.6000
3,60,138,2,31,0.6333
3,60,139,2,31,0.6333
3,60,140,4,21,0.6333
3,60,141,3,31,0.6000
3,60,142,3,31,0.6000
3,60,143,2,31,0.6000
3,60,144,3,21,0.6333
3,60,145,3,31,0.6167
3,60,146,4,31,0.6000
3,60,147,3,31,0.6333
3,60,148,3,31,0.6167
3,60,149,3,31,0.6000
3,60,150,4,21,0.6000
3,60,151,3,31,0.6000
3,60,152,4,31,0.6000
3,60,153,3,21,0.6167
3,60,154,2,21,0.6500
3,60,155,3,21,0.6167
3,60,156,3,21,0.6333
3,60,157,3,31,0.6333
3,60,158,3,31,0.6167
3,60,159,2,31,0.6167
3,60,160,4,21,0.6167
3,60,161,2,31,0.6333
3,60,162,5,31,0.6000
3,60,163,2,31,0.6000
3,60,164,2,31,0.6000
3,60,165,4,21,0.6333
3,60,166,3,31,0.6000
3,60,167,3,21,0.6333
3,60,168,3,31,0.6000
3,60,169,5,31,0.6000
3,60,170,2,21,0.6167
3,60,171,3,31,0.6167
3,60,172,5,21,0.6167
3,60,173,2,21,0.6000
3,60,174,2,31,0.6333
3,60,175,5,21,0.6167
3,60,176,3,21,0.6167
3,60,177,2,31,0.6167
3,60,178,5,31,0.6167
3,60,179,4,31,0.6333
3,60,180,3,21,0.6000
3,60,181,2,31,0.6167
3,60,182,4,31,0.6000
3,60,183,2,31,0.6333
3,60,184,5,31,0.6167
3,60,185,2,21,0.6167
3,60,186,5,31,0.6167
3,60,187,2,31,0.6000
3,60,188,3,31,0.6333
3,60,189,4,31,0.6000
3,60,190,3,21,0.6333
3,60,191,3,21,0.6333
3,60,192,3,31,0.6000
3,60,193,2,31,0.6000
3,60,194,2,31,0.6167
3,60,195,3,21,0.6000
3,60,196,4,31,0.6167
3,60,197,3,31,0.6167
3,60,198,5,31,0.6000
3,60,199,2,31,0.6500
3,64,0,4,33,0.5938
3,64,1,4,67,0.6094
3,64,2,4,33,0.6094
3,64,3,5,33,0.6250
3,64,4,4,33,0.6094
3,64,5,4,33,0.5938
3,64,6,2,33,0.6250
3,64,7,3,33,0.6094
3,64,8,3,33,0.6094
3,64,9,4,33,0.5938
3,64,10,2,33,0.6250
3,64,11,3,67,0.6406
3,64,12,5,33,0.5938
3,64,13,2,33,0.6562
3,64,14,4,33,0.6094
3,64,15,3,33,0.5938
3,64,16,3,33,0.6250
3,64,17,3,33,0.6094
3,64,18,2,33,0.6250
3,64,19,3,33,0.6094
3,64,20,3,33,0.6094
3,64,21,4,33,0.5938
3,64,22,5,33,0.6250
3,64,23,3,33,0.6250
3,64,24,7,33,0.5938
3,64,25,3,67,0.6250
3,64,26,3,33,0.6250
3,64,27,3,33,0.5938
3,64,28,3,33,0.6094
3,64,29,7,33,0.6250
3,64,30,4,33,0.5938
3,64,31,3,67,0.6406
3,64,32,3,33,0.6094
3,64,33,2,33,0.6406
3,64,34,3,33,0.6094
3,64,35,3,33,0.6094
3,64,36,2,33,0.6250
3,64,37,6,33,0.6094
3,64,38,2,67,0.6250
3,64,39,2,33,0.6250
3,64,40,4,33,0.6250
3,64,41,3,33,0.6094
3,64,42,3,33,0.6094
3,64,43,2,33,0.6406
3,64,44,3,33,0.5938
3,64,45,4,33,0.6094
3,64,46,3,67,0.6250
3,64,47,3,33,0.6094
3,64,48,4,33,0.6094
3,64,49,3,33,0.6094
3,64,50,2,33,0.5938
3,64,51,5,67,0.6250
3,64,52,2,33,0.6250
3,64,53,6,33,0.5938
3,64,54,3,67,0.6562
3,64,55,4,33,0.6250
3,64,56,2,33,0.6094
3,64,57,2,67,0.6250
3,64,58,3,67,0.6250
3,64,59,2,67,0.6250
3,64,60,2,67,0.6250
3,64,61,5,33,0.5938
3,64,62,3,33,0.6094
3,64,63,2,33,0.6406
3,64,64,2,33,0.5938
3,64,65,4,33,0.5938
3,64,66,3,67,0.6250
3,64,67,3,33,0.6094
3,64,68,2,67,0.6250
3,64,69,3,33,0.6250
3,64,70,4,33,0.6250
3,64,71,3,33,0.5938
3,64,72,2,67,0.6094
3,64,73,4,67,0.6250
3,64,74,3,33,0.6250
3,64,75,4,33,0.5938
3,64,76,2,33,0.6562
3,64,77,2,67,0.6406
3,64,78,4,33,0.6094
3,64,79,4,33,0.5938
3,64,80,4,33,0.5938
3,64,81,5,33,0.6094
3,64,82,3,33,0.5938
3,64,83,3,67,0.6250
3,64,84,2,33,0.6094
3,64,85,2,67,0.6250
3,64,86,2,33,0.6094
3,64,87,2,67,0.6406
3,64,88,2,67,0.6094
3,64,89,2,33,0.6094
3,64,90,2,33,0.6094
3,64,91,3,33,0.6250
3,64,92,3,33,0.6250
3,64,93,4,33,0.5938
3,64,94,3,67,0.6406
3,64,95,3,33,0.5938
3,64,96,2,33,0.6406
3,64,97,4,33,0.6094
3,64,98,3,33,0.6250
3,64,99,2,33,0.6406
3,64,100,3,33,0.5938
3,64,101,6,33,0.6094
3,64,102,2,67,0.6094
3,64,103,3,33,0.6094
3,64,104,2,33,0.6250
3,64,105,6,33,0.6094
3,64,106,3,33,0.6094
3,64,107,2,33,0.6094
3,64,108,3,33,0.6250
3,64,109,6,33,0.6094
3,64,110,4,33,0.6250
3,64,111,4,33,0.6094
3,64,112,4,33,0.6094
3,64,113,4,33,0.6094
3,64,114,2,33,0.5938
3,64,115,5,33,0.6250
3,64,116,3,67,0.6250
3,64,117,3,67,0.6250
3,64,118,4,33,0.6250
3,64,119,6,33,0.6094
3,64,120,4,33,0.6094
3,64,121,3,67,0.6250
3,64,122,3,33,0.6094
3,64,123,4,33,0.6094
3,64,124,6,33,0.6094
3,64,125,5,67,0.6094
3,64,126,2,33,0.6094
3,64,127,3,33,0.5938
3,64,128,3,33,0.6250
3,64,129,5,33,0.6250
3,64,130,7,33,0.6094
3,64,131,5,33,0.5938
3,64,132,2,33,0.5938
3,64,133,4,67,0.6250
3,64,134,3,67,0.6250
3,64,135,4,33,0.5938
3,64,136,3,33,0.5938
3,64,137,2,33,0.6250
3,64,138,2,33,0.5938
3,64,139,4,67,0.6250
3,64,140,3,33,0.6250
3,64,141,4,33,0.5938
3,64,142,2,33,0.6406
3,64,143,2,33,0.6094
3,64,144,2,33,0.6406
3,64,145,3,33,0.5938
3,64,146,3,33,0.6250
3,64,147,4,33,0.6250
3,64,148,4,33,0.6250
3,64,149,4,33,0.6094
3,64,150,4,33,0.6094
3,64,151,2,33,0.6562
3,64,152,3,67,0.6094
3,64,153,2,33,0.6250
3,64,154,3,67,0.6250
3,64,155,2,33,0.6250
3,64,156,3,33,0.6250
3,64,157,4,33,0.6094
3,64,158,3,33,0.6250
3,64,159,4,33,0.6250
3,64,160,2,67,0.6250
3,64,161,5,33,0.5938
3,64,162,2,33,0.5938
3,64,163,4,33,0.5938
3,64,164,3,33,0.5938
3,64,165,2,67,0.6250
3,64,166,4,33,0.6094
3,64,167,5,33,0.6094
3,64,168,3,67,0.6094
3,64,169,2,67,0.6719
3,64,170,5,33,0.5938
3,64,171,4,33,0.6250
3,64,172,3,33,0.5938
3,64,173,4,33,0.5938
3,64,174,4,67,0.6406
3,64,175,3,67,0.6406
3,64,176,3,33,0.6094
3,64,177,3,33,0.6250
3,64,178,2,33,0.6406
3,64,179,6,33,0.5938
3,64,180,3,33,0.6094
3,64,181,2,33,0.6406
3,64,182,3,33,0.6094
3,64,183,3,67,0.6094
3,64,184,2,67,0.6250
3,64,185,2,67,0.6250
3,64,186,3,67,0.6094
3,64,187,6,33,0.6250
3,64,188,2,67,0.6250
3,64,189,3,67,0.6250
3,64,190,2,33,0.6250
3,64,191,6,67,0.6250
3,64,192,5,33,0.6094
3,64,193,3,33,0.6094
3,64,194,3,33,0.6094
3,64,195,4,33,0.5938
3,64,196,4,33,0.5938
3,64,197,4,33,0.5938
3,64,198,2,67,0.6406
3,64,199,3,33,0.6250
4,16,0,1,5,0.5000
4,16,1,2,5,0.5000
4,16,2,1,5,0.6250
4,16,3,2,5,0.6875
4,16,4,2,5,0.5625
4,16,5,4,5,0.5625
4,16,6,2,5,0.6250
4,16,7,3,5,0.6250
4,16,8,2,5,0.6250
4,16,9,2,5,0.6250
4,16,10,2,5,0.6875
4,16,11,2,5,0.6250
4,16,12,3,5,0.6250
4,16,13,2,5,0.5000
4,16,14,2,5,0.6875
4,16,15,1,5,0.5625
4,16,16,2,5,0.5000
4,16,17,3,5,0.5000
4,16,18,2,5,0.6250
4,16,19,2,5,0.5000
4,16,20,3,5,0.6250
4,16,21,2,5,0.6250
4,16,22,2,5,0.5000
4,16,23,3,5,0.5000
4,16,24,2,5,0.6250
4,16,25,2,5,0.5625
4,16,26,2,5,0.6250
4,16,27,2,5,0.6250
4,16,28,2,5,0.6250
4,16,29,2,5,0.5625
4,16,30,2,5,0.6875
4,16,31,2,5,0.5625
4,16,32,2,5,0.6250
4,16,33,1,5,0.6875
4,16,34,2,5,0.5625
4,16,35,3,5,0.5000
4,16,36,2,5,0.5000
4,16,37,3,5,0.5625
4,16,38,2,5,0.5625
4,16,39,2,5,0.5000
4,16,40,3,5,0.5625
4,16,41,2,5,0.6250
4,16,42,2,5,0.6250
4,16,43,2,5,0.6250
4,16,44,1,19,0.6250
4,16,45,2,5,0.5625
4,16,46,2,5,0.5625
4,16,47,3,5,0.5625
4,16,48,2,5,0.6250
4,16,49,2,5,0.6250
4,16,50,2,5,0.6875
4,16,51,3,5,0.6875
4,16,52,2,5,0.5625
4,16,53,3,5,0.5625
4,16,54,2,5,0.5625
4,16,55,2,5,0.5000
4,16,56,2,5,0.6250
4,16,57,2,5,0.6250
4,16,58,2,5,0.6875
4,16,59,2,5,0.6250
4,16,60,2,5,0.6250
4,16,61,2,5,0.6250
4,16,62,2,5,0.6250
4,16,63,2,5,0.5625
4,16,64,3,5,0.6250
4,16,65,2,5,0.6250
4,16,66,2,5,0.5625
4,16,67,2,5,0.6250
4,16,68,2,5,0.6875
4,16,69,2,5,0.6250
4,16,70,2,5,0.5000
4,16,71,3,5,0.6250
4,16,72,2,5,0.6250
4,16,73,3,5,0.6250
4,16,74,1,5,0.6250
4,16,75,2,5,0.5000
4,16,76,1,5,0.6250
4,16,77,3,5,0.6875
4,16,78,2,5,0.5000
4,16,79,2,5,0.6250
4,16,80,2,5,0.6250
4,16,81,2,5,0.5000
4,16,82,3,5,0.6250
4,16,83,2,5,0.5000
4,16,84,2,5,0.5625
4,16,85,2,5,0.6875
4,16,86,2,5,0.6250
4,16,87,2,5,0.5000
4,16,88,3,5,0.6250
4,16,89,2,5,0.5000
4,16,90,3,5,0.6250
4,16,91,3,5,0.6250
4,16,92,3,5,0.6250
4,16,93,2,5,0.6875
4,16,94,1,5,0.6875
4,16,95,2,5,0.5625
4,16,96,1,19,0.8125
4,16,97,2,5,0.5000
4,16,98,3,5,0.6250
4,16,99,2,5,0.6875
4,16,100,2,5,0.6250
4,16,101,2,5,0.5625
4,16,102,2,5,0.6875
4,16,103,3,5,0.5625
4,16,104,2,5,0.5625
4,16,105,2,5,0.6250
4,16,106,2,5,0.6250
4,16,107,2,5,0.6250
4,16,108,1,5,0.6250
4,16,109,3,5,0.6250
4,16,110,2,5,0.5625
4,16,111,3,5,0.5625
4,16,112,2,5,0.5000
4,16,113,2,5,0.5000
4,16,114,3,5,0.6875
4,16,115,2,5,0.5625
4,16,116,2,5,0.5000
4,16,117,2,5,0.5625
4,16,118,2,5,0.6875
4,16,119,2,5,0.6250
4,16,120,1,19,0.6875
4,16,121,2,5,0.6250
4,16,122,2,5,0.6250
4,16,123,2,5,0.5000
4,16,124,2,19,0.7500
4,16,125,2,5,0.5625
4,16,126,2,5,0.6250
4,16,127,3,5,0.5625
4,16,128,2,5,0.5000
4,16,129,2,5,0.5625
4,16,130,3,5,0.5625
4,16,131,2,5,0.5625
4,16,132,3,5,0.6875
4,16,133,2,5,0.6250
4,16,134,2,5,0.5625
4,16,135,2,5,0.6250
4,16,136,3,5,0.5625
4,16,137,2,5,0.6250
4,16,138,2,5,0.6875
4,16,139,2,5,0.5625
4,16,140,3,5,0.6250
4,16,141,2,5,0.5625
4,16,142,2,5,0.6875
4,16,143,3,5,0.5625
4,16,144,3,5,0.5000
4,16,145,2,5,0.5625
4,16,146,2,5,0.5000
4,16,147,2,5,0.6250
4,16,148,2,5,0.5000
4,16,149,2,5,0.6875
4,16,150,2,5,0.5625
4,16,151,1,5,0.6875
4,16,152,2,5,0.5000
4,16,153,2,5,0.6875
4,16,154,3,5,0.5625
4,16,155,2,5,0.6250
4,16,156,2,5,0.5625
4,16,157,2,5,0.6250
4,16,158,2,5,0.6250
4,16,159,2,5,0.6250
4,16,160,2,5,0.6250
4,16,161,2,5,0.5000
4,16,162,2,5,0.5000
4,16,163,2,5,0.6250
4,16,164,2,5,0.6250
4,16,165,1,5,0.6250
4,16,166,2,5,0.6875
4,16,167,2,5,0.5000
4,16,168,2,5,0.6250
4,16,169,2,5,0.6250
4,16,170,3,5,0.6250
4,16,171,2,5,0.6875
4,16,172,2,5,0.5000
4,16,173,2,5,0.5000
4,16,174,2,5,0.6250
4,16,175,2,5,0.5000
4,16,176,2,5,0.5625
4,16,177,2,5,0.6875
4,16,178,2,5,0.6875
4,16,179,2,5,0.5000
4,16,180,2,5,0.5000
4,16,181,2,5,0.5625
4,16,182,3,5,0.6875
4,16,183,3,5,0.5000
4,16,184,2,5,0.6250
4,16,185,2,5,0.6250
4,16,186,2,5,0.6250
4,16,187,1,5,0.6250
4,16,188,2,5,0.6250
4,16,189,2,5,0.6875
4,16,190,2,5,0.5625
4,16,191,2,5,0.5000
4,16,192,2,5,0.6250
4,16,193,2,5,0.6250
4,16,194,2,5,0.6250
4,16,195,2,5,0.5625
4,16,196,3,5,0.5625
4,16,197,2,5,0.5625
4,16,198,1,5,0.6875
4,16,199,2,5,0.6250
4,20,0,3,23,0.6000
4,20,1,2,23,0.6500
4,20,2,2,23,0.6500
4,20,3,2,23,0.6000
4,20,4,1,23,0.6500
4,20,5,2,23,0.5500
4,20,6,2,23,0.6500
4,20,7,2,6,0.6500
4,20,8,2,23,0.7000
4,20,9,1,3,0.7500
4,20,10,1,23,0.7000
4,20,11,1,23,0.6000
4,20,12,2,23,0.5500
4,20,13,3,23,0.5500
4,20,14,1,23,0.6000
4,20,15,2,6,0.6500
4,20,16,2,23,0.6500
4,20,17,2,23,0.5500
4,20,18,2,23,0.5500
4,20,19,3,23,0.5500
4,20,20,2,23,0.7000
4,20,21,2,23,0.6000
4,20,22,2,23,0.6000
4,20,23,2,23,0.5500
4,20,24,2,3,0.6500
4,20,25,2,6,0.7000
4,20,26,3,23,0.6000
4,20,27,2,6,0.6500
4,20,28,2,23,0.7000
4,20,29,3,23,0.5500
4,20,30,2,7,0.7000
4,20,31,2,23,0.6000
4,20,32,2,23,0.6000
4,20,33,4,23,0.6000
4,20,34,2,6,0.6500
4,20,35,3,23,0.5500
4,20,36,3,23,0.6000
4,20,37,3,23,0.6500
4,20,38,2,23,0.6500
4,20,39,3,23,0.5500
4,20,40,2,23,0.6500
4,20,41,2,23,0.6000
4,20,42,2,23,0.6000
4,20,43,3,6,0.6500
4,20,44,2,23,0.6500
4,20,45,4,23,0.5500
4,20,46,1,6,0.6500
4,20,47,2,6,0.7000
4,20,48,2,23,0.5500
4,20,49,3,23,0.6500
4,20,50,2,23,0.6500
4,20,51,2,23,0.6000
4,20,52,2,6,0.6000
4,20,53,3,23,0.6500
4,20,54,1,7,0.7000
4,20,55,2,23,0.6500
4,20,56,3,6,0.6000
4,20,57,3,23,0.5500
4,20,58,1,6,0.7500
4,20,59,2,23,0.7000
4,20,60,3,23,0.7000
4,20,61,2,23,0.6500
4,20,62,2,6,0.7000
4,20,63,2,23,0.6000
4,20,64,1,23,0.6500
4,20,65,2,23,0.6500
4,20,66,2,23,0.7000
4,20,67,3,23,0.5500
4,20,68,3,23,0.5500
4,20,69,3,23,0.7000
4,20,70,2,23,0.6000
4,20,71,3,23,0.6000
4,20,72,2,23,0.6000
4,20,73,1,6,0.7000
4,20,74,2,23,0.7000
4,20,75,2,23,0.6500
4,20,76,2,23,0.5500
4,20,77,2,6,0.7000
4,20,78,1,23,0.5500
4,20,79,2,23,0.6000
4,20,80,3,23,0.5500
4,20,81,2,6,0.7000
4,20,82,2,23,0.5500
4,20,83,3,23,0.5500
4,20,84,2,23,0.6000
4,20,85,4,23,0.6000
4,20,86,2,23,0.6000
4,20,87,2,23,0.6500
4,20,88,1,23,0.6000
4,20,89,2,6,0.7000
4,20,90,3,23,0.5500
4,20,91,4,23,0.5500
4,20,92,2,23,0.6500
4,20,93,2,23,0.5500
4,20,94,1,23,0.6500
4,20,95,2,23,0.7000
4,20,96,2,23,0.5500
4,20,97,2,7,0.7500
4,20,98,2,23,0.6000
4,20,99,2,23,0.6500
4,20,100,2,23,0.6000
4,20,101,3,23,0.6000
4,20,102,1,6,0.7000
4,20,103,2,23,0.6500
4,20,104,3,23,0.5500
4,20,105,3,23,0.6500
4,20,106,2,23,0.5500
4,20,107,3,23,0.6000
4,20,108,2,23,0.5500
4,20,109,3,23,0.5500
4,20,110,2,23,0.5500
4,20,111,2,6,0.6500
4,20,112,1,23,0.6500
4,20,113,4,23,0.6000
4,20,114,1,6,0.7000
4,20,115,3,23,0.6000
4,20,116,2,23,0.6500
4,20,117,2,23,0.6000
4,20,118,2,6,0.6500
4,20,119,2,6,0.6500
4,20,120,2,6,0.6500
4,20,121,3,23,0.6000
4,20,122,3,23,0.6000
4,20,123,2,23,0.5500
4,20,124,2,23,0.6500
4,20,125,2,6,0.6000
4,20,126,2,23,0.6000
4,20,127,2,23,0.6500
4,20,128,2,23,0.6500
4,20,129,2,23,0.5500
4,20,130,2,23,0.6500
4,20,131,4,23,0.5500
4,20,132,3,23,0.7000
4,20,133,3,23,0.5500
4,20,134,4,23,0.6500
4,20,135,2,23,0.5500
4,20,136,3,23,0.6000
4,20,137,2,23,0.7000
4,20,138,3,23,0.6000
4,20,139,2,23,0.6000
4,20,140,2,23,0.6500
4,20,141,3,23,0.6500
4,20,142,3,23,0.5500
4,20,143,2,23,0.6000
4,20,144,2,23,0.6000
4,20,145,3,23,0.6500
4,20,146,3,23,0.5500
4,20,147,2,23,0.6000
4,20,148,3,23,0.7000
4,20,149,3,23,0.5500
4,20,150,3,23,0.5500
4,20,151,2,23,0.6000
4,20,152,2,23,0.6000
4,20,153,2,23,0.5500
4,20,154,2,23,0.5500
4,20,155,3,23,0.6000
4,20,156,2,23,0.5500
4,20,157,3,23,0.5500
4,20,158,2,23,0.5500
4,20,159,2,23,0.6500
4,20,160,3,23,0.5500
4,20,161,3,23,0.6000
4,20,162,2,23,0.6000
4,20,163,1,23,0.7000
4,20,164,1,6,0.7000
4,20,165,2,23,0.5500
4,20,166,2,23,0.7000
4,20,167,2,23,0.5500
4,20,168,3,23,0.6000
4,20,169,1,6,0.7000
4,20,170,1,6,0.7000
4,20,171,2,23,0.5500
4,20,172,2,23,0.6500
4,20,173,2,23,0.6000
4,20,174,3,23,0.6500
4,20,175,2,7,0.7000
4,20,176,2,23,0.5500
4,20,177,2,23,0.5500
4,20,178,2,23,0.6000
4,20,179,2,23,0.6500
4,20,180,3,23,0.5500
4,20,181,2,6,0.6500
4,20,182,1,23,0.5500
4,20,183,2,23,0.6000
4,20,184,3,23,0.5500
4,20,185,2,23,0.6500
4,20,186,2,3,0.6500
4,20,187,2,23,0.6000
4,20,188,3,23,0.6500
4,20,189,1,6,0.7000
4,20,190,2,23,0.6000
4,20,191,2,23,0.6500
4,20,192,3,23,0.6500
4,20,193,3,23,0.5500
4,20,194,2,23,0.5500
4,20,195,2,6,0.7000
4,20,196,2,23,0.5500
4,20,197,2,23,0.5500
4,20,198,2,23,0.5500
4,20,199,4,23,0.5500
4,24,0,3,7,0.6250
4,24,1,2,7,0.5417
4,24,2,3,9,0.6250
4,24,3,3,7,0.6250
4,24,4,2,7,0.5000
4,24,5,3,7,0.5417
4,24,6,2,7,0.5417
4,24,7,5,7,0.6250
4,24,8,2,7,0.5417
4,24,9,2,7,0.6250
4,24,10,2,7,0.5417
4,24,11,4,7,0.5833
4,24,12,2,7,0.5833
4,24,13,4,7,0.5833
4,24,14,3,7,0.5833
4,24,15,2,7,0.6250
4,24,16,3,7,0.6250
4,24,17,2,7,0.5833
4,24,18,2,7,0.5000
4,24,19,4,7,0.6250
4,24,20,3,7,0.6250
4,24,21,2,7,0.5417
4,24,22,3,7,0.6250
4,24,23,4,7,0.5000
4,24,24,2,7,0.6250
4,24,25,2,7,0.5833
4,24,26,2,7,0.5833
4,24,27,2,7,0.5833
4,24,28,3,7,0.5417
4,24,29,3,7,0.5833
4,24,30,2,7,0.6250
4,24,31,2,7,0.5000
4,24,32,3,7,0.6250
4,24,33,3,7,0.5833
4,24,34,2,7,0.5833
4,24,35,2,7,0.5833
4,24,36,2,7,0.6250
4,24,37,2,7,0.5000
4,24,38,2,7,0.6250
4,24,39,2,7,0.5417
4,24,40,4,7,0.6250
4,24,41,3,7,0.5833
4,24,42,2,7,0.5417
4,24,43,2,7,0.5417
4,24,44,3,7,0.5417
4,24,45,2,7,0.5417
4,24,46,2,7,0.5417
4,24,47,3,7,0.5833
4,24,48,4,7,0.5833
4,24,49,2,7,0.5000
4,24,50,3,7,0.5833
4,24,51,2,7,0.5000
4,24,52,3,7,0.5833
4,24,53,4,7,0.5833
4,24,54,2,7,0.5833
4,24,55,2,7,0.5000
4,24,56,3,7,0.5417
4,24,57,1,9,0.7500
4,24,58,3,7,0.5417
4,24,59,4,7,0.5833
4,24,60,2,7,0.6250
4,24,61,4,7,0.6250
4,24,62,2,9,0.6250
4,24,63,4,7,0.5833
4,24,64,2,7,0.5833
4,24,65,3,7,0.5833
4,24,66,2,7,0.5417
4,24,67,3,7,0.6250
4,24,68,2,7,0.5000
4,24,69,2,7,0.5000
4,24,70,2,7,0.5417
4,24,71,5,7,0.5833
4,24,72,3,7,0.6250
4,24,73,2,7,0.5417
4,24,74,3,7,0.5417
4,24,75,3,7,0.5000
4,24,76,3,7,0.6250
4,24,77,2,7,0.6250
4,24,78,2,7,0.5417
4,24,79,3,7,0.6250
4,24,80,3,7,0.5833
4,24,81,4,7,0.5000
4,24,82,2,7,0.5417
4,24,83,3,7,0.6250
4,24,84,4,7,0.6250
4,24,85,2,7,0.6250
4,24,86,4,7,0.5417
4,24,87,2,7,0.5000
4,24,88,3,7,0.6250
4,24,89,3,7,0.6250
4,24,90,3,7,0.6250
4,24,91,3,7,0.6250
4,24,92,4,7,0.5417
4,24,93,2,7,0.5000
4,24,94,2,7,0.5000
4,24,95,5,7,0.6250
4,24,96,2,7,0.5833
4,24,97,2,7,0.5833
4,24,98,2,7,0.5833
4,24,99,2,7,0.5000
4,24,100,4,7,0.6250
4,24,101,2,7,0.6250
4,24,102,2,7,0.5000
4,24,103,2,7,0.5833
4,24,104,2,7,0.6250
4,24,105,4,7,0.6250
4,24,106,2,7,0.6250
4,24,107,3,7,0.5833
4,24,108,4,7,0.5417
4,24,109,2,7,0.5000
4,24,110,4,7,0.5417
4,24,111,2,7,0.5000
4,24,112,2,7,0.5833
4,24,113,3,7,0.5833
4,24,114,2,7,0.5417
4,24,115,2,7,0.5833
4,24,116,3,7,0.5417
4,24,117,4,7,0.6250
4,24,118,5,7,0.5833
4,24,119,3,7,0.5417
4,24,120,2,7,0.5417
4,24,121,3,7,0.5833
4,24,122,3,7,0.5833
4,24,123,4,7,0.5417
4,24,124,3,7,0.5833
4,24,125,2,7,0.5417
4,24,126,2,7,0.5417
4,24,127,3,7,0.5833
4,24,128,3,7,0.6250
4,24,129,2,7,0.6250
4,24,130,2,7,0.5000
4,24,131,4,7,0.5833
4,24,132,2,7,0.5000
4,24,133,5,7,0.6250
4,24,134,4,7,0.5833
4,24,135,2,7,0.5833
4,24,136,2,7,0.5417
4,24,137,3,7,0.6250
4,24,138,2,7,0.5417
4,24,139,4,7,0.5000
4,24,140,2,7,0.6250
4,24,141,5,7,0.5833
4,24,142,3,7,0.6250
4,24,143,2,7,0.5833
4,24,144,2,7,0.5417
4,24,145,2,7,0.5417
4,24,146,2,7,0.5417
4,24,147,3,7,0.6250
4,24,148,2,7,0.5417
4,24,149,3,7,0.5417
4,24,150,4,7,0.5000
4,24,151,3,7,0.6250
4,24,152,2,7,0.6250
4,24,153,4,7,0.6250
4,24,154,2,7,0.5417
4,24,155,2,7,0.5417
4,24,156,3,7,0.6250
4,24,157,3,9,0.7083
4,24,158,3,7,0.5833
4,24,159,2,7,0.5417
4,24,160,3,7,0.6250
4,24,161,2,7,0.6250
4,24,162,2,7,0.5417
4,24,163,2,7,0.5417
4,24,164,3,7,0.6250
4,24,165,2,7,0.5417
4,24,166,3,7,0.5000
4,24,167,3,7,0.5833
4,24,168,3,7,0.6250
4,24,169,2,7,0.5417
4,24,170,3,7,0.5833
4,24,171,3,7,0.6250
4,24,172,4,7,0.5417
4,24,173,2,7,0.5417
4,24,174,2,7,0.6250
4,24,175,2,7,0.5417
4,24,176,5,7,0.5833
4,24,177,4,7,0.5833
4,24,178,2,7,0.6250
4,24,179,4,7,0.6250
4,24,180,3,7,0.5833
4,24,181,3,7,0.6250
4,24,182,3,7,0.6250
4,24,183,2,7,0.5000
4,24,184,3,7,0.6250
4,24,185,2,7,0.5833
4,24,186,1,7,0.5417
4,24,187,2,7,0.5833
4,24,188,3,7,0.5833
4,24,189,2,7,0.6250
4,24,190,4,7,0.5833
4,24,191,2,7,0.5000
4,24,192,2,7,0.5417
4,24,193,2,7,0.5000
4,24,194,2,7,0.5833
4,24,195,3,7,0.5000
4,24,196,2,7,0.5417
4,24,197,3,7,0.6250
4,24,198,2,7,0.5833
4,24,199,4,7,0.5417
4,28,0,2,8,0.6429
4,28,1,2,8,0.6786
4,28,2,3,8,0.6071
4,28,3,2,8,0.6429
4,28,4,2,31,0.5714
4,28,5,2,31,0.5714
4,28,6,2,8,0.5714
4,28,7,2,8,0.6786
4,28,8,2,31,0.5714
4,28,9,2,31,0.6071
4,28,10,2,8,0.5714
4,28,11,2,8,0.6429
4,28,12,3,31,0.6429
4,28,13,2,8,0.6429
4,28,14,3,8,0.6786
4,28,15,2,8,0.6071
4,28,16,2,31,0.5714
4,28,17,2,8,0.6786
4,28,18,2,8,0.6429
4,28,19,3,8,0.5714
4,28,20,2,31,0.6429
4,28,21,2,31,0.6071
4,28,22,3,8,0.6071
4,28,23,2,31,0.5714
4,28,24,2,8,0.5714
4,28,25,2,8,0.6786
4,28,26,3,31,0.6429
4,28,27,2,8,0.6429
4,28,28,2,31,0.6071
4,28,29,3,31,0.5714
4,28,30,3,8,0.6429
4,28,31,3,31,0.5714
4,28,32,3,31,0.6429
4,28,33,2,31,0.5714
4,28,34,3,8,0.6786
4,28,35,2,31,0.5714
4,28,36,2,31,0.6429
4,28,37,2,8,0.6071
4,28,38,3,31,0.5714
4,28,39,2,31,0.6071
4,28,40,2,8,0.6429
4,28,41,2,31,0.5714
4,28,42,2,31,0.5714
4,28,43,2,8,0.6071
4,28,44,4,8,0.6429
4,28,45,2,8,0.6071
4,28,46,2,31,0.5714
4,28,47,2,31,0.5714
4,28,48,3,8,0.6071
4,28,49,2,31,0.6429
4,28,50,3,8,0.6071
4,28,51,2,31,0.6429
4,28,52,2,31,0.6429
4,28,53,2,31,0.6429
4,28,54,2,31,0.6071
4,28,55,2,31,0.6429
4,28,56,2,31,0.6786
4,28,57,3,31,0.5714
4,28,58,2,31,0.6071
4,28,59,2,8,0.5714
4,28,60,2,31,0.6071
4,28,61,3,31,0.6786
4,28,62,3,8,0.5714
4,28,63,3,8,0.6071
4,28,64,2,31,0.6429
4,28,65,3,31,0.5714
4,28,66,3,8,0.5714
4,28,67,3,31,0.5714
4,28,68,2,31,0.6429
4,28,69,2,31,0.6429
4,28,70,2,31,0.5714
4,28,71,2,31,0.6071
4,28,72,3,31,0.5714
4,28,73,2,8,0.5714
4,28,74,3,8,0.6071
4,28,75,2,8,0.6786
4,28,76,2,8,0.6429
4,28,77,2,31,0.5714
4,28,78,1,8,0.6429
4,28,79,2,31,0.5714
4,28,80,3,8,0.6429
4,28,81,2,31,0.5714
4,28,82,2,31,0.5714
4,28,83,2,31,0.5714
4,28,84,2,8,0.6786
4,28,85,2,8,0.6071
4,28,86,2,31,0.5714
4,28,87,2,8,0.6429
4,28,88,2,31,0.6429
4,28,89,2,31,0.6071
4,28,90,2,8,0.6071
4,28,91,2,8,0.5714
4,28,92,2,8,0.5714
4,28,93,2,8,0.6429
4,28,94,2,8,0.6071
4,28,95,2,8,0.5714
4,28,96,2,31,0.6429
4,28,97,2,31,0.6786
4,28,98,2,8,0.6071
4,28,99,2,31,0.6071
4,28,100,2,8,0.6071
4,28,101,2,31,0.5714
4,28,102,2,8,0.6071
4,28,103,2,31,0.6071
4,28,104,2,29,0.7143
4,28,105,1,8,0.6429
4,28,106,3,31,0.6429
4,28,107,3,8,0.6786
4,28,108,2,31,0.6429
4,28,109,2,31,0.5714
4,28,110,2,8,0.6429
4,28,111,2,8,0.6071
4,28,112,2,8,0.6429
4,28,113,3,31,0.6429
4,28,114,2,31,0.5714
4,28,115,3,31,0.5714
4,28,116,3,31,0.6429
4,28,117,3,31,0.6071
4,28,118,2,8,0.6071
4,28,119,2,31,0.5714
4,28,120,2,31,0.6429
4,28,121,2,31,0.6071
4,28,122,2,31,0.6071
4,28,123,2,31,0.6071
4,28,124,2,8,0.6429
4,28,125,2,31,0.5714
4,28,126,3,31,0.6071
4,28,127,2,31,0.5714
4,28,128,3,31,0.5714
4,28,129,2,8,0.6429
4,28,130,2,31,0.6071
4,28,131,4,31,0.6429
4,28,132,2,31,0.6071
4,28,133,3,31,0.5714
4,28,134,3,31,0.6429
4,28,135,1,31,0.6429
4,28,136,2,8,0.6429
4,28,137,2,31,0.6071
4,28,138,2,31,0.5714
4,28,139,2,31,0.5714
4,28,140,2,8,0.6429
4,28,141,2,31,0.5714
4,28,142,2,31,0.6786
4,28,143,3,31,0.6071
4,28,144,4,31,0.6429
4,28,145,3,8,0.6071
4,28,146,2,8,0.6071
4,28,147,2,8,0.6071
4,28,148,2,8,0.6429
4,28,149,2,8,0.5714
4,28,150,2,8,0.6429
4,28,151,2,8,0.5714
4,28,152,2,31,0.6429
4,28,153,2,8,0.6429
4,28,154,2,31,0.5714
4,28,155,2,31,0.5714
4,28,156,2,8,0.6071
4,28,157,2,8,0.6071
4,28,158,3,8,0.5714
4,28,159,2,8,0.6071
4,28,160,2,31,0.6786
4,28,161,2,31,0.5714
4,28,162,3,31,0.5714
4,28,163,3,31,0.6071
4,28,164,2,31,0.5714
4,28,165,2,31,0.6071
4,28,166,2,31,0.6429
4,28,167,3,31,0.6071
4,28,168,4,8,0.5714
4,28,169,2,31,0.5714
4,28,170,3,8,0.6786
4,28,171,2,31,0.6071
4,28,172,3,31,0.5714
4,28,173,2,8,0.6071
4,28,174,2,31,0.5714
4,28,175,3,8,0.6071
4,28,176,2,31,0.5714
4,28,177,2,8,0.6071
4,28,178,2,31,0.5714
4,28,179,3,8,0.6071
4,28,180,2,31,0.5714
4,28,181,2,31,0.5714
4,28,182,2,8,0.6071
4,28,183,3,31,0.5714
4,28,184,3,31,0.6429
4,28,185,3,8,0.6429
4,28,186,2,8,0.6786
4,28,187,3,31,0.5714
4,28,188,2,31,0.6786
4,28,189,3,31,0.5714
4,28,190,2,8,0.6429
4,28,191,3,8,0.5714
4,28,192,2,31,0.6429
4,28,193,3,31,0.5714
4,28,194,3,31,0.5714
4,28,195,2,31,0.6429
4,28,196,3,31,0.5714
4,28,197,2,8,0.6429
4,28,198,2,8,0.6429
4,28,199,2,8,0.6429
4,32,0,3,7,0.6250
4,32,1,2,7,0.5625
4,32,2,3,7,0.5312
4,32,3,3,7,0.5625
4,32,4,3,7,0.6250
4,32,5,3,7,0.5938
4,32,6,5,7,0.5625
4,32,7,2,7,0.5312
4,32,8,2,7,0.5312
4,32,9,2,7,0.5312
4,32,10,3,7,0.5938
4,32,11,2,7,0.5312
4,32,12,3,7,0.6250
4,32,13,3,7,0.5625
4,32,14,3,7,0.5625
4,32,15,2,7,0.5312
4,32,16,3,7,0.5625
4,32,17,4,7,0.5312
4,32,18,3,7,0.5625
4,32,19,4,7,0.5312
4,32,20,3,7,0.5312
4,32,21,2,7,0.5312
4,32,22,3,7,0.5938
4,32,23,3,7,0.5625
4,32,24,3,7,0.6250
4,32,25,3,7,0.5938
4,32,26,3,7,0.5312
4,32,27,4,7,0.5938
4,32,28,4,7,0.5312
4,32,29,2,7,0.5938
4,32,30,3,7,0.6250
4,32,31,4,7,0.5625
4,32,32,4,7,0.5625
4,32,33,2,7,0.5625
4,32,34,3,7,0.5938
4,32,35,3,7,0.5625
4,32,36,4,7,0.5625
4,32,37,2,7,0.5625
4,32,38,3,7,0.5938
4,32,39,2,7,0.5312
4,32,40,5,7,0.5938
4,32,41,4,7,0.5312
4,32,42,2,7,0.5312
4,32,43,3,7,0.5938
4,32,44,2,7,0.5625
4,32,45,4,7,0.5938
4,32,46,3,7,0.5625
4,32,47,5,7,0.5938
4,32,48,2,7,0.5312
4,32,49,3,7,0.6250
4,32,50,3,7,0.6250
4,32,51,6,7,0.5625
4,32,52,3,7,0.5625
4,32,53,2,7,0.5625
4,32,54,3,7,0.5938
4,32,55,2,7,0.5312
4,32,56,4,7,0.5938
4,32,57,4,7,0.5625
4,32,58,3,7,0.5625
4,32,59,3,7,0.5312
4,32,60,3,35,0.6250
4,32,61,2,7,0.5312
4,32,62,3,7,0.6250
4,32,63,3,7,0.5938
4,32,64,4,7,0.6250
4,32,65,2,7,0.5938
4,32,66,3,7,0.5625
4,32,67,2,7,0.5625
4,32,68,2,7,0.5938
4,32,69,2,7,0.5625
4,32,70,2,7,0.5625
4,32,71,4,7,0.5625
4,32,72,4,7,0.5625
4,32,73,2,7,0.5312
4,32,74,2,9,0.6562
4,32,75,3,7,0.5938
4,32,76,3,7,0.6250
4,32,77,3,7,0.5312
4,32,78,2,7,0.5312
4,32,79,2,9,0.6250
4,32,80,2,7,0.5312
4,32,81,2,7,0.5625
4,32,82,3,7,0.5625
4,32,83,3,7,0.5938
4,32,84,3,7,0.5625
4,32,85,3,7,0.6250
4,32,86,3,7,0.6250
4,32,87,4,7,0.5312
4,32,88,3,7,0.5312
4,32,89,2,7,0.5312
4,32,90,3,7,0.6250
4,32,91,3,7,0.6250
4,32,92,3,7,0.5625
4,32,93,4,7,0.5625
4,32,94,2,7,0.5312
4,32,95,3,7,0.5938
4,32,96,5,7,0.6250
4,32,97,4,7,0.5625
4,32,98,3,7,0.5625
4,32,99,3,7,0.5625
4,32,100,2,9,0.6562
4,32,101,4,7,0.5938
4,32,102,3,7,0.5938
4,32,103,4,7,0.5938
4,32,104,2,7,0.5312
4,32,105,2,7,0.5625
4,32,106,2,7,0.5312
4,32,107,3,7,0.5938
4,32,108,2,7,0.5312
4,32,109,4,7,0.6250
4,32,110,2,35,0.6250
4,32,111,5,7,0.5312
4,32,112,3,7,0.5938
4,32,113,3,7,0.5938
4,32,114,2,7,0.5938
4,32,115,3,7,0.6250
4,32,116,3,7,0.5625
4,32,117,2,7,0.5625
4,32,118,3,7,0.6250
4,32,119,3,7,0.5625
4,32,120,3,7,0.6250
4,32,121,3,7,0.5625
4,32,122,2,7,0.5625
4,32,123,2,7,0.5312
4,32,124,2,7,0.5938
4,32,125,5,7,0.5625
4,32,126,5,7,0.5625
4,32,127,3,7,0.5625
4,32,128,2,9,0.6562
4,32,129,4,7,0.5312
4,32,130,5,7,0.5625
4,32,131,2,7,0.5312
4,32,132,2,7,0.5312
4,32,133,3,7,0.6250
4,32,134,2,7,0.5312
4,32,135,6,7,0.6250
4,32,136,3,7,0.5938
4,32,137,4,7,0.6250
4,32,138,2,7,0.5312
4,32,139,3,7,0.5938
4,32,140,2,7,0.5312
4,32,141,2,7,0.6250
4,32,142,4,7,0.6250
4,32,143,2,7,0.5625
4,32,144,3,7,0.5625
4,32,145,2,7,0.5625
4,32,146,2,7,0.5625
4,32,147,5,7,0.5312
4,32,148,2,7,0.5625
4,32,149,4,7,0.5625
4,32,150,3,7,0.6250
4,32,151,2,7,0.5312
4,32,152,2,7,0.5312
4,32,153,2,7,0.6250
4,32,154,3,7,0.5938
4,32,155,2,7,0.5625
4,32,156,2,7,0.5312
4,32,157,2,7,0.5312
4,32,158,2,7,0.5312
4,32,159,2,7,0.5938
4,32,160,2,7,0.5312
4,32,161,2,7,0.5938
4,32,162,4,7,0.5312
4,32,163,2,7,0.5625
4,32,164,2,7,0.5625
4,32,165,2,7,0.5938
4,32,166,6,7,0.5938
4,32,167,2,7,0.5312
4,32,168,2,7,0.5938
4,32,169,3,7,0.5938
4,32,170,3,7,0.6250
4,32,171,4,7,0.5938
4,32,172,3,7,0.5312
4,32,173,2,7,0.5312
4,32,174,3,7,0.6250
4,32,175,3,7,0.5312
4,32,176,3,7,0.5625
4,32,177,5,7,0.5312
4,32,178,2,9,0.6562
4,32,179,4,7,0.5312
4,32,180,2,7,0.5312
4,32,181,3,7,0.5938
4,32,182,5,7,0.5625
4,32,183,4,7,0.6250
4,32,184,4,7,0.5312
4,32,185,2,7,0.5312
4,32,186,2,7,0.5625
4,32,187,3,7,0.6250
4,32,188,2,7,0.5625
4,32,189,2,7,0.5312
4,32,190,3,7,0.5625
4,32,191,2,9,0.6875
4,32,192,4,7,0.5312
4,32,193,2,7,0.5625
4,32,194,3,7,0.5938
4,32,195,2,7,0.5625
4,32,196,3,7,0.5625
4,32,197,2,7,0.5625
4,32,198,2,7,0.5312
4,32,199,3,7,0.6250
4,36,0,2,10,0.5556
4,36,1,3,13,0.6389
4,36,2,3,10,0.6389
4,36,3,2,13,0.6111
4,36,4,2,10,0.5556
4,36,5,4,13,0.5833
4,36,6,2,13,0.6389
4,36,7,3,10,0.5833
4,36,8,2,10,0.6111
4,36,9,2,10,0.5833
4,36,10,3,10,0.5833
4,36,11,2,10,0.6111
4,36,12,2,13,0.5833
4,36,13,4,10,0.6111
4,36,14,2,10,0.5556
4,36,15,4,10,0.6111
4,36,16,2,10,0.5833
4,36,17,3,10,0.5833
4,36,18,2,13,0.6389
4,36,19,3,13,0.6111
4,36,20,2,10,0.6389
4,36,21,2,10,0.5833
4,36,22,2,10,0.6389
4,36,23,2,10,0.5556
4,36,24,2,13,0.5833
4,36,25,2,13,0.6667
4,36,26,2,10,0.6389
4,36,27,2,10,0.6111
4,36,28,3,10,0.6389
4,36,29,3,13,0.5833
4,36,30,3,5,0.6111
4,36,31,3,13,0.5833
4,36,32,2,10,0.5833
4,36,33,2,10,0.6111
4,36,34,3,10,0.5833
4,36,35,2,5,0.5833
4,36,36,3,10,0.6389
4,36,37,2,10,0.6111
4,36,38,2,10,0.6111
4,36,39,2,13,0.5833
4,36,40,3,13,0.6667
4,36,41,2,5,0.5556
4,36,42,2,10,0.5556
4,36,43,3,10,0.5833
4,36,44,3,13,0.6389
4,36,45,2,13,0.5833
4,36,46,5,10,0.5556
4,36,47,2,13,0.5833
4,36,48,2,13,0.6111
4,36,49,2,10,0.5833
4,36,50,2,10,0.5556
4,36,51,2,10,0.6111
4,36,52,2,5,0.5556
4,36,53,2,10,0.5833
4,36,54,2,13,0.5833
4,36,55,2,10,0.6111
4,36,56,3,13,0.6389
4,36,57,3,13,0.5833
4,36,58,2,13,0.5833
4,36,59,3,10,0.6389
4,36,60,3,13,0.5833
4,36,61,2,13,0.6111
4,36,62,2,13,0.5833
4,36,63,2,10,0.5833
4,36,64,3,10,0.5556
4,36,65,5,10,0.5833
4,36,66,3,13,0.6111
4,36,67,3,13,0.5833
4,36,68,4,13,0.5833
4,36,69,2,13,0.6667
4,36,70,2,13,0.6111
4,36,71,2,10,0.5833
4,36,72,3,10,0.6111
4,36,73,2,10,0.6111
4,36,74,3,13,0.5833
4,36,75,2,10,0.5556
4,36,76,2,10,0.5833
4,36,77,2,13,0.6667
4,36,78,3,10,0.5833
4,36,79,3,13,0.5833
4,36,80,4,10,0.6389
4,36,81,2,13,0.5833
4,36,82,3,10,0.5556
4,36,83,3,10,0.5833
4,36,84,3,10,0.5833
4,36,85,3,10,0.6111
4,36,86,3,10,0.5833
4,36,87,3,13,0.6389
4,36,88,3,10,0.5833
4,36,89,2,10,0.6389
4,36,90,3,13,0.5833
4,36,91,2,13,0.5833
4,36,92,3,10,0.6389
4,36,93,2,10,0.5833
4,36,94,2,10,0.5833
4,36,95,3,10,0.6111
4,36,96,3,10,0.6111
4,36,97,3,10,0.6389
4,36,98,3,10,0.6111
4,36,99,2,10,0.5556
4,36,100,2,10,0.5833
4,36,101,2,10,0.5833
4,36,102,2,10,0.6389
4,36,103,2,13,0.5833
4,36,104,2,10,0.6111
4,36,105,2,13,0.5833
4,36,106,2,10,0.6111
4,36,107,2,5,0.5833
4,36,108,2,10,0.5833
4,36,109,2,5,0.6389
4,36,110,2,13,0.5833
4,36,111,3,13,0.6111
4,36,112,2,10,0.5556
4,36,113,4,10,0.5833
4,36,114,3,13,0.6389
4,36,115,3,13,0.5833
4,36,116,2,10,0.6111
4,36,117,2,10,0.6111
4,36,118,2,5,0.5833
4,36,119,3,10,0.6111
4,36,120,3,10,0.5833
4,36,121,2,10,0.5833
4,36,122,3,13,0.5833
4,36,123,3,10,0.6389
4,36,124,2,13,0.5833
4,36,125,4,10,0.6111
4,36,126,3,5,0.6389
4,36,127,3,13,0.6111
4,36,128,2,5,0.5556
4,36,129,3,10,0.5833
4,36,130,2,10,0.6111
4,36,131,3,10,0.6111
4,36,132,3,13,0.6111
4,36,133,3,10,0.6111
4,36,134,2,10,0.5833
4,36,135,3,10,0.5556
4,36,136,2,10,0.5833
4,36,137,2,10,0.5833
4,36,138,2,13,0.6389
4,36,139,3,10,0.5833
4,36,140,3,13,0.6111
4,36,141,1,13,0.6667
4,36,142,3,10,0.6111
4,36,143,3,13,0.5833
4,36,144,3,13,0.6389
4,36,145,2,10,0.5833
4,36,146,3,10,0.6389
4,36,147,2,10,0.5833
4,36,148,2,10,0.5833
4,36,149,3,10,0.5833
4,36,150,3,13,0.6111
4,36,151,2,10,0.5833
4,36,152,2,13,0.5833
4,36,153,3,10,0.5833
4,36,154,3,13,0.6667
4,36,155,2,5,0.5833
4,36,156,2,13,0.6667
4,36,157,2,10,0.6111
4,36,158,4,10,0.6111
4,36,159,3,13,0.5833
4,36,160,2,10,0.5556
4,36,161,2,13,0.6111
4,36,162,3,13,0.5833
4,36,163,2,10,0.5833
4,36,164,3,13,0.5833
4,36,165,3,10,0.5833
4,36,166,3,13,0.6111
4,36,167,3,10,0.6389
4,36,168,3,10,0.6111
4,36,169,3,10,0.5833
4,36,170,3,10,0.5556
4,36,171,2,10,0.6389
4,36,172,3,10,0.5833
4,36,173,3,10,0.6111
4,36,174,2,10,0.5556
4,36,175,2,10,0.5833
4,36,176,4,10,0.6389
4,36,177,3,10,0.6389
4,36,178,3,10,0.6389
4,36,179,3,5,0.6111
4,36,180,3,10,0.5556
4,36,181,2,10,0.6111
4,36,182,2,10,0.6111
4,36,183,2,5,0.6111
4,36,184,2,10,0.6111
4,36,185,2,13,0.5833
4,36,186,2,10,0.6111
4,36,187,2,10,0.5833
4,36,188,3,10,0.6111
4,36,189,2,10,0.5833
4,36,190,2,10,0.6111
4,36,191,3,10,0.5833
4,36,192,3,10,0.6111
4,36,193,3,5,0.5833
4,36,194,2,10,0.5556
4,36,195,2,10,0.5556
4,36,196,3,13,0.6389
4,36,197,2,10,0.5833
4,36,198,2,10,0.6111
4,36,199,2,10,0.5556
4,40,0,2,43,0.6250
4,40,1,3,43,0.6250
4,40,2,2,43,0.5500
4,40,3,3,43,0.5750
4,40,4,2,43,0.5500
4,40,5,4,43,0.5750
4,40,6,3,43,0.6000
4,40,7,3,11,0.6250
4,40,8,2,11,0.6500
4,40,9,3,43,0.6000
4,40,10,3,43,0.6250
4,40,11,3,43,0.6000
4,40,12,2,11,0.6500
4,40,13,5,43,0.6250
4,40,14,5,43,0.5500
4,40,15,3,43,0.5750
4,40,16,3,43,0.5500
4,40,17,3,43,0.5500
4,40,18,3,43,0.6250
4,40,19,4,43,0.6000
4,40,20,4,43,0.5500
4,40,21,5,43,0.5750
4,40,22,3,43,0.6250
4,40,23,3,43,0.6250
4,40,24,2,11,0.6500
4,40,25,3,11,0.6500
4,40,26,3,43,0.6250
4,40,27,2,43,0.5500
4,40,28,3,43,0.5750
4,40,29,4,43,0.5500
4,40,30,4,43,0.5500
4,40,31,4,43,0.6000
4,40,32,2,43,0.5500
4,40,33,2,43,0.5750
4,40,34,2,43,0.5500
4,40,35,2,43,0.6000
4,40,36,2,11,0.6500
4,40,37,4,43,0.5500
4,40,38,3,43,0.5500
4,40,39,2,43,0.5750
4,40,40,2,43,0.5500
4,40,41,2,43,0.5500
4,40,42,2,43,0.5500
4,40,43,3,43,0.5500
4,40,44,3,43,0.5500
4,40,45,2,11,0.6250
4,40,46,3,43,0.6250
4,40,47,2,43,0.5500
4,40,48,2,43,0.5750
4,40,49,3,43,0.5750
4,40,50,4,43,0.5500
4,40,51,2,11,0.6250
4,40,52,3,43,0.6000
4,40,53,2,43,0.5500
4,40,54,5,43,0.5500
4,40,55,3,43,0.6250
4,40,56,3,43,0.5750
4,40,57,3,43,0.5500
4,40,58,3,43,0.5500
4,40,59,2,43,0.5750
4,40,60,2,43,0.6000
4,40,61,3,43,0.5750
4,40,62,5,43,0.5500
4,40,63,2,11,0.6000
4,40,64,2,43,0.6000
4,40,65,2,43,0.5500
4,40,66,3,43,0.6000
4,40,67,3,11,0.6500
4,40,68,3,43,0.6250
4,40,69,3,43,0.5750
4,40,70,3,43,0.5750
4,40,71,3,43,0.5750
4,40,72,3,43,0.5750
4,40,73,2,43,0.6250
4,40,74,4,43,0.5500
4,40,75,3,43,0.5750
4,40,76,3,43,0.6000
4,40,77,5,43,0.5750
4,40,78,2,43,0.5750
4,40,79,3,43,0.6250
4,40,80,3,43,0.5750
4,40,81,3,43,0.6250
4,40,82,2,43,0.5500
4,40,83,2,43,0.5500
4,40,84,3,43,0.5750
4,40,85,2,43,0.5500
4,40,86,2,43,0.5750
4,40,87,2,43,0.5500
4,40,88,4,43,0.5750
4,40,89,3,43,0.6000
4,40,90,3,43,0.5750
4,40,91,4,43,0.5500
4,40,92,4,43,0.5500
4,40,93,3,43,0.5750
4,40,94,3,43,0.5750
4,40,95,3,43,0.5750
4,40,96,2,43,0.5500
4,40,97,2,43,0.5500
4,40,98,3,43,0.5500
4,40,99,4,43,0.5500
4,40,100,2,43,0.6000
4,40,101,3,43,0.6000
4,40,102,3,43,0.6250
4,40,103,2,43,0.5500
4,40,104,3,11,0.6500
4,40,105,3,43,0.6250
4,40,106,3,43,0.6250
4,40,107,3,43,0.5500
4,40,108,2,43,0.5750
4,40,109,4,43,0.5750
4,40,110,3,43,0.5750
4,40,111,2,43,0.5500
4,40,112,3,43,0.6250
4,40,113,3,43,0.6250
4,40,114,3,43,0.5750
4,40,115,2,43,0.5500
4,40,116,2,11,0.6250
4,40,117,2,43,0.5500
4,40,118,3,43,0.6250
4,40,119,4,43,0.6000
4,40,120,2,11,0.6000
4,40,121,2,11,0.6250
4,40,122,3,43,0.6250
4,40,123,2,43,0.5750
4,40,124,3,11,0.6250
4,40,125,2,43,0.6750
4,40,126,4,43,0.5750
4,40,127,2,43,0.5500
4,40,128,3,11,0.6000
4,40,129,3,11,0.6250
4,40,130,2,43,0.5750
4,40,131,3,43,0.5500
4,40,132,3,43,0.5750
4,40,133,3,43,0.6250
4,40,134,2,43,0.5500
4,40,135,2,11,0.6250
4,40,136,4,43,0.6000
4,40,137,3,11,0.6000
4,40,138,2,43,0.6000
4,40,139,3,43,0.5500
4,40,140,2,43,0.5500
4,40,141,5,43,0.6250
4,40,142,5,43,0.5750
4,40,143,3,43,0.5750
4,40,144,2,43,0.5750
4,40,145,2,43,0.5500
4,40,146,4,43,0.5750
4,40,147,2,43,0.5500
4,40,148,2,43,0.5750
4,40,149,2,43,0.6000
4,40,150,2,43,0.5500
4,40,151,3,43,0.6250
4,40,152,3,43,0.6000
4,40,153,3,11,0.6500
4,40,154,3,43,0.6000
4,40,155,3,43,0.6000
4,40,156,3,43,0.5750
4,40,157,3,43,0.5500
4,40,158,2,43,0.5750
4,40,159,3,43,0.5500
4,40,160,2,43,0.5750
4,40,161,4,43,0.5750
4,40,162,3,43,0.6250
4,40,163,4,43,0.5750
4,40,164,2,43,0.5500
4,40,165,3,43,0.5750
4,40,166,4,43,0.5500
4,40,167,3,43,0.5500
4,40,168,4,43,0.5750
4,40,169,3,43,0.5500
4,40,170,5,43,0.5500
4,40,171,4,43,0.6000
4,40,172,2,11,0.6500
4,40,173,2,11,0.6500
4,40,174,3,11,0.6250
4,40,175,3,43,0.5750
4,40,176,3,43,0.5500
4,40,177,2,43,0.5750
4,40,178,4,43,0.5500
4,40,179,2,43,0.6000
4,40,180,3,43,0.6250
4,40,181,4,43,0.5750
4,40,182,2,43,0.5750
4,40,183,3,43,0.6000
4,40,184,2,43,0.5500
4,40,185,5,43,0.5500
4,40,186,4,43,0.5750
4,40,187,3,43,0.5750
4,40,188,3,43,0.6000
4,40,189,3,43,0.5750
4,40,190,3,43,0.6000
4,40,191,4,43,0.5500
4,40,192,3,43,0.6000
4,40,193,5,43,0.5500
4,40,194,4,43,0.6000
4,40,195,2,11,0.6250
4,40,196,2,11,0.6000
4,40,197,3,43,0.6250
4,40,198,3,43,0.6250
4,40,199,3,43,0.6000
4,44,0,3,47,0.6364
4,44,1,3,47,0.6136
4,44,2,3,47,0.5909
4,44,3,3,12,0.6136
4,44,4,3,12,0.6136
4,44,5,4,12,0.5455
4,44,6,3,12,0.5909
4,44,7,3,12,0.5455
4,44,8,4,12,0.5909
4,44,9,2,12,0.6136
4,44,10,3,12,0.6136
4,44,11,2,12,0.5682
4,44,12,2,12,0.5909
4,44,13,3,12,0.5909
4,44,14,3,12,0.5909
4,44,15,2,12,0.5682
4,44,16,2,47,0.6136
4,44,17,2,12,0.6136
4,44,18,3,12,0.5909
4,44,19,2,47,0.6136
4,44,20,3,12,0.5682
4,44,21,2,12,0.5909
4,44,22,3,47,0.6136
4,44,23,3,12,0.5455
4,44,24,3,12,0.5682
4,44,25,5,12,0.5682
4,44,26,4,12,0.5682
4,44,27,3,12,0.6136
4,44,28,4,12,0.5682
4,44,29,2,12,0.5909
4,44,30,3,12,0.5909
4,44,31,2,12,0.6136
4,44,32,2,47,0.5909
4,44,33,2,12,0.5909
4,44,34,3,12,0.5909
4,44,35,5,47,0.6364
4,44,36,3,12,0.5909
4,44,37,2,12,0.5682
4,44,38,4,12,0.5909
4,44,39,2,12,0.5909
4,44,40,2,12,0.5682
4,44,41,5,12,0.5909
4,44,42,3,12,0.6136
4,44,43,2,12,0.5909
4,44,44,4,12,0.5909
4,44,45,3,12,0.6136
4,44,46,4,12,0.6136
4,44,47,3,12,0.5682
4,44,48,2,12,0.5455
4,44,49,3,12,0.5909
4,44,50,2,12,0.5455
4,44,51,2,12,0.5455
4,44,52,2,12,0.6136
4,44,53,3,12,0.5682
4,44,54,2,12,0.5682
4,44,55,2,12,0.5909
4,44,56,3,12,0.5909
4,44,57,4,12,0.5909
4,44,58,3,12,0.5909
4,44,59,3,12,0.5909
4,44,60,3,12,0.5909
4,44,61,4,12,0.5682
4,44,62,2,47,0.5909
4,44,63,4,12,0.5909
4,44,64,5,12,0.5455
4,44,65,3,12,0.5455
4,44,66,3,12,0.5455
4,44,67,3,12,0.5682
4,44,68,3,47,0.6591
4,44,69,3,12,0.6136
4,44,70,2,12,0.5682
4,44,71,3,12,0.5909
4,44,72,4,12,0.5909
4,44,73,3,12,0.5682
4,44,74,4,12,0.5682
4,44,75,2,12,0.6136
4,44,76,3,12,0.5455
4,44,77,3,12,0.6136
4,44,78,3,12,0.5455
4,44,79,2,12,0.5682
4,44,80,3,12,0.5682
4,44,81,3,12,0.5455
4,44,82,3,12,0.5909
4,44,83,2,12,0.5682
4,44,84,2,12,0.5682
4,44,85,2,47,0.5909
4,44,86,3,12,0.5682
4,44,87,2,12,0.5682
4,44,88,2,12,0.5909
4,44,89,3,12,0.6136
4,44,90,3,12,0.5682
4,44,91,2,12,0.5455
4,44,92,2,12,0.5909
4,44,93,4,12,0.5909
4,44,94,3,12,0.5909
4,44,95,3,47,0.5909
4,44,96,5,12,0.5909
4,44,97,2,12,0.5909
4,44,98,3,12,0.5455
4,44,99,2,12,0.6136
4,44,100,3,12,0.5682
4,44,101,3,12,0.6136
4,44,102,2,12,0.5455
4,44,103,2,47,0.6136
4,44,104,3,12,0.5455
4,44,105,5,12,0.5455
4,44,106,3,47,0.6136
4,44,107,3,12,0.5682
4,44,108,3,47,0.5909
4,44,109,3,47,0.6136
4,44,110,5,12,0.5682
4,44,111,3,12,0.5909
4,44,112,4,12,0.5455
4,44,113,3,12,0.5682
4,44,114,3,47,0.6364
4,44,115,4,12,0.5909
4,44,116,2,47,0.5909
4,44,117,2,12,0.6136
4,44,118,3,12,0.5682
4,44,119,3,12,0.5682
4,44,120,2,12,0.5682
4,44,121,4,47,0.6364
4,44,122,2,12,0.5682
4,44,123,4,12,0.6136
4,44,124,3,47,0.6364
4,44,125,3,47,0.6136
4,44,126,3,12,0.6136
4,44,127,2,12,0.5682
4,44,128,2,47,0.5909
4,44,129,2,12,0.5455
4,44,130,3,12,0.5682
4,44,131,2,47,0.6136
4,44,132,4,12,0.5909
4,44,133,4,12,0.5682
4,44,134,3,12,0.6136
4,44,135,3,12,0.5682
4,44,136,4,12,0.5682
4,44,137,3,47,0.5909
4,44,138,3,12,0.6136
4,44,139,4,12,0.5682
4,44,140,2,12,0.5909
4,44,141,3,47,0.5909
4,44,142,2,47,0.6136
4,44,143,3,47,0.6136
4,44,144,2,12,0.5909
4,44,145,2,47,0.6136
4,44,146,5,12,0.5682
4,44,147,4,12,0.5682
4,44,148,3,12,0.6136
4,44,149,2,12,0.5455
4,44,150,1,47,0.6591
4,44,151,3,47,0.6136
4,44,152,3,12,0.5909
4,44,153,4,12,0.5682
4,44,154,4,12,0.5455
4,44,155,3,47,0.5909
4,44,156,4,12,0.5682
4,44,157,2,47,0.5909
4,44,158,2,47,0.6364
4,44,159,4,12,0.5909
4,44,160,4,12,0.5909
4,44,161,4,12,0.5909
4,44,162,3,12,0.6136
4,44,163,2,47,0.6591
4,44,164,2,12,0.6818
4,44,165,4,12,0.6136
4,44,166,2,47,0.6364
4,44,167,3,12,0.5682
4,44,168,2,12,0.5909
4,44,169,4,12,0.5455
4,44,170,2,12,0.5682
4,44,171,5,12,0.5909
4,44,172,3,47,0.5909
4,44,173,3,12,0.6136
4,44,174,4,12,0.5909
4,44,175,3,12,0.5909
4,44,176,3,47,0.6591
4,44,177,3,47,0.5909
4,44,178,3,12,0.5909
4,44,179,3,12,0.5909
4,44,180,3,12,0.5909
4,44,181,3,12,0.5682
4,44,182,3,12,0.5682
4,44,183,3,12,0.5909
4,44,184,3,12,0.6136
4,44,185,2,12,0.6591
4,44,186,2,12,0.6364
4,44,187,2,12,0.5909
4,44,188,3,47,0.6364
4,44,189,5,12,0.5682
4,44,190,4,12,0.5909
4,44,191,3,12,0.5909
4,44,192,2,12,0.5682
4,44,193,4,12,0.5909
4,44,194,3,12,0.5682
4,44,195,3,12,0.6136
4,44,196,3,12,0.5682
4,44,197,2,47,0.5909
4,44,198,3,12,0.5909
4,44,199,3,12,0.6136
4,48,0,2,17,0.5625
4,48,1,2,13,0.6042
4,48,2,3,13,0.6042
4,48,3,2,13,0.5833
4,48,4,2,17,0.5625
4,48,5,2,17,0.6042
4,48,6,2,13,0.6250
4,48,7,2,13,0.6250
4,48,8,2,17,0.5833
4,48,9,3,13,0.6250
4,48,10,3,17,0.5833
4,48,11,3,17,0.6042
4,48,12,3,17,0.6250
4,48,13,2,13,0.6458
4,48,14,2,17,0.5833
4,48,15,2,13,0.5833
4,48,16,2,13,0.6042
4,48,17,5,17,0.5625
4,48,18,4,17,0.5625
4,48,19,2,17,0.5625
4,48,20,2,13,0.6042
4,48,21,2,17,0.5625
4,48,22,4,17,0.5625
4,48,23,2,17,0.5625
4,48,24,2,17,0.5625
4,48,25,3,17,0.6042
4,48,26,3,17,0.5833
4,48,27,3,17,0.5625
4,48,28,2,13,0.6250
4,48,29,2,13,0.6458
4,48,30,2,17,0.6042
4,48,31,2,17,0.5625
4,48,32,3,17,0.5625
4,48,33,3,13,0.6250
4,48,34,3,17,0.5833
4,48,35,3,13,0.6042
4,48,36,2,17,0.5625
4,48,37,3,13,0.6458
4,48,38,5,17,0.6250
4,48,39,3,17,0.6250
4,48,40,4,17,0.6042
4,48,41,3,17,0.6042
4,48,42,2,17,0.6042
4,48,43,3,17,0.6250
4,48,44,2,17,0.5625
4,48,45,3,17,0.5833
4,48,46,4,13,0.6458
4,48,47,4,17,0.6042
4,48,48,2,13,0.6458
4,48,49,3,17,0.5833
4,48,50,3,17,0.5625
4,48,51,3,17,0.6042
4,48,52,2,17,0.5625
4,48,53,2,17,0.5625
4,48,54,3,17,0.6250
4,48,55,3,13,0.6042
4,48,56,2,17,0.5625
4,48,57,3,13,0.6042
4,48,58,3,13,0.6250
4,48,59,3,17,0.6042
4,48,60,2,13,0.6042
4,48,61,2,17,0.5625
4,48,62,3,17,0.5625
4,48,63,2,13,0.6042
4,48,64,2,17,0.5625
4,48,65,2,17,0.5625
4,48,66,2,13,0.5833
4,48,67,2,13,0.6042
4,48,68,3,17,0.6042
4,48,69,3,17,0.5833
4,48,70,3,17,0.6250
4,48,71,3,17,0.6250
4,48,72,5,17,0.5833
4,48,73,3,17,0.5625
4,48,74,2,17,0.6042
4,48,75,3,17,0.5625
4,48,76,4,17,0.5625
4,48,77,2,17,0.6250
4,48,78,2,17,0.5833
4,48,79,3,17,0.6042
4,48,80,3,17,0.5833
4,48,81,3,17,0.6042
4,48,82,2,13,0.5833
4,48,83,3,13,0.6250
4,48,84,3,17,0.5833
4,48,85,2,17,0.5625
4,48,86,2,17,0.6042
4,48,87,2,13,0.6042
4,48,88,4,17,0.5625
4,48,89,3,17,0.5833
4,48,90,2,13,0.6042
4,48,91,3,17,0.5625
4,48,92,2,13,0.6042
4,48,93,3,17,0.5833
4,48,94,4,17,0.5833
4,48,95,3,17,0.5625
4,48,96,2,17,0.6250
4,48,97,3,17,0.6042
4,48,98,2,17,0.5625
4,48,99,2,17,0.5625
4,48,100,2,17,0.6042
4,48,101,3,17,0.5625
4,48,102,2,17,0.6042
4,48,103,3,13,0.6458
4,48,104,3,17,0.6042
4,48,105,3,17,0.6250
4,48,106,2,13,0.6042
4,48,107,2,17,0.6250
4,48,108,2,13,0.6250
4,48,109,2,17,0.6042
4,48,110,4,17,0.5625
4,48,111,4,17,0.6250
4,48,112,3,17,0.5625
4,48,113,2,13,0.6250
4,48,114,2,17,0.6250
4,48,115,2,13,0.6042
4,48,116,2,13,0.6250
4,48,117,3,17,0.6250
4,48,118,2,13,0.5833
4,48,119,3,17,0.6042
4,48,120,2,17,0.6042
4,48,121,2,13,0.6250
4,48,122,5,17,0.5833
4,48,123,3,17,0.5625
4,48,124,3,17,0.6042
4,48,125,2,17,0.5625
4,48,126,4,17,0.5625
4,48,127,3,13,0.6250
4,48,128,5,17,0.5833
4,48,129,2,13,0.6042
4,48,130,3,13,0.6042
4,48,131,3,17,0.5833
4,48,132,3,17,0.6042
4,48,133,5,17,0.6042
4,48,134,3,17,0.5833
4,48,135,4,17,0.5625
4,48,136,2,17,0.5833
4,48,137,3,17,0.5833
4,48,138,3,17,0.5833
4,48,139,3,17,0.5833
4,48,140,3,13,0.6042
4,48,141,2,13,0.5833
4,48,142,3,17,0.6042
4,48,143,5,13,0.5833
4,48,144,2,13,0.6250
4,48,145,2,17,0.5625
4,48,146,3,17,0.5833
4,48,147,2,17,0.6042
4,48,148,3,17,0.5625
4,48,149,3,17,0.6250
4,48,150,2,17,0.6250
4,48,151,3,13,0.6042
4,48,152,2,13,0.6042
4,48,153,3,17,0.6250
4,48,154,3,17,0.5833
4,48,155,2,17,0.5625
4,48,156,2,17,0.6250
4,48,157,4,17,0.6042
4,48,158,5,17,0.6250
4,48,159,3,13,0.6042
4,48,160,3,17,0.5625
4,48,161,2,17,0.5625
4,48,162,2,13,0.6042
4,48,163,3,17,0.6042
4,48,164,2,13,0.6250
4,48,165,3,17,0.6250
4,48,166,3,17,0.6250
4,48,167,2,17,0.5833
4,48,168,2,13,0.6250
4,48,169,3,17,0.5625
4,48,170,3,13,0.5833
4,48,171,4,17,0.5625
4,48,172,5,17,0.5625
4,48,173,3,17,0.5833
4,48,174,4,17,0.6042
4,48,175,2,17,0.5625
4,48,176,3,17,0.5833
4,48,177,3,17,0.5833
4,48,178,2,17,0.6458
4,48,179,3,13,0.6042
4,48,180,3,13,0.6458
4,48,181,3,13,0.6250
4,48,182,2,13,0.6458
4,48,183,2,13,0.5833
4,48,184,2,17,0.5833
4,48,185,4,17,0.6250
4,48,186,3,17,0.6042
4,48,187,2,13,0.6042
4,48,188,4,17,0.5625
4,48,189,2,17,0.5833
4,48,190,2,17,0.6042
4,48,191,3,17,0.6042
4,48,192,2,13,0.6250
4,48,193,2,17,0.6042
4,48,194,5,17,0.5625
4,48,195,3,17,0.6250
4,48,196,3,13,0.6250
4,48,197,2,17,0.5625
4,48,198,3,13,0.6250
4,48,199,3,17,0.6250
4,52,0,4,7,0.5385
4,52,1,3,7,0.5962
4,52,2,6,7,0.5769
4,52,3,3,7,0.5769
4,52,4,3,7,0.5385
4,52,5,4,7,0.5385
4,52,6,5,7,0.5769
4,52,7,6,7,0.5769
4,52,8,5,7,0.5577
4,52,9,3,7,0.5962
4,52,10,4,7,0.5385
4,52,11,3,7,0.5769
4,52,12,3,7,0.5962
4,52,13,2,7,0.5577
4,52,14,3,7,0.5769
4,52,15,4,7,0.5385
4,52,16,3,7,0.5962
4,52,17,3,7,0.5769
4,52,18,3,7,0.5577
4,52,19,4,7,0.5385
4,52,20,2,55,0.6154
4,52,21,4,7,0.5385
4,52,22,4,7,0.5577
4,52,23,6,7,0.5962
4,52,24,5,7,0.5577
4,52,25,2,7,0.5577
4,52,26,3,7,0.5962
4,52,27,4,7,0.5577
4,52,28,3,7,0.5962
4,52,29,3,14,0.6538
4,52,30,3,7,0.5769
4,52,31,6,7,0.5962
4,52,32,4,7,0.5769
4,52,33,4,7,0.5769
4,52,34,5,7,0.5385
4,52,35,4,7,0.5769
4,52,36,3,55,0.5962
4,52,37,4,7,0.5385
4,52,38,3,7,0.5577
4,52,39,2,55,0.5962
4,52,40,3,7,0.5962
4,52,41,4,7,0.5385
4,52,42,3,7,0.5769
4,52,43,3,7,0.5769
4,52,44,4,7,0.5769
4,52,45,1,55,0.5962
4,52,46,4,7,0.5577
4,52,47,4,7,0.5962
4,52,48,3,55,0.5962
4,52,49,4,7,0.5769
4,52,50,4,7,0.5769
4,52,51,5,7,0.5962
4,52,52,5,7,0.5962
4,52,53,5,7,0.5962
4,52,54,3,7,0.5769
4,52,55,2,55,0.5962
4,52,56,5,7,0.5769
4,52,57,3,7,0.5962
4,52,58,3,7,0.5769
4,52,59,5,7,0.5385
4,52,60,5,7,0.5769
4,52,61,3,7,0.5769
4,52,62,2,55,0.5962
4,52,63,4,7,0.5577
4,52,64,6,7,0.5962
4,52,65,3,7,0.5962
4,52,66,3,55,0.5962
4,52,67,6,7,0.5769
4,52,68,3,7,0.5962
4,52,69,2,55,0.5962
4,52,70,5,7,0.5769
4,52,71,4,7,0.5577
4,52,72,3,7,0.5385
4,52,73,5,7,0.5577
4,52,74,3,7,0.5577
4,52,75,6,7,0.5577
4,52,76,3,55,0.6346
4,52,77,3,7,0.5962
4,52,78,3,7,0.5577
4,52,79,4,7,0.5769
4,52,80,5,7,0.5769
4,52,81,3,7,0.5577
4,52,82,3,7,0.5577
4,52,83,3,7,0.5769
4,52,84,3,7,0.5769
4,52,85,5,7,0.5769
4,52,86,3,7,0.5769
4,52,87,5,7,0.5769
4,52,88,4,7,0.5769
4,52,89,4,7,0.5577
4,52,90,2,55,0.5962
4,52,91,4,7,0.5769
4,52,92,3,55,0.5962
4,52,93,5,7,0.5385
4,52,94,3,7,0.5962
4,52,95,6,7,0.5962
4,52,96,4,7,0.5769
4,52,97,3,7,0.5962
4,52,98,4,7,0.5577
4,52,99,6,7,0.5769
4,52,100,6,7,0.5769
4,52,101,4,7,0.5769
4,52,102,3,7,0.5769
4,52,103,4,7,0.5962
4,52,104,3,7,0.5577
4,52,105,4,7,0.5769
4,52,106,4,7,0.5577
4,52,107,3,7,0.5962
4,52,108,3,7,0.5962
4,52,109,4,7,0.5385
4,52,110,4,7,0.5769
4,52,111,4,7,0.5577
4,52,112,5,7,0.5769
4,52,113,3,55,0.6538
4,52,114,3,7,0.5962
4,52,115,4,7,0.5577
4,52,116,3,55,0.5962
4,52,117,3,7,0.5962
4,52,118,4,7,0.5962
4,52,119,4,7,0.5385
4,52,120,3,7,0.5769
4,52,121,4,7,0.5385
4,52,122,5,7,0.5577
4,52,123,3,7,0.5962
4,52,124,3,7,0.5962
4,52,125,4,7,0.5769
4,52,126,2,55,0.6154
4,52,127,3,55,0.6346
4,52,128,5,7,0.5962
4,52,129,5,7,0.5769
4,52,130,4,7,0.5962
4,52,131,5,7,0.5385
4,52,132,2,55,0.5962
4,52,133,7,7,0.5769
4,52,134,4,7,0.5577
4,52,135,6,7,0.5962
4,52,136,3,7,0.5769
4,52,137,5,7,0.5962
4,52,138,3,7,0.5769
4,52,139,4,7,0.5385
4,52,140,2,7,0.5385
4,52,141,2,14,0.6731
4,52,142,4,7,0.5769
4,52,143,3,7,0.5962
4,52,144,6,7,0.5962
4,52,145,4,7,0.5962
4,52,146,3,7,0.5577
4,52,147,2,14,0.6538
4,52,148,2,7,0.5962
4,52,149,3,7,0.5769
4,52,150,3,55,0.6154
4,52,151,5,7,0.5769
4,52,152,2,55,0.5962
4,52,153,4,7,0.5769
4,52,154,3,7,0.5769
4,52,155,5,7,0.5962
4,52,156,6,7,0.5962
4,52,157,3,7,0.5769
4,52,158,3,7,0.5962
4,52,159,5,7,0.5962
4,52,160,3,7,0.5962
4,52,161,3,7,0.5962
4,52,162,2,7,0.5769
4,52,163,3,7,0.5769
4,52,164,5,7,0.5577
4,52,165,3,7,0.5769
4,52,166,3,7,0.5577
4,52,167,5,7,0.5769
4,52,168,3,7,0.5962
4,52,169,2,55,0.5962
4,52,170,2,55,0.6346
4,52,171,3,7,0.5577
4,52,172,3,7,0.5962
4,52,173,3,7,0.5577
4,52,174,4,7,0.5962
4,52,175,6,7,0.5769
4,52,176,2,7,0.5385
4,52,177,5,7,0.5962
4,52,178,3,7,0.5769
4,52,179,4,7,0.5385
4,52,180,3,7,0.5769
4,52,181,5,7,0.5962
4,52,182,3,7,0.5769
4,52,183,4,7,0.5769
4,52,184,3,7,0.5769
4,52,185,3,7,0.5962
4,52,186,2,7,0.5577
4,52,187,3,7,0.5769
4,52,188,4,7,0.5962
4,52,189,5,7,0.5769
4,52,190,3,7,0.5385
4,52,191,3,7,0.5962
4,52,192,5,7,0.5577
4,52,193,4,7,0.5769
4,52,194,3,7,0.5769
4,52,195,5,7,0.5577
4,52,196,3,7,0.5769
4,52,197,4,7,0.5769
4,52,198,3,7,0.5769
4,52,199,3,7,0.5769
4,56,0,2,15,0.5714
4,56,1,4,59,0.6071
4,56,2,3,59,0.6071
4,56,3,3,15,0.6071
4,56,4,2,59,0.5714
4,56,5,2,15,0.5893
4,56,6,4,59,0.5893
4,56,7,2,15,0.5714
4,56,8,3,59,0.5714
4,56,9,2,5,0.5714
4,56,10,2,59,0.5714
4,56,11,3,59,0.5893
4,56,12,2,15,0.5714
4,56,13,3,59,0.5714
4,56,14,2,15,0.6250
4,56,15,3,15,0.6071
4,56,16,2,59,0.6250
4,56,17,2,59,0.5714
4,56,18,4,59,0.5893
4,56,19,3,59,0.5893
4,56,20,3,15,0.5893
4,56,21,2,15,0.5893
4,56,22,3,59,0.5714
4,56,23,2,15,0.5893
4,56,24,3,59,0.6250
4,56,25,3,15,0.5893
4,56,26,2,59,0.5714
4,56,27,3,59,0.5714
4,56,28,4,15,0.6071
4,56,29,2,59,0.5893
4,56,30,5,15,0.5893
4,56,31,2,59,0.5714
4,56,32,2,15,0.6071
4,56,33,3,15,0.5714
4,56,34,3,15,0.6250
4,56,35,3,59,0.5714
4,56,36,3,15,0.6250
4,56,37,4,59,0.5714
4,56,38,3,15,0.6071
4,56,39,5,59,0.5714
4,56,40,4,59,0.6071
4,56,41,3,59,0.6250
4,56,42,4,15,0.5714
4,56,43,5,59,0.5893
4,56,44,4,59,0.5893
4,56,45,2,59,0.5714
4,56,46,2,15,0.5714
4,56,47,3,59,0.5714
4,56,48,6,15,0.5714
4,56,49,3,59,0.5714
4,56,50,3,15,0.5714
4,56,51,3,59,0.5714
4,56,52,3,15,0.6071
4,56,53,3,15,0.5893
4,56,54,3,59,0.6250
4,56,55,3,15,0.5893
4,56,56,3,59,0.5714
4,56,57,3,59,0.6250
4,56,58,3,15,0.6250
4,56,59,3,15,0.6250
4,56,60,3,59,0.6250
4,56,61,3,15,0.5893
4,56,62,4,59,0.5893
4,56,63,4,59,0.5714
4,56,64,2,59,0.5714
4,56,65,2,15,0.6071
4,56,66,2,59,0.5714
4,56,67,2,15,0.5893
4,56,68,3,15,0.6071
4,56,69,2,59,0.6071
4,56,70,3,59,0.5714
4,56,71,3,59,0.6071
4,56,72,2,15,0.5893
4,56,73,3,15,0.5893
4,56,74,2,59,0.5714
4,56,75,4,59,0.5714
4,56,76,4,59,0.5714
4,56,77,3,59,0.5714
4,56,78,2,15,0.5714
4,56,79,3,15,0.5893
4,56,80,3,5,0.6250
4,56,81,3,15,0.5893
4,56,82,2,15,0.6071
4,56,83,3,15,0.6250
4,56,84,3,15,0.5893
4,56,85,2,15,0.6071
4,56,86,3,15,0.6250
4,56,87,3,59,0.5893
4,56,88,3,59,0.5893
4,56,89,3,15,0.6071
4,56,90,2,59,0.5714
4,56,91,2,59,0.5714
4,56,92,2,15,0.5714
4,56,93,3,15,0.5893
4,56,94,2,15,0.6250
4,56,95,2,59,0.6071
4,56,96,3,15,0.6250
4,56,97,2,15,0.6071
4,56,98,3,15,0.6250
4,56,99,2,59,0.5714
4,56,100,5,15,0.5714
4,56,101,2,15,0.5714
4,56,102,2,15,0.5893
4,56,103,4,59,0.5893
4,56,104,3,59,0.5714
4,56,105,3,59,0.6071
4,56,106,5,59,0.5893
4,56,107,2,59,0.6071
4,56,108,3,59,0.5714
4,56,109,3,15,0.6250
4,56,110,5,59,0.5893
4,56,111,3,59,0.6071
4,56,112,3,59,0.5714
4,56,113,3,15,0.5893
4,56,114,2,59,0.5714
4,56,115,3,59,0.6071
4,56,116,5,59,0.5893
4,56,117,3,59,0.5714
4,56,118,3,59,0.6071
4,56,119,2,15,0.5893
4,56,120,3,59,0.5714
4,56,121,2,15,0.5714
4,56,122,2,15,0.5714
4,56,123,3,59,0.5893
4,56,124,4,15,0.6071
4,56,125,5,15,0.5893
4,56,126,3,15,0.6250
4,56,127,2,15,0.6071
4,56,128,3,15,0.6250
4,56,129,4,59,0.6250
4,56,130,3,15,0.5714
4,56,131,4,15,0.5714
4,56,132,4,59,0.5714
4,56,133,2,59,0.5714
4,56,134,2,15,0.5893
4,56,135,4,59,0.5714
4,56,136,3,59,0.6250
4,56,137,2,59,0.5714
4,56,138,2,15,0.6250
4,56,139,3,59,0.5714
4,56,140,2,15,0.5714
4,56,141,4,15,0.5893
4,56,142,4,59,0.5893
4,56,143,2,15,0.5714
4,56,144,5,15,0.6250
4,56,145,2,59,0.5714
4,56,146,2,59,0.6071
4,56,147,3,15,0.6071
4,56,148,2,59,0.5893
4,56,149,3,15,0.6071
4,56,150,4,59,0.6071
4,56,151,3,59,0.6071
4,56,152,2,15,0.5893
4,56,153,3,59,0.5714
4,56,154,3,59,0.5714
4,56,155,4,15,0.5893
4,56,156,2,59,0.5893
4,56,157,3,59,0.5714
4,56,158,3,59,0.5893
4,56,159,2,59,0.6071
4,56,160,3,15,0.5893
4,56,161,3,59,0.6071
4,56,162,3,15,0.6071
4,56,163,3,59,0.5714
4,56,164,3,15,0.6250
4,56,165,3,15,0.5893
4,56,166,2,59,0.5714
4,56,167,3,15,0.6071
4,56,168,2,59,0.5714
4,56,169,3,59,0.5893
4,56,170,2,15,0.5893
4,56,171,3,59,0.5893
4,56,172,3,15,0.6071
4,56,173,3,15,0.5893
4,56,174,2,15,0.5893
4,56,175,2,15,0.6429
4,56,176,3,15,0.5714
4,56,177,2,59,0.5893
4,56,178,3,59,0.6071
4,56,179,4,59,0.5893
4,56,180,3,59,0.5714
4,56,181,2,59,0.5714
4,56,182,3,59,0.5714
4,56,183,3,59,0.5893
4,56,184,3,15,0.6071
4,56,185,3,59,0.6071
4,56,186,3,15,0.5893
4,56,187,3,59,0.6071
4,56,188,2,59,0.5714
4,56,189,2,59,0.5714
4,56,190,3,15,0.6250
4,56,191,2,59,0.5893
4,56,192,4,59,0.5714
4,56,193,3,59,0.5893
4,56,194,4,59,0.5714
4,56,195,3,15,0.6071
4,56,196,2,15,0.6071
4,56,197,3,59,0.6071
4,56,198,3,59,0.5714
4,56,199,2,59,0.5714
4,60,0,4,7,0.5667
4,60,1,5,7,0.5833
4,60,2,3,7,0.5667
4,60,3,3,7,0.6000
4,60,4,5,7,0.6000
4,60,5,4,7,0.5500
4,60,6,4,21,0.6167
4,60,7,3,7,0.5833
4,60,8,2,16,0.6333
4,60,9,3,21,0.6500
4,60,10,5,7,0.5667
4,60,11,5,7,0.5500
4,60,12,3,7,0.5500
4,60,13,3,21,0.6167
4,60,14,3,7,0.5833
4,60,15,6,7,0.5833
4,60,16,4,7,0.5667
4,60,17,3,7,0.5833
4,60,18,6,7,0.5833
4,60,19,3,7,0.5667
4,60,20,6,7,0.5500
4,60,21,2,7,0.5500
4,60,22,6,7,0.5500
4,60,23,2,21,0.6000
4,60,24,3,16,0.6000
4,60,25,3,7,0.5667
4,60,26,4,7,0.5833
4,60,27,4,7,0.5500
4,60,28,3,7,0.5833
4,60,29,3,16,0.6167
4,60,30,6,7,0.5500
4,60,31,3,7,0.5833
4,60,32,6,7,0.5667
4,60,33,3,21,0.6167
4,60,34,4,7,0.5667
4,60,35,4,7,0.5500
4,60,36,5,7,0.5833
4,60,37,4,7,0.5500
4,60,38,6,7,0.5833
4,60,39,4,7,0.5667
4,60,40,4,7,0.5833
4,60,41,3,7,0.5500
4,60,42,4,7,0.5833
4,60,43,6,7,0.5667
4,60,44,4,7,0.5667
4,60,45,3,7,0.5833
4,60,46,5,7,0.5667
4,60,47,3,21,0.6000
4,60,48,2,21,0.6333
4,60,49,4,7,0.5833
4,60,50,5,7,0.5833
4,60,51,3,21,0.6000
4,60,52,4,7,0.5500
4,60,53,3,7,0.5667
4,60,54,5,7,0.6000
4,60,55,5,7,0.5833
4,60,56,5,7,0.5667
4,60,57,3,21,0.6333
4,60,58,4,7,0.5833
4,60,59,4,7,0.5667
4,60,60,5,7,0.6000
4,60,61,4,7,0.5667
4,60,62,4,7,0.5667
4,60,63,3,7,0.5667
4,60,64,3,7,0.5500
4,60,65,6,7,0.5833
4,60,66,4,7,0.5500
4,60,67,3,21,0.6500
4,60,68,4,7,0.5500
4,60,69,4,7,0.5667
4,60,70,4,7,0.5500
4,60,71,2,7,0.6000
4,60,72,2,21,0.6000
4,60,73,3,7,0.5667
4,60,74,3,7,0.6000
4,60,75,2,16,0.6333
4,60,76,2,21,0.6000
4,60,77,2,7,0.5500
4,60,78,4,7,0.5500
4,60,79,5,7,0.5667
4,60,80,4,7,0.5833
4,60,81,5,7,0.5667
4,60,82,6,7,0.6000
4,60,83,2,16,0.6333
4,60,84,2,16,0.6167
4,60,85,5,7,0.6000
4,60,86,3,21,0.6000
4,60,87,3,7,0.5833
4,60,88,3,7,0.5833
4,60,89,5,7,0.6000
4,60,90,2,16,0.6167
4,60,91,3,21,0.6167
4,60,92,5,7,0.5667
4,60,93,5,7,0.6000
4,60,94,4,7,0.5833
4,60,95,3,7,0.6000
4,60,96,4,7,0.5833
4,60,97,4,7,0.5667
4,60,98,4,7,0.5667
4,60,99,4,7,0.5500
4,60,100,3,7,0.6000
4,60,101,3,21,0.6000
4,60,102,4,7,0.5667
4,60,103,4,7,0.5833
4,60,104,3,7,0.5833
4,60,105,6,7,0.5833
4,60,106,5,7,0.5667
4,60,107,5,7,0.5500
4,60,108,5,7,0.5500
4,60,109,3,7,0.6000
4,60,110,5,7,0.5500
4,60,111,4,7,0.5500
4,60,112,3,21,0.6000
4,60,113,5,7,0.6000
4,60,114,5,7,0.5500
4,60,115,5,7,0.6000
4,60,116,3,16,0.6167
4,60,117,3,7,0.5667
4,60,118,4,7,0.5667
4,60,119,3,7,0.5833
4,60,120,3,7,0.6000
4,60,121,4,7,0.5500
4,60,122,3,7,0.5833
4,60,123,6,7,0.5667
4,60,124,4,7,0.5500
4,60,125,7,7,0.5833
4,60,126,3,21,0.6000
4,60,127,4,7,0.5833
4,60,128,3,7,0.6000
4,60,129,5,7,0.5500
4,60,130,3,7,0.5833
4,60,131,3,7,0.5500
4,60,132,4,7,0.5667
4,60,133,4,7,0.5833
4,60,134,2,7,0.5500
4,60,135,5,7,0.6000
4,60,136,2,7,0.5500
4,60,137,4,7,0.5667
4,60,138,2,21,0.6333
4,60,139,4,7,0.5500
4,60,140,4,7,0.5833
4,60,141,3,16,0.6167
4,60,142,3,16,0.6333
4,60,143,3,16,0.6167
4,60,144,4,21,0.6167
4,60,145,5,7,0.5833
4,60,146,5,7,0.5500
4,60,147,5,7,0.5500
4,60,148,6,7,0.5667
4,60,149,4,7,0.5667
4,60,150,4,7,0.5833
4,60,151,2,16,0.6167
4,60,152,4,7,0.5833
4,60,153,4,7,0.5667
4,60,154,3,21,0.6167
4,60,155,3,21,0.6000
4,60,156,5,7,0.5833
4,60,157,6,7,0.5500
4,60,158,4,7,0.5500
4,60,159,5,7,0.5833
4,60,160,4,7,0.5667
4,60,161,3,16,0.6167
4,60,162,5,7,0.5667
4,60,163,4,7,0.5667
4,60,164,4,7,0.5500
4,60,165,3,7,0.5833
4,60,166,6,7,0.5500
4,60,167,2,16,0.6333
4,60,168,3,7,0.5500
4,60,169,4,7,0.5500
4,60,170,4,7,0.5667
4,60,171,3,7,0.5667
4,60,172,5,7,0.6000
4,60,173,5,7,0.5667
4,60,174,3,7,0.5500
4,60,175,2,16,0.6333
4,60,176,4,7,0.5667
4,60,177,3,7,0.5500
4,60,178,3,16,0.6000
4,60,179,3,21,0.6333
4,60,180,4,7,0.5833
4,60,181,4,7,0.5500
4,60,182,3,7,0.5833
4,60,183,2,21,0.6167
4,60,184,5,7,0.5833
4,60,185,4,7,0.5833
4,60,186,5,7,0.6000
4,60,187,5,7,0.5500
4,60,188,3,7,0.5833
4,60,189,3,21,0.6000
4,60,190,5,7,0.5500
4,60,191,3,16,0.6333
4,60,192,2,7,0.5500
4,60,193,4,7,0.5500
4,60,194,3,7,0.5833
4,60,195,6,7,0.5667
4,60,196,3,16,0.6167
4,60,197,4,7,0.5500
4,60,198,3,7,0.6000
4,60,199,5,7,0.5667
4,64,0,3,67,0.5938
4,64,1,4,17,0.5781
4,64,2,5,17,0.6094
4,64,3,2,67,0.5938
4,64,4,5,17,0.5938
4,64,5,3,17,0.5781
4,64,6,3,17,0.6094
4,64,7,3,67,0.5938
4,64,8,6,17,0.6094
4,64,9,3,67,0.5938
4,64,10,3,17,0.6094
4,64,11,3,17,0.5938
4,64,12,5,17,0.6094
4,64,13,4,17,0.6094
4,64,14,3,17,0.6094
4,64,15,5,17,0.5938
4,64,16,3,17,0.6094
4,64,17,4,17,0.5781
4,64,18,3,17,0.5781
4,64,19,3,67,0.5938
4,64,20,2,67,0.5781
4,64,21,3,67,0.5938
4,64,22,5,17,0.5938
4,64,23,4,17,0.6094
4,64,24,2,17,0.5781
4,64,25,3,67,0.6094
4,64,26,5,17,0.5781
4,64,27,3,17,0.5938
4,64,28,4,17,0.5625
4,64,29,4,17,0.6094
4,64,30,2,17,0.6094
4,64,31,4,17,0.5781
4,64,32,2,67,0.5781
4,64,33,2,17,0.5938
4,64,34,3,17,0.5938
4,64,35,2,67,0.5781
4,64,36,4,17,0.6094
4,64,37,3,17,0.5625
4,64,38,3,67,0.5938
4,64,39,4,17,0.6094
4,64,40,5,67,0.5781
4,64,41,3,17,0.6094
4,64,42,3,17,0.5781
4,64,43,5,17,0.6094
4,64,44,3,17,0.6094
4,64,45,4,17,0.5781
4,64,46,5,67,0.5781
4,64,47,6,67,0.6250
4,64,48,2,67,0.5781
4,64,49,2,17,0.5781
4,64,50,3,67,0.5781
4,64,51,7,17,0.5938
4,64,52,2,67,0.5781
4,64,53,3,17,0.5781
4,64,54,4,67,0.6094
4,64,55,4,67,0.5781
4,64,56,3,17,0.5781
4,64,57,4,17,0.5938
4,64,58,3,67,0.6094
4,64,59,3,17,0.6094
4,64,60,3,17,0.5938
4,64,61,3,17,0.5938
4,64,62,3,17,0.5938
4,64,63,2,67,0.5938
4,64,64,3,67,0.6094
4,64,65,3,17,0.6094
4,64,66,3,17,0.5781
4,64,67,3,17,0.5938
4,64,68,3,17,0.5938
4,64,69,2,67,0.6094
4,64,70,4,17,0.5781
4,64,71,3,67,0.6250
4,64,72,4,17,0.5781
4,64,73,3,67,0.6250
4,64,74,2,17,0.5781
4,64,75,2,67,0.6094
4,64,76,4,67,0.5781
4,64,77,3,17,0.5781
4,64,78,3,17,0.5781
4,64,79,4,17,0.6094
4,64,80,3,67,0.6094
4,64,81,5,67,0.5781
4,64,82,3,17,0.5938
4,64,83,2,67,0.5938
4,64,84,2,67,0.5781
4,64,85,4,17,0.5625
4,64,86,2,67,0.5781
4,64,87,4,67,0.5938
4,64,88,3,67,0.5781
4,64,89,3,67,0.6094
4,64,90,3,67,0.6250
4,64,91,3,17,0.5781
4,64,92,5,17,0.5625
4,64,93,5,17,0.5781
4,64,94,2,17,0.5625
4,64,95,2,67,0.5938
4,64,96,3,67,0.6094
4,64,97,3,17,0.5625
4,64,98,5,67,0.5938
4,64,99,3,67,0.5938
4,64,100,2,17,0.5938
4,64,101,3,67,0.6094
4,64,102,2,67,0.5938
4,64,103,3,17,0.5625
4,64,104,3,67,0.5781
4,64,105,5,17,0.5938
4,64,106,3,67,0.5781
4,64,107,3,67,0.5781
4,64,108,3,17,0.6094
4,64,109,5,67,0.6250
4,64,110,4,17,0.5781
4,64,111,4,17,0.5625
4,64,112,3,17,0.6094
4,64,113,2,17,0.5781
4,64,114,3,17,0.6094
4,64,115,2,17,0.5781
4,64,116,2,17,0.5625
4,64,117,4,17,0.6094
4,64,118,3,67,0.6250
4,64,119,5,17,0.5938
4,64,120,3,67,0.5938
4,64,121,2,17,0.5781
4,64,122,2,67,0.6094
4,64,123,2,17,0.5625
4,64,124,4,17,0.5938
4,64,125,3,67,0.6094
4,64,126,3,67,0.6094
4,64,127,2,17,0.5938
4,64,128,3,17,0.6094
4,64,129,3,17,0.6094
4,64,130,2,67,0.5781
4,64,131,3,17,0.5625
4,64,132,4,67,0.6094
4,64,133,3,17,0.5938
4,64,134,2,17,0.5625
4,64,135,3,17,0.5938
4,64,136,3,67,0.6250
4,64,137,3,17,0.5625
4,64,138,4,17,0.6094
4,64,139,3,17,0.5938
4,64,140,5,17,0.5781
4,64,141,3,67,0.5781
4,64,142,3,67,0.5781
4,64,143,3,67,0.5781
4,64,144,3,17,0.6094
4,64,145,3,17,0.5938
4,64,146,3,67,0.5938
4,64,147,2,17,0.5625
4,64,148,3,67,0.6094
4,64,149,2,67,0.5781
4,64,150,2,17,0.5781
4,64,151,3,67,0.6250
4,64,152,3,67,0.5781
4,64,153,3,67,0.5781
4,64,154,2,67,0.5781
4,64,155,4,17,0.5938
4,64,156,3,17,0.5781
4,64,157,3,17,0.6406
4,64,158,3,17,0.5938
4,64,159,4,17,0.5781
4,64,160,3,67,0.5781
4,64,161,4,67,0.6094
4,64,162,3,67,0.5781
4,64,163,3,17,0.6094
4,64,164,3,17,0.6094
4,64,165,2,17,0.5938
4,64,166,3,17,0.5781
4,64,167,3,17,0.5781
4,64,168,6,17,0.6094
4,64,169,3,17,0.5938
4,64,170,3,67,0.6094
4,64,171,4,67,0.5781
4,64,172,2,17,0.5781
4,64,173,3,17,0.6094
4,64,174,2,17,0.5938
4,64,175,2,17,0.5781
4,64,176,3,67,0.5781
4,64,177,3,67,0.5938
4,64,178,3,67,0.5781
4,64,179,5,17,0.5781
4,64,180,3,67,0.5781
4,64,181,4,67,0.5781
4,64,182,3,17,0.6094
4,64,183,2,67,0.6094
4,64,184,3,67,0.5781
4,64,185,3,17,0.5938
4,64,186,3,67,0.6094
4,64,187,6,17,0.5781
4,64,188,2,17,0.5781
4,64,189,2,17,0.5781
4,64,190,3,67,0.6250
4,64,191,2,17,0.5938
4,64,192,3,67,0.6094
4,64,193,3,67,0.5938
4,64,194,3,67,0.6094
4,64,195,3,67,0.6094
4,64,196,4,17,0.5938
4,64,197,3,67,0.5781
4,64,198,5,17,0.5781
4,64,199,3,17,0.5625
5,16,0,1,5,0.7500
5,16,1,1,5,0.6875
5,16,2,3,5,0.6250
5,16,3,3,5,0.5625
5,16,4,2,3,0.6875
5,16,5,2,5,0.5000
5,16,6,2,5,0.5000
5,16,7,2,5,0.5000
5,16,8,2,5,0.5000
5,16,9,3,5,0.5000
5,16,10,4,5,0.6875
5,16,11,2,5,0.6875
5,16,12,2,5,0.6250
5,16,13,2,5,0.6250
5,16,14,3,5,0.6250
5,16,15,2,3,0.6250
5,16,16,2,5,0.7500
5,16,17,2,5,0.5000
5,16,18,2,5,0.5625
5,16,19,2,5,0.5000
5,16,20,2,5,0.5000
5,16,21,3,5,0.5625
5,16,22,1,5,0.6250
5,16,23,2,3,0.6875
5,16,24,3,5,0.6875
5,16,25,3,5,0.5000
5,16,26,3,5,0.7500
5,16,27,3,5,0.5000
5,16,28,3,5,0.7500
5,16,29,1,5,0.7500
5,16,30,2,5,0.5000
5,16,31,3,5,0.5000
5,16,32,4,5,0.5000
5,16,33,2,5,0.5000
5,16,34,2,5,0.5000
5,16,35,2,5,0.6250
5,16,36,2,5,0.5000
5,16,37,2,5,0.7500
5,16,38,1,5,0.7500
5,16,39,2,5,0.6875
5,16,40,3,5,0.6250
5,16,41,2,5,0.5625
5,16,42,3,5,0.5000
5,16,43,2,3,0.6875
5,16,44,3,5,0.5000
5,16,45,2,5,0.5000
5,16,46,2,5,0.5000
5,16,47,2,3,0.6875
5,16,48,3,5,0.5000
5,16,49,3,5,0.6250
5,16,50,2,5,0.5625
5,16,51,2,3,0.6875
5,16,52,2,5,0.5625
5,16,53,3,5,0.6875
5,16,54,2,5,0.6250
5,16,55,3,5,0.5000
5,16,56,3,5,0.5000
5,16,57,2,5,0.5625
5,16,58,3,5,0.5000
5,16,59,1,5,0.7500
5,16,60,2,5,0.5000
5,16,61,2,5,0.5625
5,16,62,2,5,0.5000
5,16,63,3,5,0.5000
5,16,64,3,5,0.5000
5,16,65,3,5,0.5625
5,16,66,3,5,0.6250
5,16,67,2,5,0.5625
5,16,68,2,5,0.6875
5,16,69,2,5,0.6250
5,16,70,2,5,0.5000
5,16,71,2,5,0.6875
5,16,72,2,5,0.5000
5,16,73,2,5,0.5000
5,16,74,2,5,0.5625
5,16,75,2,5,0.5625
5,16,76,2,5,0.5625
5,16,77,2,5,0.6250
5,16,78,2,5,0.5000
5,16,79,2,5,0.6250
5,16,80,3,5,0.5000
5,16,81,1,5,0.7500
5,16,82,3,5,0.5625
5,16,83,2,5,0.5000
5,16,84,1,5,0.5000
5,16,85,2,5,0.7500
5,16,86,3,5,0.6875
5,16,87,2,5,0.5000
5,16,88,2,5,0.5000
5,16,89,2,5,0.5625
5,16,90,2,3,0.6250
5,16,91,3,5,0.6250
5,16,92,2,5,0.5000
5,16,93,2,5,0.6875
5,16,94,2,5,0.6875
5,16,95,2,5,0.5000
5,16,96,2,5,0.5625
5,16,97,1,5,0.5625
5,16,98,4,5,0.6250
5,16,99,3,5,0.7500
5,16,100,2,5,0.5000
5,16,101,1,5,0.7500
5,16,102,4,5,0.6875
5,16,103,3,5,0.6250
5,16,104,1,3,0.6250
5,16,105,4,5,0.6875
5,16,106,3,5,0.5000
5,16,107,2,5,0.5000
5,16,108,3,5,0.6250
5,16,109,3,5,0.5625
5,16,110,3,5,0.6250
5,16,111,3,5,0.5000
5,16,112,3,5,0.6875
5,16,113,1,5,0.7500
5,16,114,4,5,0.6875
5,16,115,2,5,0.5000
5,16,116,2,5,0.5000
5,16,117,3,5,0.5000
5,16,118,2,5,0.6875
5,16,119,2,5,0.6250
5,16,120,1,5,0.7500
5,16,121,4,5,0.6250
5,16,122,1,3,0.6875
5,16,123,4,5,0.5625
5,16,124,2,5,0.6250
5,16,125,2,5,0.6250
5,16,126,2,5,0.5000
5,16,127,2,5,0.5625
5,16,128,2,5,0.5000
5,16,129,3,5,0.5000
5,16,130,2,5,0.6250
5,16,131,3,5,0.5625
5,16,132,3,5,0.6250
5,16,133,2,5,0.5000
5,16,134,2,5,0.6875
5,16,135,2,5,0.6875
5,16,136,4,5,0.6250
5,16,137,3,5,0.6250
5,16,138,2,5,0.6250
5,16,139,3,3,0.6875
5,16,140,3,5,0.6250
5,16,141,2,5,0.6250
5,16,142,3,5,0.5000
5,16,143,2,5,0.6250
5,16,144,3,5,0.6250
5,16,145,2,5,0.5000
5,16,146,2,5,0.6250
5,16,147,3,5,0.6875
5,16,148,2,5,0.6875
5,16,149,3,3,0.6875
5,16,150,3,5,0.6250
5,16,151,2,5,0.6875
5,16,152,2,3,0.6250
5,16,153,2,3,0.6250
5,16,154,2,5,0.6250
5,16,155,2,5,0.6250
5,16,156,3,5,0.5000
5,16,157,2,5,0.5625
5,16,158,2,5,0.5000
5,16,159,1,5,0.5625
5,16,160,2,5,0.6250
5,16,161,2,5,0.5625
5,16,162,2,5,0.6875
5,16,163,3,5,0.6250
5,16,164,2,5,0.5000
5,16,165,1,5,0.5625
5,16,166,4,5,0.5000
5,16,167,2,5,0.6875
5,16,168,2,5,0.6250
5,16,169,1,7,0.7500
5,16,170,3,5,0.6250
5,16,171,1,5,0.6875
5,16,172,2,5,0.5000
5,16,173,2,5,0.5000
5,16,174,2,5,0.6875
5,16,175,2,5,0.5625
5,16,176,2,5,0.5000
5,16,177,2,5,0.5625
5,16,178,1,5,0.7500
5,16,179,3,5,0.5625
5,16,180,2,5,0.7500
5,16,181,2,3,0.6875
5,16,182,2,5,0.5625
5,16,183,2,5,0.6875
5,16,184,4,5,0.6875
5,16,185,2,5,0.6250
5,16,186,2,5,0.6250
5,16,187,3,5,0.6250
5,16,188,2,5,0.6875
5,16,189,2,5,0.6250
5,16,190,3,5,0.6250
5,16,191,1,5,0.6250
5,16,192,2,5,0.6250
5,16,193,3,5,0.6250
5,16,194,3,5,0.5625
5,16,195,3,5,0.5625
5,16,196,2,5,0.5625
5,16,197,2,5,0.6250
5,16,198,2,5,0.6250
5,16,199,4,5,0.5625
5,20,0,2,3,0.7000
5,20,1,2,5,0.6000
5,20,2,4,5,0.6000
5,20,3,3,5,0.6000
5,20,4,3,5,0.6000
5,20,5,3,5,0.6000
5,20,6,2,5,0.6000
5,20,7,3,5,0.5500
5,20,8,2,5,0.6000
5,20,9,3,5,0.6000
5,20,10,3,5,0.6000
5,20,11,2,5,0.6500
5,20,12,2,5,0.6000
5,20,13,1,3,0.7000
5,20,14,4,5,0.7000
5,20,15,5,5,0.5500
5,20,16,2,5,0.5000
5,20,17,3,5,0.6000
5,20,18,2,5,0.6500
5,20,19,2,5,0.5500
5,20,20,2,5,0.6000
5,20,21,2,5,0.5000
5,20,22,3,5,0.5500
5,20,23,2,5,0.5500
5,20,24,4,5,0.6500
5,20,25,2,5,0.7000
5,20,26,2,5,0.6500
5,20,27,2,5,0.6500
5,20,28,3,5,0.5500
5,20,29,5,5,0.6500
5,20,30,4,5,0.7000
5,20,31,2,3,0.6500
5,20,32,2,5,0.5500
5,20,33,3,5,0.7000
5,20,34,3,5,0.5500
5,20,35,3,5,0.5500
5,20,36,3,5,0.6500
5,20,37,3,5,0.6000
5,20,38,5,5,0.6000
5,20,39,2,5,0.6000
5,20,40,2,5,0.5500
5,20,41,3,5,0.6000
5,20,42,5,5,0.5500
5,20,43,3,5,0.7000
5,20,44,3,6,0.6000
5,20,45,3,5,0.6000
5,20,46,2,3,0.7000
5,20,47,3,5,0.7000
5,20,48,2,5,0.5000
5,20,49,2,5,0.6000
5,20,50,2,5,0.6500
5,20,51,2,5,0.6000
5,20,52,2,5,0.6000
5,20,53,2,5,0.6000
5,20,54,2,5,0.5000
5,20,55,2,3,0.6500
5,20,56,2,5,0.5000
5,20,57,2,5,0.6500
5,20,58,2,5,0.5500
5,20,59,4,5,0.6500
5,20,60,2,5,0.6000
5,20,61,2,5,0.5000
5,20,62,3,5,0.6000
5,20,63,2,5,0.5000
5,20,64,1,5,0.5500
5,20,65,3,5,0.5500
5,20,66,4,5,0.5500
5,20,67,2,5,0.7000
5,20,68,2,5,0.6500
5,20,69,2,5,0.6500
5,20,70,3,5,0.5000
5,20,71,2,5,0.6500
5,20,72,2,5,0.6000
5,20,73,3,5,0.6500
5,20,74,2,5,0.6000
5,20,75,2,5,0.5500
5,20,76,2,5,0.6000
5,20,77,3,5,0.6500
5,20,78,2,5,0.6000
5,20,79,2,5,0.6500
5,20,80,2,5,0.5000
5,20,81,2,5,0.6000
5,20,82,4,5,0.6000
5,20,83,2,5,0.6000
5,20,84,3,5,0.6000
5,20,85,3,5,0.6500
5,20,86,2,5,0.5000
5,20,87,3,5,0.6000
5,20,88,3,5,0.5000
5,20,89,2,5,0.6500
5,20,90,3,5,0.6000
5,20,91,4,5,0.6000
5,20,92,3,5,0.7000
5,20,93,4,5,0.6500
5,20,94,2,5,0.7000
5,20,95,4,5,0.5500
5,20,96,2,5,0.6500
5,20,97,2,5,0.6000
5,20,98,2,5,0.5000
5,20,99,2,5,0.5500
5,20,100,2,5,0.7000
5,20,101,2,5,0.5500
5,20,102,2,5,0.5000
5,20,103,2,5,0.6000
5,20,104,2,3,0.6500
5,20,105,2,3,0.6500
5,20,106,2,5,0.5500
5,20,107,2,5,0.6000
5,20,108,3,5,0.6000
5,20,109,4,5,0.6000
5,20,110,2,5,0.6500
5,20,111,1,3,0.6500
5,20,112,2,5,0.7000
5,20,113,2,5,0.6500
5,20,114,2,5,0.6500
5,20,115,2,3,0.6500
5,20,116,4,5,0.6500
5,20,117,2,5,0.6000
5,20,118,2,5,0.5000
5,20,119,2,5,0.6000
5,20,120,2,5,0.5500
5,20,121,2,5,0.6000
5,20,122,1,5,0.7000
5,20,123,1,5,0.6000
5,20,124,2,3,0.6500
5,20,125,2,5,0.6500
5,20,126,3,5,0.5500
5,20,127,2,5,0.5500
5,20,128,2,5,0.7000
5,20,129,2,5,0.6500
5,20,130,2,5,0.7000
5,20,131,2,5,0.5000
5,20,132,2,5,0.6000
5,20,133,3,3,0.6500
5,20,134,2,5,0.6000
5,20,135,3,5,0.6500
5,20,136,2,3,0.6500
5,20,137,5,5,0.6000
5,20,138,2,5,0.6000
5,20,139,4,5,0.6500
5,20,140,2,5,0.5000
5,20,141,2,5,0.7000
5,20,142,3,5,0.7000
5,20,143,2,5,0.6000
5,20,144,2,5,0.5000
5,20,145,2,5,0.5000
5,20,146,3,5,0.7000
5,20,147,3,3,0.6500
5,20,148,3,5,0.6000
5,20,149,4,5,0.5500
5,20,150,2,5,0.6000
5,20,151,4,5,0.7000
5,20,152,2,5,0.6000
5,20,153,2,3,0.6500
5,20,154,2,5,0.5500
5,20,155,2,5,0.5500
5,20,156,2,3,0.6500
5,20,157,2,5,0.5500
5,20,158,2,5,0.6500
5,20,159,2,5,0.6500
5,20,160,3,5,0.6000
5,20,161,2,5,0.5500
5,20,162,2,5,0.6000
5,20,163,2,5,0.5500
5,20,164,3,5,0.6500
5,20,165,1,5,0.6500
5,20,166,2,5,0.5500
5,20,167,2,5,0.6500
5,20,168,2,6,0.7500
5,20,169,2,5,0.5000
5,20,170,2,5,0.6500
5,20,171,2,3,0.6500
5,20,172,2,6,0.6500
5,20,173,1,5,0.6000
5,20,174,2,5,0.6000
5,20,175,2,5,0.6500
5,20,176,2,5,0.6500
5,20,177,3,5,0.5500
5,20,178,3,5,0.5500
5,20,179,3,5,0.5000
5,20,180,3,5,0.5500
5,20,181,2,3,0.7000
5,20,182,2,3,0.6500
5,20,183,3,5,0.6500
5,20,184,3,5,0.7000
5,20,185,2,5,0.5000
5,20,186,2,5,0.6000
5,20,187,3,5,0.6000
5,20,188,2,5,0.6000
5,20,189,3,5,0.5500
5,20,190,3,5,0.7000
5,20,191,2,5,0.6500
5,20,192,4,5,0.6000
5,20,193,2,5,0.6000
5,20,194,3,5,0.5500
5,20,195,3,5,0.6000
5,20,196,2,5,0.6000
5,20,197,3,5,0.7000
5,20,198,4,5,0.6500
5,20,199,2,5,0.6500
5,24,0,3,7,0.5000
5,24,1,2,7,0.6250
5,24,2,2,7,0.5000
5,24,3,2,7,0.5417
5,24,4,3,7,0.5417
5,24,5,3,7,0.5417
5,24,6,4,7,0.5833
5,24,7,2,7,0.5000
5,24,8,2,7,0.6250
5,24,9,3,7,0.5833
5,24,10,3,7,0.5000
5,24,11,3,7,0.6667
5,24,12,2,7,0.5000
5,24,13,2,7,0.5000
5,24,14,2,7,0.5000
5,24,15,4,7,0.6250
5,24,16,1,7,0.5833
5,24,17,2,7,0.5000
5,24,18,2,7,0.5417
5,24,19,4,7,0.5000
5,24,20,3,7,0.5417
5,24,21,3,7,0.5417
5,24,22,3,7,0.5417
5,24,23,2,7,0.6667
5,24,24,3,7,0.5417
5,24,25,3,7,0.5000
5,24,26,2,7,0.5417
5,24,27,2,7,0.5000
5,24,28,2,7,0.5000
5,24,29,3,7,0.6667
5,24,30,2,7,0.5000
5,24,31,2,7,0.5000
5,24,32,3,7,0.6250
5,24,33,2,7,0.5000
5,24,34,2,7,0.6250
5,24,35,3,7,0.6250
5,24,36,3,7,0.5417
5,24,37,2,7,0.5000
5,24,38,2,7,0.6250
5,24,39,2,7,0.5000
5,24,40,3,7,0.5833
5,24,41,2,7,0.6250
5,24,42,2,7,0.5000
5,24,43,2,7,0.5000
5,24,44,3,7,0.6250
5,24,45,3,7,0.6667
5,24,46,3,7,0.5833
5,24,47,3,7,0.5833
5,24,48,2,7,0.5417
5,24,49,4,7,0.5833
5,24,50,4,7,0.5417
5,24,51,3,7,0.5000
5,24,52,3,7,0.5833
5,24,53,2,7,0.5000
5,24,54,1,7,0.6667
5,24,55,4,7,0.6250
5,24,56,3,7,0.6667
5,24,57,2,7,0.5000
5,24,58,2,7,0.6250
5,24,59,2,7,0.5417
5,24,60,3,7,0.6250
5,24,61,1,7,0.6667
5,24,62,2,7,0.6667
5,24,63,5,7,0.5417
5,24,64,3,7,0.6250
5,24,65,2,7,0.5000
5,24,66,3,7,0.5417
5,24,67,2,7,0.5000
5,24,68,2,7,0.5417
5,24,69,4,7,0.6250
5,24,70,4,7,0.5833
5,24,71,3,7,0.6250
5,24,72,2,7,0.5000
5,24,73,3,7,0.5417
5,24,74,2,7,0.6667
5,24,75,2,7,0.5000
5,24,76,2,7,0.6250
5,24,77,2,7,0.5833
5,24,78,2,7,0.5417
5,24,79,2,7,0.5000
5,24,80,2,7,0.6250
5,24,81,3,7,0.5000
5,24,82,2,7,0.5000
5,24,83,3,7,0.6250
5,24,84,2,7,0.5417
5,24,85,3,7,0.5833
5,24,86,3,7,0.5833
5,24,87,3,7,0.6250
5,24,88,2,7,0.5417
5,24,89,2,7,0.5000
5,24,90,2,7,0.5417
5,24,91,3,7,0.6250
5,24,92,2,7,0.5000
5,24,93,2,7,0.5833
5,24,94,3,7,0.5000
5,24,95,2,7,0.5417
5,24,96,2,7,0.6250
5,24,97,2,7,0.5417
5,24,98,3,7,0.6667
5,24,99,2,7,0.5833
5,24,100,3,7,0.5833
5,24,101,3,7,0.6250
5,24,102,3,7,0.6250
5,24,103,2,7,0.5417
5,24,104,3,7,0.5000
5,24,105,2,7,0.5000
5,24,106,2,7,0.5000
5,24,107,2,7,0.5000
5,24,108,2,7,0.5417
5,24,109,2,7,0.6250
5,24,110,3,7,0.5000
5,24,111,2,7,0.6250
5,24,112,2,7,0.5417
5,24,113,2,7,0.6250
5,24,114,2,7,0.5417
5,24,115,3,7,0.6250
5,24,116,2,7,0.5000
5,24,117,2,7,0.5000
5,24,118,2,7,0.5000
5,24,119,3,7,0.5417
5,24,120,2,7,0.6250
5,24,121,3,7,0.5417
5,24,122,2,7,0.5833
5,24,123,2,7,0.6250
5,24,124,2,7,0.5417
5,24,125,3,7,0.6250
5,24,126,3,7,0.5000
5,24,127,3,7,0.5000
5,24,128,3,7,0.5417
5,24,129,2,7,0.5000
5,24,130,2,7,0.6250
5,24,131,2,7,0.5417
5,24,132,3,7,0.6250
5,24,133,3,7,0.6250
5,24,134,2,7,0.5833
5,24,135,3,7,0.6667
5,24,136,2,7,0.5417
5,24,137,3,7,0.6250
5,24,138,2,7,0.5000
5,24,139,3,7,0.6250
5,24,140,3,7,0.5417
5,24,141,2,7,0.5833
5,24,142,2,7,0.5000
5,24,143,2,7,0.5000
5,24,144,2,7,0.5417
5,24,145,2,7,0.5000
5,24,146,2,7,0.5833
5,24,147,3,7,0.5417
5,24,148,2,7,0.6250
5,24,149,3,7,0.5833
5,24,150,4,7,0.6250
5,24,151,3,7,0.6667
5,24,152,3,7,0.5000
5,24,153,4,7,0.5000
5,24,154,2,7,0.6250
5,24,155,4,7,0.6250
5,24,156,2,7,0.5000
5,24,157,2,7,0.5417
5,24,158,2,7,0.5417
5,24,159,2,7,0.5833
5,24,160,2,7,0.5000
5,24,161,3,7,0.5417
5,24,162,2,7,0.5000
5,24,163,4,7,0.5000
5,24,164,3,7,0.5833
5,24,165,5,7,0.6250
5,24,166,2,7,0.5000
5,24,167,4,7,0.5000
5,24,168,5,7,0.6667
5,24,169,2,7,0.5417
5,24,170,2,7,0.5417
5,24,171,2,7,0.6250
5,24,172,3,7,0.5417
5,24,173,2,7,0.5417
5,24,174,2,7,0.5833
5,24,175,3,7,0.5417
5,24,176,2,7,0.5833
5,24,177,2,7,0.5417
5,24,178,2,7,0.5833
5,24,179,2,7,0.5417
5,24,180,3,7,0.5417
5,24,181,3,7,0.5000
5,24,182,2,7,0.5417
5,24,183,3,7,0.6250
5,24,184,2,7,0.5417
5,24,185,2,7,0.5417
5,24,186,2,7,0.6250
5,24,187,2,7,0.5417
5,24,188,3,7,0.5417
5,24,189,2,7,0.5000
5,24,190,2,7,0.6250
5,24,191,3,7,0.6250
5,24,192,4,7,0.5000
5,24,193,4,7,0.6250
5,24,194,4,7,0.6250
5,24,195,2,7,0.6667
5,24,196,3,7,0.5833
5,24,197,2,7,0.6250
5,24,198,2,7,0.6250
5,24,199,3,7,0.5417
5,28,0,3,8,0.6786
5,28,1,2,33,0.5714
5,28,2,4,33,0.6786
5,28,3,2,33,0.6429
5,28,4,4,33,0.5357
5,28,5,4,33,0.6786
5,28,6,3,33,0.5357
5,28,7,3,33,0.6429
5,28,8,4,33,0.6071
5,28,9,3,33,0.5357
5,28,10,2,33,0.6786
5,28,11,4,8,0.6786
5,28,12,3,8,0.6071
5,28,13,2,33,0.5714
5,28,14,2,33,0.5714
5,28,15,2,33,0.6071
5,28,16,3,33,0.6071
5,28,17,5,8,0.7143
5,28,18,3,33,0.5714
5,28,19,2,33,0.5714
5,28,20,2,8,0.6071
5,28,21,4,33,0.6786
5,28,22,2,33,0.6071
5,28,23,4,33,0.6071
5,28,24,3,33,0.6786
5,28,25,2,33,0.6071
5,28,26,2,33,0.5714
5,28,27,3,8,0.6071
5,28,28,4,33,0.6429
5,28,29,3,33,0.6071
5,28,30,2,33,0.6071
5,28,31,2,33,0.6786
5,28,32,2,8,0.5714
5,28,33,2,8,0.6429
5,28,34,2,33,0.5714
5,28,35,3,8,0.6071
5,28,36,4,8,0.6786
5,28,37,4,8,0.6429
5,28,38,2,8,0.5714
5,28,39,2,33,0.6429
5,28,40,2,33,0.6071
5,28,41,3,33,0.5714
5,28,42,2,33,0.6429
5,28,43,2,33,0.5357
5,28,44,2,33,0.5714
5,28,45,2,33,0.5357
5,28,46,4,8,0.7143
5,28,47,3,33,0.5714
5,28,48,1,8,0.7143
5,28,49,2,33,0.6786
5,28,50,2,33,0.6786
5,28,51,2,33,0.6071
5,28,52,2,33,0.5714
5,28,53,2,33,0.5714
5,28,54,4,33,0.6429
5,28,55,3,8,0.5714
5,28,56,3,8,0.5714
5,28,57,3,33,0.6429
5,28,58,2,33,0.5714
5,28,59,4,33,0.6786
5,28,60,2,33,0.6071
5,28,61,2,33,0.5357
5,28,62,3,33,0.6786
5,28,63,2,33,0.6071
5,28,64,2,3,0.6786
5,28,65,2,33,0.6071
5,28,66,3,33,0.5714
5,28,67,4,33,0.6786
5,28,68,2,8,0.6071
5,28,69,2,33,0.6786
5,28,70,2,33,0.6071
5,28,71,3,8,0.5714
5,28,72,2,8,0.7143
5,28,73,2,33,0.6429
5,28,74,3,33,0.6429
5,28,75,2,33,0.5357
5,28,76,4,33,0.5714
5,28,77,3,33,0.5357
5,28,78,1,33,0.6429
5,28,79,3,8,0.5714
5,28,80,3,33,0.5357
5,28,81,3,33,0.5714
5,28,82,3,33,0.5714
5,28,83,2,8,0.6786
5,28,84,2,8,0.7143
5,28,85,2,33,0.5714
5,28,86,2,33,0.6071
5,28,87,2,33,0.6071
5,28,88,2,33,0.5714
5,28,89,3,8,0.7143
5,28,90,3,33,0.6429
5,28,91,3,33,0.6429
5,28,92,3,3,0.6786
5,28,93,2,33,0.5357
5,28,94,3,33,0.6786
5,28,95,5,8,0.6429
5,28,96,2,8,0.5714
5,28,97,3,33,0.6071
5,28,98,2,33,0.6786
5,28,99,2,33,0.6429
5,28,100,3,33,0.5714
5,28,101,2,33,0.6071
5,28,102,2,33,0.6071
5,28,103,2,8,0.5714
5,28,104,2,33,0.5714
5,28,105,2,33,0.5714
5,28,106,2,33,0.5714
5,28,107,2,33,0.6429
5,28,108,4,33,0.6429
5,28,109,4,33,0.6786
5,28,110,3,33,0.5357
5,28,111,5,8,0.6786
5,28,112,3,33,0.6071
5,28,113,4,8,0.6786
5,28,114,3,33,0.6429
5,28,115,2,33,0.6429
5,28,116,3,33,0.5714
5,28,117,2,33,0.6786
5,28,118,3,33,0.6071
5,28,119,3,33,0.5714
5,28,120,3,8,0.6429
5,28,121,2,3,0.6429
5,28,122,2,33,0.5357
5,28,123,2,33,0.5714
5,28,124,2,33,0.5714
5,28,125,2,33,0.5714
5,28,126,3,33,0.5357
5,28,127,2,33,0.6071
5,28,128,3,33,0.5714
5,28,129,2,33,0.6429
5,28,130,2,8,0.5714
5,28,131,3,33,0.5357
5,28,132,4,33,0.5714
5,28,133,2,8,0.6429
5,28,134,2,33,0.5357
5,28,135,3,33,0.6786
5,28,136,2,3,0.6786
5,28,137,2,8,0.6786
5,28,138,2,8,0.5714
5,28,139,4,33,0.6786
5,28,140,3,8,0.6071
5,28,141,4,33,0.6429
5,28,142,3,33,0.5714
5,28,143,3,33,0.5714
5,28,144,2,33,0.6429
5,28,145,3,33,0.5357
5,28,146,3,8,0.5714
5,28,147,4,33,0.6429
5,28,148,3,3,0.6786
5,28,149,2,33,0.6429
5,28,150,3,33,0.5357
5,28,151,3,33,0.6786
5,28,152,2,33,0.5714
5,28,153,4,33,0.6786
5,28,154,2,8,0.6786
5,28,155,2,33,0.5357
5,28,156,3,33,0.6786
5,28,157,4,33,0.6786
5,28,158,2,33,0.5714
5,28,159,2,33,0.5714
5,28,160,2,8,0.5714
5,28,161,4,3,0.6429
5,28,162,4,33,0.6786
5,28,163,2,33,0.5357
5,28,164,4,8,0.5714
5,28,165,2,33,0.6071
5,28,166,2,33,0.5714
5,28,167,2,33,0.5714
5,28,168,2,33,0.6429
5,28,169,2,33,0.5357
5,28,170,3,33,0.5714
5,28,171,4,8,0.6786
5,28,172,2,8,0.6429
5,28,173,2,3,0.6429
5,28,174,3,8,0.7143
5,28,175,3,33,0.5357
5,28,176,2,33,0.5714
5,28,177,3,33,0.6429
5,28,178,5,3,0.6429
5,28,179,5,8,0.6786
5,28,180,3,33,0.6786
5,28,181,2,33,0.5357
5,28,182,3,8,0.5714
5,28,183,2,33,0.5714
5,28,184,3,33,0.6071
5,28,185,3,33,0.6429
5,28,186,3,33,0.6071
5,28,187,2,33,0.6071
5,28,188,4,33,0.6786
5,28,189,2,33,0.5714
5,28,190,4,8,0.6071
5,28,191,2,33,0.6071
5,28,192,2,33,0.6071
5,28,193,2,8,0.6786
5,28,194,2,33,0.5714
5,28,195,2,33,0.5714
5,28,196,3,33,0.5714
5,28,197,3,8,0.5714
5,28,198,3,33,0.5714
5,28,199,3,8,0.7143
5,32,0,2,9,0.5000
5,32,1,3,9,0.6250
5,32,2,2,9,0.5312
5,32,3,4,9,0.5000
5,32,4,2,3,0.6875
5,32,5,3,9,0.6250
5,32,6,2,9,0.5625
5,32,7,2,9,0.5000
5,32,8,2,9,0.5000
5,32,9,3,9,0.5625
5,32,10,3,9,0.5312
5,32,11,4,9,0.5938
5,32,12,3,9,0.5938
5,32,13,2,3,0.6875
5,32,14,2,9,0.5312
5,32,15,3,9,0.5938
5,32,16,2,9,0.5938
5,32,17,2,9,0.5312
5,32,18,2,9,0.5938
5,32,19,2,9,0.5312
5,32,20,3,9,0.6250
5,32,21,4,9,0.5938
5,32,22,2,9,0.5312
5,32,23,4,9,0.5000
5,32,24,3,9,0.5625
5,32,25,2,9,0.5000
5,32,26,3,9,0.5000
5,32,27,5,9,0.6250
5,32,28,2,9,0.5312
5,32,29,2,9,0.5000
5,32,30,4,9,0.5312
5,32,31,2,9,0.5000
5,32,32,4,9,0.5938
5,32,33,3,9,0.5938
5,32,34,4,9,0.5312
5,32,35,4,9,0.5312
5,32,36,2,9,0.5000
5,32,37,4,9,0.6250
5,32,38,2,9,0.5312
5,32,39,2,9,0.5312
5,32,40,3,9,0.5312
5,32,41,3,9,0.5625
5,32,42,3,9,0.5625
5,32,43,2,9,0.5625
5,32,44,3,9,0.5312
5,32,45,5,9,0.5938
5,32,46,4,9,0.5000
5,32,47,3,9,0.5312
5,32,48,3,9,0.5000
5,32,49,3,9,0.5000
5,32,50,3,9,0.5625
5,32,51,2,9,0.5625
5,32,52,2,9,0.5312
5,32,53,4,9,0.5000
5,32,54,3,9,0.5312
5,32,55,4,9,0.6250
5,32,56,3,9,0.5000
5,32,57,3,9,0.5938
5,32,58,3,9,0.5000
5,32,59,3,9,0.6250
5,32,60,2,9,0.5625
5,32,61,2,9,0.5312
5,32,62,2,9,0.5000
5,32,63,3,9,0.5625
5,32,64,3,9,0.5625
5,32,65,2,9,0.5312
5,32,66,3,9,0.5625
5,32,67,3,9,0.5312
5,32,68,3,9,0.6250
5,32,69,2,9,0.5312
5,32,70,3,9,0.5625
5,32,71,4,9,0.5312
5,32,72,7,9,0.5938
5,32,73,3,9,0.6250
5,32,74,2,9,0.5000
5,32,75,2,9,0.6250
5,32,76,2,9,0.5000
5,32,77,2,9,0.5000
5,32,78,2,3,0.6875
5,32,79,2,9,0.5625
5,32,80,2,9,0.5312
5,32,81,2,9,0.5312
5,32,82,2,37,0.6875
5,32,83,2,9,0.5000
5,32,84,4,9,0.5625
5,32,85,2,9,0.5312
5,32,86,3,9,0.6250
5,32,87,2,37,0.7188
5,32,88,4,9,0.5000
5,32,89,3,9,0.5625
5,32,90,2,9,0.5312
5,32,91,3,9,0.5000
5,32,92,2,9,0.5312
5,32,93,3,9,0.6250
5,32,94,3,9,0.5938
5,32,95,4,9,0.6250
5,32,96,2,9,0.5312
5,32,97,3,9,0.5938
5,32,98,3,9,0.5000
5,32,99,2,9,0.5312
5,32,100,2,9,0.5000
5,32,101,3,9,0.6250
5,32,102,3,9,0.5312
5,32,103,2,9,0.5938
5,32,104,3,9,0.5625
5,32,105,2,9,0.5938
5,32,106,2,9,0.5000
5,32,107,4,9,0.5312
5,32,108,3,9,0.6250
5,32,109,3,9,0.5625
5,32,110,3,9,0.6250
5,32,111,2,9,0.5312
5,32,112,6,9,0.5625
5,32,113,3,9,0.5938
5,32,114,5,9,0.5000
5,32,115,3,9,0.5938
5,32,116,3,9,0.5938
5,32,117,2,9,0.5625
5,32,118,2,9,0.5000
5,32,119,3,9,0.5625
5,32,120,3,9,0.6250
5,32,121,3,9,0.5000
5,32,122,2,9,0.5000
5,32,123,2,9,0.5000
5,32,124,2,9,0.5312
5,32,125,2,9,0.5312
5,32,126,2,9,0.5000
5,32,127,3,9,0.5312
5,32,128,2,9,0.5625
5,32,129,3,9,0.5625
5,32,130,3,9,0.5312
5,32,131,4,9,0.5938
5,32,132,2,9,0.5938
5,32,133,4,9,0.5312
5,32,134,5,9,0.5938
5,32,135,3,9,0.5000
5,32,136,2,9,0.5312
5,32,137,4,9,0.5312
5,32,138,2,9,0.5000
5,32,139,3,9,0.5625
5,32,140,3,9,0.5625
5,32,141,2,9,0.5625
5,32,142,3,9,0.5000
5,32,143,3,9,0.5000
5,32,144,2,9,0.5625
5,32,145,4,9,0.5000
5,32,146,2,9,0.5000
5,32,147,3,9,0.5938
5,32,148,2,9,0.5000
5,32,149,3,9,0.5000
5,32,150,3,9,0.5625
5,32,151,3,9,0.5938
5,32,152,3,9,0.5625
5,32,153,5,9,0.5625
5,32,154,4,9,0.5000
5,32,155,3,9,0.5625
5,32,156,2,9,0.5938
5,32,157,2,9,0.5938
5,32,158,2,9,0.5312
5,32,159,4,9,0.5312
5,32,160,3,9,0.5938
5,32,161,2,9,0.5000
5,32,162,3,9,0.5938
5,32,163,3,9,0.5625
5,32,164,4,9,0.5938
5,32,165,2,9,0.6250
5,32,166,4,9,0.5625
5,32,167,3,9,0.5938
5,32,168,5,9,0.5938
5,32,169,2,9,0.5938
5,32,170,2,9,0.5312
5,32,171,3,9,0.6250
5,32,172,3,9,0.5625
5,32,173,2,3,0.6562
5,32,174,2,9,0.5312
5,32,175,2,9,0.6250
5,32,176,4,9,0.5000
5,32,177,2,9,0.5938
5,32,178,2,9,0.5000
5,32,179,3,9,0.5938
5,32,180,2,9,0.5000
5,32,181,4,9,0.6250
5,32,182,3,9,0.6250
5,32,183,4,9,0.5312
5,32,184,2,9,0.5000
5,32,185,4,9,0.5000
5,32,186,3,9,0.5312
5,32,187,3,9,0.5938
5,32,188,3,9,0.5625
5,32,189,3,9,0.5625
5,32,190,3,9,0.6250
5,32,191,3,9,0.5938
5,32,192,3,9,0.5938
5,32,193,5,9,0.5938
5,32,194,2,9,0.5938
5,32,195,3,9,0.5625
5,32,196,5,9,0.5625
5,32,197,2,9,0.5000
5,32,198,3,9,0.5938
5,32,199,4,9,0.5000
5,36,0,4,10,0.6667
5,36,1,3,10,0.5556
5,36,2,4,10,0.6111
5,36,3,3,10,0.5556
5,36,4,2,10,0.5556
5,36,5,2,5,0.5556
5,36,6,1,41,0.6389
5,36,7,3,41,0.6111
5,36,8,4,10,0.6389
5,36,9,4,41,0.5833
5,36,10,2,41,0.6111
5,36,11,2,10,0.5833
5,36,12,3,10,0.6389
5,36,13,2,115,0.6667
5,36,14,3,10,0.5833
5,36,15,5,10,0.5833
5,36,16,3,10,0.6389
5,36,17,3,41,0.5833
5,36,18,2,41,0.5833
5,36,19,2,41,0.6111
5,36,20,4,10,0.6667
5,36,21,2,10,0.6389
5,36,22,4,41,0.6111
5,36,23,3,10,0.6389
5,36,24,3,10,0.5556
5,36,25,3,10,0.5833
5,36,26,2,10,0.5556
5,36,27,2,10,0.5556
5,36,28,4,41,0.5833
5,36,29,4,10,0.6389
5,36,30,3,10,0.6667
5,36,31,2,10,0.5556
5,36,32,4,10,0.5833
5,36,33,3,41,0.5556
5,36,34,3,41,0.5833
5,36,35,3,10,0.6111
5,36,36,2,10,0.6389
5,36,37,2,41,0.6667
5,36,38,4,10,0.6111
5,36,39,3,41,0.5833
5,36,40,2,41,0.5556
5,36,41,4,10,0.6389
5,36,42,2,10,0.5556
5,36,43,3,10,0.6111
5,36,44,4,10,0.6111
5,36,45,2,10,0.5556
5,36,46,3,41,0.6389
5,36,47,3,41,0.6111
5,36,48,2,10,0.5556
5,36,49,4,10,0.6389
5,36,50,3,41,0.5833
5,36,51,3,41,0.6389
5,36,52,5,41,0.6667
5,36,53,4,10,0.6111
5,36,54,4,41,0.6667
5,36,55,2,10,0.6667
5,36,56,2,41,0.6667
5,36,57,3,10,0.5833
5,36,58,3,10,0.5833
5,36,59,3,41,0.6111
5,36,60,5,10,0.5833
5,36,61,3,10,0.5556
5,36,62,3,10,0.5556
5,36,63,5,10,0.6389
5,36,64,2,41,0.5833
5,36,65,3,10,0.6667
5,36,66,2,10,0.6111
5,36,67,3,41,0.5833
5,36,68,3,10,0.5556
5,36,69,4,10,0.5833
5,36,70,2,41,0.5556
5,36,71,4,10,0.6389
5,36,72,2,41,0.5833
5,36,73,5,41,0.6111
5,36,74,2,10,0.6389
5,36,75,3,41,0.6111
5,36,76,3,10,0.5556
5,36,77,2,41,0.6111
5,36,78,3,41,0.6389
5,36,79,3,41,0.6111
5,36,80,4,41,0.5833
5,36,81,2,41,0.5833
5,36,82,2,41,0.5833
5,36,83,3,10,0.6389
5,36,84,4,41,0.6111
5,36,85,2,5,0.6111
5,36,86,4,10,0.5833
5,36,87,2,10,0.6111
5,36,88,3,41,0.6111
5,36,89,2,10,0.5556
5,36,90,2,41,0.6111
5,36,91,2,41,0.5833
5,36,92,4,10,0.6667
5,36,93,2,10,0.6111
5,36,94,3,41,0.6111
5,36,95,3,5,0.5556
5,36,96,3,10,0.5556
5,36,97,2,10,0.6667
5,36,98,2,5,0.6389
5,36,99,3,10,0.6111
5,36,100,4,10,0.6667
5,36,101,2,41,0.5556
5,36,102,4,41,0.5833
5,36,103,3,10,0.5833
5,36,104,2,10,0.6111
5,36,105,3,41,0.5556
5,36,106,4,41,0.5833
5,36,107,2,41,0.5833
5,36,108,3,41,0.6111
5,36,109,3,41,0.6111
5,36,110,2,41,0.5833
5,36,111,2,41,0.6389
5,36,112,3,10,0.5833
5,36,113,3,41,0.6389
5,36,114,3,10,0.5833
5,36,115,2,41,0.6111
5,36,116,3,41,0.5833
5,36,117,3,10,0.5833
5,36,118,2,41,0.5833
5,36,119,2,41,0.6111
5,36,120,3,41,0.5556
5,36,121,2,10,0.6111
5,36,122,2,41,0.6667
5,36,123,2,41,0.5556
5,36,124,4,10,0.5556
5,36,125,3,41,0.5833
5,36,126,3,10,0.5556
5,36,127,3,5,0.5833
5,36,128,3,5,0.6111
5,36,129,2,41,0.6389
5,36,130,3,41,0.5833
5,36,131,5,10,0.6389
5,36,132,2,41,0.5556
5,36,133,3,10,0.5556
5,36,134,3,10,0.5833
5,36,135,4,41,0.6389
5,36,136,2,115,0.6667
5,36,137,3,41,0.5833
5,36,138,2,41,0.5556
5,36,139,2,41,0.5833
5,36,140,4,41,0.6111
5,36,141,4,10,0.5833
5,36,142,2,10,0.6111
5,36,143,3,41,0.5556
5,36,144,4,10,0.6389
5,36,145,4,10,0.6389
5,36,146,3,5,0.6111
5,36,147,2,41,0.6389
5,36,148,2,115,0.6944
5,36,149,2,5,0.6111
5,36,150,4,10,0.5556
5,36,151,3,10,0.5556
5,36,152,2,41,0.5833
5,36,153,4,10,0.5833
5,36,154,3,41,0.6389
5,36,155,4,10,0.6111
5,36,156,2,10,0.5556
5,36,157,3,10,0.5556
5,36,158,5,41,0.6111
5,36,159,3,41,0.5833
5,36,160,3,41,0.5556
5,36,161,4,41,0.6389
5,36,162,2,41,0.6389
5,36,163,2,5,0.5556
5,36,164,3,41,0.6111
5,36,165,4,41,0.5833
5,36,166,4,41,0.6111
5,36,167,2,10,0.5556
5,36,168,5,10,0.6111
5,36,169,3,41,0.6389
5,36,170,3,41,0.5833
5,36,171,4,41,0.5833
5,36,172,4,10,0.6111
5,36,173,2,41,0.6389
5,36,174,2,41,0.6667
5,36,175,3,10,0.5556
5,36,176,2,41,0.6111
5,36,177,3,10,0.5556
5,36,178,3,10,0.6111
5,36,179,4,10,0.5556
5,36,180,2,10,0.6389
5,36,181,3,10,0.6667
5,36,182,2,10,0.6111
5,36,183,3,41,0.6667
5,36,184,4,41,0.6667
5,36,185,2,41,0.5556
5,36,186,3,41,0.6111
5,36,187,2,10,0.5556
5,36,188,2,41,0.6111
5,36,189,2,41,0.5556
5,36,190,2,41,0.5833
5,36,191,3,5,0.6389
5,36,192,2,41,0.5556
5,36,193,2,10,0.6389
5,36,194,3,5,0.5556
5,36,195,3,41,0.6111
5,36,196,4,10,0.6111
5,36,197,4,10,0.6111
5,36,198,3,10,0.5556
5,36,199,3,41,0.6111
5,40,0,3,9,0.6000
5,40,1,2,9,0.5750
5,40,2,3,9,0.5750
5,40,3,5,9,0.5750
5,40,4,2,9,0.5750
5,40,5,4,11,0.6750
5,40,6,3,9,0.5750
5,40,7,4,9,0.6000
5,40,8,3,9,0.6000
5,40,9,5,9,0.6000
5,40,10,3,9,0.5250
5,40,11,4,9,0.5750
5,40,12,6,9,0.5500
5,40,13,3,9,0.5250
5,40,14,3,9,0.6000
5,40,15,5,9,0.5500
5,40,16,4,9,0.5250
5,40,17,4,9,0.5250
5,40,18,3,9,0.6000
5,40,19,6,9,0.5750
5,40,20,3,9,0.6000
5,40,21,2,9,0.5250
5,40,22,3,9,0.6000
5,40,23,5,9,0.5250
5,40,24,2,9,0.5750
5,40,25,2,9,0.5250
5,40,26,3,9,0.5250
5,40,27,3,9,0.5500
5,40,28,4,9,0.5250
5,40,29,4,9,0.6000
5,40,30,2,9,0.5750
5,40,31,4,9,0.5500
5,40,32,3,9,0.6000
5,40,33,4,9,0.5000
5,40,34,4,9,0.5500
5,40,35,3,9,0.6000
5,40,36,3,9,0.5500
5,40,37,2,9,0.5750
5,40,38,6,9,0.5250
5,40,39,2,9,0.5000
5,40,40,3,9,0.6000
5,40,41,6,9,0.5500
5,40,42,5,9,0.5000
5,40,43,4,9,0.5000
5,40,44,4,9,0.6000
5,40,45,3,9,0.6000
5,40,46,3,9,0.6000
5,40,47,5,9,0.5750
5,40,48,3,9,0.6000
5,40,49,3,9,0.6000
5,40,50,4,9,0.5500
5,40,51,4,9,0.5750
5,40,52,4,9,0.5250
5,40,53,6,9,0.5250
5,40,54,3,9,0.5500
5,40,55,4,9,0.5500
5,40,56,3,9,0.5250
5,40,57,3,9,0.5250
5,40,58,3,9,0.5750
5,40,59,4,9,0.5250
5,40,60,5,9,0.5250
5,40,61,3,9,0.6000
5,40,62,4,9,0.5500
5,40,63,6,9,0.5250
5,40,64,3,9,0.5500
5,40,65,5,9,0.5750
5,40,66,4,9,0.5000
5,40,67,3,9,0.5250
5,40,68,3,9,0.6000
5,40,69,5,9,0.5750
5,40,70,5,9,0.5750
5,40,71,5,9,0.5750
5,40,72,2,9,0.5250
5,40,73,3,9,0.6000
5,40,74,4,9,0.5250
5,40,75,2,9,0.5250
5,40,76,4,9,0.5750
5,40,77,5,9,0.6000
5,40,78,5,9,0.5250
5,40,79,2,9,0.6000
5,40,80,4,9,0.6000
5,40,81,4,9,0.5750
5,40,82,3,9,0.5750
5,40,83,4,9,0.5250
5,40,84,3,9,0.5500
5,40,85,2,9,0.5250
5,40,86,3,9,0.5750
5,40,87,2,9,0.5500
5,40,88,4,9,0.5750
5,40,89,3,9,0.5500
5,40,90,2,9,0.6000
5,40,91,3,9,0.5750
5,40,92,3,9,0.5750
5,40,93,5,9,0.5500
5,40,94,4,9,0.5500
5,40,95,4,9,0.5250
5,40,96,2,9,0.5750
5,40,97,3,9,0.6000
5,40,98,2,9,0.5500
5,40,99,2,9,0.5000
5,40,100,4,9,0.5250
5,40,101,3,9,0.5750
5,40,102,2,9,0.5250
5,40,103,5,9,0.5250
5,40,104,5,9,0.5250
5,40,105,3,9,0.5500
5,40,106,5,9,0.5250
5,40,107,3,9,0.5500
5,40,108,3,9,0.6000
5,40,109,5,9,0.6000
5,40,110,2,9,0.5250
5,40,111,4,9,0.5750
5,40,112,3,9,0.6000
5,40,113,4,9,0.5500
5,40,114,5,9,0.6000
5,40,115,3,9,0.6000
5,40,116,2,9,0.6000
5,40,117,4,9,0.5500
5,40,118,2,3,0.6750
5,40,119,4,9,0.5750
5,40,120,3,9,0.6000
5,40,121,3,9,0.5500
5,40,122,4,9,0.5750
5,40,123,2,9,0.5750
5,40,124,3,9,0.6000
5,40,125,2,9,0.5500
5,40,126,3,9,0.5750
5,40,127,3,9,0.5750
5,40,128,3,9,0.5750
5,40,129,5,9,0.6000
5,40,130,3,9,0.5250
5,40,131,3,9,0.5500
5,40,132,6,9,0.5250
5,40,133,3,9,0.5250
5,40,134,5,9,0.5500
5,40,135,5,9,0.5250
5,40,136,4,9,0.5750
5,40,137,2,9,0.5500
5,40,138,2,9,0.5250
5,40,139,3,3,0.6750
5,40,140,2,9,0.5500
5,40,141,4,9,0.5750
5,40,142,5,9,0.5250
5,40,143,3,9,0.6000
5,40,144,4,9,0.5000
5,40,145,2,9,0.6000
5,40,146,3,9,0.5500
5,40,147,5,9,0.5750
5,40,148,4,9,0.5250
5,40,149,3,9,0.5000
5,40,150,3,9,0.5000
5,40,151,4,9,0.5250
5,40,152,6,9,0.5000
5,40,153,4,9,0.5500
5,40,154,4,9,0.5000
5,40,155,3,9,0.6000
5,40,156,5,11,0.6750
5,40,157,2,9,0.5500
5,40,158,3,9,0.6000
5,40,159,3,9,0.5750
5,40,160,2,3,0.6750
5,40,161,3,9,0.5500
5,40,162,3,9,0.5500
5,40,163,4,11,0.6000
5,40,164,3,9,0.5750
5,40,165,3,9,0.6000
5,40,166,5,9,0.6000
5,40,167,3,9,0.6000
5,40,168,3,9,0.6000
5,40,169,3,9,0.5000
5,40,170,3,9,0.5500
5,40,171,4,9,0.5250
5,40,172,4,9,0.6000
5,40,173,3,9,0.6000
5,40,174,3,9,0.6000
5,40,175,3,11,0.6000
5,40,176,3,9,0.5750
5,40,177,5,9,0.5000
5,40,178,2,9,0.5250
5,40,179,3,9,0.6000
5,40,180,3,9,0.6000
5,40,181,3,9,0.6000
5,40,182,3,9,0.5750
5,40,183,3,9,0.5500
5,40,184,4,9,0.5000
5,40,185,2,9,0.5250
5,40,186,3,9,0.5750
5,40,187,5,9,0.6000
5,40,188,4,9,0.6000
5,40,189,5,9,0.5000
5,40,190,3,9,0.5250
5,40,191,2,9,0.5750
5,40,192,2,9,0.5250
5,40,193,4,9,0.6000
5,40,194,3,9,0.5750
5,40,195,3,9,0.5500
5,40,196,2,9,0.5750
5,40,197,4,9,0.6000
5,40,198,3,9,0.6000
5,40,199,4,9,0.6000
5,44,0,3,12,0.5455
5,44,1,2,12,0.5455
5,44,2,3,49,0.5909
5,44,3,3,12,0.6136
5,44,4,3,12,0.5909
5,44,5,3,12,0.5455
5,44,6,2,12,0.5909
5,44,7,2,49,0.5682
5,44,8,3,12,0.5682
5,44,9,3,12,0.5909
5,44,10,3,12,0.6364
5,44,11,3,49,0.6136
5,44,12,5,49,0.6136
5,44,13,4,12,0.5909
5,44,14,4,12,0.5682
5,44,15,2,12,0.5455
5,44,16,3,12,0.5455
5,44,17,3,12,0.5455
5,44,18,2,49,0.5682
5,44,19,3,12,0.5909
5,44,20,2,49,0.5682
5,44,21,3,12,0.5909
5,44,22,3,12,0.5682
5,44,23,2,49,0.5682
5,44,24,3,12,0.5455
5,44,25,3,12,0.5455
5,44,26,3,49,0.5909
5,44,27,2,49,0.6136
5,44,28,3,49,0.5909
5,44,29,4,49,0.5909
5,44,30,2,12,0.6136
5,44,31,3,12,0.5682
5,44,32,3,12,0.5909
5,44,33,3,12,0.5682
5,44,34,2,49,0.6364
5,44,35,5,12,0.5909
5,44,36,2,49,0.6364
5,44,37,4,12,0.6136
5,44,38,4,12,0.5455
5,44,39,2,12,0.5682
5,44,40,3,12,0.5455
5,44,41,4,49,0.6591
5,44,42,3,12,0.6364
5,44,43,2,12,0.6136
5,44,44,5,12,0.5909
5,44,45,2,49,0.6136
5,44,46,4,12,0.6136
5,44,47,3,12,0.5455
5,44,48,3,12,0.6364
5,44,49,2,49,0.6136
5,44,50,3,12,0.6364
5,44,51,3,12,0.6136
5,44,52,2,49,0.5909
5,44,53,2,12,0.5909
5,44,54,2,49,0.6136
5,44,55,2,49,0.6364
5,44,56,3,12,0.5455
5,44,57,2,49,0.5682
5,44,58,3,49,0.6136
5,44,59,2,12,0.6136
5,44,60,3,12,0.6364
5,44,61,3,49,0.5909
5,44,62,2,12,0.6364
5,44,63,3,12,0.5682
5,44,64,2,12,0.5682
5,44,65,2,49,0.6364
5,44,66,3,12,0.5455
5,44,67,4,12,0.5682
5,44,68,2,12,0.6364
5,44,69,3,49,0.5909
5,44,70,3,49,0.5909
5,44,71,3,12,0.5455
5,44,72,4,12,0.6364
5,44,73,4,49,0.5909
5,44,74,4,49,0.6364
5,44,75,3,12,0.5682
5,44,76,2,12,0.5682
5,44,77,4,12,0.6364
5,44,78,2,49,0.6136
5,44,79,4,12,0.5455
5,44,80,4,12,0.5909
5,44,81,3,12,0.6136
5,44,82,2,12,0.5682
5,44,83,2,12,0.6136
5,44,84,2,12,0.5682
5,44,85,4,12,0.6364
5,44,86,2,12,0.5455
5,44,87,2,49,0.5909
5,44,88,4,12,0.5682
5,44,89,2,12,0.6136
5,44,90,2,12,0.6136
5,44,91,3,12,0.5455
5,44,92,4,12,0.6364
5,44,93,3,12,0.5455
5,44,94,4,49,0.6136
5,44,95,4,49,0.6136
5,44,96,4,12,0.5909
5,44,97,3,49,0.5682
5,44,98,4,12,0.5909
5,44,99,5,12,0.5909
5,44,100,2,12,0.6136
5,44,101,3,12,0.5682
5,44,102,3,12,0.6136
5,44,103,4,12,0.5682
5,44,104,2,12,0.5909
5,44,105,3,49,0.6136
5,44,106,4,49,0.6136
5,44,107,5,12,0.5909
5,44,108,2,12,0.6136
5,44,109,3,49,0.6136
5,44,110,4,12,0.6136
5,44,111,3,12,0.6364
5,44,112,3,49,0.5909
5,44,113,4,12,0.6364
5,44,114,3,12,0.6136
5,44,115,2,12,0.5455
5,44,116,4,49,0.5682
5,44,117,2,12,0.6136
5,44,118,3,12,0.5455
5,44,119,2,12,0.5455
5,44,120,4,12,0.6136
5,44,121,2,12,0.5455
5,44,122,3,12,0.5909
5,44,123,2,12,0.5455
5,44,124,4,12,0.5909
5,44,125,2,12,0.5455
5,44,126,3,12,0.5682
5,44,127,3,12,0.5682
5,44,128,3,12,0.6364
5,44,129,3,12,0.5455
5,44,130,3,12,0.5682
5,44,131,2,12,0.6136
5,44,132,4,12,0.5455
5,44,133,2,12,0.6364
5,44,134,2,12,0.6364
5,44,135,4,12,0.5682
5,44,136,4,12,0.5682
5,44,137,4,12,0.6364
5,44,138,3,12,0.5455
5,44,139,2,12,0.6136
5,44,140,4,49,0.6364
5,44,141,4,12,0.5682
5,44,142,3,49,0.6136
5,44,143,2,49,0.6136
5,44,144,3,49,0.5682
5,44,145,3,12,0.6136
5,44,146,3,12,0.5455
5,44,147,3,49,0.5682
5,44,148,4,12,0.6136
5,44,149,4,49,0.5909
5,44,150,4,12,0.5682
5,44,151,3,12,0.5455
5,44,152,3,49,0.5909
5,44,153,3,12,0.5682
5,44,154,3,12,0.5682
5,44,155,2,12,0.5909
5,44,156,3,12,0.6136
5,44,157,3,49,0.6364
5,44,158,2,49,0.6136
5,44,159,3,49,0.6364
5,44,160,2,49,0.5909
5,44,161,2,12,0.6136
5,44,162,4,12,0.5455
5,44,163,3,12,0.5682
5,44,164,3,12,0.5682
5,44,165,3,49,0.5909
5,44,166,2,49,0.5909
5,44,167,4,12,0.6136
5,44,168,3,12,0.5455
5,44,169,4,12,0.5455
5,44,170,2,49,0.5682
5,44,171,3,12,0.5455
5,44,172,3,12,0.5455
5,44,173,4,49,0.6364
5,44,174,2,12,0.5455
5,44,175,2,12,0.5455
5,44,176,4,12,0.5909
5,44,177,3,12,0.5455
5,44,178,4,12,0.5682
5,44,179,4,12,0.5682
5,44,180,3,12,0.6364
5,44,181,3,49,0.6364
5,44,182,3,12,0.6136
5,44,183,3,12,0.5455
5,44,184,3,12,0.5455
5,44,185,3,12,0.5455
5,44,186,3,12,0.5682
5,44,187,3,12,0.6136
5,44,188,2,12,0.5682
5,44,189,2,49,0.6136
5,44,190,3,12,0.6136
5,44,191,2,12,0.5909
5,44,192,3,12,0.5455
5,44,193,4,12,0.5682
5,44,194,3,12,0.5455
5,44,195,3,12,0.5455
5,44,196,2,12,0.5682
5,44,197,3,12,0.6136
5,44,198,3,12,0.5455
5,44,199,3,12,0.5909
5,48,0,4,53,0.5833
5,48,1,5,53,0.6042
5,48,2,3,53,0.6042
5,48,3,4,53,0.5625
5,48,4,2,53,0.5208
5,48,5,3,53,0.5625
5,48,6,4,53,0.5833
5,48,7,5,53,0.5833
5,48,8,3,53,0.6042
5,48,9,4,53,0.5625
5,48,10,2,53,0.5417
5,48,11,3,53,0.6042
5,48,12,3,53,0.6042
5,48,13,2,53,0.5208
5,48,14,3,53,0.5625
5,48,15,3,53,0.5417
5,48,16,3,53,0.5417
5,48,17,2,53,0.5833
5,48,18,3,53,0.5833
5,48,19,3,53,0.5625
5,48,20,3,53,0.5833
5,48,21,3,53,0.5833
5,48,22,3,53,0.5625
5,48,23,2,53,0.5625
5,48,24,2,53,0.6042
5,48,25,2,53,0.5625
5,48,26,5,53,0.5417
5,48,27,3,53,0.6042
5,48,28,4,53,0.5417
5,48,29,2,53,0.5833
5,48,30,3,53,0.5833
5,48,31,3,53,0.6042
5,48,32,3,13,0.6458
5,48,33,2,53,0.5625
5,48,34,3,53,0.5625
5,48,35,3,53,0.5625
5,48,36,5,53,0.5833
5,48,37,3,53,0.6042
5,48,38,3,53,0.5417
5,48,39,4,53,0.5417
5,48,40,3,53,0.5833
5,48,41,2,53,0.5417
5,48,42,4,53,0.5625
5,48,43,2,53,0.5625
5,48,44,3,53,0.5833
5,48,45,4,53,0.5625
5,48,46,3,53,0.5833
5,48,47,4,53,0.5417
5,48,48,3,53,0.5833
5,48,49,3,53,0.5833
5,48,50,3,53,0.6042
5,48,51,3,53,0.5417
5,48,52,3,53,0.5417
5,48,53,3,53,0.5625
5,48,54,3,53,0.5625
5,48,55,5,53,0.5417
5,48,56,3,13,0.6250
5,48,57,2,53,0.5625
5,48,58,2,53,0.5208
5,48,59,3,53,0.5833
5,48,60,3,53,0.6042
5,48,61,5,53,0.5833
5,48,62,3,53,0.6042
5,48,63,4,13,0.6250
5,48,64,4,13,0.6458
5,48,65,5,53,0.5625
5,48,66,3,53,0.5625
5,48,67,6,53,0.5833
5,48,68,3,53,0.5208
5,48,69,4,53,0.5208
5,48,70,4,13,0.6458
5,48,71,5,53,0.6042
5,48,72,2,53,0.5625
5,48,73,2,53,0.5208
5,48,74,2,53,0.5417
5,48,75,3,53,0.5625
5,48,76,3,53,0.5833
5,48,77,2,53,0.5417
5,48,78,3,53,0.5833
5,48,79,3,53,0.5417
5,48,80,4,13,0.6042
5,48,81,3,53,0.5417
5,48,82,3,53,0.6042
5,48,83,3,53,0.5833
5,48,84,2,53,0.5417
5,48,85,3,13,0.6042
5,48,86,2,53,0.5208
5,48,87,3,53,0.6042
5,48,88,3,53,0.5625
5,48,89,4,53,0.5208
5,48,90,3,53,0.5625
5,48,91,4,53,0.5833
5,48,92,4,53,0.5417
5,48,93,2,53,0.5417
5,48,94,3,53,0.5833
5,48,95,3,53,0.5833
5,48,96,2,53,0.5625
5,48,97,2,13,0.6458
5,48,98,4,53,0.5833
5,48,99,5,53,0.5833
5,48,100,4,53,0.6042
5,48,101,3,53,0.5625
5,48,102,3,53,0.5417
5,48,103,3,53,0.5833
5,48,104,2,13,0.6667
5,48,105,3,53,0.5833
5,48,106,3,53,0.5208
5,48,107,2,13,0.6250
5,48,108,3,53,0.6042
5,48,109,4,53,0.5833
5,48,110,3,53,0.5625
5,48,111,3,53,0.5833
5,48,112,2,53,0.5833
5,48,113,2,53,0.5208
5,48,114,4,53,0.5417
5,48,115,4,53,0.5833
5,48,116,3,53,0.5625
5,48,117,3,53,0.5833
5,48,118,2,53,0.5417
5,48,119,3,13,0.6250
5,48,120,2,13,0.6458
5,48,121,5,53,0.5625
5,48,122,4,53,0.5417
5,48,123,3,13,0.5833
5,48,124,3,53,0.6042
5,48,125,3,53,0.5625
5,48,126,4,53,0.5417
5,48,127,4,53,0.5833
5,48,128,4,53,0.5833
5,48,129,3,53,0.5833
5,48,130,5,53,0.6042
5,48,131,3,53,0.5833
5,48,132,3,53,0.5417
5,48,133,4,53,0.6042
5,48,134,2,53,0.5833
5,48,135,4,53,0.5625
5,48,136,3,53,0.5625
5,48,137,4,53,0.6042
5,48,138,5,53,0.5625
5,48,139,3,53,0.5833
5,48,140,4,53,0.5417
5,48,141,3,53,0.5625
5,48,142,4,13,0.5833
5,48,143,2,53,0.5833
5,48,144,2,53,0.5625
5,48,145,4,53,0.5625
5,48,146,5,53,0.5208
5,48,147,3,53,0.5625
5,48,148,3,53,0.5625
5,48,149,3,53,0.6042
5,48,150,3,53,0.5833
5,48,151,5,53,0.5625
5,48,152,5,53,0.5833
5,48,153,4,53,0.5208
5,48,154,5,53,0.5625
5,48,155,4,53,0.5417
5,48,156,3,53,0.5625
5,48,157,3,53,0.6042
5,48,158,3,53,0.5625
5,48,159,3,53,0.5833
5,48,160,4,53,0.5833
5,48,161,4,53,0.5833
5,48,162,2,53,0.6042
5,48,163,4,53,0.5625
5,48,164,2,53,0.5208
5,48,165,3,53,0.5208
5,48,166,3,53,0.5625
5,48,167,3,53,0.6042
5,48,168,2,53,0.5625
5,48,169,2,53,0.5833
5,48,170,4,53,0.6042
5,48,171,2,53,0.5417
5,48,172,2,53,0.5417
5,48,173,2,53,0.5625
5,48,174,3,53,0.6042
5,48,175,2,53,0.5417
5,48,176,3,53,0.5833
5,48,177,3,53,0.5625
5,48,178,5,53,0.5625
5,48,179,3,13,0.6250
5,48,180,4,53,0.5208
5,48,181,3,53,0.5625
5,48,182,4,53,0.5625
5,48,183,3,53,0.5625
5,48,184,2,53,0.5625
5,48,185,4,13,0.6458
5,48,186,3,53,0.5625
5,48,187,3,53,0.5833
5,48,188,4,53,0.6042
5,48,189,2,53,0.5833
5,48,190,3,13,0.6458
5,48,191,4,13,0.5833
5,48,192,2,53,0.6042
5,48,193,3,53,0.5625
5,48,194,4,53,0.5833
5,48,195,3,53,0.5208
5,48,196,2,53,0.5417
5,48,197,4,53,0.5417
5,48,198,2,13,0.6667
5,48,199,3,53,0.5208
5,52,0,4,14,0.5962
5,52,1,3,14,0.6154
5,52,2,4,14,0.5385
5,52,3,3,57,0.5769
5,52,4,3,57,0.5962
5,52,5,2,14,0.5769
5,52,6,3,14,0.5385
5,52,7,3,14,0.5962
5,52,8,3,14,0.5385
5,52,9,5,14,0.5769
5,52,10,2,14,0.5769
5,52,11,4,14,0.5385
5,52,12,3,14,0.5385
5,52,13,3,14,0.5962
5,52,14,3,14,0.5962
5,52,15,3,57,0.5962
5,52,16,4,14,0.5577
5,52,17,4,7,0.5769
5,52,18,4,14,0.5385
5,52,19,3,3,0.6731
5,52,20,4,14,0.5769
5,52,21,3,14,0.5769
5,52,22,3,14,0.5577
5,52,23,3,14,0.5962
5,52,24,3,14,0.5769
5,52,25,4,14,0.5577
5,52,26,2,14,0.5577
5,52,27,5,14,0.5962
5,52,28,5,14,0.5577
5,52,29,4,14,0.5577
5,52,30,4,14,0.5385
5,52,31,2,14,0.5577
5,52,32,2,57,0.5962
5,52,33,3,14,0.5962
5,52,34,4,7,0.5962
5,52,35,3,14,0.6154
5,52,36,3,14,0.5769
5,52,37,3,14,0.5962
5,52,38,5,14,0.5962
5,52,39,5,14,0.5962
5,52,40,4,14,0.5577
5,52,41,3,57,0.6346
5,52,42,4,14,0.5962
5,52,43,5,14,0.5577
5,52,44,4,14,0.5769
5,52,45,4,14,0.5385
5,52,46,2,14,0.5577
5,52,47,4,14,0.6154
5,52,48,4,14,0.5769
5,52,49,3,14,0.5769
5,52,50,3,14,0.5962
5,52,51,4,14,0.5385
5,52,52,3,14,0.5577
5,52,53,2,14,0.5385
5,52,54,3,14,0.5769
5,52,55,3,14,0.6154
5,52,56,3,57,0.5769
5,52,57,2,57,0.6154
5,52,58,2,14,0.5962
5,52,59,3,57,0.6538
5,52,60,4,14,0.5769
5,52,61,2,7,0.5385
5,52,62,4,57,0.6538
5,52,63,2,14,0.5385
5,52,64,4,14,0.5385
5,52,65,2,57,0.6154
5,52,66,3,57,0.6538
5,52,67,4,14,0.5385
5,52,68,3,14,0.6154
5,52,69,4,14,0.5769
5,52,70,3,14,0.5385
5,52,71,5,14,0.5769
5,52,72,5,14,0.5769
5,52,73,3,14,0.5577
5,52,74,3,14,0.5577
5,52,75,5,14,0.5385
5,52,76,3,14,0.5962
5,52,77,3,14,0.5962
5,52,78,2,7,0.5577
5,52,79,3,14,0.5769
5,52,80,3,14,0.5385
5,52,81,4,14,0.5385
5,52,82,3,14,0.5769
5,52,83,3,14,0.5577
5,52,84,3,14,0.5577
5,52,85,2,14,0.5577
5,52,86,3,14,0.6154
5,52,87,3,57,0.5962
5,52,88,3,14,0.5577
5,52,89,2,14,0.5577
5,52,90,3,14,0.5577
5,52,91,3,57,0.5962
5,52,92,3,14,0.5769
5,52,93,6,14,0.5962
5,52,94,4,57,0.6346
5,52,95,3,14,0.5962
5,52,96,5,14,0.5577
5,52,97,4,7,0.5769
5,52,98,3,14,0.5962
5,52,99,3,57,0.6346
5,52,100,3,14,0.5962
5,52,101,3,14,0.6154
5,52,102,3,57,0.5769
5,52,103,3,14,0.5385
5,52,104,3,14,0.5577
5,52,105,3,14,0.5769
5,52,106,5,14,0.6154
5,52,107,3,14,0.5769
5,52,108,3,14,0.5769
5,52,109,3,7,0.5769
5,52,110,4,14,0.5385
5,52,111,3,14,0.5962
5,52,112,2,14,0.5577
5,52,113,3,14,0.5385
5,52,114,4,14,0.5769
5,52,115,4,14,0.5385
5,52,116,2,7,0.5385
5,52,117,3,57,0.5769
5,52,118,2,14,0.5577
5,52,119,3,14,0.5769
5,52,120,2,57,0.5962
5,52,121,3,14,0.5385
5,52,122,4,14,0.6154
5,52,123,4,14,0.5769
5,52,124,4,14,0.5385
5,52,125,3,7,0.5962
5,52,126,3,14,0.5577
5,52,127,4,14,0.5577
5,52,128,2,14,0.5962
5,52,129,4,14,0.6154
5,52,130,4,14,0.5385
5,52,131,3,14,0.5577
5,52,132,3,14,0.6346
5,52,133,4,14,0.5577
5,52,134,3,57,0.5962
5,52,135,2,14,0.5385
5,52,136,4,14,0.5385
5,52,137,3,7,0.5385
5,52,138,3,14,0.5962
5,52,139,4,14,0.5962
5,52,140,3,14,0.5577
5,52,141,3,14,0.6154
5,52,142,2,14,0.5769
5,52,143,2,57,0.5769
5,52,144,3,14,0.5769
5,52,145,2,14,0.5962
5,52,146,3,14,0.5385
5,52,147,4,14,0.5769
5,52,148,2,57,0.5769
5,52,149,2,14,0.5962
5,52,150,3,14,0.5577
5,52,151,2,57,0.5962
5,52,152,3,14,0.6154
5,52,153,2,57,0.5962
5,52,154,4,57,0.6154
5,52,155,5,14,0.5962
5,52,156,4,14,0.5385
5,52,157,4,14,0.5769
5,52,158,3,14,0.5385
5,52,159,3,14,0.5769
5,52,160,2,14,0.5385
5,52,161,2,14,0.5577
5,52,162,3,14,0.6154
5,52,163,3,14,0.6154
5,52,164,3,14,0.5385
5,52,165,3,14,0.5962
5,52,166,3,14,0.5769
5,52,167,3,14,0.5769
5,52,168,3,14,0.5385
5,52,169,3,14,0.5962
5,52,170,3,57,0.6538
5,52,171,3,14,0.5769
5,52,172,2,14,0.5962
5,52,173,2,14,0.5577
5,52,174,4,14,0.5962
5,52,175,5,14,0.5769
5,52,176,2,57,0.6538
5,52,177,3,14,0.5577
5,52,178,5,14,0.5577
5,52,179,3,14,0.5577
5,52,180,4,57,0.6346
5,52,181,2,14,0.6154
5,52,182,3,7,0.5769
5,52,183,2,14,0.5385
5,52,184,3,14,0.5962
5,52,185,3,14,0.5962
5,52,186,3,57,0.5962
5,52,187,3,14,0.5385
5,52,188,3,14,0.5769
5,52,189,2,14,0.5577
5,52,190,3,14,0.5577
5,52,191,3,14,0.6154
5,52,192,3,14,0.6154
5,52,193,3,14,0.5769
5,52,194,3,14,0.5385
5,52,195,4,57,0.6538
5,52,196,2,14,0.5769
5,52,197,3,14,0.5962
5,52,198,3,14,0.5577
5,52,199,2,14,0.5385
5,56,0,3,15,0.5714
5,56,1,2,15,0.5893
5,56,2,2,61,0.5893
5,56,3,4,61,0.5536
5,56,4,2,61,0.5893
5,56,5,3,61,0.5536
5,56,6,5,61,0.5536
5,56,7,3,61,0.5536
5,56,8,3,15,0.6071
5,56,9,6,61,0.5536
5,56,10,3,3,0.6786
5,56,11,4,61,0.5357
5,56,12,4,61,0.6071
5,56,13,2,15,0.6250
5,56,14,4,61,0.5714
5,56,15,4,15,0.6429
5,56,16,2,61,0.5714
5,56,17,3,61,0.5893
5,56,18,3,15,0.5714
5,56,19,3,61,0.5893
5,56,20,3,61,0.5893
5,56,21,3,61,0.5714
5,56,22,5,15,0.5893
5,56,23,4,61,0.6071
5,56,24,3,61,0.5714
5,56,25,3,61,0.5714
5,56,26,4,61,0.5714
5,56,27,4,15,0.6429
5,56,28,3,61,0.6071
5,56,29,2,61,0.5893
5,56,30,3,61,0.6071
5,56,31,4,15,0.6250
5,56,32,4,15,0.6250
5,56,33,3,61,0.6071
5,56,34,4,61,0.6071
5,56,35,4,61,0.5714
5,56,36,4,61,0.6071
5,56,37,4,61,0.5357
5,56,38,3,61,0.5893
5,56,39,2,61,0.5357
5,56,40,3,61,0.5714
5,56,41,6,61,0.5893
5,56,42,4,61,0.5893
5,56,43,4,61,0.6071
5,56,44,3,61,0.5893
5,56,45,2,61,0.5536
5,56,46,3,15,0.6071
5,56,47,2,15,0.6250
5,56,48,2,61,0.5357
5,56,49,3,61,0.5357
5,56,50,3,61,0.5893
5,56,51,4,15,0.5714
5,56,52,3,61,0.5714
5,56,53,2,61,0.5714
5,56,54,4,15,0.6429
5,56,55,4,61,0.5893
5,56,56,4,61,0.5714
5,56,57,3,15,0.6071
5,56,58,4,15,0.6071
5,56,59,3,61,0.5714
5,56,60,3,15,0.6250
5,56,61,3,61,0.5357
5,56,62,3,61,0.5714
5,56,63,3,15,0.5714
5,56,64,2,61,0.5893
5,56,65,3,15,0.5714
5,56,66,3,15,0.6071
5,56,67,3,61,0.5893
5,56,68,2,61,0.5536
5,56,69,3,61,0.5714
5,56,70,3,61,0.5714
5,56,71,4,15,0.6250
5,56,72,4,61,0.5714
5,56,73,4,15,0.6429
5,56,74,4,61,0.5536
5,56,75,5,61,0.5357
5,56,76,4,61,0.5714
5,56,77,3,61,0.5714
5,56,78,4,61,0.6071
5,56,79,3,61,0.5714
5,56,80,3,61,0.5357
5,56,81,2,61,0.5714
5,56,82,4,61,0.5357
5,56,83,3,61,0.5893
5,56,84,3,61,0.5714
5,56,85,3,61,0.5536
5,56,86,5,61,0.5893
5,56,87,3,61,0.5714
5,56,88,3,15,0.6071
5,56,89,3,15,0.5714
5,56,90,4,61,0.5357
5,56,91,4,61,0.5357
5,56,92,3,61,0.5893
5,56,93,3,61,0.5714
5,56,94,2,61,0.6071
5,56,95,3,61,0.6071
5,56,96,4,61,0.5536
5,56,97,2,61,0.5893
5,56,98,4,61,0.6071
5,56,99,2,61,0.5893
5,56,100,2,61,0.5893
5,56,101,3,61,0.5536
5,56,102,3,61,0.6071
5,56,103,3,61,0.5357
5,56,104,3,61,0.6071
5,56,105,3,61,0.5536
5,56,106,3,61,0.5536
5,56,107,4,61,0.5536
5,56,108,3,15,0.6429
5,56,109,4,61,0.5536
5,56,110,3,15,0.5714
5,56,111,4,61,0.5714
5,56,112,2,61,0.5536
5,56,113,5,61,0.5357
5,56,114,4,61,0.5893
5,56,115,2,61,0.5536
5,56,116,4,61,0.5893
5,56,117,5,61,0.5357
5,56,118,3,61,0.6071
5,56,119,3,61,0.5357
5,56,120,2,15,0.6250
5,56,121,4,15,0.6071
5,56,122,3,61,0.5536
5,56,123,3,15,0.6071
5,56,124,3,15,0.5893
5,56,125,3,61,0.5714
5,56,126,4,61,0.5357
5,56,127,2,61,0.5536
5,56,128,2,15,0.5714
5,56,129,5,61,0.6071
5,56,130,4,15,0.6250
5,56,131,4,61,0.5714
5,56,132,4,61,0.5893
5,56,133,4,61,0.5536
5,56,134,2,61,0.5536
5,56,135,3,15,0.6071
5,56,136,3,61,0.6071
5,56,137,3,61,0.5893
5,56,138,3,61,0.5714
5,56,139,5,61,0.5536
5,56,140,3,61,0.5714
5,56,141,3,61,0.5714
5,56,142,3,61,0.6071
5,56,143,3,15,0.5714
5,56,144,3,61,0.5714
5,56,145,2,61,0.5357
5,56,146,3,61,0.5714
5,56,147,4,61,0.5893
5,56,148,3,15,0.6250
5,56,149,2,61,0.5536
5,56,150,2,15,0.5714
5,56,151,3,61,0.5714
5,56,152,5,61,0.6071
5,56,153,3,61,0.5893
5,56,154,3,15,0.6250
5,56,155,4,61,0.5357
5,56,156,3,61,0.5893
5,56,157,5,61,0.5536
5,56,158,3,15,0.5714
5,56,159,2,61,0.5714
5,56,160,3,15,0.5714
5,56,161,3,15,0.5714
5,56,162,4,61,0.5893
5,56,163,3,61,0.5536
5,56,164,4,61,0.6071
5,56,165,4,61,0.6071
5,56,166,5,15,0.6429
5,56,167,3,61,0.5536
5,56,168,3,61,0.5893
5,56,169,2,61,0.5357
5,56,170,3,61,0.6071
5,56,171,3,61,0.5357
5,56,172,3,15,0.5714
5,56,173,3,61,0.6071
5,56,174,4,61,0.5536
5,56,175,2,61,0.5893
5,56,176,6,61,0.5536
5,56,177,4,61,0.5714
5,56,178,3,61,0.5714
5,56,179,4,61,0.5893
5,56,180,4,61,0.5714
5,56,181,5,61,0.5893
5,56,182,4,15,0.6250
5,56,183,3,61,0.6071
5,56,184,4,15,0.5714
5,56,185,4,15,0.6071
5,56,186,2,61,0.5893
5,56,187,2,61,0.5357
5,56,188,5,61,0.5714
5,56,189,2,61,0.5536
5,56,190,4,61,0.6071
5,56,191,4,61,0.5357
5,56,192,4,61,0.5536
5,56,193,3,61,0.5893
5,56,194,4,15,0.6071
5,56,195,3,61,0.5714
5,56,196,4,61,0.6071
5,56,197,3,15,0.5714
5,56,198,2,61,0.5714
5,56,199,4,61,0.5536
5,60,0,5,16,0.5833
5,60,1,3,16,0.5833
5,60,2,4,16,0.6000
5,60,3,3,16,0.5833
5,60,4,3,16,0.5833
5,60,5,5,16,0.5833
5,60,6,3,16,0.5333
5,60,7,4,16,0.5500
5,60,8,2,16,0.5500
5,60,9,4,16,0.5333
5,60,10,3,16,0.5500
5,60,11,3,16,0.5667
5,60,12,3,16,0.5333
5,60,13,4,13,0.6333
5,60,14,2,16,0.5667
5,60,15,3,16,0.6000
5,60,16,3,16,0.5500
5,60,17,5,16,0.5333
5,60,18,2,16,0.5667
5,60,19,4,16,0.5667
5,60,20,3,16,0.5833
5,60,21,4,16,0.6500
5,60,22,4,16,0.5833
5,60,23,4,16,0.6000
5,60,24,3,16,0.5333
5,60,25,3,16,0.5500
5,60,26,2,16,0.6000
5,60,27,3,16,0.5500
5,60,28,2,13,0.6333
5,60,29,4,16,0.5667
5,60,30,4,16,0.5833
5,60,31,3,16,0.5500
5,60,32,5,16,0.6000
5,60,33,2,16,0.5500
5,60,34,5,16,0.5667
5,60,35,4,16,0.5833
5,60,36,3,16,0.5667
5,60,37,3,16,0.5500
5,60,38,2,16,0.5333
5,60,39,7,16,0.6000
5,60,40,2,13,0.6000
5,60,41,3,16,0.6000
5,60,42,2,16,0.5333
5,60,43,5,16,0.5500
5,60,44,2,16,0.5333
5,60,45,4,16,0.5833
5,60,46,5,16,0.5500
5,60,47,5,16,0.5833
5,60,48,3,16,0.5500
5,60,49,2,16,0.5833
5,60,50,5,16,0.5500
5,60,51,3,13,0.6000
5,60,52,3,16,0.5333
5,60,53,5,16,0.5833
5,60,54,2,16,0.5333
5,60,55,5,16,0.6000
5,60,56,3,16,0.5667
5,60,57,3,13,0.6000
5,60,58,3,13,0.6167
5,60,59,4,16,0.5500
5,60,60,4,16,0.5667
5,60,61,3,13,0.6000
5,60,62,4,16,0.5333
5,60,63,7,16,0.5667
5,60,64,3,16,0.5500
5,60,65,4,16,0.5833
5,60,66,2,16,0.5333
5,60,67,4,16,0.5500
5,60,68,3,16,0.5667
5,60,69,6,16,0.5667
5,60,70,3,16,0.5667
5,60,71,3,16,0.5667
5,60,72,5,16,0.5833
5,60,73,3,16,0.5833
5,60,74,3,16,0.5500
5,60,75,3,16,0.5833
5,60,76,4,16,0.5500
5,60,77,4,16,0.5333
5,60,78,3,16,0.5833
5,60,79,4,16,0.5333
5,60,80,6,16,0.5667
5,60,81,4,16,0.5667
5,60,82,3,16,0.5833
5,60,83,2,16,0.5667
5,60,84,2,16,0.5333
5,60,85,3,16,0.6500
5,60,86,3,16,0.5667
5,60,87,3,16,0.5833
5,60,88,4,16,0.5500
5,60,89,3,16,0.5500
5,60,90,6,16,0.5667
5,60,91,5,16,0.5667
5,60,92,6,16,0.5500
5,60,93,4,16,0.5333
5,60,94,3,16,0.6000
5,60,95,3,16,0.5833
5,60,96,4,16,0.5333
5,60,97,5,16,0.5333
5,60,98,4,16,0.5833
5,60,99,4,16,0.5833
5,60,100,3,16,0.5500
5,60,101,4,16,0.6000
5,60,102,3,13,0.6500
5,60,103,3,16,0.5500
5,60,104,3,16,0.5667
5,60,105,2,13,0.6000
5,60,106,5,16,0.5833
5,60,107,2,13,0.6000
5,60,108,4,16,0.5333
5,60,109,3,16,0.6000
5,60,110,3,16,0.5333
5,60,111,3,16,0.5667
5,60,112,5,16,0.5333
5,60,113,5,16,0.5333
5,60,114,4,16,0.5833
5,60,115,3,16,0.5333
5,60,116,2,16,0.5333
5,60,117,7,16,0.5500
5,60,118,4,16,0.5667
5,60,119,6,16,0.5667
5,60,120,5,16,0.5667
5,60,121,6,16,0.5833
5,60,122,3,16,0.5833
5,60,123,5,16,0.5667
5,60,124,3,16,0.5833
5,60,125,2,16,0.5500
5,60,126,3,13,0.6500
5,60,127,3,16,0.5833
5,60,128,3,16,0.5667
5,60,129,4,16,0.5333
5,60,130,5,16,0.5833
5,60,131,6,16,0.5833
5,60,132,4,16,0.5333
5,60,133,3,16,0.5833
5,60,134,3,16,0.5833
5,60,135,3,16,0.5667
5,60,136,6,16,0.5667
5,60,137,3,16,0.5500
5,60,138,3,16,0.5667
5,60,139,3,16,0.5667
5,60,140,5,16,0.6000
5,60,141,4,16,0.5833
5,60,142,3,16,0.5833
5,60,143,3,16,0.5500
5,60,144,4,16,0.5833
5,60,145,4,16,0.5333
5,60,146,3,16,0.5333
5,60,147,5,16,0.5500
5,60,148,5,16,0.5500
5,60,149,3,16,0.5500
5,60,150,4,16,0.5500
5,60,151,5,16,0.6000
5,60,152,2,16,0.5333
5,60,153,3,16,0.5333
5,60,154,2,13,0.6333
5,60,155,4,16,0.5833
5,60,156,3,13,0.6333
5,60,157,3,16,0.5667
5,60,158,5,16,0.5500
5,60,159,2,16,0.5667
5,60,160,2,16,0.5667
5,60,161,3,16,0.5333
5,60,162,2,16,0.5333
5,60,163,3,16,0.5500
5,60,164,5,16,0.5333
5,60,165,5,16,0.5667
5,60,166,4,16,0.5333
5,60,167,4,13,0.6500
5,60,168,4,16,0.5667
5,60,169,3,13,0.6167
5,60,170,3,16,0.5833
5,60,171,3,16,0.5500
5,60,172,2,16,0.5333
5,60,173,4,16,0.5333
5,60,174,3,16,0.5333
5,60,175,3,16,0.5667
5,60,176,5,16,0.5500
5,60,177,3,16,0.5333
5,60,178,3,16,0.5833
5,60,179,3,16,0.5667
5,60,180,3,16,0.5833
5,60,181,4,16,0.5667
5,60,182,4,13,0.6000
5,60,183,4,16,0.5500
5,60,184,6,16,0.5500
5,60,185,6,16,0.6000
5,60,186,4,16,0.5667
5,60,187,3,16,0.5833
5,60,188,3,16,0.5500
5,60,189,3,16,0.6000
5,60,190,2,16,0.5667
5,60,191,3,16,0.5500
5,60,192,3,13,0.6333
5,60,193,5,16,0.5500
5,60,194,3,16,0.5833
5,60,195,3,16,0.5667
5,60,196,6,16,0.5333
5,60,197,3,16,0.5833
5,60,198,3,16,0.5833
5,60,199,3,16,0.5833
5,64,0,4,17,0.6094
5,64,1,2,17,0.5625
5,64,2,3,69,0.6094
5,64,3,3,69,0.5938
5,64,4,2,69,0.5781
5,64,5,3,69,0.5781
5,64,6,2,69,0.5625
5,64,7,3,69,0.6094
5,64,8,3,17,0.5938
5,64,9,3,69,0.5469
5,64,10,3,69,0.5938
5,64,11,3,69,0.5781
5,64,12,3,69,0.5938
5,64,13,2,69,0.5938
5,64,14,4,69,0.5781
5,64,15,3,69,0.5625
5,64,16,3,69,0.5625
5,64,17,3,69,0.5625
5,64,18,3,69,0.5625
5,64,19,4,17,0.5781
5,64,20,3,69,0.6094
5,64,21,5,69,0.5938
5,64,22,3,17,0.5938
5,64,23,3,17,0.5625
5,64,24,5,69,0.6094
5,64,25,4,17,0.5938
5,64,26,3,69,0.6094
5,64,27,4,69,0.6094
5,64,28,3,69,0.5625
5,64,29,3,69,0.5938
5,64,30,3,69,0.5625
5,64,31,3,69,0.5781
5,64,32,3,17,0.6094
5,64,33,3,69,0.5625
5,64,34,3,69,0.5781
5,64,35,3,69,0.5625
5,64,36,3,69,0.5625
5,64,37,5,17,0.5938
5,64,38,3,69,0.6094
5,64,39,3,69,0.5938
5,64,40,3,69,0.5625
5,64,41,3,17,0.5781
5,64,42,3,17,0.6094
5,64,43,3,69,0.5625
5,64,44,2,17,0.6250
5,64,45,3,17,0.5625
5,64,46,3,69,0.5469
5,64,47,6,69,0.5781
5,64,48,3,17,0.5625
5,64,49,3,17,0.6094
5,64,50,3,17,0.5625
5,64,51,2,69,0.5625
5,64,52,3,17,0.5625
5,64,53,2,17,0.6094
5,64,54,3,69,0.5781
5,64,55,2,17,0.5625
5,64,56,3,69,0.6094
5,64,57,2,69,0.6094
5,64,58,4,69,0.6094
5,64,59,4,17,0.6250
5,64,60,3,69,0.5781
5,64,61,3,17,0.6094
5,64,62,3,69,0.5469
5,64,63,4,17,0.6250
5,64,64,5,17,0.5781
5,64,65,3,69,0.6094
5,64,66,3,69,0.5938
5,64,67,4,69,0.5469
5,64,68,2,69,0.5625
5,64,69,3,17,0.5625
5,64,70,3,69,0.5625
5,64,71,3,69,0.5938
5,64,72,3,69,0.6094
5,64,73,3,17,0.5781
5,64,74,3,69,0.5938
5,64,75,3,69,0.5781
5,64,76,4,17,0.6094
5,64,77,2,69,0.5625
5,64,78,4,69,0.5938
5,64,79,4,17,0.6094
5,64,80,2,69,0.5625
5,64,81,3,69,0.5625
5,64,82,3,69,0.6094
5,64,83,5,69,0.5469
5,64,84,3,69,0.5781
5,64,85,3,69,0.5781
5,64,86,3,17,0.5781
5,64,87,3,17,0.5625
5,64,88,3,17,0.5781
5,64,89,3,17,0.5625
5,64,90,3,69,0.5469
5,64,91,4,69,0.5469
5,64,92,3,69,0.6094
5,64,93,4,69,0.5625
5,64,94,3,69,0.5469
5,64,95,5,17,0.6250
5,64,96,3,69,0.5938
5,64,97,3,69,0.5469
5,64,98,3,17,0.6094
5,64,99,4,69,0.5625
5,64,100,3,17,0.6094
5,64,101,2,69,0.5781
5,64,102,4,69,0.5625
5,64,103,3,69,0.5938
5,64,104,3,69,0.5781
5,64,105,2,69,0.6094
5,64,106,2,69,0.5469
5,64,107,3,69,0.5625
5,64,108,3,17,0.5938
5,64,109,4,69,0.6094
5,64,110,4,17,0.6094
5,64,111,2,17,0.5625
5,64,112,2,17,0.5625
5,64,113,5,69,0.5469
5,64,114,3,17,0.5625
5,64,115,3,17,0.5781
5,64,116,3,69,0.5938
5,64,117,3,69,0.5781
5,64,118,3,69,0.5625
5,64,119,2,69,0.5781
5,64,120,4,69,0.5938
5,64,121,3,69,0.5625
5,64,122,4,17,0.6094
5,64,123,3,17,0.5625
5,64,124,4,69,0.5469
5,64,125,3,69,0.6094
5,64,126,4,17,0.5625
5,64,127,4,17,0.5781
5,64,128,4,69,0.5625
5,64,129,4,69,0.5625
5,64,130,3,69,0.5469
5,64,131,2,17,0.6094
5,64,132,4,69,0.5625
5,64,133,3,69,0.5938
5,64,134,3,17,0.6094
5,64,135,4,69,0.5781
5,64,136,2,69,0.5625
5,64,137,2,69,0.5625
5,64,138,3,69,0.5781
5,64,139,5,17,0.6250
5,64,140,2,69,0.5625
5,64,141,4,17,0.5625
5,64,142,4,17,0.5938
5,64,143,3,69,0.5781
5,64,144,4,17,0.5625
5,64,145,4,69,0.5625
5,64,146,2,69,0.5781
5,64,147,5,17,0.5781
5,64,148,3,69,0.5938
5,64,149,3,69,0.5625
5,64,150,2,17,0.5781
5,64,151,3,69,0.5938
5,64,152,3,17,0.5938
5,64,153,4,17,0.5625
5,64,154,5,69,0.5625
5,64,155,4,69,0.5781
5,64,156,2,69,0.5781
5,64,157,3,17,0.5938
5,64,158,3,69,0.5938
5,64,159,2,69,0.5781
5,64,160,3,69,0.5469
5,64,161,3,69,0.5781
5,64,162,4,17,0.5625
5,64,163,4,69,0.5469
5,64,164,5,69,0.5938
5,64,165,3,17,0.6094
5,64,166,4,17,0.6250
5,64,167,3,69,0.6094
5,64,168,4,69,0.5781
5,64,169,3,69,0.5938
5,64,170,3,69,0.5781
5,64,171,5,69,0.5938
5,64,172,3,69,0.5625
5,64,173,3,17,0.5938
5,64,174,4,69,0.5625
5,64,175,3,69,0.5625
5,64,176,3,17,0.6094
5,64,177,3,69,0.5625
5,64,178,4,69,0.5625
5,64,179,3,17,0.5625
5,64,180,4,69,0.5469
5,64,181,3,17,0.5938
5,64,182,3,17,0.5781
5,64,183,4,69,0.6094
5,64,184,3,69,0.5625
5,64,185,2,69,0.5938
5,64,186,2,17,0.6094
5,64,187,3,69,0.5938
5,64,188,4,69,0.5625
5,64,189,5,69,0.5781
5,64,190,3,69,0.5625
5,64,191,3,69,0.6094
5,64,192,3,69,0.5625
5,64,193,4,17,0.5625
5,64,194,3,17,0.5625
5,64,195,3,69,0.5625
5,64,196,3,17,0.5625
5,64,197,4,17,0.6250
5,64,198,3,69,0.6094
5,64,199,3,69,0.5781
