pair_idx,bundleA,bundleB,encoding,g,rest,search_L,FLIP,NEXT,SKIPZ,PREV
0,(move+1),(move-1),none,1,0,10,none<=10,A(1),none<=10,B(1)
0,(move+1),(move-1),"(x,xbar)",2,0,10,none<=10,AA(2),none<=10,BB(2)
0,(move+1),(move-1),"(x,xbar)",2,1,10,none<=10,AA(2),none<=10,BB(2)
0,(move+1),(move-1),"(xbar,x)",2,0,10,none<=10,AA(2),none<=10,BB(2)
0,(move+1),(move-1),"(xbar,x)",2,1,10,none<=10,AA(2),none<=10,BB(2)
0,(move+1),(move-1),"(x,1)",2,0,10,none<=10,AA(2),none<=10,BB(2)
0,(move+1),(move-1),"(x,1)",2,1,10,none<=10,AA(2),none<=10,BB(2)
0,(move+1),(move-1),"(1,x)",2,0,10,none<=10,AA(2),none<=10,BB(2)
0,(move+1),(move-1),"(1,x)",2,1,10,none<=10,AA(2),none<=10,BB(2)
0,(move+1),(move-1),"(x,0)",2,0,10,none<=10,AA(2),none<=10,BB(2)
0,(move+1),(move-1),"(x,0)",2,1,10,none<=10,AA(2),none<=10,BB(2)
0,(move+1),(move-1),"(0,x)",2,0,10,none<=10,AA(2),none<=10,BB(2)
0,(move+1),(move-1),"(0,x)",2,1,10,none<=10,AA(2),none<=10,BB(2)
0,(move+1),(move-1),"p3('x', 0, 1)",3,0,10,none<=10,AAA(3),none<=10,BBB(3)
0,(move+1),(move-1),"p3('x', 0, 1)",3,1,10,none<=10,AAA(3),none<=10,BBB(3)
0,(move+1),(move-1),"p3('x', 0, 1)",3,2,10,none<=10,AAA(3),none<=10,BBB(3)
0,(move+1),(move-1),"p3(1, 'x', 0)",3,0,10,none<=10,AAA(3),none<=10,BBB(3)
0,(move+1),(move-1),"p3(1, 'x', 0)",3,1,10,none<=10,AAA(3),none<=10,BBB(3)
0,(move+1),(move-1),"p3(1, 'x', 0)",3,2,10,none<=10,AAA(3),none<=10,BBB(3)
0,(move+1),(move-1),"p3(0, 1, 'x')",3,0,10,none<=10,AAA(3),none<=10,BBB(3)
0,(move+1),(move-1),"p3(0, 1, 'x')",3,1,10,none<=10,AAA(3),none<=10,BBB(3)
0,(move+1),(move-1),"p3(0, 1, 'x')",3,2,10,none<=10,AAA(3),none<=10,BBB(3)
0,(move+1),(move-1),"p3('x', 1, 0)",3,0,10,none<=10,AAA(3),none<=10,BBB(3)
0,(move+1),(move-1),"p3('x', 1, 0)",3,1,10,none<=10,AAA(3),none<=10,BBB(3)
0,(move+1),(move-1),"p3('x', 1, 0)",3,2,10,none<=10,AAA(3),none<=10,BBB(3)
0,(move+1),(move-1),"p3(0, 'x', 1)",3,0,10,none<=10,AAA(3),none<=10,BBB(3)
0,(move+1),(move-1),"p3(0, 'x', 1)",3,1,10,none<=10,AAA(3),none<=10,BBB(3)
0,(move+1),(move-1),"p3(0, 'x', 1)",3,2,10,none<=10,AAA(3),none<=10,BBB(3)
0,(move+1),(move-1),"p3(1, 0, 'x')",3,0,10,none<=10,AAA(3),none<=10,BBB(3)
0,(move+1),(move-1),"p3(1, 0, 'x')",3,1,10,none<=10,AAA(3),none<=10,BBB(3)
0,(move+1),(move-1),"p3(1, 0, 'x')",3,2,10,none<=10,AAA(3),none<=10,BBB(3)
0,(move+1),(move-1),"p3('x', 0, 0)",3,0,10,none<=10,AAA(3),none<=10,BBB(3)
0,(move+1),(move-1),"p3('x', 0, 0)",3,1,10,none<=10,AAA(3),none<=10,BBB(3)
0,(move+1),(move-1),"p3('x', 0, 0)",3,2,10,none<=10,AAA(3),none<=10,BBB(3)
0,(move+1),(move-1),"p3(0, 'x', 0)",3,0,10,none<=10,AAA(3),none<=10,BBB(3)
0,(move+1),(move-1),"p3(0, 'x', 0)",3,1,10,none<=10,AAA(3),none<=10,BBB(3)
0,(move+1),(move-1),"p3(0, 'x', 0)",3,2,10,none<=10,AAA(3),none<=10,BBB(3)
0,(move+1),(move-1),"p3(0, 0, 'x')",3,0,10,none<=10,AAA(3),none<=10,BBB(3)
0,(move+1),(move-1),"p3(0, 0, 'x')",3,1,10,none<=10,AAA(3),none<=10,BBB(3)
0,(move+1),(move-1),"p3(0, 0, 'x')",3,2,10,none<=10,AAA(3),none<=10,BBB(3)
0,(move+1),(move-1),"p3('x', 1, 1)",3,0,10,none<=10,AAA(3),none<=10,BBB(3)
0,(move+1),(move-1),"p3('x', 1, 1)",3,1,10,none<=10,AAA(3),none<=10,BBB(3)
0,(move+1),(move-1),"p3('x', 1, 1)",3,2,10,none<=10,AAA(3),none<=10,BBB(3)
0,(move+1),(move-1),"p3(1, 'x', 1)",3,0,10,none<=10,AAA(3),none<=10,BBB(3)
0,(move+1),(move-1),"p3(1, 'x', 1)",3,1,10,none<=10,AAA(3),none<=10,BBB(3)
0,(move+1),(move-1),"p3(1, 'x', 1)",3,2,10,none<=10,AAA(3),none<=10,BBB(3)
0,(move+1),(move-1),"p3(1, 1, 'x')",3,0,10,none<=10,AAA(3),none<=10,BBB(3)
0,(move+1),(move-1),"p3(1, 1, 'x')",3,1,10,none<=10,AAA(3),none<=10,BBB(3)
0,(move+1),(move-1),"p3(1, 1, 'x')",3,2,10,none<=10,AAA(3),none<=10,BBB(3)
1,(move+1),"(skip(v=0),move-1)",none,1,0,10,none<=10,A(1),none<=10,none<=10
1,(move+1),"(skip(v=0),move-1)","(x,xbar)",2,0,10,none<=10,none<=10,none<=10,none<=10
1,(move+1),"(skip(v=0),move-1)","(x,xbar)",2,1,10,none<=10,none<=10,none<=10,none<=10
1,(move+1),"(skip(v=0),move-1)","(xbar,x)",2,0,10,none<=10,none<=10,none<=10,none<=10
1,(move+1),"(skip(v=0),move-1)","(xbar,x)",2,1,10,none<=10,none<=10,none<=10,none<=10
1,(move+1),"(skip(v=0),move-1)","(x,1)",2,0,10,none<=10,none<=10,none<=10,none<=10
1,(move+1),"(skip(v=0),move-1)","(x,1)",2,1,10,none<=10,none<=10,none<=10,none<=10
1,(move+1),"(skip(v=0),move-1)","(1,x)",2,0,10,none<=10,none<=10,none<=10,none<=10
1,(move+1),"(skip(v=0),move-1)","(1,x)",2,1,10,none<=10,none<=10,none<=10,none<=10
1,(move+1),"(skip(v=0),move-1)","(x,0)",2,0,10,none<=10,none<=10,none<=10,none<=10
1,(move+1),"(skip(v=0),move-1)","(x,0)",2,1,10,none<=10,none<=10,none<=10,none<=10
1,(move+1),"(skip(v=0),move-1)","(0,x)",2,0,10,none<=10,none<=10,none<=10,none<=10
1,(move+1),"(skip(v=0),move-1)","(0,x)",2,1,10,none<=10,none<=10,none<=10,none<=10
1,(move+1),"(skip(v=0),move-1)","p3('x', 0, 1)",3,0,10,none<=10,AAABBAABA(9),none<=10,none<=10
1,(move+1),"(skip(v=0),move-1)","p3('x', 0, 1)",3,1,10,none<=10,AABBAABAA(9),none<=10,none<=10
1,(move+1),"(skip(v=0),move-1)","p3('x', 0, 1)",3,2,10,none<=10,ABBAABAAA(9),none<=10,none<=10
1,(move+1),"(skip(v=0),move-1)","p3(1, 'x', 0)",3,0,12,none<=12,ABBAABAAA(9),AABAAABBBB(10),none<=12
1,(move+1),"(skip(v=0),move-1)","p3(1, 'x', 0)",3,1,10,none<=10,AAABBAABA(9),none<=10,none<=10
1,(move+1),"(skip(v=0),move-1)","p3(1, 'x', 0)",3,2,10,none<=10,AABBAABAA(9),none<=10,none<=10
1,(move+1),"(skip(v=0),move-1)","p3(0, 1, 'x')",3,0,10,none<=10,AABBAABAA(9),none<=10,none<=10
1,(move+1),"(skip(v=0),move-1)","p3(0, 1, 'x')",3,1,12,none<=12,ABBAABAAA(9),AABAAABBBB(10),none<=12
1,(move+1),"(skip(v=0),move-1)","p3(0, 1, 'x')",3,2,10,none<=10,none<=10,none<=10,none<=10
1,(move+1),"(skip(v=0),move-1)","p3('x', 1, 0)",3,0,10,none<=10,AABBAAABAB(10),none<=10,BAABBBAB(8)
1,(move+1),"(skip(v=0),move-1)","p3('x', 1, 0)",3,1,10,none<=10,ABBAAABA(8),none<=10,BBAABBBA(8)
1,(move+1),"(skip(v=0),move-1)","p3('x', 1, 0)",3,2,10,none<=10,AABAABBBAA(10),none<=10,BABBBBABAA(10)
1,(move+1),"(skip(v=0),move-1)","p3(0, 'x', 1)",3,0,10,none<=10,AABAABBBAA(10),none<=10,none<=10
1,(move+1),"(skip(v=0),move-1)","p3(0, 'x', 1)",3,1,10,none<=10,AABBAAABAB(10),none<=10,BAABBBAB(8)
1,(move+1),"(skip(v=0),move-1)","p3(0, 'x', 1)",3,2,10,none<=10,ABBAAABA(8),none<=10,BBAABBBA(8)
1,(move+1),"(skip(v=0),move-1)","p3(1, 0, 'x')",3,0,10,none<=10,ABBAAABA(8),none<=10,BBAABBBA(8)
1,(move+1),"(skip(v=0),move-1)","p3(1, 0, 'x')",3,1,10,none<=10,AABAABBBAA(10),none<=10,none<=10
1,(move+1),"(skip(v=0),move-1)","p3(1, 0, 'x')",3,2,10,none<=10,ABAABBBAAA(10),none<=10,BAABBBAB(8)
1,(move+1),"(skip(v=0),move-1)","p3('x', 0, 0)",3,0,10,none<=10,none<=10,none<=10,none<=10
1,(move+1),"(skip(v=0),move-1)","p3('x', 0, 0)",3,1,10,none<=10,none<=10,none<=10,none<=10
1,(move+1),"(skip(v=0),move-1)","p3('x', 0, 0)",3,2,10,none<=10,none<=10,none<=10,none<=10
1,(move+1),"(skip(v=0),move-1)","p3(0, 'x', 0)",3,0,10,none<=10,none<=10,none<=10,none<=10
1,(move+1),"(skip(v=0),move-1)","p3(0, 'x', 0)",3,1,10,none<=10,none<=10,none<=10,none<=10
1,(move+1),"(skip(v=0),move-1)","p3(0, 'x', 0)",3,2,10,none<=10,none<=10,none<=10,none<=10
1,(move+1),"(skip(v=0),move-1)","p3(0, 0, 'x')",3,0,10,none<=10,none<=10,none<=10,none<=10
1,(move+1),"(skip(v=0),move-1)","p3(0, 0, 'x')",3,1,10,none<=10,none<=10,none<=10,none<=10
1,(move+1),"(skip(v=0),move-1)","p3(0, 0, 'x')",3,2,10,none<=10,none<=10,none<=10,none<=10
1,(move+1),"(skip(v=0),move-1)","p3('x', 1, 1)",3,0,10,none<=10,none<=10,none<=10,none<=10
1,(move+1),"(skip(v=0),move-1)","p3('x', 1, 1)",3,1,10,none<=10,none<=10,none<=10,none<=10
1,(move+1),"(skip(v=0),move-1)","p3('x', 1, 1)",3,2,10,none<=10,none<=10,none<=10,none<=10
1,(move+1),"(skip(v=0),move-1)","p3(1, 'x', 1)",3,0,10,none<=10,none<=10,none<=10,none<=10
1,(move+1),"(skip(v=0),move-1)","p3(1, 'x', 1)",3,1,10,none<=10,none<=10,none<=10,none<=10
1,(move+1),"(skip(v=0),move-1)","p3(1, 'x', 1)",3,2,10,none<=10,none<=10,none<=10,none<=10
1,(move+1),"(skip(v=0),move-1)","p3(1, 1, 'x')",3,0,10,none<=10,none<=10,none<=10,none<=10
1,(move+1),"(skip(v=0),move-1)","p3(1, 1, 'x')",3,1,10,none<=10,none<=10,none<=10,none<=10
1,(move+1),"(skip(v=0),move-1)","p3(1, 1, 'x')",3,2,10,none<=10,none<=10,none<=10,none<=10
2,(move+1),"(move-1,skip(v=0))",none,1,0,10,none<=10,A(1),none<=10,none<=10
2,(move+1),"(move-1,skip(v=0))","(x,xbar)",2,0,10,none<=10,none<=10,none<=10,none<=10
2,(move+1),"(move-1,skip(v=0))","(x,xbar)",2,1,10,none<=10,none<=10,none<=10,none<=10
2,(move+1),"(move-1,skip(v=0))","(xbar,x)",2,0,10,none<=10,none<=10,none<=10,none<=10
2,(move+1),"(move-1,skip(v=0))","(xbar,x)",2,1,10,none<=10,none<=10,none<=10,none<=10
2,(move+1),"(move-1,skip(v=0))","(x,1)",2,0,10,none<=10,none<=10,none<=10,none<=10
2,(move+1),"(move-1,skip(v=0))","(x,1)",2,1,10,none<=10,none<=10,none<=10,none<=10
2,(move+1),"(move-1,skip(v=0))","(1,x)",2,0,10,none<=10,none<=10,none<=10,none<=10
2,(move+1),"(move-1,skip(v=0))","(1,x)",2,1,10,none<=10,none<=10,none<=10,none<=10
2,(move+1),"(move-1,skip(v=0))","(x,0)",2,0,10,none<=10,none<=10,none<=10,none<=10
2,(move+1),"(move-1,skip(v=0))","(x,0)",2,1,10,none<=10,none<=10,none<=10,none<=10
2,(move+1),"(move-1,skip(v=0))","(0,x)",2,0,10,none<=10,none<=10,none<=10,none<=10
2,(move+1),"(move-1,skip(v=0))","(0,x)",2,1,10,none<=10,none<=10,none<=10,none<=10
2,(move+1),"(move-1,skip(v=0))","p3('x', 0, 1)",3,0,12,none<=12,ABBAABAAA(9),AABAAABBBB(10),none<=12
2,(move+1),"(move-1,skip(v=0))","p3('x', 0, 1)",3,1,10,none<=10,AAABBAABA(9),none<=10,none<=10
2,(move+1),"(move-1,skip(v=0))","p3('x', 0, 1)",3,2,10,none<=10,AABBAABAA(9),none<=10,none<=10
2,(move+1),"(move-1,skip(v=0))","p3(1, 'x', 0)",3,0,10,none<=10,AABBAABAA(9),none<=10,none<=10
2,(move+1),"(move-1,skip(v=0))","p3(1, 'x', 0)",3,1,12,none<=12,ABBAABAAA(9),AABAAABBBB(10),none<=12
2,(move+1),"(move-1,skip(v=0))","p3(1, 'x', 0)",3,2,10,none<=10,none<=10,none<=10,none<=10
2,(move+1),"(move-1,skip(v=0))","p3(0, 1, 'x')",3,0,10,none<=10,AAABBAABA(9),none<=10,none<=10
2,(move+1),"(move-1,skip(v=0))","p3(0, 1, 'x')",3,1,10,none<=10,AABBAABAA(9),none<=10,none<=10
2,(move+1),"(move-1,skip(v=0))","p3(0, 1, 'x')",3,2,12,none<=12,ABBAABAAA(9),AABAAABBBB(10),none<=12
2,(move+1),"(move-1,skip(v=0))","p3('x', 1, 0)",3,0,10,none<=10,AABAABBBAA(10),none<=10,none<=10
2,(move+1),"(move-1,skip(v=0))","p3('x', 1, 0)",3,1,10,none<=10,AABBAAABAB(10),none<=10,BAABBBAB(8)
2,(move+1),"(move-1,skip(v=0))","p3('x', 1, 0)",3,2,10,none<=10,ABBAAABA(8),none<=10,BBAABBBA(8)
2,(move+1),"(move-1,skip(v=0))","p3(0, 'x', 1)",3,0,10,none<=10,ABBAAABA(8),none<=10,BBAABBBA(8)
2,(move+1),"(move-1,skip(v=0))","p3(0, 'x', 1)",3,1,10,none<=10,AABAABBBAA(10),none<=10,none<=10
2,(move+1),"(move-1,skip(v=0))","p3(0, 'x', 1)",3,2,10,none<=10,ABAABBBAAA(10),none<=10,BAABBBAB(8)
2,(move+1),"(move-1,skip(v=0))","p3(1, 0, 'x')",3,0,10,none<=10,AABBAAABAB(10),none<=10,BAABBBAB(8)
2,(move+1),"(move-1,skip(v=0))","p3(1, 0, 'x')",3,1,10,none<=10,ABBAAABA(8),none<=10,BBAABBBA(8)
2,(move+1),"(move-1,skip(v=0))","p3(1, 0, 'x')",3,2,10,none<=10,AABAABBBAA(10),none<=10,BABBBBABAA(10)
2,(move+1),"(move-1,skip(v=0))","p3('x', 0, 0)",3,0,10,none<=10,none<=10,none<=10,none<=10
2,(move+1),"(move-1,skip(v=0))","p3('x', 0, 0)",3,1,10,none<=10,none<=10,none<=10,none<=10
2,(move+1),"(move-1,skip(v=0))","p3('x', 0, 0)",3,2,10,none<=10,none<=10,none<=10,none<=10
2,(move+1),"(move-1,skip(v=0))","p3(0, 'x', 0)",3,0,10,none<=10,none<=10,none<=10,none<=10
2,(move+1),"(move-1,skip(v=0))","p3(0, 'x', 0)",3,1,10,none<=10,none<=10,none<=10,none<=10
2,(move+1),"(move-1,skip(v=0))","p3(0, 'x', 0)",3,2,10,none<=10,none<=10,none<=10,none<=10
2,(move+1),"(move-1,skip(v=0))","p3(0, 0, 'x')",3,0,10,none<=10,none<=10,none<=10,none<=10
2,(move+1),"(move-1,skip(v=0))","p3(0, 0, 'x')",3,1,10,none<=10,none<=10,none<=10,none<=10
2,(move+1),"(move-1,skip(v=0))","p3(0, 0, 'x')",3,2,10,none<=10,none<=10,none<=10,none<=10
2,(move+1),"(move-1,skip(v=0))","p3('x', 1, 1)",3,0,10,none<=10,none<=10,none<=10,none<=10
2,(move+1),"(move-1,skip(v=0))","p3('x', 1, 1)",3,1,10,none<=10,none<=10,none<=10,none<=10
2,(move+1),"(move-1,skip(v=0))","p3('x', 1, 1)",3,2,10,none<=10,none<=10,none<=10,none<=10
2,(move+1),"(move-1,skip(v=0))","p3(1, 'x', 1)",3,0,10,none<=10,none<=10,none<=10,none<=10
2,(move+1),"(move-1,skip(v=0))","p3(1, 'x', 1)",3,1,10,none<=10,none<=10,none<=10,none<=10
2,(move+1),"(move-1,skip(v=0))","p3(1, 'x', 1)",3,2,10,none<=10,none<=10,none<=10,none<=10
2,(move+1),"(move-1,skip(v=0))","p3(1, 1, 'x')",3,0,10,none<=10,none<=10,none<=10,none<=10
2,(move+1),"(move-1,skip(v=0))","p3(1, 1, 'x')",3,1,10,none<=10,none<=10,none<=10,none<=10
2,(move+1),"(move-1,skip(v=0))","p3(1, 1, 'x')",3,2,10,none<=10,none<=10,none<=10,none<=10
3,(move+1),(move-1(iff=0)),none,1,0,10,none<=10,A(1),none<=10,none<=10
3,(move+1),(move-1(iff=0)),"(x,xbar)",2,0,10,none<=10,AA(2),none<=10,none<=10
3,(move+1),(move-1(iff=0)),"(x,xbar)",2,1,10,none<=10,AA(2),none<=10,none<=10
3,(move+1),(move-1(iff=0)),"(xbar,x)",2,0,10,none<=10,AA(2),none<=10,none<=10
3,(move+1),(move-1(iff=0)),"(xbar,x)",2,1,10,none<=10,AA(2),none<=10,none<=10
3,(move+1),(move-1(iff=0)),"(x,1)",2,0,10,none<=10,AA(2),none<=10,none<=10
3,(move+1),(move-1(iff=0)),"(x,1)",2,1,10,none<=10,AA(2),none<=10,none<=10
3,(move+1),(move-1(iff=0)),"(1,x)",2,0,10,none<=10,AA(2),none<=10,none<=10
3,(move+1),(move-1(iff=0)),"(1,x)",2,1,10,none<=10,AA(2),none<=10,none<=10
3,(move+1),(move-1(iff=0)),"(x,0)",2,0,10,none<=10,AA(2),none<=10,none<=10
3,(move+1),(move-1(iff=0)),"(x,0)",2,1,10,none<=10,AA(2),none<=10,none<=10
3,(move+1),(move-1(iff=0)),"(0,x)",2,0,10,none<=10,AA(2),none<=10,none<=10
3,(move+1),(move-1(iff=0)),"(0,x)",2,1,10,none<=10,AA(2),none<=10,none<=10
3,(move+1),(move-1(iff=0)),"p3('x', 0, 1)",3,0,10,none<=10,AAA(3),none<=10,none<=10
3,(move+1),(move-1(iff=0)),"p3('x', 0, 1)",3,1,10,none<=10,AAA(3),none<=10,none<=10
3,(move+1),(move-1(iff=0)),"p3('x', 0, 1)",3,2,10,none<=10,AAA(3),none<=10,none<=10
3,(move+1),(move-1(iff=0)),"p3(1, 'x', 0)",3,0,10,none<=10,AAA(3),none<=10,none<=10
3,(move+1),(move-1(iff=0)),"p3(1, 'x', 0)",3,1,10,none<=10,AAA(3),none<=10,none<=10
3,(move+1),(move-1(iff=0)),"p3(1, 'x', 0)",3,2,10,none<=10,AAA(3),none<=10,none<=10
3,(move+1),(move-1(iff=0)),"p3(0, 1, 'x')",3,0,10,none<=10,AAA(3),none<=10,none<=10
3,(move+1),(move-1(iff=0)),"p3(0, 1, 'x')",3,1,10,none<=10,AAA(3),none<=10,none<=10
3,(move+1),(move-1(iff=0)),"p3(0, 1, 'x')",3,2,10,none<=10,AAA(3),none<=10,none<=10
3,(move+1),(move-1(iff=0)),"p3('x', 1, 0)",3,0,10,none<=10,AAA(3),none<=10,none<=10
3,(move+1),(move-1(iff=0)),"p3('x', 1, 0)",3,1,10,none<=10,AAA(3),none<=10,none<=10
3,(move+1),(move-1(iff=0)),"p3('x', 1, 0)",3,2,10,none<=10,AAA(3),none<=10,none<=10
3,(move+1),(move-1(iff=0)),"p3(0, 'x', 1)",3,0,10,none<=10,AAA(3),none<=10,none<=10
3,(move+1),(move-1(iff=0)),"p3(0, 'x', 1)",3,1,10,none<=10,AAA(3),none<=10,none<=10
3,(move+1),(move-1(iff=0)),"p3(0, 'x', 1)",3,2,10,none<=10,AAA(3),none<=10,none<=10
3,(move+1),(move-1(iff=0)),"p3(1, 0, 'x')",3,0,10,none<=10,AAA(3),none<=10,none<=10
3,(move+1),(move-1(iff=0)),"p3(1, 0, 'x')",3,1,10,none<=10,AAA(3),none<=10,none<=10
3,(move+1),(move-1(iff=0)),"p3(1, 0, 'x')",3,2,10,none<=10,AAA(3),none<=10,none<=10
3,(move+1),(move-1(iff=0)),"p3('x', 0, 0)",3,0,10,none<=10,AAA(3),none<=10,none<=10
3,(move+1),(move-1(iff=0)),"p3('x', 0, 0)",3,1,10,none<=10,AAA(3),none<=10,none<=10
3,(move+1),(move-1(iff=0)),"p3('x', 0, 0)",3,2,10,none<=10,AAA(3),none<=10,none<=10
3,(move+1),(move-1(iff=0)),"p3(0, 'x', 0)",3,0,10,none<=10,AAA(3),none<=10,none<=10
3,(move+1),(move-1(iff=0)),"p3(0, 'x', 0)",3,1,10,none<=10,AAA(3),none<=10,none<=10
3,(move+1),(move-1(iff=0)),"p3(0, 'x', 0)",3,2,10,none<=10,AAA(3),none<=10,none<=10
3,(move+1),(move-1(iff=0)),"p3(0, 0, 'x')",3,0,10,none<=10,AAA(3),none<=10,none<=10
3,(move+1),(move-1(iff=0)),"p3(0, 0, 'x')",3,1,10,none<=10,AAA(3),none<=10,none<=10
3,(move+1),(move-1(iff=0)),"p3(0, 0, 'x')",3,2,10,none<=10,AAA(3),none<=10,none<=10
3,(move+1),(move-1(iff=0)),"p3('x', 1, 1)",3,0,10,none<=10,AAA(3),none<=10,none<=10
3,(move+1),(move-1(iff=0)),"p3('x', 1, 1)",3,1,10,none<=10,AAA(3),none<=10,none<=10
3,(move+1),(move-1(iff=0)),"p3('x', 1, 1)",3,2,10,none<=10,AAA(3),none<=10,none<=10
3,(move+1),(move-1(iff=0)),"p3(1, 'x', 1)",3,0,10,none<=10,AAA(3),none<=10,none<=10
3,(move+1),(move-1(iff=0)),"p3(1, 'x', 1)",3,1,10,none<=10,AAA(3),none<=10,none<=10
3,(move+1),(move-1(iff=0)),"p3(1, 'x', 1)",3,2,10,none<=10,AAA(3),none<=10,none<=10
3,(move+1),(move-1(iff=0)),"p3(1, 1, 'x')",3,0,10,none<=10,AAA(3),none<=10,none<=10
3,(move+1),(move-1(iff=0)),"p3(1, 1, 'x')",3,1,10,none<=10,AAA(3),none<=10,none<=10
3,(move+1),(move-1(iff=0)),"p3(1, 1, 'x')",3,2,10,none<=10,AAA(3),none<=10,none<=10
4,(move+1),"(skip(v=0),move-1(iff=0))",none,1,0,10,none<=10,A(1),none<=10,none<=10
4,(move+1),"(skip(v=0),move-1(iff=0))","(x,xbar)",2,0,10,none<=10,none<=10,none<=10,none<=10
4,(move+1),"(skip(v=0),move-1(iff=0))","(x,xbar)",2,1,10,none<=10,none<=10,none<=10,none<=10
4,(move+1),"(skip(v=0),move-1(iff=0))","(xbar,x)",2,0,10,none<=10,none<=10,none<=10,none<=10
4,(move+1),"(skip(v=0),move-1(iff=0))","(xbar,x)",2,1,10,none<=10,none<=10,none<=10,none<=10
4,(move+1),"(skip(v=0),move-1(iff=0))","(x,1)",2,0,10,none<=10,none<=10,none<=10,none<=10
4,(move+1),"(skip(v=0),move-1(iff=0))","(x,1)",2,1,10,none<=10,none<=10,none<=10,none<=10
4,(move+1),"(skip(v=0),move-1(iff=0))","(1,x)",2,0,10,none<=10,none<=10,none<=10,none<=10
4,(move+1),"(skip(v=0),move-1(iff=0))","(1,x)",2,1,10,none<=10,none<=10,none<=10,none<=10
4,(move+1),"(skip(v=0),move-1(iff=0))","(x,0)",2,0,10,none<=10,none<=10,none<=10,none<=10
4,(move+1),"(skip(v=0),move-1(iff=0))","(x,0)",2,1,10,none<=10,none<=10,none<=10,none<=10
4,(move+1),"(skip(v=0),move-1(iff=0))","(0,x)",2,0,10,none<=10,none<=10,none<=10,none<=10
4,(move+1),"(skip(v=0),move-1(iff=0))","(0,x)",2,1,10,none<=10,none<=10,none<=10,none<=10
4,(move+1),"(skip(v=0),move-1(iff=0))","p3('x', 0, 1)",3,0,10,none<=10,AABA(4),none<=10,none<=10
4,(move+1),"(skip(v=0),move-1(iff=0))","p3('x', 0, 1)",3,1,10,none<=10,ABAA(4),none<=10,none<=10
4,(move+1),"(skip(v=0),move-1(iff=0))","p3('x', 0, 1)",3,2,10,none<=10,none<=10,none<=10,none<=10
4,(move+1),"(skip(v=0),move-1(iff=0))","p3(1, 'x', 0)",3,0,10,none<=10,none<=10,none<=10,none<=10
4,(move+1),"(skip(v=0),move-1(iff=0))","p3(1, 'x', 0)",3,1,10,none<=10,AABA(4),none<=10,none<=10
4,(move+1),"(skip(v=0),move-1(iff=0))","p3(1, 'x', 0)",3,2,10,none<=10,ABAA(4),none<=10,none<=10
4,(move+1),"(skip(v=0),move-1(iff=0))","p3(0, 1, 'x')",3,0,10,none<=10,ABAA(4),none<=10,none<=10
4,(move+1),"(skip(v=0),move-1(iff=0))","p3(0, 1, 'x')",3,1,10,none<=10,none<=10,none<=10,none<=10
4,(move+1),"(skip(v=0),move-1(iff=0))","p3(0, 1, 'x')",3,2,10,none<=10,AABA(4),none<=10,none<=10
4,(move+1),"(skip(v=0),move-1(iff=0))","p3('x', 1, 0)",3,0,10,none<=10,none<=10,none<=10,none<=10
4,(move+1),"(skip(v=0),move-1(iff=0))","p3('x', 1, 0)",3,1,10,none<=10,none<=10,none<=10,none<=10
4,(move+1),"(skip(v=0),move-1(iff=0))","p3('x', 1, 0)",3,2,10,none<=10,none<=10,none<=10,none<=10
4,(move+1),"(skip(v=0),move-1(iff=0))","p3(0, 'x', 1)",3,0,10,none<=10,none<=10,none<=10,none<=10
4,(move+1),"(skip(v=0),move-1(iff=0))","p3(0, 'x', 1)",3,1,10,none<=10,none<=10,none<=10,none<=10
4,(move+1),"(skip(v=0),move-1(iff=0))","p3(0, 'x', 1)",3,2,10,none<=10,none<=10,none<=10,none<=10
4,(move+1),"(skip(v=0),move-1(iff=0))","p3(1, 0, 'x')",3,0,10,none<=10,none<=10,none<=10,none<=10
4,(move+1),"(skip(v=0),move-1(iff=0))","p3(1, 0, 'x')",3,1,10,none<=10,none<=10,none<=10,none<=10
4,(move+1),"(skip(v=0),move-1(iff=0))","p3(1, 0, 'x')",3,2,10,none<=10,none<=10,none<=10,none<=10
4,(move+1),"(skip(v=0),move-1(iff=0))","p3('x', 0, 0)",3,0,10,none<=10,none<=10,none<=10,none<=10
4,(move+1),"(skip(v=0),move-1(iff=0))","p3('x', 0, 0)",3,1,10,none<=10,none<=10,none<=10,none<=10
4,(move+1),"(skip(v=0),move-1(iff=0))","p3('x', 0, 0)",3,2,10,none<=10,none<=10,none<=10,none<=10
4,(move+1),"(skip(v=0),move-1(iff=0))","p3(0, 'x', 0)",3,0,10,none<=10,none<=10,none<=10,none<=10
4,(move+1),"(skip(v=0),move-1(iff=0))","p3(0, 'x', 0)",3,1,10,none<=10,none<=10,none<=10,none<=10
4,(move+1),"(skip(v=0),move-1(iff=0))","p3(0, 'x', 0)",3,2,10,none<=10,none<=10,none<=10,none<=10
4,(move+1),"(skip(v=0),move-1(iff=0))","p3(0, 0, 'x')",3,0,10,none<=10,none<=10,none<=10,none<=10
4,(move+1),"(skip(v=0),move-1(iff=0))","p3(0, 0, 'x')",3,1,10,none<=10,none<=10,none<=10,none<=10
4,(move+1),"(skip(v=0),move-1(iff=0))","p3(0, 0, 'x')",3,2,10,none<=10,none<=10,none<=10,none<=10
4,(move+1),"(skip(v=0),move-1(iff=0))","p3('x', 1, 1)",3,0,10,none<=10,none<=10,none<=10,none<=10
4,(move+1),"(skip(v=0),move-1(iff=0))","p3('x', 1, 1)",3,1,10,none<=10,none<=10,none<=10,none<=10
4,(move+1),"(skip(v=0),move-1(iff=0))","p3('x', 1, 1)",3,2,10,none<=10,none<=10,none<=10,none<=10
4,(move+1),"(skip(v=0),move-1(iff=0))","p3(1, 'x', 1)",3,0,10,none<=10,none<=10,none<=10,none<=10
4,(move+1),"(skip(v=0),move-1(iff=0))","p3(1, 'x', 1)",3,1,10,none<=10,none<=10,none<=10,none<=10
4,(move+1),"(skip(v=0),move-1(iff=0))","p3(1, 'x', 1)",3,2,10,none<=10,none<=10,none<=10,none<=10
4,(move+1),"(skip(v=0),move-1(iff=0))","p3(1, 1, 'x')",3,0,10,none<=10,none<=10,none<=10,none<=10
4,(move+1),"(skip(v=0),move-1(iff=0))","p3(1, 1, 'x')",3,1,10,none<=10,none<=10,none<=10,none<=10
4,(move+1),"(skip(v=0),move-1(iff=0))","p3(1, 1, 'x')",3,2,10,none<=10,none<=10,none<=10,none<=10
5,(move+1),"(move-1(iff=0),skip(v=0))",none,1,0,10,none<=10,A(1),none<=10,none<=10
5,(move+1),"(move-1(iff=0),skip(v=0))","(x,xbar)",2,0,10,none<=10,none<=10,none<=10,none<=10
5,(move+1),"(move-1(iff=0),skip(v=0))","(x,xbar)",2,1,10,none<=10,none<=10,none<=10,none<=10
5,(move+1),"(move-1(iff=0),skip(v=0))","(xbar,x)",2,0,10,none<=10,none<=10,none<=10,none<=10
5,(move+1),"(move-1(iff=0),skip(v=0))","(xbar,x)",2,1,10,none<=10,none<=10,none<=10,none<=10
5,(move+1),"(move-1(iff=0),skip(v=0))","(x,1)",2,0,10,none<=10,none<=10,none<=10,none<=10
5,(move+1),"(move-1(iff=0),skip(v=0))","(x,1)",2,1,10,none<=10,none<=10,none<=10,none<=10
5,(move+1),"(move-1(iff=0),skip(v=0))","(1,x)",2,0,10,none<=10,none<=10,none<=10,none<=10
5,(move+1),"(move-1(iff=0),skip(v=0))","(1,x)",2,1,10,none<=10,none<=10,none<=10,none<=10
5,(move+1),"(move-1(iff=0),skip(v=0))","(x,0)",2,0,10,none<=10,none<=10,none<=10,none<=10
5,(move+1),"(move-1(iff=0),skip(v=0))","(x,0)",2,1,10,none<=10,none<=10,none<=10,none<=10
5,(move+1),"(move-1(iff=0),skip(v=0))","(0,x)",2,0,10,none<=10,none<=10,none<=10,none<=10
5,(move+1),"(move-1(iff=0),skip(v=0))","(0,x)",2,1,10,none<=10,none<=10,none<=10,none<=10
5,(move+1),"(move-1(iff=0),skip(v=0))","p3('x', 0, 1)",3,0,10,none<=10,none<=10,none<=10,none<=10
5,(move+1),"(move-1(iff=0),skip(v=0))","p3('x', 0, 1)",3,1,10,none<=10,none<=10,none<=10,none<=10
5,(move+1),"(move-1(iff=0),skip(v=0))","p3('x', 0, 1)",3,2,10,none<=10,none<=10,none<=10,none<=10
5,(move+1),"(move-1(iff=0),skip(v=0))","p3(1, 'x', 0)",3,0,10,none<=10,none<=10,none<=10,none<=10
5,(move+1),"(move-1(iff=0),skip(v=0))","p3(1, 'x', 0)",3,1,10,none<=10,none<=10,none<=10,none<=10
5,(move+1),"(move-1(iff=0),skip(v=0))","p3(1, 'x', 0)",3,2,10,none<=10,none<=10,none<=10,none<=10
5,(move+1),"(move-1(iff=0),skip(v=0))","p3(0, 1, 'x')",3,0,10,none<=10,none<=10,none<=10,none<=10
5,(move+1),"(move-1(iff=0),skip(v=0))","p3(0, 1, 'x')",3,1,10,none<=10,none<=10,none<=10,none<=10
5,(move+1),"(move-1(iff=0),skip(v=0))","p3(0, 1, 'x')",3,2,10,none<=10,none<=10,none<=10,none<=10
5,(move+1),"(move-1(iff=0),skip(v=0))","p3('x', 1, 0)",3,0,10,none<=10,none<=10,none<=10,none<=10
5,(move+1),"(move-1(iff=0),skip(v=0))","p3('x', 1, 0)",3,1,10,none<=10,none<=10,none<=10,none<=10
5,(move+1),"(move-1(iff=0),skip(v=0))","p3('x', 1, 0)",3,2,10,none<=10,none<=10,none<=10,none<=10
5,(move+1),"(move-1(iff=0),skip(v=0))","p3(0, 'x', 1)",3,0,10,none<=10,none<=10,none<=10,none<=10
5,(move+1),"(move-1(iff=0),skip(v=0))","p3(0, 'x', 1)",3,1,10,none<=10,none<=10,none<=10,none<=10
5,(move+1),"(move-1(iff=0),skip(v=0))","p3(0, 'x', 1)",3,2,10,none<=10,none<=10,none<=10,none<=10
5,(move+1),"(move-1(iff=0),skip(v=0))","p3(1, 0, 'x')",3,0,10,none<=10,none<=10,none<=10,none<=10
5,(move+1),"(move-1(iff=0),skip(v=0))","p3(1, 0, 'x')",3,1,10,none<=10,none<=10,none<=10,none<=10
5,(move+1),"(move-1(iff=0),skip(v=0))","p3(1, 0, 'x')",3,2,10,none<=10,none<=10,none<=10,none<=10
5,(move+1),"(move-1(iff=0),skip(v=0))","p3('x', 0, 0)",3,0,10,none<=10,none<=10,none<=10,none<=10
5,(move+1),"(move-1(iff=0),skip(v=0))","p3('x', 0, 0)",3,1,10,none<=10,none<=10,none<=10,none<=10
5,(move+1),"(move-1(iff=0),skip(v=0))","p3('x', 0, 0)",3,2,10,none<=10,none<=10,none<=10,none<=10
5,(move+1),"(move-1(iff=0),skip(v=0))","p3(0, 'x', 0)",3,0,10,none<=10,none<=10,none<=10,none<=10
5,(move+1),"(move-1(iff=0),skip(v=0))","p3(0, 'x', 0)",3,1,10,none<=10,none<=10,none<=10,none<=10
5,(move+1),"(move-1(iff=0),skip(v=0))","p3(0, 'x', 0)",3,2,10,none<=10,none<=10,none<=10,none<=10
5,(move+1),"(move-1(iff=0),skip(v=0))","p3(0, 0, 'x')",3,0,10,none<=10,none<=10,none<=10,none<=10
5,(move+1),"(move-1(iff=0),skip(v=0))","p3(0, 0, 'x')",3,1,10,none<=10,none<=10,none<=10,none<=10
5,(move+1),"(move-1(iff=0),skip(v=0))","p3(0, 0, 'x')",3,2,10,none<=10,none<=10,none<=10,none<=10
5,(move+1),"(move-1(iff=0),skip(v=0))","p3('x', 1, 1)",3,0,10,none<=10,none<=10,none<=10,none<=10
5,(move+1),"(move-1(iff=0),skip(v=0))","p3('x', 1, 1)",3,1,10,none<=10,none<=10,none<=10,none<=10
5,(move+1),"(move-1(iff=0),skip(v=0))","p3('x', 1, 1)",3,2,10,none<=10,none<=10,none<=10,none<=10
5,(move+1),"(move-1(iff=0),skip(v=0))","p3(1, 'x', 1)",3,0,10,none<=10,none<=10,none<=10,none<=10
5,(move+1),"(move-1(iff=0),skip(v=0))","p3(1, 'x', 1)",3,1,10,none<=10,none<=10,none<=10,none<=10
5,(move+1),"(move-1(iff=0),skip(v=0))","p3(1, 'x', 1)",3,2,10,none<=10,none<=10,none<=10,none<=10
5,(move+1),"(move-1(iff=0),skip(v=0))","p3(1, 1, 'x')",3,0,10,none<=10,none<=10,none<=10,none<=10
5,(move+1),"(move-1(iff=0),skip(v=0))","p3(1, 1, 'x')",3,1,10,none<=10,none<=10,none<=10,none<=10
5,(move+1),"(move-1(iff=0),skip(v=0))","p3(1, 1, 'x')",3,2,10,none<=10,none<=10,none<=10,none<=10
6,(move+1),"(move-1(iff=0),skip(v=1))",none,1,0,10,none<=10,A(1),none<=10,none<=10
6,(move+1),"(move-1(iff=0),skip(v=1))","(x,xbar)",2,0,10,none<=10,none<=10,none<=10,none<=10
6,(move+1),"(move-1(iff=0),skip(v=1))","(x,xbar)",2,1,10,none<=10,none<=10,none<=10,none<=10
6,(move+1),"(move-1(iff=0),skip(v=1))","(xbar,x)",2,0,10,none<=10,none<=10,none<=10,none<=10
6,(move+1),"(move-1(iff=0),skip(v=1))","(xbar,x)",2,1,10,none<=10,none<=10,none<=10,none<=10
6,(move+1),"(move-1(iff=0),skip(v=1))","(x,1)",2,0,10,none<=10,none<=10,none<=10,none<=10
6,(move+1),"(move-1(iff=0),skip(v=1))","(x,1)",2,1,10,none<=10,none<=10,none<=10,none<=10
6,(move+1),"(move-1(iff=0),skip(v=1))","(1,x)",2,0,10,none<=10,none<=10,none<=10,none<=10
6,(move+1),"(move-1(iff=0),skip(v=1))","(1,x)",2,1,10,none<=10,none<=10,none<=10,none<=10
6,(move+1),"(move-1(iff=0),skip(v=1))","(x,0)",2,0,10,none<=10,none<=10,none<=10,none<=10
6,(move+1),"(move-1(iff=0),skip(v=1))","(x,0)",2,1,10,none<=10,none<=10,none<=10,none<=10
6,(move+1),"(move-1(iff=0),skip(v=1))","(0,x)",2,0,10,none<=10,none<=10,none<=10,none<=10
6,(move+1),"(move-1(iff=0),skip(v=1))","(0,x)",2,1,10,none<=10,none<=10,none<=10,none<=10
6,(move+1),"(move-1(iff=0),skip(v=1))","p3('x', 0, 1)",3,0,10,none<=10,none<=10,none<=10,none<=10
6,(move+1),"(move-1(iff=0),skip(v=1))","p3('x', 0, 1)",3,1,10,none<=10,none<=10,none<=10,none<=10
6,(move+1),"(move-1(iff=0),skip(v=1))","p3('x', 0, 1)",3,2,10,none<=10,none<=10,none<=10,none<=10
6,(move+1),"(move-1(iff=0),skip(v=1))","p3(1, 'x', 0)",3,0,10,none<=10,none<=10,none<=10,none<=10
6,(move+1),"(move-1(iff=0),skip(v=1))","p3(1, 'x', 0)",3,1,10,none<=10,none<=10,none<=10,none<=10
6,(move+1),"(move-1(iff=0),skip(v=1))","p3(1, 'x', 0)",3,2,10,none<=10,none<=10,none<=10,none<=10
6,(move+1),"(move-1(iff=0),skip(v=1))","p3(0, 1, 'x')",3,0,10,none<=10,none<=10,none<=10,none<=10
6,(move+1),"(move-1(iff=0),skip(v=1))","p3(0, 1, 'x')",3,1,10,none<=10,none<=10,none<=10,none<=10
6,(move+1),"(move-1(iff=0),skip(v=1))","p3(0, 1, 'x')",3,2,10,none<=10,none<=10,none<=10,none<=10
6,(move+1),"(move-1(iff=0),skip(v=1))","p3('x', 1, 0)",3,0,10,none<=10,none<=10,none<=10,none<=10
6,(move+1),"(move-1(iff=0),skip(v=1))","p3('x', 1, 0)",3,1,10,none<=10,AABAABA(7),none<=10,none<=10
6,(move+1),"(move-1(iff=0),skip(v=1))","p3('x', 1, 0)",3,2,10,none<=10,ABAABAA(7),none<=10,none<=10
6,(move+1),"(move-1(iff=0),skip(v=1))","p3(0, 'x', 1)",3,0,10,none<=10,ABAABAA(7),none<=10,none<=10
6,(move+1),"(move-1(iff=0),skip(v=1))","p3(0, 'x', 1)",3,1,10,none<=10,none<=10,none<=10,none<=10
6,(move+1),"(move-1(iff=0),skip(v=1))","p3(0, 'x', 1)",3,2,10,none<=10,AABAABA(7),none<=10,none<=10
6,(move+1),"(move-1(iff=0),skip(v=1))","p3(1, 0, 'x')",3,0,10,none<=10,AABAABA(7),none<=10,none<=10
6,(move+1),"(move-1(iff=0),skip(v=1))","p3(1, 0, 'x')",3,1,10,none<=10,ABAABAA(7),none<=10,none<=10
6,(move+1),"(move-1(iff=0),skip(v=1))","p3(1, 0, 'x')",3,2,10,none<=10,none<=10,none<=10,none<=10
6,(move+1),"(move-1(iff=0),skip(v=1))","p3('x', 0, 0)",3,0,10,none<=10,none<=10,none<=10,none<=10
6,(move+1),"(move-1(iff=0),skip(v=1))","p3('x', 0, 0)",3,1,10,none<=10,none<=10,none<=10,none<=10
6,(move+1),"(move-1(iff=0),skip(v=1))","p3('x', 0, 0)",3,2,10,none<=10,none<=10,none<=10,none<=10
6,(move+1),"(move-1(iff=0),skip(v=1))","p3(0, 'x', 0)",3,0,10,none<=10,none<=10,none<=10,none<=10
6,(move+1),"(move-1(iff=0),skip(v=1))","p3(0, 'x', 0)",3,1,10,none<=10,none<=10,none<=10,none<=10
6,(move+1),"(move-1(iff=0),skip(v=1))","p3(0, 'x', 0)",3,2,10,none<=10,none<=10,none<=10,none<=10
6,(move+1),"(move-1(iff=0),skip(v=1))","p3(0, 0, 'x')",3,0,10,none<=10,none<=10,none<=10,none<=10
6,(move+1),"(move-1(iff=0),skip(v=1))","p3(0, 0, 'x')",3,1,10,none<=10,none<=10,none<=10,none<=10
6,(move+1),"(move-1(iff=0),skip(v=1))","p3(0, 0, 'x')",3,2,10,none<=10,none<=10,none<=10,none<=10
6,(move+1),"(move-1(iff=0),skip(v=1))","p3('x', 1, 1)",3,0,10,none<=10,none<=10,none<=10,none<=10
6,(move+1),"(move-1(iff=0),skip(v=1))","p3('x', 1, 1)",3,1,10,none<=10,none<=10,none<=10,none<=10
6,(move+1),"(move-1(iff=0),skip(v=1))","p3('x', 1, 1)",3,2,10,none<=10,none<=10,none<=10,none<=10
6,(move+1),"(move-1(iff=0),skip(v=1))","p3(1, 'x', 1)",3,0,10,none<=10,none<=10,none<=10,none<=10
6,(move+1),"(move-1(iff=0),skip(v=1))","p3(1, 'x', 1)",3,1,10,none<=10,none<=10,none<=10,none<=10
6,(move+1),"(move-1(iff=0),skip(v=1))","p3(1, 'x', 1)",3,2,10,none<=10,none<=10,none<=10,none<=10
6,(move+1),"(move-1(iff=0),skip(v=1))","p3(1, 1, 'x')",3,0,10,none<=10,none<=10,none<=10,none<=10
6,(move+1),"(move-1(iff=0),skip(v=1))","p3(1, 1, 'x')",3,1,10,none<=10,none<=10,none<=10,none<=10
6,(move+1),"(move-1(iff=0),skip(v=1))","p3(1, 1, 'x')",3,2,10,none<=10,none<=10,none<=10,none<=10
7,(move+1),"(skip(v=1),move-1(iff=0))",none,1,0,10,none<=10,A(1),none<=10,none<=10
7,(move+1),"(skip(v=1),move-1(iff=0))","(x,xbar)",2,0,10,none<=10,none<=10,none<=10,none<=10
7,(move+1),"(skip(v=1),move-1(iff=0))","(x,xbar)",2,1,10,none<=10,none<=10,none<=10,none<=10
7,(move+1),"(skip(v=1),move-1(iff=0))","(xbar,x)",2,0,10,none<=10,none<=10,none<=10,none<=10
7,(move+1),"(skip(v=1),move-1(iff=0))","(xbar,x)",2,1,10,none<=10,none<=10,none<=10,none<=10
7,(move+1),"(skip(v=1),move-1(iff=0))","(x,1)",2,0,10,none<=10,none<=10,none<=10,none<=10
7,(move+1),"(skip(v=1),move-1(iff=0))","(x,1)",2,1,10,none<=10,none<=10,none<=10,none<=10
7,(move+1),"(skip(v=1),move-1(iff=0))","(1,x)",2,0,10,none<=10,none<=10,none<=10,none<=10
7,(move+1),"(skip(v=1),move-1(iff=0))","(1,x)",2,1,10,none<=10,none<=10,none<=10,none<=10
7,(move+1),"(skip(v=1),move-1(iff=0))","(x,0)",2,0,10,none<=10,none<=10,none<=10,none<=10
7,(move+1),"(skip(v=1),move-1(iff=0))","(x,0)",2,1,10,none<=10,none<=10,none<=10,none<=10
7,(move+1),"(skip(v=1),move-1(iff=0))","(0,x)",2,0,10,none<=10,none<=10,none<=10,none<=10
7,(move+1),"(skip(v=1),move-1(iff=0))","(0,x)",2,1,10,none<=10,none<=10,none<=10,none<=10
7,(move+1),"(skip(v=1),move-1(iff=0))","p3('x', 0, 1)",3,0,10,none<=10,AABBA(5),none<=10,none<=10
7,(move+1),"(skip(v=1),move-1(iff=0))","p3('x', 0, 1)",3,1,10,none<=10,ABBAA(5),none<=10,none<=10
7,(move+1),"(skip(v=1),move-1(iff=0))","p3('x', 0, 1)",3,2,10,none<=10,none<=10,none<=10,none<=10
7,(move+1),"(skip(v=1),move-1(iff=0))","p3(1, 'x', 0)",3,0,10,none<=10,none<=10,none<=10,none<=10
7,(move+1),"(skip(v=1),move-1(iff=0))","p3(1, 'x', 0)",3,1,10,none<=10,AABBA(5),none<=10,none<=10
7,(move+1),"(skip(v=1),move-1(iff=0))","p3(1, 'x', 0)",3,2,10,none<=10,ABBAA(5),none<=10,none<=10
7,(move+1),"(skip(v=1),move-1(iff=0))","p3(0, 1, 'x')",3,0,10,none<=10,ABBAA(5),none<=10,none<=10
7,(move+1),"(skip(v=1),move-1(iff=0))","p3(0, 1, 'x')",3,1,10,none<=10,none<=10,none<=10,none<=10
7,(move+1),"(skip(v=1),move-1(iff=0))","p3(0, 1, 'x')",3,2,10,none<=10,AABBA(5),none<=10,none<=10
7,(move+1),"(skip(v=1),move-1(iff=0))","p3('x', 1, 0)",3,0,10,none<=10,none<=10,none<=10,none<=10
7,(move+1),"(skip(v=1),move-1(iff=0))","p3('x', 1, 0)",3,1,10,none<=10,none<=10,none<=10,none<=10
7,(move+1),"(skip(v=1),move-1(iff=0))","p3('x', 1, 0)",3,2,10,none<=10,none<=10,none<=10,none<=10
7,(move+1),"(skip(v=1),move-1(iff=0))","p3(0, 'x', 1)",3,0,10,none<=10,none<=10,none<=10,none<=10
7,(move+1),"(skip(v=1),move-1(iff=0))","p3(0, 'x', 1)",3,1,10,none<=10,none<=10,none<=10,none<=10
7,(move+1),"(skip(v=1),move-1(iff=0))","p3(0, 'x', 1)",3,2,10,none<=10,none<=10,none<=10,none<=10
7,(move+1),"(skip(v=1),move-1(iff=0))","p3(1, 0, 'x')",3,0,10,none<=10,none<=10,none<=10,none<=10
7,(move+1),"(skip(v=1),move-1(iff=0))","p3(1, 0, 'x')",3,1,10,none<=10,none<=10,none<=10,none<=10
7,(move+1),"(skip(v=1),move-1(iff=0))","p3(1, 0, 'x')",3,2,10,none<=10,none<=10,none<=10,none<=10
7,(move+1),"(skip(v=1),move-1(iff=0))","p3('x', 0, 0)",3,0,10,none<=10,none<=10,none<=10,none<=10
7,(move+1),"(skip(v=1),move-1(iff=0))","p3('x', 0, 0)",3,1,10,none<=10,none<=10,none<=10,none<=10
7,(move+1),"(skip(v=1),move-1(iff=0))","p3('x', 0, 0)",3,2,10,none<=10,none<=10,none<=10,none<=10
7,(move+1),"(skip(v=1),move-1(iff=0))","p3(0, 'x', 0)",3,0,10,none<=10,none<=10,none<=10,none<=10
7,(move+1),"(skip(v=1),move-1(iff=0))","p3(0, 'x', 0)",3,1,10,none<=10,none<=10,none<=10,none<=10
7,(move+1),"(skip(v=1),move-1(iff=0))","p3(0, 'x', 0)",3,2,10,none<=10,none<=10,none<=10,none<=10
7,(move+1),"(skip(v=1),move-1(iff=0))","p3(0, 0, 'x')",3,0,10,none<=10,none<=10,none<=10,none<=10
7,(move+1),"(skip(v=1),move-1(iff=0))","p3(0, 0, 'x')",3,1,10,none<=10,none<=10,none<=10,none<=10
7,(move+1),"(skip(v=1),move-1(iff=0))","p3(0, 0, 'x')",3,2,10,none<=10,none<=10,none<=10,none<=10
7,(move+1),"(skip(v=1),move-1(iff=0))","p3('x', 1, 1)",3,0,10,none<=10,none<=10,none<=10,none<=10
7,(move+1),"(skip(v=1),move-1(iff=0))","p3('x', 1, 1)",3,1,10,none<=10,none<=10,none<=10,none<=10
7,(move+1),"(skip(v=1),move-1(iff=0))","p3('x', 1, 1)",3,2,10,none<=10,none<=10,none<=10,none<=10
7,(move+1),"(skip(v=1),move-1(iff=0))","p3(1, 'x', 1)",3,0,10,none<=10,none<=10,none<=10,none<=10
7,(move+1),"(skip(v=1),move-1(iff=0))","p3(1, 'x', 1)",3,1,10,none<=10,none<=10,none<=10,none<=10
7,(move+1),"(skip(v=1),move-1(iff=0))","p3(1, 'x', 1)",3,2,10,none<=10,none<=10,none<=10,none<=10
7,(move+1),"(skip(v=1),move-1(iff=0))","p3(1, 1, 'x')",3,0,10,none<=10,none<=10,none<=10,none<=10
7,(move+1),"(skip(v=1),move-1(iff=0))","p3(1, 1, 'x')",3,1,10,none<=10,none<=10,none<=10,none<=10
7,(move+1),"(skip(v=1),move-1(iff=0))","p3(1, 1, 'x')",3,2,10,none<=10,none<=10,none<=10,none<=10
8,(move+1),"(flip,move-1)",none,1,0,12,BA(2),A(1),none<=12,BAB(3)
8,(move+1),"(flip,move-1)","(x,xbar)",2,0,12,ABBA(4),AA(2),none<=12,BABBAB(6)
8,(move+1),"(flip,move-1)","(x,xbar)",2,1,12,BBAA(4),AA(2),none<=12,BABBAB(6)
8,(move+1),"(flip,move-1)","(xbar,x)",2,0,12,ABBA(4),AA(2),none<=12,BABBAB(6)
8,(move+1),"(flip,move-1)","(xbar,x)",2,1,12,BBAA(4),AA(2),none<=12,BABBAB(6)
8,(move+1),"(flip,move-1)","(x,1)",2,0,12,BA(2),AA(2),none<=12,BABBAB(6)
8,(move+1),"(flip,move-1)","(x,1)",2,1,12,BABBAA(6),AA(2),none<=12,BABBAB(6)
8,(move+1),"(flip,move-1)","(1,x)",2,0,12,AB(2),AA(2),none<=12,BABBAB(6)
8,(move+1),"(flip,move-1)","(1,x)",2,1,12,BA(2),AA(2),none<=12,BABBAB(6)
8,(move+1),"(flip,move-1)","(x,0)",2,0,12,BA(2),AA(2),none<=12,BABBAB(6)
8,(move+1),"(flip,move-1)","(x,0)",2,1,12,BABBAA(6),AA(2),none<=12,BABBAB(6)
8,(move+1),"(flip,move-1)","(0,x)",2,0,12,AB(2),AA(2),none<=12,BABBAB(6)
8,(move+1),"(flip,move-1)","(0,x)",2,1,12,BA(2),AA(2),none<=12,BABBAB(6)
8,(move+1),"(flip,move-1)","p3('x', 0, 1)",3,0,12,BA(2),AAA(3),none<=12,BABBABBAB(9)
8,(move+1),"(flip,move-1)","p3('x', 0, 1)",3,1,12,BABBAA(6),AAA(3),none<=12,BABBABBAB(9)
8,(move+1),"(flip,move-1)","p3('x', 0, 1)",3,2,12,BABBABBAAA(10),AAA(3),none<=12,BABBABBAB(9)
8,(move+1),"(flip,move-1)","p3(1, 'x', 0)",3,0,12,AB(2),AAA(3),none<=12,BABBABBAB(9)
8,(move+1),"(flip,move-1)","p3(1, 'x', 0)",3,1,12,BA(2),AAA(3),none<=12,BABBABBAB(9)
8,(move+1),"(flip,move-1)","p3(1, 'x', 0)",3,2,12,BABBAA(6),AAA(3),none<=12,BABBABBAB(9)
8,(move+1),"(flip,move-1)","p3(0, 1, 'x')",3,0,12,AABBAB(6),AAA(3),none<=12,BABBABBAB(9)
8,(move+1),"(flip,move-1)","p3(0, 1, 'x')",3,1,12,AB(2),AAA(3),none<=12,BABBABBAB(9)
8,(move+1),"(flip,move-1)","p3(0, 1, 'x')",3,2,12,BA(2),AAA(3),none<=12,BABBABBAB(9)
8,(move+1),"(flip,move-1)","p3('x', 1, 0)",3,0,12,BA(2),AAA(3),none<=12,BABBABBAB(9)
8,(move+1),"(flip,move-1)","p3('x', 1, 0)",3,1,12,BABBAA(6),AAA(3),none<=12,BABBABBAB(9)
8,(move+1),"(flip,move-1)","p3('x', 1, 0)",3,2,12,BABBABBAAA(10),AAA(3),none<=12,BABBABBAB(9)
8,(move+1),"(flip,move-1)","p3(0, 'x', 1)",3,0,12,AB(2),AAA(3),none<=12,BABBABBAB(9)
8,(move+1),"(flip,move-1)","p3(0, 'x', 1)",3,1,12,BA(2),AAA(3),none<=12,BABBABBAB(9)
8,(move+1),"(flip,move-1)","p3(0, 'x', 1)",3,2,12,BABBAA(6),AAA(3),none<=12,BABBABBAB(9)
8,(move+1),"(flip,move-1)","p3(1, 0, 'x')",3,0,12,AABBAB(6),AAA(3),none<=12,BABBABBAB(9)
8,(move+1),"(flip,move-1)","p3(1, 0, 'x')",3,1,12,AB(2),AAA(3),none<=12,BABBABBAB(9)
8,(move+1),"(flip,move-1)","p3(1, 0, 'x')",3,2,12,BA(2),AAA(3),none<=12,BABBABBAB(9)
8,(move+1),"(flip,move-1)","p3('x', 0, 0)",3,0,12,BA(2),AAA(3),none<=12,BABBABBAB(9)
8,(move+1),"(flip,move-1)","p3('x', 0, 0)",3,1,12,BABBAA(6),AAA(3),none<=12,BABBABBAB(9)
8,(move+1),"(flip,move-1)","p3('x', 0, 0)",3,2,12,BABBABBAAA(10),AAA(3),none<=12,BABBABBAB(9)
8,(move+1),"(flip,move-1)","p3(0, 'x', 0)",3,0,12,AB(2),AAA(3),none<=12,BABBABBAB(9)
8,(move+1),"(flip,move-1)","p3(0, 'x', 0)",3,1,12,BA(2),AAA(3),none<=12,BABBABBAB(9)
8,(move+1),"(flip,move-1)","p3(0, 'x', 0)",3,2,12,BABBAA(6),AAA(3),none<=12,BABBABBAB(9)
8,(move+1),"(flip,move-1)","p3(0, 0, 'x')",3,0,12,AABBAB(6),AAA(3),none<=12,BABBABBAB(9)
8,(move+1),"(flip,move-1)","p3(0, 0, 'x')",3,1,12,AB(2),AAA(3),none<=12,BABBABBAB(9)
8,(move+1),"(flip,move-1)","p3(0, 0, 'x')",3,2,12,BA(2),AAA(3),none<=12,BABBABBAB(9)
8,(move+1),"(flip,move-1)","p3('x', 1, 1)",3,0,12,BA(2),AAA(3),none<=12,BABBABBAB(9)
8,(move+1),"(flip,move-1)","p3('x', 1, 1)",3,1,12,BABBAA(6),AAA(3),none<=12,BABBABBAB(9)
8,(move+1),"(flip,move-1)","p3('x', 1, 1)",3,2,12,BABBABBAAA(10),AAA(3),none<=12,BABBABBAB(9)
8,(move+1),"(flip,move-1)","p3(1, 'x', 1)",3,0,12,AB(2),AAA(3),none<=12,BABBABBAB(9)
8,(move+1),"(flip,move-1)","p3(1, 'x', 1)",3,1,12,BA(2),AAA(3),none<=12,BABBABBAB(9)
8,(move+1),"(flip,move-1)","p3(1, 'x', 1)",3,2,12,BABBAA(6),AAA(3),none<=12,BABBABBAB(9)
8,(move+1),"(flip,move-1)","p3(1, 1, 'x')",3,0,12,AABBAB(6),AAA(3),none<=12,BABBABBAB(9)
8,(move+1),"(flip,move-1)","p3(1, 1, 'x')",3,1,12,AB(2),AAA(3),none<=12,BABBABBAB(9)
8,(move+1),"(flip,move-1)","p3(1, 1, 'x')",3,2,12,BA(2),AAA(3),none<=12,BABBABBAB(9)
9,(move+1),"(move-1,flip)",none,1,0,12,AB(2),A(1),none<=12,BAB(3)
9,(move+1),"(move-1,flip)","(x,xbar)",2,0,12,AABB(4),AA(2),none<=12,BABBAB(6)
9,(move+1),"(move-1,flip)","(x,xbar)",2,1,12,ABBA(4),AA(2),none<=12,BABBAB(6)
9,(move+1),"(move-1,flip)","(xbar,x)",2,0,12,AABB(4),AA(2),none<=12,BABBAB(6)
9,(move+1),"(move-1,flip)","(xbar,x)",2,1,12,ABBA(4),AA(2),none<=12,BABBAB(6)
9,(move+1),"(move-1,flip)","(x,1)",2,0,12,AB(2),AA(2),none<=12,BABBAB(6)
9,(move+1),"(move-1,flip)","(x,1)",2,1,12,BA(2),AA(2),none<=12,BABBAB(6)
9,(move+1),"(move-1,flip)","(1,x)",2,0,12,AABBAB(6),AA(2),none<=12,BABBAB(6)
9,(move+1),"(move-1,flip)","(1,x)",2,1,12,AB(2),AA(2),none<=12,BABBAB(6)
9,(move+1),"(move-1,flip)","(x,0)",2,0,12,AB(2),AA(2),none<=12,BABBAB(6)
9,(move+1),"(move-1,flip)","(x,0)",2,1,12,BA(2),AA(2),none<=12,BABBAB(6)
9,(move+1),"(move-1,flip)","(0,x)",2,0,12,AABBAB(6),AA(2),none<=12,BABBAB(6)
9,(move+1),"(move-1,flip)","(0,x)",2,1,12,AB(2),AA(2),none<=12,BABBAB(6)
9,(move+1),"(move-1,flip)","p3('x', 0, 1)",3,0,12,AB(2),AAA(3),none<=12,BABBABBAB(9)
9,(move+1),"(move-1,flip)","p3('x', 0, 1)",3,1,12,BA(2),AAA(3),none<=12,BABBABBAB(9)
9,(move+1),"(move-1,flip)","p3('x', 0, 1)",3,2,12,BABBAA(6),AAA(3),none<=12,BABBABBAB(9)
9,(move+1),"(move-1,flip)","p3(1, 'x', 0)",3,0,12,AABBAB(6),AAA(3),none<=12,BABBABBAB(9)
9,(move+1),"(move-1,flip)","p3(1, 'x', 0)",3,1,12,AB(2),AAA(3),none<=12,BABBABBAB(9)
9,(move+1),"(move-1,flip)","p3(1, 'x', 0)",3,2,12,BA(2),AAA(3),none<=12,BABBABBAB(9)
9,(move+1),"(move-1,flip)","p3(0, 1, 'x')",3,0,12,AAABBABBAB(10),AAA(3),none<=12,BABBABBAB(9)
9,(move+1),"(move-1,flip)","p3(0, 1, 'x')",3,1,12,AABBAB(6),AAA(3),none<=12,BABBABBAB(9)
9,(move+1),"(move-1,flip)","p3(0, 1, 'x')",3,2,12,AB(2),AAA(3),none<=12,BABBABBAB(9)
9,(move+1),"(move-1,flip)","p3('x', 1, 0)",3,0,12,AB(2),AAA(3),none<=12,BABBABBAB(9)
9,(move+1),"(move-1,flip)","p3('x', 1, 0)",3,1,12,BA(2),AAA(3),none<=12,BABBABBAB(9)
9,(move+1),"(move-1,flip)","p3('x', 1, 0)",3,2,12,BABBAA(6),AAA(3),none<=12,BABBABBAB(9)
9,(move+1),"(move-1,flip)","p3(0, 'x', 1)",3,0,12,AABBAB(6),AAA(3),none<=12,BABBABBAB(9)
9,(move+1),"(move-1,flip)","p3(0, 'x', 1)",3,1,12,AB(2),AAA(3),none<=12,BABBABBAB(9)
9,(move+1),"(move-1,flip)","p3(0, 'x', 1)",3,2,12,BA(2),AAA(3),none<=12,BABBABBAB(9)
9,(move+1),"(move-1,flip)","p3(1, 0, 'x')",3,0,12,AAABBABBAB(10),AAA(3),none<=12,BABBABBAB(9)
9,(move+1),"(move-1,flip)","p3(1, 0, 'x')",3,1,12,AABBAB(6),AAA(3),none<=12,BABBABBAB(9)
9,(move+1),"(move-1,flip)","p3(1, 0, 'x')",3,2,12,AB(2),AAA(3),none<=12,BABBABBAB(9)
9,(move+1),"(move-1,flip)","p3('x', 0, 0)",3,0,12,AB(2),AAA(3),none<=12,BABBABBAB(9)
9,(move+1),"(move-1,flip)","p3('x', 0, 0)",3,1,12,BA(2),AAA(3),none<=12,BABBABBAB(9)
9,(move+1),"(move-1,flip)","p3('x', 0, 0)",3,2,12,BABBAA(6),AAA(3),none<=12,BABBABBAB(9)
9,(move+1),"(move-1,flip)","p3(0, 'x', 0)",3,0,12,AABBAB(6),AAA(3),none<=12,BABBABBAB(9)
9,(move+1),"(move-1,flip)","p3(0, 'x', 0)",3,1,12,AB(2),AAA(3),none<=12,BABBABBAB(9)
9,(move+1),"(move-1,flip)","p3(0, 'x', 0)",3,2,12,BA(2),AAA(3),none<=12,BABBABBAB(9)
9,(move+1),"(move-1,flip)","p3(0, 0, 'x')",3,0,12,AAABBABBAB(10),AAA(3),none<=12,BABBABBAB(9)
9,(move+1),"(move-1,flip)","p3(0, 0, 'x')",3,1,12,AABBAB(6),AAA(3),none<=12,BABBABBAB(9)
9,(move+1),"(move-1,flip)","p3(0, 0, 'x')",3,2,12,AB(2),AAA(3),none<=12,BABBABBAB(9)
9,(move+1),"(move-1,flip)","p3('x', 1, 1)",3,0,12,AB(2),AAA(3),none<=12,BABBABBAB(9)
9,(move+1),"(move-1,flip)","p3('x', 1, 1)",3,1,12,BA(2),AAA(3),none<=12,BABBABBAB(9)
9,(move+1),"(move-1,flip)","p3('x', 1, 1)",3,2,12,BABBAA(6),AAA(3),none<=12,BABBABBAB(9)
9,(move+1),"(move-1,flip)","p3(1, 'x', 1)",3,0,12,AABBAB(6),AAA(3),none<=12,BABBABBAB(9)
9,(move+1),"(move-1,flip)","p3(1, 'x', 1)",3,1,12,AB(2),AAA(3),none<=12,BABBABBAB(9)
9,(move+1),"(move-1,flip)","p3(1, 'x', 1)",3,2,12,BA(2),AAA(3),none<=12,BABBABBAB(9)
9,(move+1),"(move-1,flip)","p3(1, 1, 'x')",3,0,12,AAABBABBAB(10),AAA(3),none<=12,BABBABBAB(9)
9,(move+1),"(move-1,flip)","p3(1, 1, 'x')",3,1,12,AABBAB(6),AAA(3),none<=12,BABBABBAB(9)
9,(move+1),"(move-1,flip)","p3(1, 1, 'x')",3,2,12,AB(2),AAA(3),none<=12,BABBABBAB(9)
10,(move+1),"(move-1,flip,skip(v=0))",none,1,0,10,none<=10,A(1),none<=10,none<=10
10,(move+1),"(move-1,flip,skip(v=0))","(x,xbar)",2,0,10,none<=10,none<=10,none<=10,none<=10
10,(move+1),"(move-1,flip,skip(v=0))","(x,xbar)",2,1,10,none<=10,none<=10,none<=10,none<=10
10,(move+1),"(move-1,flip,skip(v=0))","(xbar,x)",2,0,10,none<=10,none<=10,none<=10,none<=10
10,(move+1),"(move-1,flip,skip(v=0))","(xbar,x)",2,1,10,none<=10,none<=10,none<=10,none<=10
10,(move+1),"(move-1,flip,skip(v=0))","(x,1)",2,0,10,none<=10,none<=10,none<=10,none<=10
10,(move+1),"(move-1,flip,skip(v=0))","(x,1)",2,1,10,none<=10,none<=10,none<=10,none<=10
10,(move+1),"(move-1,flip,skip(v=0))","(1,x)",2,0,10,none<=10,none<=10,none<=10,none<=10
10,(move+1),"(move-1,flip,skip(v=0))","(1,x)",2,1,10,none<=10,none<=10,none<=10,none<=10
10,(move+1),"(move-1,flip,skip(v=0))","(x,0)",2,0,10,none<=10,none<=10,none<=10,none<=10
10,(move+1),"(move-1,flip,skip(v=0))","(x,0)",2,1,10,none<=10,none<=10,none<=10,none<=10
10,(move+1),"(move-1,flip,skip(v=0))","(0,x)",2,0,10,none<=10,none<=10,none<=10,none<=10
10,(move+1),"(move-1,flip,skip(v=0))","(0,x)",2,1,10,none<=10,none<=10,none<=10,none<=10
10,(move+1),"(move-1,flip,skip(v=0))","p3('x', 0, 1)",3,0,10,none<=10,none<=10,none<=10,none<=10
10,(move+1),"(move-1,flip,skip(v=0))","p3('x', 0, 1)",3,1,10,none<=10,none<=10,none<=10,none<=10
10,(move+1),"(move-1,flip,skip(v=0))","p3('x', 0, 1)",3,2,10,none<=10,none<=10,none<=10,none<=10
10,(move+1),"(move-1,flip,skip(v=0))","p3(1, 'x', 0)",3,0,10,none<=10,none<=10,none<=10,none<=10
10,(move+1),"(move-1,flip,skip(v=0))","p3(1, 'x', 0)",3,1,10,none<=10,none<=10,none<=10,none<=10
10,(move+1),"(move-1,flip,skip(v=0))","p3(1, 'x', 0)",3,2,10,none<=10,none<=10,none<=10,none<=10
10,(move+1),"(move-1,flip,skip(v=0))","p3(0, 1, 'x')",3,0,10,none<=10,none<=10,none<=10,none<=10
10,(move+1),"(move-1,flip,skip(v=0))","p3(0, 1, 'x')",3,1,10,none<=10,none<=10,none<=10,none<=10
10,(move+1),"(move-1,flip,skip(v=0))","p3(0, 1, 'x')",3,2,10,none<=10,none<=10,none<=10,none<=10
10,(move+1),"(move-1,flip,skip(v=0))","p3('x', 1, 0)",3,0,10,none<=10,none<=10,none<=10,none<=10
10,(move+1),"(move-1,flip,skip(v=0))","p3('x', 1, 0)",3,1,10,none<=10,none<=10,none<=10,none<=10
10,(move+1),"(move-1,flip,skip(v=0))","p3('x', 1, 0)",3,2,10,none<=10,none<=10,none<=10,none<=10
10,(move+1),"(move-1,flip,skip(v=0))","p3(0, 'x', 1)",3,0,10,none<=10,none<=10,none<=10,none<=10
10,(move+1),"(move-1,flip,skip(v=0))","p3(0, 'x', 1)",3,1,10,none<=10,none<=10,none<=10,none<=10
10,(move+1),"(move-1,flip,skip(v=0))","p3(0, 'x', 1)",3,2,10,none<=10,none<=10,none<=10,none<=10
10,(move+1),"(move-1,flip,skip(v=0))","p3(1, 0, 'x')",3,0,10,none<=10,none<=10,none<=10,none<=10
10,(move+1),"(move-1,flip,skip(v=0))","p3(1, 0, 'x')",3,1,10,none<=10,none<=10,none<=10,none<=10
10,(move+1),"(move-1,flip,skip(v=0))","p3(1, 0, 'x')",3,2,10,none<=10,none<=10,none<=10,none<=10
10,(move+1),"(move-1,flip,skip(v=0))","p3('x', 0, 0)",3,0,10,none<=10,none<=10,none<=10,none<=10
10,(move+1),"(move-1,flip,skip(v=0))","p3('x', 0, 0)",3,1,10,none<=10,none<=10,none<=10,none<=10
10,(move+1),"(move-1,flip,skip(v=0))","p3('x', 0, 0)",3,2,10,none<=10,none<=10,none<=10,none<=10
10,(move+1),"(move-1,flip,skip(v=0))","p3(0, 'x', 0)",3,0,10,none<=10,none<=10,none<=10,none<=10
10,(move+1),"(move-1,flip,skip(v=0))","p3(0, 'x', 0)",3,1,10,none<=10,none<=10,none<=10,none<=10
10,(move+1),"(move-1,flip,skip(v=0))","p3(0, 'x', 0)",3,2,10,none<=10,none<=10,none<=10,none<=10
10,(move+1),"(move-1,flip,skip(v=0))","p3(0, 0, 'x')",3,0,10,none<=10,none<=10,none<=10,none<=10
10,(move+1),"(move-1,flip,skip(v=0))","p3(0, 0, 'x')",3,1,10,none<=10,none<=10,none<=10,none<=10
10,(move+1),"(move-1,flip,skip(v=0))","p3(0, 0, 'x')",3,2,10,none<=10,none<=10,none<=10,none<=10
10,(move+1),"(move-1,flip,skip(v=0))","p3('x', 1, 1)",3,0,10,none<=10,none<=10,none<=10,none<=10
10,(move+1),"(move-1,flip,skip(v=0))","p3('x', 1, 1)",3,1,10,none<=10,none<=10,none<=10,none<=10
10,(move+1),"(move-1,flip,skip(v=0))","p3('x', 1, 1)",3,2,10,none<=10,none<=10,none<=10,none<=10
10,(move+1),"(move-1,flip,skip(v=0))","p3(1, 'x', 1)",3,0,10,none<=10,none<=10,none<=10,none<=10
10,(move+1),"(move-1,flip,skip(v=0))","p3(1, 'x', 1)",3,1,10,none<=10,none<=10,none<=10,none<=10
10,(move+1),"(move-1,flip,skip(v=0))","p3(1, 'x', 1)",3,2,10,none<=10,none<=10,none<=10,none<=10
10,(move+1),"(move-1,flip,skip(v=0))","p3(1, 1, 'x')",3,0,10,none<=10,none<=10,none<=10,none<=10
10,(move+1),"(move-1,flip,skip(v=0))","p3(1, 1, 'x')",3,1,10,none<=10,none<=10,none<=10,none<=10
10,(move+1),"(move-1,flip,skip(v=0))","p3(1, 1, 'x')",3,2,10,none<=10,none<=10,none<=10,none<=10
11,(move+1),"(skip(v=0),flip,move-1)",none,1,0,10,none<=10,A(1),none<=10,none<=10
11,(move+1),"(skip(v=0),flip,move-1)","(x,xbar)",2,0,10,none<=10,none<=10,none<=10,none<=10
11,(move+1),"(skip(v=0),flip,move-1)","(x,xbar)",2,1,10,none<=10,none<=10,none<=10,none<=10
11,(move+1),"(skip(v=0),flip,move-1)","(xbar,x)",2,0,10,none<=10,none<=10,none<=10,none<=10
11,(move+1),"(skip(v=0),flip,move-1)","(xbar,x)",2,1,10,none<=10,none<=10,none<=10,none<=10
11,(move+1),"(skip(v=0),flip,move-1)","(x,1)",2,0,10,none<=10,none<=10,none<=10,none<=10
11,(move+1),"(skip(v=0),flip,move-1)","(x,1)",2,1,10,none<=10,none<=10,none<=10,none<=10
11,(move+1),"(skip(v=0),flip,move-1)","(1,x)",2,0,10,none<=10,none<=10,none<=10,none<=10
11,(move+1),"(skip(v=0),flip,move-1)","(1,x)",2,1,10,none<=10,none<=10,none<=10,none<=10
11,(move+1),"(skip(v=0),flip,move-1)","(x,0)",2,0,10,none<=10,none<=10,none<=10,none<=10
11,(move+1),"(skip(v=0),flip,move-1)","(x,0)",2,1,10,none<=10,none<=10,none<=10,none<=10
11,(move+1),"(skip(v=0),flip,move-1)","(0,x)",2,0,10,none<=10,none<=10,none<=10,none<=10
11,(move+1),"(skip(v=0),flip,move-1)","(0,x)",2,1,10,none<=10,none<=10,none<=10,none<=10
11,(move+1),"(skip(v=0),flip,move-1)","p3('x', 0, 1)",3,0,10,none<=10,none<=10,none<=10,none<=10
11,(move+1),"(skip(v=0),flip,move-1)","p3('x', 0, 1)",3,1,10,none<=10,none<=10,none<=10,none<=10
11,(move+1),"(skip(v=0),flip,move-1)","p3('x', 0, 1)",3,2,10,none<=10,none<=10,none<=10,none<=10
11,(move+1),"(skip(v=0),flip,move-1)","p3(1, 'x', 0)",3,0,10,none<=10,none<=10,none<=10,none<=10
11,(move+1),"(skip(v=0),flip,move-1)","p3(1, 'x', 0)",3,1,10,none<=10,none<=10,none<=10,none<=10
11,(move+1),"(skip(v=0),flip,move-1)","p3(1, 'x', 0)",3,2,10,none<=10,none<=10,none<=10,none<=10
11,(move+1),"(skip(v=0),flip,move-1)","p3(0, 1, 'x')",3,0,10,none<=10,none<=10,none<=10,none<=10
11,(move+1),"(skip(v=0),flip,move-1)","p3(0, 1, 'x')",3,1,10,none<=10,none<=10,none<=10,none<=10
11,(move+1),"(skip(v=0),flip,move-1)","p3(0, 1, 'x')",3,2,10,none<=10,none<=10,none<=10,none<=10
11,(move+1),"(skip(v=0),flip,move-1)","p3('x', 1, 0)",3,0,10,none<=10,none<=10,none<=10,none<=10
11,(move+1),"(skip(v=0),flip,move-1)","p3('x', 1, 0)",3,1,10,none<=10,none<=10,none<=10,none<=10
11,(move+1),"(skip(v=0),flip,move-1)","p3('x', 1, 0)",3,2,10,none<=10,none<=10,none<=10,none<=10
11,(move+1),"(skip(v=0),flip,move-1)","p3(0, 'x', 1)",3,0,10,none<=10,none<=10,none<=10,none<=10
11,(move+1),"(skip(v=0),flip,move-1)","p3(0, 'x', 1)",3,1,10,none<=10,none<=10,none<=10,none<=10
11,(move+1),"(skip(v=0),flip,move-1)","p3(0, 'x', 1)",3,2,10,none<=10,none<=10,none<=10,none<=10
11,(move+1),"(skip(v=0),flip,move-1)","p3(1, 0, 'x')",3,0,10,none<=10,none<=10,none<=10,none<=10
11,(move+1),"(skip(v=0),flip,move-1)","p3(1, 0, 'x')",3,1,10,none<=10,none<=10,none<=10,none<=10
11,(move+1),"(skip(v=0),flip,move-1)","p3(1, 0, 'x')",3,2,10,none<=10,none<=10,none<=10,none<=10
11,(move+1),"(skip(v=0),flip,move-1)","p3('x', 0, 0)",3,0,10,none<=10,none<=10,none<=10,none<=10
11,(move+1),"(skip(v=0),flip,move-1)","p3('x', 0, 0)",3,1,10,none<=10,none<=10,none<=10,none<=10
11,(move+1),"(skip(v=0),flip,move-1)","p3('x', 0, 0)",3,2,10,none<=10,none<=10,none<=10,none<=10
11,(move+1),"(skip(v=0),flip,move-1)","p3(0, 'x', 0)",3,0,10,none<=10,none<=10,none<=10,none<=10
11,(move+1),"(skip(v=0),flip,move-1)","p3(0, 'x', 0)",3,1,10,none<=10,none<=10,none<=10,none<=10
11,(move+1),"(skip(v=0),flip,move-1)","p3(0, 'x', 0)",3,2,10,none<=10,none<=10,none<=10,none<=10
11,(move+1),"(skip(v=0),flip,move-1)","p3(0, 0, 'x')",3,0,10,none<=10,none<=10,none<=10,none<=10
11,(move+1),"(skip(v=0),flip,move-1)","p3(0, 0, 'x')",3,1,10,none<=10,none<=10,none<=10,none<=10
11,(move+1),"(skip(v=0),flip,move-1)","p3(0, 0, 'x')",3,2,10,none<=10,none<=10,none<=10,none<=10
11,(move+1),"(skip(v=0),flip,move-1)","p3('x', 1, 1)",3,0,10,none<=10,none<=10,none<=10,none<=10
11,(move+1),"(skip(v=0),flip,move-1)","p3('x', 1, 1)",3,1,10,none<=10,none<=10,none<=10,none<=10
11,(move+1),"(skip(v=0),flip,move-1)","p3('x', 1, 1)",3,2,10,none<=10,none<=10,none<=10,none<=10
11,(move+1),"(skip(v=0),flip,move-1)","p3(1, 'x', 1)",3,0,10,none<=10,none<=10,none<=10,none<=10
11,(move+1),"(skip(v=0),flip,move-1)","p3(1, 'x', 1)",3,1,10,none<=10,none<=10,none<=10,none<=10
11,(move+1),"(skip(v=0),flip,move-1)","p3(1, 'x', 1)",3,2,10,none<=10,none<=10,none<=10,none<=10
11,(move+1),"(skip(v=0),flip,move-1)","p3(1, 1, 'x')",3,0,10,none<=10,none<=10,none<=10,none<=10
11,(move+1),"(skip(v=0),flip,move-1)","p3(1, 1, 'x')",3,1,10,none<=10,none<=10,none<=10,none<=10
11,(move+1),"(skip(v=0),flip,move-1)","p3(1, 1, 'x')",3,2,10,none<=10,none<=10,none<=10,none<=10
12,(move+1),"(skip(v=0),move-1,flip)",none,1,0,10,none<=10,A(1),none<=10,none<=10
12,(move+1),"(skip(v=0),move-1,flip)","(x,xbar)",2,0,10,none<=10,none<=10,none<=10,none<=10
12,(move+1),"(skip(v=0),move-1,flip)","(x,xbar)",2,1,10,none<=10,none<=10,none<=10,none<=10
12,(move+1),"(skip(v=0),move-1,flip)","(xbar,x)",2,0,10,none<=10,none<=10,none<=10,none<=10
12,(move+1),"(skip(v=0),move-1,flip)","(xbar,x)",2,1,10,none<=10,none<=10,none<=10,none<=10
12,(move+1),"(skip(v=0),move-1,flip)","(x,1)",2,0,10,none<=10,none<=10,none<=10,none<=10
12,(move+1),"(skip(v=0),move-1,flip)","(x,1)",2,1,10,none<=10,none<=10,none<=10,none<=10
12,(move+1),"(skip(v=0),move-1,flip)","(1,x)",2,0,10,none<=10,none<=10,none<=10,none<=10
12,(move+1),"(skip(v=0),move-1,flip)","(1,x)",2,1,10,none<=10,none<=10,none<=10,none<=10
12,(move+1),"(skip(v=0),move-1,flip)","(x,0)",2,0,10,none<=10,none<=10,none<=10,none<=10
12,(move+1),"(skip(v=0),move-1,flip)","(x,0)",2,1,10,none<=10,none<=10,none<=10,none<=10
12,(move+1),"(skip(v=0),move-1,flip)","(0,x)",2,0,10,none<=10,none<=10,none<=10,none<=10
12,(move+1),"(skip(v=0),move-1,flip)","(0,x)",2,1,10,none<=10,none<=10,none<=10,none<=10
12,(move+1),"(skip(v=0),move-1,flip)","p3('x', 0, 1)",3,0,10,none<=10,none<=10,none<=10,none<=10
12,(move+1),"(skip(v=0),move-1,flip)","p3('x', 0, 1)",3,1,10,none<=10,none<=10,none<=10,none<=10
12,(move+1),"(skip(v=0),move-1,flip)","p3('x', 0, 1)",3,2,10,none<=10,none<=10,none<=10,none<=10
12,(move+1),"(skip(v=0),move-1,flip)","p3(1, 'x', 0)",3,0,10,none<=10,none<=10,none<=10,none<=10
12,(move+1),"(skip(v=0),move-1,flip)","p3(1, 'x', 0)",3,1,10,none<=10,none<=10,none<=10,none<=10
12,(move+1),"(skip(v=0),move-1,flip)","p3(1, 'x', 0)",3,2,10,none<=10,none<=10,none<=10,none<=10
12,(move+1),"(skip(v=0),move-1,flip)","p3(0, 1, 'x')",3,0,10,none<=10,none<=10,none<=10,none<=10
12,(move+1),"(skip(v=0),move-1,flip)","p3(0, 1, 'x')",3,1,10,none<=10,none<=10,none<=10,none<=10
12,(move+1),"(skip(v=0),move-1,flip)","p3(0, 1, 'x')",3,2,10,none<=10,none<=10,none<=10,none<=10
12,(move+1),"(skip(v=0),move-1,flip)","p3('x', 1, 0)",3,0,10,none<=10,none<=10,none<=10,none<=10
12,(move+1),"(skip(v=0),move-1,flip)","p3('x', 1, 0)",3,1,10,none<=10,none<=10,none<=10,none<=10
12,(move+1),"(skip(v=0),move-1,flip)","p3('x', 1, 0)",3,2,10,none<=10,none<=10,none<=10,none<=10
12,(move+1),"(skip(v=0),move-1,flip)","p3(0, 'x', 1)",3,0,10,none<=10,none<=10,none<=10,none<=10
12,(move+1),"(skip(v=0),move-1,flip)","p3(0, 'x', 1)",3,1,10,none<=10,none<=10,none<=10,none<=10
12,(move+1),"(skip(v=0),move-1,flip)","p3(0, 'x', 1)",3,2,10,none<=10,none<=10,none<=10,none<=10
12,(move+1),"(skip(v=0),move-1,flip)","p3(1, 0, 'x')",3,0,10,none<=10,none<=10,none<=10,none<=10
12,(move+1),"(skip(v=0),move-1,flip)","p3(1, 0, 'x')",3,1,10,none<=10,none<=10,none<=10,none<=10
12,(move+1),"(skip(v=0),move-1,flip)","p3(1, 0, 'x')",3,2,10,none<=10,none<=10,none<=10,none<=10
12,(move+1),"(skip(v=0),move-1,flip)","p3('x', 0, 0)",3,0,10,none<=10,none<=10,none<=10,none<=10
12,(move+1),"(skip(v=0),move-1,flip)","p3('x', 0, 0)",3,1,10,none<=10,none<=10,none<=10,none<=10
12,(move+1),"(skip(v=0),move-1,flip)","p3('x', 0, 0)",3,2,10,none<=10,none<=10,none<=10,none<=10
12,(move+1),"(skip(v=0),move-1,flip)","p3(0, 'x', 0)",3,0,10,none<=10,none<=10,none<=10,none<=10
12,(move+1),"(skip(v=0),move-1,flip)","p3(0, 'x', 0)",3,1,10,none<=10,none<=10,none<=10,none<=10
12,(move+1),"(skip(v=0),move-1,flip)","p3(0, 'x', 0)",3,2,10,none<=10,none<=10,none<=10,none<=10
12,(move+1),"(skip(v=0),move-1,flip)","p3(0, 0, 'x')",3,0,10,none<=10,none<=10,none<=10,none<=10
12,(move+1),"(skip(v=0),move-1,flip)","p3(0, 0, 'x')",3,1,10,none<=10,none<=10,none<=10,none<=10
12,(move+1),"(skip(v=0),move-1,flip)","p3(0, 0, 'x')",3,2,10,none<=10,none<=10,none<=10,none<=10
12,(move+1),"(skip(v=0),move-1,flip)","p3('x', 1, 1)",3,0,10,none<=10,none<=10,none<=10,none<=10
12,(move+1),"(skip(v=0),move-1,flip)","p3('x', 1, 1)",3,1,10,none<=10,none<=10,none<=10,none<=10
12,(move+1),"(skip(v=0),move-1,flip)","p3('x', 1, 1)",3,2,10,none<=10,none<=10,none<=10,none<=10
12,(move+1),"(skip(v=0),move-1,flip)","p3(1, 'x', 1)",3,0,10,none<=10,none<=10,none<=10,none<=10
12,(move+1),"(skip(v=0),move-1,flip)","p3(1, 'x', 1)",3,1,10,none<=10,none<=10,none<=10,none<=10
12,(move+1),"(skip(v=0),move-1,flip)","p3(1, 'x', 1)",3,2,10,none<=10,none<=10,none<=10,none<=10
12,(move+1),"(skip(v=0),move-1,flip)","p3(1, 1, 'x')",3,0,10,none<=10,none<=10,none<=10,none<=10
12,(move+1),"(skip(v=0),move-1,flip)","p3(1, 1, 'x')",3,1,10,none<=10,none<=10,none<=10,none<=10
12,(move+1),"(skip(v=0),move-1,flip)","p3(1, 1, 'x')",3,2,10,none<=10,none<=10,none<=10,none<=10
13,(move+1),"(flip,move-1,skip(v=0))",none,1,0,10,none<=10,A(1),none<=10,none<=10
13,(move+1),"(flip,move-1,skip(v=0))","(x,xbar)",2,0,10,none<=10,none<=10,none<=10,none<=10
13,(move+1),"(flip,move-1,skip(v=0))","(x,xbar)",2,1,10,none<=10,none<=10,none<=10,none<=10
13,(move+1),"(flip,move-1,skip(v=0))","(xbar,x)",2,0,10,none<=10,none<=10,none<=10,none<=10
13,(move+1),"(flip,move-1,skip(v=0))","(xbar,x)",2,1,10,none<=10,none<=10,none<=10,none<=10
13,(move+1),"(flip,move-1,skip(v=0))","(x,1)",2,0,10,none<=10,none<=10,none<=10,none<=10
13,(move+1),"(flip,move-1,skip(v=0))","(x,1)",2,1,10,none<=10,none<=10,none<=10,none<=10
13,(move+1),"(flip,move-1,skip(v=0))","(1,x)",2,0,10,none<=10,none<=10,none<=10,none<=10
13,(move+1),"(flip,move-1,skip(v=0))","(1,x)",2,1,10,none<=10,none<=10,none<=10,none<=10
13,(move+1),"(flip,move-1,skip(v=0))","(x,0)",2,0,10,none<=10,none<=10,none<=10,none<=10
13,(move+1),"(flip,move-1,skip(v=0))","(x,0)",2,1,10,none<=10,none<=10,none<=10,none<=10
13,(move+1),"(flip,move-1,skip(v=0))","(0,x)",2,0,10,none<=10,none<=10,none<=10,none<=10
13,(move+1),"(flip,move-1,skip(v=0))","(0,x)",2,1,10,none<=10,none<=10,none<=10,none<=10
13,(move+1),"(flip,move-1,skip(v=0))","p3('x', 0, 1)",3,0,10,none<=10,none<=10,none<=10,none<=10
13,(move+1),"(flip,move-1,skip(v=0))","p3('x', 0, 1)",3,1,10,none<=10,none<=10,none<=10,none<=10
13,(move+1),"(flip,move-1,skip(v=0))","p3('x', 0, 1)",3,2,10,none<=10,none<=10,none<=10,none<=10
13,(move+1),"(flip,move-1,skip(v=0))","p3(1, 'x', 0)",3,0,10,none<=10,none<=10,none<=10,none<=10
13,(move+1),"(flip,move-1,skip(v=0))","p3(1, 'x', 0)",3,1,10,none<=10,none<=10,none<=10,none<=10
13,(move+1),"(flip,move-1,skip(v=0))","p3(1, 'x', 0)",3,2,10,none<=10,none<=10,none<=10,none<=10
13,(move+1),"(flip,move-1,skip(v=0))","p3(0, 1, 'x')",3,0,10,none<=10,none<=10,none<=10,none<=10
13,(move+1),"(flip,move-1,skip(v=0))","p3(0, 1, 'x')",3,1,10,none<=10,none<=10,none<=10,none<=10
13,(move+1),"(flip,move-1,skip(v=0))","p3(0, 1, 'x')",3,2,10,none<=10,none<=10,none<=10,none<=10
13,(move+1),"(flip,move-1,skip(v=0))","p3('x', 1, 0)",3,0,10,BBBABAA(7),none<=10,none<=10,none<=10
13,(move+1),"(flip,move-1,skip(v=0))","p3('x', 1, 0)",3,1,10,none<=10,none<=10,none<=10,none<=10
13,(move+1),"(flip,move-1,skip(v=0))","p3('x', 1, 0)",3,2,10,none<=10,none<=10,none<=10,none<=10
13,(move+1),"(flip,move-1,skip(v=0))","p3(0, 'x', 1)",3,0,10,BABAABA(7),none<=10,none<=10,none<=10
13,(move+1),"(flip,move-1,skip(v=0))","p3(0, 'x', 1)",3,1,10,BBBABAA(7),none<=10,none<=10,none<=10
13,(move+1),"(flip,move-1,skip(v=0))","p3(0, 'x', 1)",3,2,10,none<=10,none<=10,none<=10,none<=10
13,(move+1),"(flip,move-1,skip(v=0))","p3(1, 0, 'x')",3,0,10,none<=10,none<=10,none<=10,none<=10
13,(move+1),"(flip,move-1,skip(v=0))","p3(1, 0, 'x')",3,1,10,BABAABA(7),none<=10,none<=10,none<=10
13,(move+1),"(flip,move-1,skip(v=0))","p3(1, 0, 'x')",3,2,10,BBBABAA(7),none<=10,none<=10,none<=10
13,(move+1),"(flip,move-1,skip(v=0))","p3('x', 0, 0)",3,0,10,none<=10,none<=10,none<=10,none<=10
13,(move+1),"(flip,move-1,skip(v=0))","p3('x', 0, 0)",3,1,10,none<=10,none<=10,none<=10,none<=10
13,(move+1),"(flip,move-1,skip(v=0))","p3('x', 0, 0)",3,2,10,none<=10,none<=10,none<=10,none<=10
13,(move+1),"(flip,move-1,skip(v=0))","p3(0, 'x', 0)",3,0,10,none<=10,none<=10,none<=10,none<=10
13,(move+1),"(flip,move-1,skip(v=0))","p3(0, 'x', 0)",3,1,10,none<=10,none<=10,none<=10,none<=10
13,(move+1),"(flip,move-1,skip(v=0))","p3(0, 'x', 0)",3,2,10,none<=10,none<=10,none<=10,none<=10
13,(move+1),"(flip,move-1,skip(v=0))","p3(0, 0, 'x')",3,0,10,none<=10,none<=10,none<=10,none<=10
13,(move+1),"(flip,move-1,skip(v=0))","p3(0, 0, 'x')",3,1,10,none<=10,none<=10,none<=10,none<=10
13,(move+1),"(flip,move-1,skip(v=0))","p3(0, 0, 'x')",3,2,10,none<=10,none<=10,none<=10,none<=10
13,(move+1),"(flip,move-1,skip(v=0))","p3('x', 1, 1)",3,0,10,none<=10,none<=10,none<=10,none<=10
13,(move+1),"(flip,move-1,skip(v=0))","p3('x', 1, 1)",3,1,10,none<=10,none<=10,none<=10,none<=10
13,(move+1),"(flip,move-1,skip(v=0))","p3('x', 1, 1)",3,2,10,none<=10,none<=10,none<=10,none<=10
13,(move+1),"(flip,move-1,skip(v=0))","p3(1, 'x', 1)",3,0,10,none<=10,none<=10,none<=10,none<=10
13,(move+1),"(flip,move-1,skip(v=0))","p3(1, 'x', 1)",3,1,10,none<=10,none<=10,none<=10,none<=10
13,(move+1),"(flip,move-1,skip(v=0))","p3(1, 'x', 1)",3,2,10,none<=10,none<=10,none<=10,none<=10
13,(move+1),"(flip,move-1,skip(v=0))","p3(1, 1, 'x')",3,0,10,none<=10,none<=10,none<=10,none<=10
13,(move+1),"(flip,move-1,skip(v=0))","p3(1, 1, 'x')",3,1,10,none<=10,none<=10,none<=10,none<=10
13,(move+1),"(flip,move-1,skip(v=0))","p3(1, 1, 'x')",3,2,10,none<=10,none<=10,none<=10,none<=10
14,(move+1),"(move-1(iff=0),flip)",none,1,0,10,none<=10,A(1),none<=10,none<=10
14,(move+1),"(move-1(iff=0),flip)","(x,xbar)",2,0,10,none<=10,AA(2),none<=10,none<=10
14,(move+1),"(move-1(iff=0),flip)","(x,xbar)",2,1,10,none<=10,AA(2),none<=10,none<=10
14,(move+1),"(move-1(iff=0),flip)","(xbar,x)",2,0,10,none<=10,AA(2),none<=10,none<=10
14,(move+1),"(move-1(iff=0),flip)","(xbar,x)",2,1,10,none<=10,AA(2),none<=10,none<=10
14,(move+1),"(move-1(iff=0),flip)","(x,1)",2,0,10,none<=10,AA(2),none<=10,none<=10
14,(move+1),"(move-1(iff=0),flip)","(x,1)",2,1,10,none<=10,AA(2),none<=10,none<=10
14,(move+1),"(move-1(iff=0),flip)","(1,x)",2,0,10,none<=10,AA(2),none<=10,none<=10
14,(move+1),"(move-1(iff=0),flip)","(1,x)",2,1,10,none<=10,AA(2),none<=10,none<=10
14,(move+1),"(move-1(iff=0),flip)","(x,0)",2,0,12,AB(2),AA(2),none<=12,none<=12
14,(move+1),"(move-1(iff=0),flip)","(x,0)",2,1,12,BA(2),AA(2),none<=12,none<=12
14,(move+1),"(move-1(iff=0),flip)","(0,x)",2,0,10,none<=10,AA(2),none<=10,none<=10
14,(move+1),"(move-1(iff=0),flip)","(0,x)",2,1,12,AB(2),AA(2),none<=12,none<=12
14,(move+1),"(move-1(iff=0),flip)","p3('x', 0, 1)",3,0,12,AB(2),AAA(3),none<=12,none<=12
14,(move+1),"(move-1(iff=0),flip)","p3('x', 0, 1)",3,1,12,BA(2),AAA(3),none<=12,none<=12
14,(move+1),"(move-1(iff=0),flip)","p3('x', 0, 1)",3,2,10,none<=10,AAA(3),none<=10,none<=10
14,(move+1),"(move-1(iff=0),flip)","p3(1, 'x', 0)",3,0,10,none<=10,AAA(3),none<=10,none<=10
14,(move+1),"(move-1(iff=0),flip)","p3(1, 'x', 0)",3,1,12,AB(2),AAA(3),none<=12,none<=12
14,(move+1),"(move-1(iff=0),flip)","p3(1, 'x', 0)",3,2,12,BA(2),AAA(3),none<=12,none<=12
14,(move+1),"(move-1(iff=0),flip)","p3(0, 1, 'x')",3,0,10,none<=10,AAA(3),none<=10,none<=10
14,(move+1),"(move-1(iff=0),flip)","p3(0, 1, 'x')",3,1,10,none<=10,AAA(3),none<=10,none<=10
14,(move+1),"(move-1(iff=0),flip)","p3(0, 1, 'x')",3,2,12,AB(2),AAA(3),none<=12,none<=12
14,(move+1),"(move-1(iff=0),flip)","p3('x', 1, 0)",3,0,10,none<=10,AAA(3),none<=10,none<=10
14,(move+1),"(move-1(iff=0),flip)","p3('x', 1, 0)",3,1,12,BBAAB(5),AAA(3),none<=12,none<=12
14,(move+1),"(move-1(iff=0),flip)","p3('x', 1, 0)",3,2,12,BBAABA(6),AAA(3),none<=12,none<=12
14,(move+1),"(move-1(iff=0),flip)","p3(0, 'x', 1)",3,0,10,none<=10,AAA(3),none<=10,none<=10
14,(move+1),"(move-1(iff=0),flip)","p3(0, 'x', 1)",3,1,10,none<=10,AAA(3),none<=10,none<=10
14,(move+1),"(move-1(iff=0),flip)","p3(0, 'x', 1)",3,2,12,BBAAB(5),AAA(3),none<=12,none<=12
14,(move+1),"(move-1(iff=0),flip)","p3(1, 0, 'x')",3,0,10,none<=10,AAA(3),none<=10,none<=10
14,(move+1),"(move-1(iff=0),flip)","p3(1, 0, 'x')",3,1,10,none<=10,AAA(3),none<=10,none<=10
14,(move+1),"(move-1(iff=0),flip)","p3(1, 0, 'x')",3,2,10,none<=10,AAA(3),none<=10,none<=10
14,(move+1),"(move-1(iff=0),flip)","p3('x', 0, 0)",3,0,12,AB(2),AAA(3),none<=12,none<=12
14,(move+1),"(move-1(iff=0),flip)","p3('x', 0, 0)",3,1,12,BA(2),AAA(3),none<=12,none<=12
14,(move+1),"(move-1(iff=0),flip)","p3('x', 0, 0)",3,2,12,BBBAA(5),AAA(3),none<=12,none<=12
14,(move+1),"(move-1(iff=0),flip)","p3(0, 'x', 0)",3,0,10,none<=10,AAA(3),none<=10,none<=10
14,(move+1),"(move-1(iff=0),flip)","p3(0, 'x', 0)",3,1,12,AB(2),AAA(3),none<=12,none<=12
14,(move+1),"(move-1(iff=0),flip)","p3(0, 'x', 0)",3,2,12,BA(2),AAA(3),none<=12,none<=12
14,(move+1),"(move-1(iff=0),flip)","p3(0, 0, 'x')",3,0,10,none<=10,AAA(3),none<=10,none<=10
14,(move+1),"(move-1(iff=0),flip)","p3(0, 0, 'x')",3,1,10,none<=10,AAA(3),none<=10,none<=10
14,(move+1),"(move-1(iff=0),flip)","p3(0, 0, 'x')",3,2,12,AB(2),AAA(3),none<=12,none<=12
14,(move+1),"(move-1(iff=0),flip)","p3('x', 1, 1)",3,0,10,none<=10,AAA(3),none<=10,none<=10
14,(move+1),"(move-1(iff=0),flip)","p3('x', 1, 1)",3,1,10,none<=10,AAA(3),none<=10,none<=10
14,(move+1),"(move-1(iff=0),flip)","p3('x', 1, 1)",3,2,10,none<=10,AAA(3),none<=10,none<=10
14,(move+1),"(move-1(iff=0),flip)","p3(1, 'x', 1)",3,0,10,none<=10,AAA(3),none<=10,none<=10
14,(move+1),"(move-1(iff=0),flip)","p3(1, 'x', 1)",3,1,10,none<=10,AAA(3),none<=10,none<=10
14,(move+1),"(move-1(iff=0),flip)","p3(1, 'x', 1)",3,2,10,none<=10,AAA(3),none<=10,none<=10
14,(move+1),"(move-1(iff=0),flip)","p3(1, 1, 'x')",3,0,10,none<=10,AAA(3),none<=10,none<=10
14,(move+1),"(move-1(iff=0),flip)","p3(1, 1, 'x')",3,1,10,none<=10,AAA(3),none<=10,none<=10
14,(move+1),"(move-1(iff=0),flip)","p3(1, 1, 'x')",3,2,10,none<=10,AAA(3),none<=10,none<=10
15,(move+1),"(flip,move-1(iff=0))",none,1,0,10,none<=10,A(1),none<=10,none<=10
15,(move+1),"(flip,move-1(iff=0))","(x,xbar)",2,0,10,none<=10,AA(2),none<=10,none<=10
15,(move+1),"(flip,move-1(iff=0))","(x,xbar)",2,1,10,none<=10,AA(2),none<=10,none<=10
15,(move+1),"(flip,move-1(iff=0))","(xbar,x)",2,0,10,none<=10,AA(2),none<=10,none<=10
15,(move+1),"(flip,move-1(iff=0))","(xbar,x)",2,1,10,none<=10,AA(2),none<=10,none<=10
15,(move+1),"(flip,move-1(iff=0))","(x,1)",2,0,10,none<=10,AA(2),none<=10,none<=10
15,(move+1),"(flip,move-1(iff=0))","(x,1)",2,1,10,none<=10,AA(2),none<=10,none<=10
15,(move+1),"(flip,move-1(iff=0))","(1,x)",2,0,10,none<=10,AA(2),none<=10,none<=10
15,(move+1),"(flip,move-1(iff=0))","(1,x)",2,1,10,none<=10,AA(2),none<=10,none<=10
15,(move+1),"(flip,move-1(iff=0))","(x,0)",2,0,10,none<=10,AA(2),none<=10,none<=10
15,(move+1),"(flip,move-1(iff=0))","(x,0)",2,1,10,none<=10,AA(2),none<=10,none<=10
15,(move+1),"(flip,move-1(iff=0))","(0,x)",2,0,10,none<=10,AA(2),none<=10,none<=10
15,(move+1),"(flip,move-1(iff=0))","(0,x)",2,1,10,none<=10,AA(2),none<=10,none<=10
15,(move+1),"(flip,move-1(iff=0))","p3('x', 0, 1)",3,0,10,none<=10,AAA(3),none<=10,none<=10
15,(move+1),"(flip,move-1(iff=0))","p3('x', 0, 1)",3,1,10,none<=10,AAA(3),none<=10,none<=10
15,(move+1),"(flip,move-1(iff=0))","p3('x', 0, 1)",3,2,10,none<=10,AAA(3),none<=10,none<=10
15,(move+1),"(flip,move-1(iff=0))","p3(1, 'x', 0)",3,0,10,none<=10,AAA(3),none<=10,none<=10
15,(move+1),"(flip,move-1(iff=0))","p3(1, 'x', 0)",3,1,10,none<=10,AAA(3),none<=10,none<=10
15,(move+1),"(flip,move-1(iff=0))","p3(1, 'x', 0)",3,2,10,none<=10,AAA(3),none<=10,none<=10
15,(move+1),"(flip,move-1(iff=0))","p3(0, 1, 'x')",3,0,10,none<=10,AAA(3),none<=10,none<=10
15,(move+1),"(flip,move-1(iff=0))","p3(0, 1, 'x')",3,1,10,none<=10,AAA(3),none<=10,none<=10
15,(move+1),"(flip,move-1(iff=0))","p3(0, 1, 'x')",3,2,10,none<=10,AAA(3),none<=10,none<=10
15,(move+1),"(flip,move-1(iff=0))","p3('x', 1, 0)",3,0,10,none<=10,AAA(3),none<=10,none<=10
15,(move+1),"(flip,move-1(iff=0))","p3('x', 1, 0)",3,1,10,none<=10,AAA(3),none<=10,none<=10
15,(move+1),"(flip,move-1(iff=0))","p3('x', 1, 0)",3,2,10,none<=10,AAA(3),none<=10,none<=10
15,(move+1),"(flip,move-1(iff=0))","p3(0, 'x', 1)",3,0,10,none<=10,AAA(3),none<=10,none<=10
15,(move+1),"(flip,move-1(iff=0))","p3(0, 'x', 1)",3,1,10,none<=10,AAA(3),none<=10,none<=10
15,(move+1),"(flip,move-1(iff=0))","p3(0, 'x', 1)",3,2,10,none<=10,AAA(3),none<=10,none<=10
15,(move+1),"(flip,move-1(iff=0))","p3(1, 0, 'x')",3,0,10,none<=10,AAA(3),none<=10,none<=10
15,(move+1),"(flip,move-1(iff=0))","p3(1, 0, 'x')",3,1,10,none<=10,AAA(3),none<=10,none<=10
15,(move+1),"(flip,move-1(iff=0))","p3(1, 0, 'x')",3,2,10,none<=10,AAA(3),none<=10,none<=10
15,(move+1),"(flip,move-1(iff=0))","p3('x', 0, 0)",3,0,10,none<=10,AAA(3),none<=10,none<=10
15,(move+1),"(flip,move-1(iff=0))","p3('x', 0, 0)",3,1,10,none<=10,AAA(3),none<=10,none<=10
15,(move+1),"(flip,move-1(iff=0))","p3('x', 0, 0)",3,2,10,none<=10,AAA(3),none<=10,none<=10
15,(move+1),"(flip,move-1(iff=0))","p3(0, 'x', 0)",3,0,10,none<=10,AAA(3),none<=10,none<=10
15,(move+1),"(flip,move-1(iff=0))","p3(0, 'x', 0)",3,1,10,none<=10,AAA(3),none<=10,none<=10
15,(move+1),"(flip,move-1(iff=0))","p3(0, 'x', 0)",3,2,10,none<=10,AAA(3),none<=10,none<=10
15,(move+1),"(flip,move-1(iff=0))","p3(0, 0, 'x')",3,0,10,none<=10,AAA(3),none<=10,none<=10
15,(move+1),"(flip,move-1(iff=0))","p3(0, 0, 'x')",3,1,10,none<=10,AAA(3),none<=10,none<=10
15,(move+1),"(flip,move-1(iff=0))","p3(0, 0, 'x')",3,2,10,none<=10,AAA(3),none<=10,none<=10
15,(move+1),"(flip,move-1(iff=0))","p3('x', 1, 1)",3,0,10,none<=10,AAA(3),none<=10,none<=10
15,(move+1),"(flip,move-1(iff=0))","p3('x', 1, 1)",3,1,10,none<=10,AAA(3),none<=10,none<=10
15,(move+1),"(flip,move-1(iff=0))","p3('x', 1, 1)",3,2,10,none<=10,AAA(3),none<=10,none<=10
15,(move+1),"(flip,move-1(iff=0))","p3(1, 'x', 1)",3,0,10,none<=10,AAA(3),none<=10,none<=10
15,(move+1),"(flip,move-1(iff=0))","p3(1, 'x', 1)",3,1,10,none<=10,AAA(3),none<=10,none<=10
15,(move+1),"(flip,move-1(iff=0))","p3(1, 'x', 1)",3,2,10,none<=10,AAA(3),none<=10,none<=10
15,(move+1),"(flip,move-1(iff=0))","p3(1, 1, 'x')",3,0,10,none<=10,AAA(3),none<=10,none<=10
15,(move+1),"(flip,move-1(iff=0))","p3(1, 1, 'x')",3,1,10,none<=10,AAA(3),none<=10,none<=10
15,(move+1),"(flip,move-1(iff=0))","p3(1, 1, 'x')",3,2,10,none<=10,AAA(3),none<=10,none<=10
16,(move+1),"(flip,move-1(iff=0),skip(v=0))",none,1,0,10,none<=10,A(1),none<=10,none<=10
16,(move+1),"(flip,move-1(iff=0),skip(v=0))","(x,xbar)",2,0,10,none<=10,none<=10,none<=10,none<=10
16,(move+1),"(flip,move-1(iff=0),skip(v=0))","(x,xbar)",2,1,10,none<=10,none<=10,none<=10,none<=10
16,(move+1),"(flip,move-1(iff=0),skip(v=0))","(xbar,x)",2,0,10,none<=10,none<=10,none<=10,none<=10
16,(move+1),"(flip,move-1(iff=0),skip(v=0))","(xbar,x)",2,1,10,none<=10,none<=10,none<=10,none<=10
16,(move+1),"(flip,move-1(iff=0),skip(v=0))","(x,1)",2,0,10,none<=10,none<=10,none<=10,none<=10
16,(move+1),"(flip,move-1(iff=0),skip(v=0))","(x,1)",2,1,10,none<=10,none<=10,none<=10,none<=10
16,(move+1),"(flip,move-1(iff=0),skip(v=0))","(1,x)",2,0,10,none<=10,none<=10,none<=10,none<=10
16,(move+1),"(flip,move-1(iff=0),skip(v=0))","(1,x)",2,1,10,none<=10,none<=10,none<=10,none<=10
16,(move+1),"(flip,move-1(iff=0),skip(v=0))","(x,0)",2,0,10,none<=10,none<=10,none<=10,none<=10
16,(move+1),"(flip,move-1(iff=0),skip(v=0))","(x,0)",2,1,10,none<=10,none<=10,none<=10,none<=10
16,(move+1),"(flip,move-1(iff=0),skip(v=0))","(0,x)",2,0,10,none<=10,none<=10,none<=10,none<=10
16,(move+1),"(flip,move-1(iff=0),skip(v=0))","(0,x)",2,1,10,none<=10,none<=10,none<=10,none<=10
16,(move+1),"(flip,move-1(iff=0),skip(v=0))","p3('x', 0, 1)",3,0,10,none<=10,none<=10,none<=10,none<=10
16,(move+1),"(flip,move-1(iff=0),skip(v=0))","p3('x', 0, 1)",3,1,10,none<=10,none<=10,none<=10,none<=10
16,(move+1),"(flip,move-1(iff=0),skip(v=0))","p3('x', 0, 1)",3,2,10,none<=10,none<=10,none<=10,none<=10
16,(move+1),"(flip,move-1(iff=0),skip(v=0))","p3(1, 'x', 0)",3,0,10,none<=10,none<=10,none<=10,none<=10
16,(move+1),"(flip,move-1(iff=0),skip(v=0))","p3(1, 'x', 0)",3,1,10,none<=10,none<=10,none<=10,none<=10
16,(move+1),"(flip,move-1(iff=0),skip(v=0))","p3(1, 'x', 0)",3,2,10,none<=10,none<=10,none<=10,none<=10
16,(move+1),"(flip,move-1(iff=0),skip(v=0))","p3(0, 1, 'x')",3,0,10,none<=10,none<=10,none<=10,none<=10
16,(move+1),"(flip,move-1(iff=0),skip(v=0))","p3(0, 1, 'x')",3,1,10,none<=10,none<=10,none<=10,none<=10
16,(move+1),"(flip,move-1(iff=0),skip(v=0))","p3(0, 1, 'x')",3,2,10,none<=10,none<=10,none<=10,none<=10
16,(move+1),"(flip,move-1(iff=0),skip(v=0))","p3('x', 1, 0)",3,0,10,none<=10,none<=10,none<=10,none<=10
16,(move+1),"(flip,move-1(iff=0),skip(v=0))","p3('x', 1, 0)",3,1,10,none<=10,none<=10,none<=10,none<=10
16,(move+1),"(flip,move-1(iff=0),skip(v=0))","p3('x', 1, 0)",3,2,10,none<=10,none<=10,none<=10,none<=10
16,(move+1),"(flip,move-1(iff=0),skip(v=0))","p3(0, 'x', 1)",3,0,10,none<=10,none<=10,none<=10,none<=10
16,(move+1),"(flip,move-1(iff=0),skip(v=0))","p3(0, 'x', 1)",3,1,10,none<=10,none<=10,none<=10,none<=10
16,(move+1),"(flip,move-1(iff=0),skip(v=0))","p3(0, 'x', 1)",3,2,10,none<=10,none<=10,none<=10,none<=10
16,(move+1),"(flip,move-1(iff=0),skip(v=0))","p3(1, 0, 'x')",3,0,10,none<=10,none<=10,none<=10,none<=10
16,(move+1),"(flip,move-1(iff=0),skip(v=0))","p3(1, 0, 'x')",3,1,10,none<=10,none<=10,none<=10,none<=10
16,(move+1),"(flip,move-1(iff=0),skip(v=0))","p3(1, 0, 'x')",3,2,10,none<=10,none<=10,none<=10,none<=10
16,(move+1),"(flip,move-1(iff=0),skip(v=0))","p3('x', 0, 0)",3,0,10,none<=10,none<=10,none<=10,none<=10
16,(move+1),"(flip,move-1(iff=0),skip(v=0))","p3('x', 0, 0)",3,1,10,none<=10,none<=10,none<=10,none<=10
16,(move+1),"(flip,move-1(iff=0),skip(v=0))","p3('x', 0, 0)",3,2,10,none<=10,none<=10,none<=10,none<=10
16,(move+1),"(flip,move-1(iff=0),skip(v=0))","p3(0, 'x', 0)",3,0,10,none<=10,none<=10,none<=10,none<=10
16,(move+1),"(flip,move-1(iff=0),skip(v=0))","p3(0, 'x', 0)",3,1,10,none<=10,none<=10,none<=10,none<=10
16,(move+1),"(flip,move-1(iff=0),skip(v=0))","p3(0, 'x', 0)",3,2,10,none<=10,none<=10,none<=10,none<=10
16,(move+1),"(flip,move-1(iff=0),skip(v=0))","p3(0, 0, 'x')",3,0,10,none<=10,none<=10,none<=10,none<=10
16,(move+1),"(flip,move-1(iff=0),skip(v=0))","p3(0, 0, 'x')",3,1,10,none<=10,none<=10,none<=10,none<=10
16,(move+1),"(flip,move-1(iff=0),skip(v=0))","p3(0, 0, 'x')",3,2,10,none<=10,none<=10,none<=10,none<=10
16,(move+1),"(flip,move-1(iff=0),skip(v=0))","p3('x', 1, 1)",3,0,10,none<=10,none<=10,none<=10,none<=10
16,(move+1),"(flip,move-1(iff=0),skip(v=0))","p3('x', 1, 1)",3,1,10,none<=10,none<=10,none<=10,none<=10
16,(move+1),"(flip,move-1(iff=0),skip(v=0))","p3('x', 1, 1)",3,2,10,none<=10,none<=10,none<=10,none<=10
16,(move+1),"(flip,move-1(iff=0),skip(v=0))","p3(1, 'x', 1)",3,0,10,none<=10,none<=10,none<=10,none<=10
16,(move+1),"(flip,move-1(iff=0),skip(v=0))","p3(1, 'x', 1)",3,1,10,none<=10,none<=10,none<=10,none<=10
16,(move+1),"(flip,move-1(iff=0),skip(v=0))","p3(1, 'x', 1)",3,2,10,none<=10,none<=10,none<=10,none<=10
16,(move+1),"(flip,move-1(iff=0),skip(v=0))","p3(1, 1, 'x')",3,0,10,none<=10,none<=10,none<=10,none<=10
16,(move+1),"(flip,move-1(iff=0),skip(v=0))","p3(1, 1, 'x')",3,1,10,none<=10,none<=10,none<=10,none<=10
16,(move+1),"(flip,move-1(iff=0),skip(v=0))","p3(1, 1, 'x')",3,2,10,none<=10,none<=10,none<=10,none<=10
17,(move+1),"(flip,skip(v=0),move-1(iff=0))",none,1,0,10,none<=10,A(1),none<=10,none<=10
17,(move+1),"(flip,skip(v=0),move-1(iff=0))","(x,xbar)",2,0,10,none<=10,none<=10,none<=10,none<=10
17,(move+1),"(flip,skip(v=0),move-1(iff=0))","(x,xbar)",2,1,10,none<=10,none<=10,none<=10,none<=10
17,(move+1),"(flip,skip(v=0),move-1(iff=0))","(xbar,x)",2,0,10,none<=10,none<=10,none<=10,none<=10
17,(move+1),"(flip,skip(v=0),move-1(iff=0))","(xbar,x)",2,1,10,none<=10,none<=10,none<=10,none<=10
17,(move+1),"(flip,skip(v=0),move-1(iff=0))","(x,1)",2,0,10,none<=10,none<=10,none<=10,none<=10
17,(move+1),"(flip,skip(v=0),move-1(iff=0))","(x,1)",2,1,10,none<=10,none<=10,none<=10,none<=10
17,(move+1),"(flip,skip(v=0),move-1(iff=0))","(1,x)",2,0,10,none<=10,none<=10,none<=10,none<=10
17,(move+1),"(flip,skip(v=0),move-1(iff=0))","(1,x)",2,1,10,none<=10,none<=10,none<=10,none<=10
17,(move+1),"(flip,skip(v=0),move-1(iff=0))","(x,0)",2,0,10,none<=10,none<=10,none<=10,none<=10
17,(move+1),"(flip,skip(v=0),move-1(iff=0))","(x,0)",2,1,10,none<=10,none<=10,none<=10,none<=10
17,(move+1),"(flip,skip(v=0),move-1(iff=0))","(0,x)",2,0,10,none<=10,none<=10,none<=10,none<=10
17,(move+1),"(flip,skip(v=0),move-1(iff=0))","(0,x)",2,1,10,none<=10,none<=10,none<=10,none<=10
17,(move+1),"(flip,skip(v=0),move-1(iff=0))","p3('x', 0, 1)",3,0,10,none<=10,none<=10,none<=10,none<=10
17,(move+1),"(flip,skip(v=0),move-1(iff=0))","p3('x', 0, 1)",3,1,10,none<=10,none<=10,none<=10,none<=10
17,(move+1),"(flip,skip(v=0),move-1(iff=0))","p3('x', 0, 1)",3,2,10,none<=10,none<=10,none<=10,none<=10
17,(move+1),"(flip,skip(v=0),move-1(iff=0))","p3(1, 'x', 0)",3,0,10,none<=10,none<=10,none<=10,none<=10
17,(move+1),"(flip,skip(v=0),move-1(iff=0))","p3(1, 'x', 0)",3,1,10,none<=10,none<=10,none<=10,none<=10
17,(move+1),"(flip,skip(v=0),move-1(iff=0))","p3(1, 'x', 0)",3,2,10,none<=10,none<=10,none<=10,none<=10
17,(move+1),"(flip,skip(v=0),move-1(iff=0))","p3(0, 1, 'x')",3,0,10,none<=10,none<=10,none<=10,none<=10
17,(move+1),"(flip,skip(v=0),move-1(iff=0))","p3(0, 1, 'x')",3,1,10,none<=10,none<=10,none<=10,none<=10
17,(move+1),"(flip,skip(v=0),move-1(iff=0))","p3(0, 1, 'x')",3,2,10,none<=10,none<=10,none<=10,none<=10
17,(move+1),"(flip,skip(v=0),move-1(iff=0))","p3('x', 1, 0)",3,0,10,none<=10,none<=10,none<=10,none<=10
17,(move+1),"(flip,skip(v=0),move-1(iff=0))","p3('x', 1, 0)",3,1,10,none<=10,none<=10,none<=10,none<=10
17,(move+1),"(flip,skip(v=0),move-1(iff=0))","p3('x', 1, 0)",3,2,10,none<=10,none<=10,none<=10,none<=10
17,(move+1),"(flip,skip(v=0),move-1(iff=0))","p3(0, 'x', 1)",3,0,10,none<=10,none<=10,none<=10,none<=10
17,(move+1),"(flip,skip(v=0),move-1(iff=0))","p3(0, 'x', 1)",3,1,10,none<=10,none<=10,none<=10,none<=10
17,(move+1),"(flip,skip(v=0),move-1(iff=0))","p3(0, 'x', 1)",3,2,10,none<=10,none<=10,none<=10,none<=10
17,(move+1),"(flip,skip(v=0),move-1(iff=0))","p3(1, 0, 'x')",3,0,10,none<=10,none<=10,none<=10,none<=10
17,(move+1),"(flip,skip(v=0),move-1(iff=0))","p3(1, 0, 'x')",3,1,10,none<=10,none<=10,none<=10,none<=10
17,(move+1),"(flip,skip(v=0),move-1(iff=0))","p3(1, 0, 'x')",3,2,10,none<=10,none<=10,none<=10,none<=10
17,(move+1),"(flip,skip(v=0),move-1(iff=0))","p3('x', 0, 0)",3,0,10,none<=10,none<=10,none<=10,none<=10
17,(move+1),"(flip,skip(v=0),move-1(iff=0))","p3('x', 0, 0)",3,1,10,none<=10,none<=10,none<=10,none<=10
17,(move+1),"(flip,skip(v=0),move-1(iff=0))","p3('x', 0, 0)",3,2,10,none<=10,none<=10,none<=10,none<=10
17,(move+1),"(flip,skip(v=0),move-1(iff=0))","p3(0, 'x', 0)",3,0,10,none<=10,none<=10,none<=10,none<=10
17,(move+1),"(flip,skip(v=0),move-1(iff=0))","p3(0, 'x', 0)",3,1,10,none<=10,none<=10,none<=10,none<=10
17,(move+1),"(flip,skip(v=0),move-1(iff=0))","p3(0, 'x', 0)",3,2,10,none<=10,none<=10,none<=10,none<=10
17,(move+1),"(flip,skip(v=0),move-1(iff=0))","p3(0, 0, 'x')",3,0,10,none<=10,none<=10,none<=10,none<=10
17,(move+1),"(flip,skip(v=0),move-1(iff=0))","p3(0, 0, 'x')",3,1,10,none<=10,none<=10,none<=10,none<=10
17,(move+1),"(flip,skip(v=0),move-1(iff=0))","p3(0, 0, 'x')",3,2,10,none<=10,none<=10,none<=10,none<=10
17,(move+1),"(flip,skip(v=0),move-1(iff=0))","p3('x', 1, 1)",3,0,10,none<=10,none<=10,none<=10,none<=10
17,(move+1),"(flip,skip(v=0),move-1(iff=0))","p3('x', 1, 1)",3,1,10,none<=10,none<=10,none<=10,none<=10
17,(move+1),"(flip,skip(v=0),move-1(iff=0))","p3('x', 1, 1)",3,2,10,none<=10,none<=10,none<=10,none<=10
17,(move+1),"(flip,skip(v=0),move-1(iff=0))","p3(1, 'x', 1)",3,0,10,none<=10,none<=10,none<=10,none<=10
17,(move+1),"(flip,skip(v=0),move-1(iff=0))","p3(1, 'x', 1)",3,1,10,none<=10,none<=10,none<=10,none<=10
17,(move+1),"(flip,skip(v=0),move-1(iff=0))","p3(1, 'x', 1)",3,2,10,none<=10,none<=10,none<=10,none<=10
17,(move+1),"(flip,skip(v=0),move-1(iff=0))","p3(1, 1, 'x')",3,0,10,none<=10,none<=10,none<=10,none<=10
17,(move+1),"(flip,skip(v=0),move-1(iff=0))","p3(1, 1, 'x')",3,1,10,none<=10,none<=10,none<=10,none<=10
17,(move+1),"(flip,skip(v=0),move-1(iff=0))","p3(1, 1, 'x')",3,2,10,none<=10,none<=10,none<=10,none<=10
18,(move+1),"(skip(v=0),move-1(iff=0),flip)",none,1,0,10,none<=10,A(1),none<=10,none<=10
18,(move+1),"(skip(v=0),move-1(iff=0),flip)","(x,xbar)",2,0,10,none<=10,none<=10,none<=10,none<=10
18,(move+1),"(skip(v=0),move-1(iff=0),flip)","(x,xbar)",2,1,10,none<=10,none<=10,none<=10,none<=10
18,(move+1),"(skip(v=0),move-1(iff=0),flip)","(xbar,x)",2,0,10,none<=10,none<=10,none<=10,none<=10
18,(move+1),"(skip(v=0),move-1(iff=0),flip)","(xbar,x)",2,1,10,none<=10,none<=10,none<=10,none<=10
18,(move+1),"(skip(v=0),move-1(iff=0),flip)","(x,1)",2,0,10,none<=10,none<=10,none<=10,none<=10
18,(move+1),"(skip(v=0),move-1(iff=0),flip)","(x,1)",2,1,10,none<=10,none<=10,none<=10,none<=10
18,(move+1),"(skip(v=0),move-1(iff=0),flip)","(1,x)",2,0,10,none<=10,none<=10,none<=10,none<=10
18,(move+1),"(skip(v=0),move-1(iff=0),flip)","(1,x)",2,1,10,none<=10,none<=10,none<=10,none<=10
18,(move+1),"(skip(v=0),move-1(iff=0),flip)","(x,0)",2,0,10,BABAABA(7),none<=10,none<=10,none<=10
18,(move+1),"(skip(v=0),move-1(iff=0),flip)","(x,0)",2,1,10,BBBABAA(7),none<=10,none<=10,none<=10
18,(move+1),"(skip(v=0),move-1(iff=0),flip)","(0,x)",2,0,10,none<=10,none<=10,none<=10,none<=10
18,(move+1),"(skip(v=0),move-1(iff=0),flip)","(0,x)",2,1,10,BABAABA(7),none<=10,none<=10,none<=10
18,(move+1),"(skip(v=0),move-1(iff=0),flip)","p3('x', 0, 1)",3,0,10,none<=10,none<=10,none<=10,none<=10
18,(move+1),"(skip(v=0),move-1(iff=0),flip)","p3('x', 0, 1)",3,1,10,none<=10,none<=10,none<=10,none<=10
18,(move+1),"(skip(v=0),move-1(iff=0),flip)","p3('x', 0, 1)",3,2,10,none<=10,none<=10,none<=10,none<=10
18,(move+1),"(skip(v=0),move-1(iff=0),flip)","p3(1, 'x', 0)",3,0,10,none<=10,none<=10,none<=10,none<=10
18,(move+1),"(skip(v=0),move-1(iff=0),flip)","p3(1, 'x', 0)",3,1,10,none<=10,none<=10,none<=10,none<=10
18,(move+1),"(skip(v=0),move-1(iff=0),flip)","p3(1, 'x', 0)",3,2,10,none<=10,none<=10,none<=10,none<=10
18,(move+1),"(skip(v=0),move-1(iff=0),flip)","p3(0, 1, 'x')",3,0,10,none<=10,none<=10,none<=10,none<=10
18,(move+1),"(skip(v=0),move-1(iff=0),flip)","p3(0, 1, 'x')",3,1,10,none<=10,none<=10,none<=10,none<=10
18,(move+1),"(skip(v=0),move-1(iff=0),flip)","p3(0, 1, 'x')",3,2,10,none<=10,none<=10,none<=10,none<=10
18,(move+1),"(skip(v=0),move-1(iff=0),flip)","p3('x', 1, 0)",3,0,10,none<=10,none<=10,none<=10,none<=10
18,(move+1),"(skip(v=0),move-1(iff=0),flip)","p3('x', 1, 0)",3,1,10,none<=10,none<=10,none<=10,none<=10
18,(move+1),"(skip(v=0),move-1(iff=0),flip)","p3('x', 1, 0)",3,2,10,none<=10,none<=10,none<=10,none<=10
18,(move+1),"(skip(v=0),move-1(iff=0),flip)","p3(0, 'x', 1)",3,0,10,none<=10,none<=10,none<=10,none<=10
18,(move+1),"(skip(v=0),move-1(iff=0),flip)","p3(0, 'x', 1)",3,1,10,none<=10,none<=10,none<=10,none<=10
18,(move+1),"(skip(v=0),move-1(iff=0),flip)","p3(0, 'x', 1)",3,2,10,none<=10,none<=10,none<=10,none<=10
18,(move+1),"(skip(v=0),move-1(iff=0),flip)","p3(1, 0, 'x')",3,0,10,none<=10,none<=10,none<=10,none<=10
18,(move+1),"(skip(v=0),move-1(iff=0),flip)","p3(1, 0, 'x')",3,1,10,none<=10,none<=10,none<=10,none<=10
18,(move+1),"(skip(v=0),move-1(iff=0),flip)","p3(1, 0, 'x')",3,2,10,none<=10,none<=10,none<=10,none<=10
18,(move+1),"(skip(v=0),move-1(iff=0),flip)","p3('x', 0, 0)",3,0,10,BABAABA(7),none<=10,none<=10,none<=10
18,(move+1),"(skip(v=0),move-1(iff=0),flip)","p3('x', 0, 0)",3,1,10,BBBABAA(7),none<=10,none<=10,none<=10
18,(move+1),"(skip(v=0),move-1(iff=0),flip)","p3('x', 0, 0)",3,2,10,none<=10,none<=10,none<=10,none<=10
18,(move+1),"(skip(v=0),move-1(iff=0),flip)","p3(0, 'x', 0)",3,0,10,none<=10,none<=10,none<=10,none<=10
18,(move+1),"(skip(v=0),move-1(iff=0),flip)","p3(0, 'x', 0)",3,1,10,BABAABA(7),none<=10,none<=10,none<=10
18,(move+1),"(skip(v=0),move-1(iff=0),flip)","p3(0, 'x', 0)",3,2,10,BBBABAA(7),none<=10,none<=10,none<=10
18,(move+1),"(skip(v=0),move-1(iff=0),flip)","p3(0, 0, 'x')",3,0,10,none<=10,none<=10,none<=10,none<=10
18,(move+1),"(skip(v=0),move-1(iff=0),flip)","p3(0, 0, 'x')",3,1,10,none<=10,none<=10,none<=10,none<=10
18,(move+1),"(skip(v=0),move-1(iff=0),flip)","p3(0, 0, 'x')",3,2,10,BABAABA(7),none<=10,none<=10,none<=10
18,(move+1),"(skip(v=0),move-1(iff=0),flip)","p3('x', 1, 1)",3,0,10,none<=10,none<=10,none<=10,none<=10
18,(move+1),"(skip(v=0),move-1(iff=0),flip)","p3('x', 1, 1)",3,1,10,none<=10,none<=10,none<=10,none<=10
18,(move+1),"(skip(v=0),move-1(iff=0),flip)","p3('x', 1, 1)",3,2,10,none<=10,none<=10,none<=10,none<=10
18,(move+1),"(skip(v=0),move-1(iff=0),flip)","p3(1, 'x', 1)",3,0,10,none<=10,none<=10,none<=10,none<=10
18,(move+1),"(skip(v=0),move-1(iff=0),flip)","p3(1, 'x', 1)",3,1,10,none<=10,none<=10,none<=10,none<=10
18,(move+1),"(skip(v=0),move-1(iff=0),flip)","p3(1, 'x', 1)",3,2,10,none<=10,none<=10,none<=10,none<=10
18,(move+1),"(skip(v=0),move-1(iff=0),flip)","p3(1, 1, 'x')",3,0,10,none<=10,none<=10,none<=10,none<=10
18,(move+1),"(skip(v=0),move-1(iff=0),flip)","p3(1, 1, 'x')",3,1,10,none<=10,none<=10,none<=10,none<=10
18,(move+1),"(skip(v=0),move-1(iff=0),flip)","p3(1, 1, 'x')",3,2,10,none<=10,none<=10,none<=10,none<=10
19,(move+1),"(skip(v=0),flip,move-1(iff=0))",none,1,0,10,none<=10,A(1),none<=10,none<=10
19,(move+1),"(skip(v=0),flip,move-1(iff=0))","(x,xbar)",2,0,10,none<=10,none<=10,none<=10,none<=10
19,(move+1),"(skip(v=0),flip,move-1(iff=0))","(x,xbar)",2,1,10,none<=10,none<=10,none<=10,none<=10
19,(move+1),"(skip(v=0),flip,move-1(iff=0))","(xbar,x)",2,0,10,none<=10,none<=10,none<=10,none<=10
19,(move+1),"(skip(v=0),flip,move-1(iff=0))","(xbar,x)",2,1,10,none<=10,none<=10,none<=10,none<=10
19,(move+1),"(skip(v=0),flip,move-1(iff=0))","(x,1)",2,0,10,none<=10,none<=10,none<=10,none<=10
19,(move+1),"(skip(v=0),flip,move-1(iff=0))","(x,1)",2,1,10,none<=10,none<=10,none<=10,none<=10
19,(move+1),"(skip(v=0),flip,move-1(iff=0))","(1,x)",2,0,10,none<=10,none<=10,none<=10,none<=10
19,(move+1),"(skip(v=0),flip,move-1(iff=0))","(1,x)",2,1,10,none<=10,none<=10,none<=10,none<=10
19,(move+1),"(skip(v=0),flip,move-1(iff=0))","(x,0)",2,0,10,none<=10,none<=10,none<=10,none<=10
19,(move+1),"(skip(v=0),flip,move-1(iff=0))","(x,0)",2,1,10,none<=10,none<=10,none<=10,none<=10
19,(move+1),"(skip(v=0),flip,move-1(iff=0))","(0,x)",2,0,10,none<=10,none<=10,none<=10,none<=10
19,(move+1),"(skip(v=0),flip,move-1(iff=0))","(0,x)",2,1,10,none<=10,none<=10,none<=10,none<=10
19,(move+1),"(skip(v=0),flip,move-1(iff=0))","p3('x', 0, 1)",3,0,10,none<=10,none<=10,none<=10,none<=10
19,(move+1),"(skip(v=0),flip,move-1(iff=0))","p3('x', 0, 1)",3,1,10,none<=10,none<=10,none<=10,none<=10
19,(move+1),"(skip(v=0),flip,move-1(iff=0))","p3('x', 0, 1)",3,2,10,none<=10,none<=10,none<=10,none<=10
19,(move+1),"(skip(v=0),flip,move-1(iff=0))","p3(1, 'x', 0)",3,0,10,none<=10,none<=10,none<=10,none<=10
19,(move+1),"(skip(v=0),flip,move-1(iff=0))","p3(1, 'x', 0)",3,1,10,none<=10,none<=10,none<=10,none<=10
19,(move+1),"(skip(v=0),flip,move-1(iff=0))","p3(1, 'x', 0)",3,2,10,none<=10,none<=10,none<=10,none<=10
19,(move+1),"(skip(v=0),flip,move-1(iff=0))","p3(0, 1, 'x')",3,0,10,none<=10,none<=10,none<=10,none<=10
19,(move+1),"(skip(v=0),flip,move-1(iff=0))","p3(0, 1, 'x')",3,1,10,none<=10,none<=10,none<=10,none<=10
19,(move+1),"(skip(v=0),flip,move-1(iff=0))","p3(0, 1, 'x')",3,2,10,none<=10,none<=10,none<=10,none<=10
19,(move+1),"(skip(v=0),flip,move-1(iff=0))","p3('x', 1, 0)",3,0,10,none<=10,none<=10,none<=10,none<=10
19,(move+1),"(skip(v=0),flip,move-1(iff=0))","p3('x', 1, 0)",3,1,10,none<=10,none<=10,none<=10,none<=10
19,(move+1),"(skip(v=0),flip,move-1(iff=0))","p3('x', 1, 0)",3,2,10,none<=10,none<=10,none<=10,none<=10
19,(move+1),"(skip(v=0),flip,move-1(iff=0))","p3(0, 'x', 1)",3,0,10,none<=10,none<=10,none<=10,none<=10
19,(move+1),"(skip(v=0),flip,move-1(iff=0))","p3(0, 'x', 1)",3,1,10,none<=10,none<=10,none<=10,none<=10
19,(move+1),"(skip(v=0),flip,move-1(iff=0))","p3(0, 'x', 1)",3,2,10,none<=10,none<=10,none<=10,none<=10
19,(move+1),"(skip(v=0),flip,move-1(iff=0))","p3(1, 0, 'x')",3,0,10,none<=10,none<=10,none<=10,none<=10
19,(move+1),"(skip(v=0),flip,move-1(iff=0))","p3(1, 0, 'x')",3,1,10,none<=10,none<=10,none<=10,none<=10
19,(move+1),"(skip(v=0),flip,move-1(iff=0))","p3(1, 0, 'x')",3,2,10,none<=10,none<=10,none<=10,none<=10
19,(move+1),"(skip(v=0),flip,move-1(iff=0))","p3('x', 0, 0)",3,0,10,none<=10,none<=10,none<=10,none<=10
19,(move+1),"(skip(v=0),flip,move-1(iff=0))","p3('x', 0, 0)",3,1,10,none<=10,none<=10,none<=10,none<=10
19,(move+1),"(skip(v=0),flip,move-1(iff=0))","p3('x', 0, 0)",3,2,10,none<=10,none<=10,none<=10,none<=10
19,(move+1),"(skip(v=0),flip,move-1(iff=0))","p3(0, 'x', 0)",3,0,10,none<=10,none<=10,none<=10,none<=10
19,(move+1),"(skip(v=0),flip,move-1(iff=0))","p3(0, 'x', 0)",3,1,10,none<=10,none<=10,none<=10,none<=10
19,(move+1),"(skip(v=0),flip,move-1(iff=0))","p3(0, 'x', 0)",3,2,10,none<=10,none<=10,none<=10,none<=10
19,(move+1),"(skip(v=0),flip,move-1(iff=0))","p3(0, 0, 'x')",3,0,10,none<=10,none<=10,none<=10,none<=10
19,(move+1),"(skip(v=0),flip,move-1(iff=0))","p3(0, 0, 'x')",3,1,10,none<=10,none<=10,none<=10,none<=10
19,(move+1),"(skip(v=0),flip,move-1(iff=0))","p3(0, 0, 'x')",3,2,10,none<=10,none<=10,none<=10,none<=10
19,(move+1),"(skip(v=0),flip,move-1(iff=0))","p3('x', 1, 1)",3,0,10,none<=10,none<=10,none<=10,none<=10
19,(move+1),"(skip(v=0),flip,move-1(iff=0))","p3('x', 1, 1)",3,1,10,none<=10,none<=10,none<=10,none<=10
19,(move+1),"(skip(v=0),flip,move-1(iff=0))","p3('x', 1, 1)",3,2,10,none<=10,none<=10,none<=10,none<=10
19,(move+1),"(skip(v=0),flip,move-1(iff=0))","p3(1, 'x', 1)",3,0,10,none<=10,none<=10,none<=10,none<=10
19,(move+1),"(skip(v=0),flip,move-1(iff=0))","p3(1, 'x', 1)",3,1,10,none<=10,none<=10,none<=10,none<=10
19,(move+1),"(skip(v=0),flip,move-1(iff=0))","p3(1, 'x', 1)",3,2,10,none<=10,none<=10,none<=10,none<=10
19,(move+1),"(skip(v=0),flip,move-1(iff=0))","p3(1, 1, 'x')",3,0,10,none<=10,none<=10,none<=10,none<=10
19,(move+1),"(skip(v=0),flip,move-1(iff=0))","p3(1, 1, 'x')",3,1,10,none<=10,none<=10,none<=10,none<=10
19,(move+1),"(skip(v=0),flip,move-1(iff=0))","p3(1, 1, 'x')",3,2,10,none<=10,none<=10,none<=10,none<=10
20,(move+1),"(move-1(iff=0),skip(v=0),flip)",none,1,0,10,none<=10,A(1),none<=10,none<=10
20,(move+1),"(move-1(iff=0),skip(v=0),flip)","(x,xbar)",2,0,10,none<=10,none<=10,none<=10,none<=10
20,(move+1),"(move-1(iff=0),skip(v=0),flip)","(x,xbar)",2,1,10,none<=10,none<=10,none<=10,none<=10
20,(move+1),"(move-1(iff=0),skip(v=0),flip)","(xbar,x)",2,0,10,none<=10,none<=10,none<=10,none<=10
20,(move+1),"(move-1(iff=0),skip(v=0),flip)","(xbar,x)",2,1,10,none<=10,none<=10,none<=10,none<=10
20,(move+1),"(move-1(iff=0),skip(v=0),flip)","(x,1)",2,0,10,none<=10,none<=10,none<=10,none<=10
20,(move+1),"(move-1(iff=0),skip(v=0),flip)","(x,1)",2,1,10,none<=10,none<=10,none<=10,none<=10
20,(move+1),"(move-1(iff=0),skip(v=0),flip)","(1,x)",2,0,10,none<=10,none<=10,none<=10,none<=10
20,(move+1),"(move-1(iff=0),skip(v=0),flip)","(1,x)",2,1,10,none<=10,none<=10,none<=10,none<=10
20,(move+1),"(move-1(iff=0),skip(v=0),flip)","(x,0)",2,0,10,none<=10,none<=10,none<=10,none<=10
20,(move+1),"(move-1(iff=0),skip(v=0),flip)","(x,0)",2,1,10,none<=10,none<=10,none<=10,none<=10
20,(move+1),"(move-1(iff=0),skip(v=0),flip)","(0,x)",2,0,10,none<=10,none<=10,none<=10,none<=10
20,(move+1),"(move-1(iff=0),skip(v=0),flip)","(0,x)",2,1,10,none<=10,none<=10,none<=10,none<=10
20,(move+1),"(move-1(iff=0),skip(v=0),flip)","p3('x', 0, 1)",3,0,10,none<=10,none<=10,none<=10,none<=10
20,(move+1),"(move-1(iff=0),skip(v=0),flip)","p3('x', 0, 1)",3,1,10,none<=10,none<=10,none<=10,none<=10
20,(move+1),"(move-1(iff=0),skip(v=0),flip)","p3('x', 0, 1)",3,2,10,none<=10,none<=10,none<=10,none<=10
20,(move+1),"(move-1(iff=0),skip(v=0),flip)","p3(1, 'x', 0)",3,0,10,none<=10,none<=10,none<=10,none<=10
20,(move+1),"(move-1(iff=0),skip(v=0),flip)","p3(1, 'x', 0)",3,1,10,none<=10,none<=10,none<=10,none<=10
20,(move+1),"(move-1(iff=0),skip(v=0),flip)","p3(1, 'x', 0)",3,2,10,none<=10,none<=10,none<=10,none<=10
20,(move+1),"(move-1(iff=0),skip(v=0),flip)","p3(0, 1, 'x')",3,0,10,none<=10,none<=10,none<=10,none<=10
20,(move+1),"(move-1(iff=0),skip(v=0),flip)","p3(0, 1, 'x')",3,1,10,none<=10,none<=10,none<=10,none<=10
20,(move+1),"(move-1(iff=0),skip(v=0),flip)","p3(0, 1, 'x')",3,2,10,none<=10,none<=10,none<=10,none<=10
20,(move+1),"(move-1(iff=0),skip(v=0),flip)","p3('x', 1, 0)",3,0,10,none<=10,none<=10,none<=10,none<=10
20,(move+1),"(move-1(iff=0),skip(v=0),flip)","p3('x', 1, 0)",3,1,10,none<=10,none<=10,none<=10,none<=10
20,(move+1),"(move-1(iff=0),skip(v=0),flip)","p3('x', 1, 0)",3,2,10,none<=10,none<=10,none<=10,none<=10
20,(move+1),"(move-1(iff=0),skip(v=0),flip)","p3(0, 'x', 1)",3,0,10,none<=10,none<=10,none<=10,none<=10
20,(move+1),"(move-1(iff=0),skip(v=0),flip)","p3(0, 'x', 1)",3,1,10,none<=10,none<=10,none<=10,none<=10
20,(move+1),"(move-1(iff=0),skip(v=0),flip)","p3(0, 'x', 1)",3,2,10,none<=10,none<=10,none<=10,none<=10
20,(move+1),"(move-1(iff=0),skip(v=0),flip)","p3(1, 0, 'x')",3,0,10,none<=10,none<=10,none<=10,none<=10
20,(move+1),"(move-1(iff=0),skip(v=0),flip)","p3(1, 0, 'x')",3,1,10,none<=10,none<=10,none<=10,none<=10
20,(move+1),"(move-1(iff=0),skip(v=0),flip)","p3(1, 0, 'x')",3,2,10,none<=10,none<=10,none<=10,none<=10
20,(move+1),"(move-1(iff=0),skip(v=0),flip)","p3('x', 0, 0)",3,0,10,none<=10,none<=10,none<=10,none<=10
20,(move+1),"(move-1(iff=0),skip(v=0),flip)","p3('x', 0, 0)",3,1,10,none<=10,none<=10,none<=10,none<=10
20,(move+1),"(move-1(iff=0),skip(v=0),flip)","p3('x', 0, 0)",3,2,10,none<=10,none<=10,none<=10,none<=10
20,(move+1),"(move-1(iff=0),skip(v=0),flip)","p3(0, 'x', 0)",3,0,10,none<=10,none<=10,none<=10,none<=10
20,(move+1),"(move-1(iff=0),skip(v=0),flip)","p3(0, 'x', 0)",3,1,10,none<=10,none<=10,none<=10,none<=10
20,(move+1),"(move-1(iff=0),skip(v=0),flip)","p3(0, 'x', 0)",3,2,10,none<=10,none<=10,none<=10,none<=10
20,(move+1),"(move-1(iff=0),skip(v=0),flip)","p3(0, 0, 'x')",3,0,10,none<=10,none<=10,none<=10,none<=10
20,(move+1),"(move-1(iff=0),skip(v=0),flip)","p3(0, 0, 'x')",3,1,10,none<=10,none<=10,none<=10,none<=10
20,(move+1),"(move-1(iff=0),skip(v=0),flip)","p3(0, 0, 'x')",3,2,10,none<=10,none<=10,none<=10,none<=10
20,(move+1),"(move-1(iff=0),skip(v=0),flip)","p3('x', 1, 1)",3,0,10,none<=10,none<=10,none<=10,none<=10
20,(move+1),"(move-1(iff=0),skip(v=0),flip)","p3('x', 1, 1)",3,1,10,none<=10,none<=10,none<=10,none<=10
20,(move+1),"(move-1(iff=0),skip(v=0),flip)","p3('x', 1, 1)",3,2,10,none<=10,none<=10,none<=10,none<=10
20,(move+1),"(move-1(iff=0),skip(v=0),flip)","p3(1, 'x', 1)",3,0,10,none<=10,none<=10,none<=10,none<=10
20,(move+1),"(move-1(iff=0),skip(v=0),flip)","p3(1, 'x', 1)",3,1,10,none<=10,none<=10,none<=10,none<=10
20,(move+1),"(move-1(iff=0),skip(v=0),flip)","p3(1, 'x', 1)",3,2,10,none<=10,none<=10,none<=10,none<=10
20,(move+1),"(move-1(iff=0),skip(v=0),flip)","p3(1, 1, 'x')",3,0,10,none<=10,none<=10,none<=10,none<=10
20,(move+1),"(move-1(iff=0),skip(v=0),flip)","p3(1, 1, 'x')",3,1,10,none<=10,none<=10,none<=10,none<=10
20,(move+1),"(move-1(iff=0),skip(v=0),flip)","p3(1, 1, 'x')",3,2,10,none<=10,none<=10,none<=10,none<=10
21,(move+1),"(move-1(iff=0),flip,skip(v=0))",none,1,0,10,none<=10,A(1),none<=10,none<=10
21,(move+1),"(move-1(iff=0),flip,skip(v=0))","(x,xbar)",2,0,10,none<=10,none<=10,none<=10,none<=10
21,(move+1),"(move-1(iff=0),flip,skip(v=0))","(x,xbar)",2,1,10,none<=10,none<=10,none<=10,none<=10
21,(move+1),"(move-1(iff=0),flip,skip(v=0))","(xbar,x)",2,0,10,none<=10,none<=10,none<=10,none<=10
21,(move+1),"(move-1(iff=0),flip,skip(v=0))","(xbar,x)",2,1,10,none<=10,none<=10,none<=10,none<=10
21,(move+1),"(move-1(iff=0),flip,skip(v=0))","(x,1)",2,0,10,none<=10,none<=10,none<=10,none<=10
21,(move+1),"(move-1(iff=0),flip,skip(v=0))","(x,1)",2,1,10,none<=10,none<=10,none<=10,none<=10
21,(move+1),"(move-1(iff=0),flip,skip(v=0))","(1,x)",2,0,10,none<=10,none<=10,none<=10,none<=10
21,(move+1),"(move-1(iff=0),flip,skip(v=0))","(1,x)",2,1,10,none<=10,none<=10,none<=10,none<=10
21,(move+1),"(move-1(iff=0),flip,skip(v=0))","(x,0)",2,0,10,none<=10,none<=10,none<=10,none<=10
21,(move+1),"(move-1(iff=0),flip,skip(v=0))","(x,0)",2,1,10,none<=10,none<=10,none<=10,none<=10
21,(move+1),"(move-1(iff=0),flip,skip(v=0))","(0,x)",2,0,10,none<=10,none<=10,none<=10,none<=10
21,(move+1),"(move-1(iff=0),flip,skip(v=0))","(0,x)",2,1,10,none<=10,none<=10,none<=10,none<=10
21,(move+1),"(move-1(iff=0),flip,skip(v=0))","p3('x', 0, 1)",3,0,10,none<=10,none<=10,none<=10,none<=10
21,(move+1),"(move-1(iff=0),flip,skip(v=0))","p3('x', 0, 1)",3,1,10,none<=10,none<=10,none<=10,none<=10
21,(move+1),"(move-1(iff=0),flip,skip(v=0))","p3('x', 0, 1)",3,2,10,none<=10,none<=10,none<=10,none<=10
21,(move+1),"(move-1(iff=0),flip,skip(v=0))","p3(1, 'x', 0)",3,0,10,none<=10,none<=10,none<=10,none<=10
21,(move+1),"(move-1(iff=0),flip,skip(v=0))","p3(1, 'x', 0)",3,1,10,none<=10,none<=10,none<=10,none<=10
21,(move+1),"(move-1(iff=0),flip,skip(v=0))","p3(1, 'x', 0)",3,2,10,none<=10,none<=10,none<=10,none<=10
21,(move+1),"(move-1(iff=0),flip,skip(v=0))","p3(0, 1, 'x')",3,0,10,none<=10,none<=10,none<=10,none<=10
21,(move+1),"(move-1(iff=0),flip,skip(v=0))","p3(0, 1, 'x')",3,1,10,none<=10,none<=10,none<=10,none<=10
21,(move+1),"(move-1(iff=0),flip,skip(v=0))","p3(0, 1, 'x')",3,2,10,none<=10,none<=10,none<=10,none<=10
21,(move+1),"(move-1(iff=0),flip,skip(v=0))","p3('x', 1, 0)",3,0,10,none<=10,none<=10,none<=10,none<=10
21,(move+1),"(move-1(iff=0),flip,skip(v=0))","p3('x', 1, 0)",3,1,10,none<=10,none<=10,none<=10,none<=10
21,(move+1),"(move-1(iff=0),flip,skip(v=0))","p3('x', 1, 0)",3,2,10,none<=10,none<=10,none<=10,none<=10
21,(move+1),"(move-1(iff=0),flip,skip(v=0))","p3(0, 'x', 1)",3,0,10,none<=10,none<=10,none<=10,none<=10
21,(move+1),"(move-1(iff=0),flip,skip(v=0))","p3(0, 'x', 1)",3,1,10,none<=10,none<=10,none<=10,none<=10
21,(move+1),"(move-1(iff=0),flip,skip(v=0))","p3(0, 'x', 1)",3,2,10,none<=10,none<=10,none<=10,none<=10
21,(move+1),"(move-1(iff=0),flip,skip(v=0))","p3(1, 0, 'x')",3,0,10,none<=10,none<=10,none<=10,none<=10
21,(move+1),"(move-1(iff=0),flip,skip(v=0))","p3(1, 0, 'x')",3,1,10,none<=10,none<=10,none<=10,none<=10
21,(move+1),"(move-1(iff=0),flip,skip(v=0))","p3(1, 0, 'x')",3,2,10,none<=10,none<=10,none<=10,none<=10
21,(move+1),"(move-1(iff=0),flip,skip(v=0))","p3('x', 0, 0)",3,0,10,none<=10,none<=10,none<=10,none<=10
21,(move+1),"(move-1(iff=0),flip,skip(v=0))","p3('x', 0, 0)",3,1,10,none<=10,none<=10,none<=10,none<=10
21,(move+1),"(move-1(iff=0),flip,skip(v=0))","p3('x', 0, 0)",3,2,10,none<=10,none<=10,none<=10,none<=10
21,(move+1),"(move-1(iff=0),flip,skip(v=0))","p3(0, 'x', 0)",3,0,10,none<=10,none<=10,none<=10,none<=10
21,(move+1),"(move-1(iff=0),flip,skip(v=0))","p3(0, 'x', 0)",3,1,10,none<=10,none<=10,none<=10,none<=10
21,(move+1),"(move-1(iff=0),flip,skip(v=0))","p3(0, 'x', 0)",3,2,10,none<=10,none<=10,none<=10,none<=10
21,(move+1),"(move-1(iff=0),flip,skip(v=0))","p3(0, 0, 'x')",3,0,10,none<=10,none<=10,none<=10,none<=10
21,(move+1),"(move-1(iff=0),flip,skip(v=0))","p3(0, 0, 'x')",3,1,10,none<=10,none<=10,none<=10,none<=10
21,(move+1),"(move-1(iff=0),flip,skip(v=0))","p3(0, 0, 'x')",3,2,10,none<=10,none<=10,none<=10,none<=10
21,(move+1),"(move-1(iff=0),flip,skip(v=0))","p3('x', 1, 1)",3,0,10,none<=10,none<=10,none<=10,none<=10
21,(move+1),"(move-1(iff=0),flip,skip(v=0))","p3('x', 1, 1)",3,1,10,none<=10,none<=10,none<=10,none<=10
21,(move+1),"(move-1(iff=0),flip,skip(v=0))","p3('x', 1, 1)",3,2,10,none<=10,none<=10,none<=10,none<=10
21,(move+1),"(move-1(iff=0),flip,skip(v=0))","p3(1, 'x', 1)",3,0,10,none<=10,none<=10,none<=10,none<=10
21,(move+1),"(move-1(iff=0),flip,skip(v=0))","p3(1, 'x', 1)",3,1,10,none<=10,none<=10,none<=10,none<=10
21,(move+1),"(move-1(iff=0),flip,skip(v=0))","p3(1, 'x', 1)",3,2,10,none<=10,none<=10,none<=10,none<=10
21,(move+1),"(move-1(iff=0),flip,skip(v=0))","p3(1, 1, 'x')",3,0,10,none<=10,none<=10,none<=10,none<=10
21,(move+1),"(move-1(iff=0),flip,skip(v=0))","p3(1, 1, 'x')",3,1,10,none<=10,none<=10,none<=10,none<=10
21,(move+1),"(move-1(iff=0),flip,skip(v=0))","p3(1, 1, 'x')",3,2,10,none<=10,none<=10,none<=10,none<=10
22,(move+1),"(flip,move-1(iff=0),skip(v=1))",none,1,0,10,none<=10,A(1),none<=10,none<=10
22,(move+1),"(flip,move-1(iff=0),skip(v=1))","(x,xbar)",2,0,10,none<=10,none<=10,none<=10,none<=10
22,(move+1),"(flip,move-1(iff=0),skip(v=1))","(x,xbar)",2,1,10,none<=10,none<=10,none<=10,none<=10
22,(move+1),"(flip,move-1(iff=0),skip(v=1))","(xbar,x)",2,0,10,none<=10,none<=10,none<=10,none<=10
22,(move+1),"(flip,move-1(iff=0),skip(v=1))","(xbar,x)",2,1,10,none<=10,none<=10,none<=10,none<=10
22,(move+1),"(flip,move-1(iff=0),skip(v=1))","(x,1)",2,0,10,none<=10,none<=10,none<=10,none<=10
22,(move+1),"(flip,move-1(iff=0),skip(v=1))","(x,1)",2,1,10,none<=10,none<=10,none<=10,none<=10
22,(move+1),"(flip,move-1(iff=0),skip(v=1))","(1,x)",2,0,10,none<=10,none<=10,none<=10,none<=10
22,(move+1),"(flip,move-1(iff=0),skip(v=1))","(1,x)",2,1,10,none<=10,none<=10,none<=10,none<=10
22,(move+1),"(flip,move-1(iff=0),skip(v=1))","(x,0)",2,0,10,none<=10,none<=10,none<=10,none<=10
22,(move+1),"(flip,move-1(iff=0),skip(v=1))","(x,0)",2,1,10,none<=10,none<=10,none<=10,none<=10
22,(move+1),"(flip,move-1(iff=0),skip(v=1))","(0,x)",2,0,10,none<=10,none<=10,none<=10,none<=10
22,(move+1),"(flip,move-1(iff=0),skip(v=1))","(0,x)",2,1,10,none<=10,none<=10,none<=10,none<=10
22,(move+1),"(flip,move-1(iff=0),skip(v=1))","p3('x', 0, 1)",3,0,10,none<=10,none<=10,none<=10,none<=10
22,(move+1),"(flip,move-1(iff=0),skip(v=1))","p3('x', 0, 1)",3,1,10,none<=10,none<=10,none<=10,none<=10
22,(move+1),"(flip,move-1(iff=0),skip(v=1))","p3('x', 0, 1)",3,2,10,none<=10,none<=10,none<=10,none<=10
22,(move+1),"(flip,move-1(iff=0),skip(v=1))","p3(1, 'x', 0)",3,0,10,none<=10,none<=10,none<=10,none<=10
22,(move+1),"(flip,move-1(iff=0),skip(v=1))","p3(1, 'x', 0)",3,1,10,none<=10,none<=10,none<=10,none<=10
22,(move+1),"(flip,move-1(iff=0),skip(v=1))","p3(1, 'x', 0)",3,2,10,none<=10,none<=10,none<=10,none<=10
22,(move+1),"(flip,move-1(iff=0),skip(v=1))","p3(0, 1, 'x')",3,0,10,none<=10,none<=10,none<=10,none<=10
22,(move+1),"(flip,move-1(iff=0),skip(v=1))","p3(0, 1, 'x')",3,1,10,none<=10,none<=10,none<=10,none<=10
22,(move+1),"(flip,move-1(iff=0),skip(v=1))","p3(0, 1, 'x')",3,2,10,none<=10,none<=10,none<=10,none<=10
22,(move+1),"(flip,move-1(iff=0),skip(v=1))","p3('x', 1, 0)",3,0,10,none<=10,none<=10,none<=10,none<=10
22,(move+1),"(flip,move-1(iff=0),skip(v=1))","p3('x', 1, 0)",3,1,10,none<=10,none<=10,none<=10,none<=10
22,(move+1),"(flip,move-1(iff=0),skip(v=1))","p3('x', 1, 0)",3,2,10,none<=10,none<=10,none<=10,none<=10
22,(move+1),"(flip,move-1(iff=0),skip(v=1))","p3(0, 'x', 1)",3,0,10,none<=10,none<=10,none<=10,none<=10
22,(move+1),"(flip,move-1(iff=0),skip(v=1))","p3(0, 'x', 1)",3,1,10,none<=10,none<=10,none<=10,none<=10
22,(move+1),"(flip,move-1(iff=0),skip(v=1))","p3(0, 'x', 1)",3,2,10,none<=10,none<=10,none<=10,none<=10
22,(move+1),"(flip,move-1(iff=0),skip(v=1))","p3(1, 0, 'x')",3,0,10,none<=10,none<=10,none<=10,none<=10
22,(move+1),"(flip,move-1(iff=0),skip(v=1))","p3(1, 0, 'x')",3,1,10,none<=10,none<=10,none<=10,none<=10
22,(move+1),"(flip,move-1(iff=0),skip(v=1))","p3(1, 0, 'x')",3,2,10,none<=10,none<=10,none<=10,none<=10
22,(move+1),"(flip,move-1(iff=0),skip(v=1))","p3('x', 0, 0)",3,0,10,none<=10,none<=10,none<=10,none<=10
22,(move+1),"(flip,move-1(iff=0),skip(v=1))","p3('x', 0, 0)",3,1,10,none<=10,none<=10,none<=10,none<=10
22,(move+1),"(flip,move-1(iff=0),skip(v=1))","p3('x', 0, 0)",3,2,10,none<=10,none<=10,none<=10,none<=10
22,(move+1),"(flip,move-1(iff=0),skip(v=1))","p3(0, 'x', 0)",3,0,10,none<=10,none<=10,none<=10,none<=10
22,(move+1),"(flip,move-1(iff=0),skip(v=1))","p3(0, 'x', 0)",3,1,10,none<=10,none<=10,none<=10,none<=10
22,(move+1),"(flip,move-1(iff=0),skip(v=1))","p3(0, 'x', 0)",3,2,10,none<=10,none<=10,none<=10,none<=10
22,(move+1),"(flip,move-1(iff=0),skip(v=1))","p3(0, 0, 'x')",3,0,10,none<=10,none<=10,none<=10,none<=10
22,(move+1),"(flip,move-1(iff=0),skip(v=1))","p3(0, 0, 'x')",3,1,10,none<=10,none<=10,none<=10,none<=10
22,(move+1),"(flip,move-1(iff=0),skip(v=1))","p3(0, 0, 'x')",3,2,10,none<=10,none<=10,none<=10,none<=10
22,(move+1),"(flip,move-1(iff=0),skip(v=1))","p3('x', 1, 1)",3,0,10,none<=10,none<=10,none<=10,none<=10
22,(move+1),"(flip,move-1(iff=0),skip(v=1))","p3('x', 1, 1)",3,1,10,none<=10,none<=10,none<=10,none<=10
22,(move+1),"(flip,move-1(iff=0),skip(v=1))","p3('x', 1, 1)",3,2,10,none<=10,none<=10,none<=10,none<=10
22,(move+1),"(flip,move-1(iff=0),skip(v=1))","p3(1, 'x', 1)",3,0,10,none<=10,none<=10,none<=10,none<=10
22,(move+1),"(flip,move-1(iff=0),skip(v=1))","p3(1, 'x', 1)",3,1,10,none<=10,none<=10,none<=10,none<=10
22,(move+1),"(flip,move-1(iff=0),skip(v=1))","p3(1, 'x', 1)",3,2,10,none<=10,none<=10,none<=10,none<=10
22,(move+1),"(flip,move-1(iff=0),skip(v=1))","p3(1, 1, 'x')",3,0,10,none<=10,none<=10,none<=10,none<=10
22,(move+1),"(flip,move-1(iff=0),skip(v=1))","p3(1, 1, 'x')",3,1,10,none<=10,none<=10,none<=10,none<=10
22,(move+1),"(flip,move-1(iff=0),skip(v=1))","p3(1, 1, 'x')",3,2,10,none<=10,none<=10,none<=10,none<=10
23,(move+1),"(skip(v=1),move-1(iff=0),flip)",none,1,0,10,none<=10,A(1),none<=10,none<=10
23,(move+1),"(skip(v=1),move-1(iff=0),flip)","(x,xbar)",2,0,10,none<=10,none<=10,none<=10,none<=10
23,(move+1),"(skip(v=1),move-1(iff=0),flip)","(x,xbar)",2,1,10,none<=10,none<=10,none<=10,none<=10
23,(move+1),"(skip(v=1),move-1(iff=0),flip)","(xbar,x)",2,0,10,none<=10,none<=10,none<=10,none<=10
23,(move+1),"(skip(v=1),move-1(iff=0),flip)","(xbar,x)",2,1,10,none<=10,none<=10,none<=10,none<=10
23,(move+1),"(skip(v=1),move-1(iff=0),flip)","(x,1)",2,0,10,none<=10,none<=10,none<=10,none<=10
23,(move+1),"(skip(v=1),move-1(iff=0),flip)","(x,1)",2,1,10,none<=10,none<=10,none<=10,none<=10
23,(move+1),"(skip(v=1),move-1(iff=0),flip)","(1,x)",2,0,10,none<=10,none<=10,none<=10,none<=10
23,(move+1),"(skip(v=1),move-1(iff=0),flip)","(1,x)",2,1,10,none<=10,none<=10,none<=10,none<=10
23,(move+1),"(skip(v=1),move-1(iff=0),flip)","(x,0)",2,0,10,none<=10,none<=10,none<=10,none<=10
23,(move+1),"(skip(v=1),move-1(iff=0),flip)","(x,0)",2,1,10,none<=10,none<=10,none<=10,none<=10
23,(move+1),"(skip(v=1),move-1(iff=0),flip)","(0,x)",2,0,10,none<=10,none<=10,none<=10,none<=10
23,(move+1),"(skip(v=1),move-1(iff=0),flip)","(0,x)",2,1,10,none<=10,none<=10,none<=10,none<=10
23,(move+1),"(skip(v=1),move-1(iff=0),flip)","p3('x', 0, 1)",3,0,10,none<=10,none<=10,none<=10,none<=10
23,(move+1),"(skip(v=1),move-1(iff=0),flip)","p3('x', 0, 1)",3,1,10,none<=10,none<=10,none<=10,none<=10
23,(move+1),"(skip(v=1),move-1(iff=0),flip)","p3('x', 0, 1)",3,2,10,none<=10,none<=10,none<=10,none<=10
23,(move+1),"(skip(v=1),move-1(iff=0),flip)","p3(1, 'x', 0)",3,0,10,none<=10,none<=10,none<=10,none<=10
23,(move+1),"(skip(v=1),move-1(iff=0),flip)","p3(1, 'x', 0)",3,1,10,none<=10,none<=10,none<=10,none<=10
23,(move+1),"(skip(v=1),move-1(iff=0),flip)","p3(1, 'x', 0)",3,2,10,none<=10,none<=10,none<=10,none<=10
23,(move+1),"(skip(v=1),move-1(iff=0),flip)","p3(0, 1, 'x')",3,0,10,none<=10,none<=10,none<=10,none<=10
23,(move+1),"(skip(v=1),move-1(iff=0),flip)","p3(0, 1, 'x')",3,1,10,none<=10,none<=10,none<=10,none<=10
23,(move+1),"(skip(v=1),move-1(iff=0),flip)","p3(0, 1, 'x')",3,2,10,none<=10,none<=10,none<=10,none<=10
23,(move+1),"(skip(v=1),move-1(iff=0),flip)","p3('x', 1, 0)",3,0,10,none<=10,none<=10,none<=10,none<=10
23,(move+1),"(skip(v=1),move-1(iff=0),flip)","p3('x', 1, 0)",3,1,10,none<=10,none<=10,none<=10,none<=10
23,(move+1),"(skip(v=1),move-1(iff=0),flip)","p3('x', 1, 0)",3,2,10,none<=10,none<=10,none<=10,none<=10
23,(move+1),"(skip(v=1),move-1(iff=0),flip)","p3(0, 'x', 1)",3,0,10,none<=10,none<=10,none<=10,none<=10
23,(move+1),"(skip(v=1),move-1(iff=0),flip)","p3(0, 'x', 1)",3,1,10,none<=10,none<=10,none<=10,none<=10
23,(move+1),"(skip(v=1),move-1(iff=0),flip)","p3(0, 'x', 1)",3,2,10,none<=10,none<=10,none<=10,none<=10
23,(move+1),"(skip(v=1),move-1(iff=0),flip)","p3(1, 0, 'x')",3,0,10,none<=10,none<=10,none<=10,none<=10
23,(move+1),"(skip(v=1),move-1(iff=0),flip)","p3(1, 0, 'x')",3,1,10,none<=10,none<=10,none<=10,none<=10
23,(move+1),"(skip(v=1),move-1(iff=0),flip)","p3(1, 0, 'x')",3,2,10,none<=10,none<=10,none<=10,none<=10
23,(move+1),"(skip(v=1),move-1(iff=0),flip)","p3('x', 0, 0)",3,0,10,none<=10,none<=10,none<=10,none<=10
23,(move+1),"(skip(v=1),move-1(iff=0),flip)","p3('x', 0, 0)",3,1,10,none<=10,none<=10,none<=10,none<=10
23,(move+1),"(skip(v=1),move-1(iff=0),flip)","p3('x', 0, 0)",3,2,10,none<=10,none<=10,none<=10,none<=10
23,(move+1),"(skip(v=1),move-1(iff=0),flip)","p3(0, 'x', 0)",3,0,10,none<=10,none<=10,none<=10,none<=10
23,(move+1),"(skip(v=1),move-1(iff=0),flip)","p3(0, 'x', 0)",3,1,10,none<=10,none<=10,none<=10,none<=10
23,(move+1),"(skip(v=1),move-1(iff=0),flip)","p3(0, 'x', 0)",3,2,10,none<=10,none<=10,none<=10,none<=10
23,(move+1),"(skip(v=1),move-1(iff=0),flip)","p3(0, 0, 'x')",3,0,10,none<=10,none<=10,none<=10,none<=10
23,(move+1),"(skip(v=1),move-1(iff=0),flip)","p3(0, 0, 'x')",3,1,10,none<=10,none<=10,none<=10,none<=10
23,(move+1),"(skip(v=1),move-1(iff=0),flip)","p3(0, 0, 'x')",3,2,10,none<=10,none<=10,none<=10,none<=10
23,(move+1),"(skip(v=1),move-1(iff=0),flip)","p3('x', 1, 1)",3,0,10,none<=10,none<=10,none<=10,none<=10
23,(move+1),"(skip(v=1),move-1(iff=0),flip)","p3('x', 1, 1)",3,1,10,none<=10,none<=10,none<=10,none<=10
23,(move+1),"(skip(v=1),move-1(iff=0),flip)","p3('x', 1, 1)",3,2,10,none<=10,none<=10,none<=10,none<=10
23,(move+1),"(skip(v=1),move-1(iff=0),flip)","p3(1, 'x', 1)",3,0,10,none<=10,none<=10,none<=10,none<=10
23,(move+1),"(skip(v=1),move-1(iff=0),flip)","p3(1, 'x', 1)",3,1,10,none<=10,none<=10,none<=10,none<=10
23,(move+1),"(skip(v=1),move-1(iff=0),flip)","p3(1, 'x', 1)",3,2,10,none<=10,none<=10,none<=10,none<=10
23,(move+1),"(skip(v=1),move-1(iff=0),flip)","p3(1, 1, 'x')",3,0,10,none<=10,none<=10,none<=10,none<=10
23,(move+1),"(skip(v=1),move-1(iff=0),flip)","p3(1, 1, 'x')",3,1,10,none<=10,none<=10,none<=10,none<=10
23,(move+1),"(skip(v=1),move-1(iff=0),flip)","p3(1, 1, 'x')",3,2,10,none<=10,none<=10,none<=10,none<=10
24,"(skip(v=0),move+1)",(move-1),none,1,0,10,none<=10,none<=10,none<=10,B(1)
24,"(skip(v=0),move+1)",(move-1),"(x,xbar)",2,0,10,none<=10,none<=10,none<=10,none<=10
24,"(skip(v=0),move+1)",(move-1),"(x,xbar)",2,1,10,none<=10,none<=10,none<=10,none<=10
24,"(skip(v=0),move+1)",(move-1),"(xbar,x)",2,0,10,none<=10,none<=10,none<=10,none<=10
24,"(skip(v=0),move+1)",(move-1),"(xbar,x)",2,1,10,none<=10,none<=10,none<=10,none<=10
24,"(skip(v=0),move+1)",(move-1),"(x,1)",2,0,10,none<=10,none<=10,none<=10,none<=10
24,"(skip(v=0),move+1)",(move-1),"(x,1)",2,1,10,none<=10,none<=10,none<=10,none<=10
24,"(skip(v=0),move+1)",(move-1),"(1,x)",2,0,10,none<=10,none<=10,none<=10,none<=10
24,"(skip(v=0),move+1)",(move-1),"(1,x)",2,1,10,none<=10,none<=10,none<=10,none<=10
24,"(skip(v=0),move+1)",(move-1),"(x,0)",2,0,10,none<=10,none<=10,none<=10,none<=10
24,"(skip(v=0),move+1)",(move-1),"(x,0)",2,1,10,none<=10,none<=10,none<=10,none<=10
24,"(skip(v=0),move+1)",(move-1),"(0,x)",2,0,10,none<=10,none<=10,none<=10,none<=10
24,"(skip(v=0),move+1)",(move-1),"(0,x)",2,1,10,none<=10,none<=10,none<=10,none<=10
24,"(skip(v=0),move+1)",(move-1),"p3('x', 0, 1)",3,0,10,none<=10,ABBAAABA(8),none<=10,BABBAAABBB(10)
24,"(skip(v=0),move+1)",(move-1),"p3('x', 0, 1)",3,1,10,none<=10,none<=10,none<=10,BBABBAAABB(10)
24,"(skip(v=0),move+1)",(move-1),"p3('x', 0, 1)",3,2,10,none<=10,AABBAAAB(8),none<=10,BAABBBAB(8)
24,"(skip(v=0),move+1)",(move-1),"p3(1, 'x', 0)",3,0,10,none<=10,AABBAAAB(8),none<=10,BAABBBAB(8)
24,"(skip(v=0),move+1)",(move-1),"p3(1, 'x', 0)",3,1,10,none<=10,ABBAAABA(8),none<=10,BABBAAABBB(10)
24,"(skip(v=0),move+1)",(move-1),"p3(1, 'x', 0)",3,2,10,none<=10,none<=10,none<=10,BBABBAAABB(10)
24,"(skip(v=0),move+1)",(move-1),"p3(0, 1, 'x')",3,0,10,none<=10,ABAAAABABB(10),none<=10,BBABBAAABB(10)
24,"(skip(v=0),move+1)",(move-1),"p3(0, 1, 'x')",3,1,10,none<=10,AABBAAAB(8),none<=10,BAABBBAB(8)
24,"(skip(v=0),move+1)",(move-1),"p3(0, 1, 'x')",3,2,10,none<=10,ABBAAABA(8),none<=10,BABBAAABBB(10)
24,"(skip(v=0),move+1)",(move-1),"p3('x', 1, 0)",3,0,10,none<=10,none<=10,none<=10,none<=10
24,"(skip(v=0),move+1)",(move-1),"p3('x', 1, 0)",3,1,10,none<=10,none<=10,BBABBBAAAA(10),BAABBABBB(9)
24,"(skip(v=0),move+1)",(move-1),"p3('x', 1, 0)",3,2,10,none<=10,none<=10,none<=10,BBAABBABB(9)
24,"(skip(v=0),move+1)",(move-1),"p3(0, 'x', 1)",3,0,10,none<=10,none<=10,none<=10,BBAABBABB(9)
24,"(skip(v=0),move+1)",(move-1),"p3(0, 'x', 1)",3,1,10,none<=10,none<=10,none<=10,BBBAABBAB(9)
24,"(skip(v=0),move+1)",(move-1),"p3(0, 'x', 1)",3,2,10,none<=10,none<=10,BBABBBAAAA(10),BAABBABBB(9)
24,"(skip(v=0),move+1)",(move-1),"p3(1, 0, 'x')",3,0,10,none<=10,none<=10,none<=10,BAABBABBB(9)
24,"(skip(v=0),move+1)",(move-1),"p3(1, 0, 'x')",3,1,10,none<=10,none<=10,none<=10,BBAABBABB(9)
24,"(skip(v=0),move+1)",(move-1),"p3(1, 0, 'x')",3,2,10,none<=10,none<=10,none<=10,BBBAABBAB(9)
24,"(skip(v=0),move+1)",(move-1),"p3('x', 0, 0)",3,0,10,none<=10,none<=10,none<=10,none<=10
24,"(skip(v=0),move+1)",(move-1),"p3('x', 0, 0)",3,1,10,none<=10,none<=10,none<=10,none<=10
24,"(skip(v=0),move+1)",(move-1),"p3('x', 0, 0)",3,2,10,none<=10,none<=10,none<=10,none<=10
24,"(skip(v=0),move+1)",(move-1),"p3(0, 'x', 0)",3,0,10,none<=10,none<=10,none<=10,none<=10
24,"(skip(v=0),move+1)",(move-1),"p3(0, 'x', 0)",3,1,10,none<=10,none<=10,none<=10,none<=10
24,"(skip(v=0),move+1)",(move-1),"p3(0, 'x', 0)",3,2,10,none<=10,none<=10,none<=10,none<=10
24,"(skip(v=0),move+1)",(move-1),"p3(0, 0, 'x')",3,0,10,none<=10,none<=10,none<=10,none<=10
24,"(skip(v=0),move+1)",(move-1),"p3(0, 0, 'x')",3,1,10,none<=10,none<=10,none<=10,none<=10
24,"(skip(v=0),move+1)",(move-1),"p3(0, 0, 'x')",3,2,10,none<=10,none<=10,none<=10,none<=10
24,"(skip(v=0),move+1)",(move-1),"p3('x', 1, 1)",3,0,10,none<=10,none<=10,none<=10,none<=10
24,"(skip(v=0),move+1)",(move-1),"p3('x', 1, 1)",3,1,10,none<=10,none<=10,none<=10,none<=10
24,"(skip(v=0),move+1)",(move-1),"p3('x', 1, 1)",3,2,10,none<=10,none<=10,none<=10,none<=10
24,"(skip(v=0),move+1)",(move-1),"p3(1, 'x', 1)",3,0,10,none<=10,none<=10,none<=10,none<=10
24,"(skip(v=0),move+1)",(move-1),"p3(1, 'x', 1)",3,1,10,none<=10,none<=10,none<=10,none<=10
24,"(skip(v=0),move+1)",(move-1),"p3(1, 'x', 1)",3,2,10,none<=10,none<=10,none<=10,none<=10
24,"(skip(v=0),move+1)",(move-1),"p3(1, 1, 'x')",3,0,10,none<=10,none<=10,none<=10,none<=10
24,"(skip(v=0),move+1)",(move-1),"p3(1, 1, 'x')",3,1,10,none<=10,none<=10,none<=10,none<=10
24,"(skip(v=0),move+1)",(move-1),"p3(1, 1, 'x')",3,2,10,none<=10,none<=10,none<=10,none<=10
25,"(skip(v=0),move+1)","(skip(v=0),move-1)",none,1,0,10,none<=10,none<=10,none<=10,none<=10
25,"(skip(v=0),move+1)","(skip(v=0),move-1)","(x,xbar)",2,0,10,none<=10,none<=10,none<=10,none<=10
25,"(skip(v=0),move+1)","(skip(v=0),move-1)","(x,xbar)",2,1,10,none<=10,none<=10,none<=10,none<=10
25,"(skip(v=0),move+1)","(skip(v=0),move-1)","(xbar,x)",2,0,10,none<=10,none<=10,none<=10,none<=10
25,"(skip(v=0),move+1)","(skip(v=0),move-1)","(xbar,x)",2,1,10,none<=10,none<=10,none<=10,none<=10
25,"(skip(v=0),move+1)","(skip(v=0),move-1)","(x,1)",2,0,10,none<=10,none<=10,none<=10,none<=10
25,"(skip(v=0),move+1)","(skip(v=0),move-1)","(x,1)",2,1,10,none<=10,none<=10,none<=10,none<=10
25,"(skip(v=0),move+1)","(skip(v=0),move-1)","(1,x)",2,0,10,none<=10,none<=10,none<=10,none<=10
25,"(skip(v=0),move+1)","(skip(v=0),move-1)","(1,x)",2,1,10,none<=10,none<=10,none<=10,none<=10
25,"(skip(v=0),move+1)","(skip(v=0),move-1)","(x,0)",2,0,10,none<=10,none<=10,none<=10,none<=10
25,"(skip(v=0),move+1)","(skip(v=0),move-1)","(x,0)",2,1,10,none<=10,none<=10,none<=10,none<=10
25,"(skip(v=0),move+1)","(skip(v=0),move-1)","(0,x)",2,0,10,none<=10,none<=10,none<=10,none<=10
25,"(skip(v=0),move+1)","(skip(v=0),move-1)","(0,x)",2,1,10,none<=10,none<=10,none<=10,none<=10
25,"(skip(v=0),move+1)","(skip(v=0),move-1)","p3('x', 0, 1)",3,0,10,none<=10,none<=10,none<=10,none<=10
25,"(skip(v=0),move+1)","(skip(v=0),move-1)","p3('x', 0, 1)",3,1,12,none<=12,ABAABBBAA(9),ABBABBBAA(9),none<=12
25,"(skip(v=0),move+1)","(skip(v=0),move-1)","p3('x', 0, 1)",3,2,10,none<=10,none<=10,none<=10,none<=10
25,"(skip(v=0),move+1)","(skip(v=0),move-1)","p3(1, 'x', 0)",3,0,10,none<=10,none<=10,none<=10,none<=10
25,"(skip(v=0),move+1)","(skip(v=0),move-1)","p3(1, 'x', 0)",3,1,10,none<=10,none<=10,none<=10,none<=10
25,"(skip(v=0),move+1)","(skip(v=0),move-1)","p3(1, 'x', 0)",3,2,12,none<=12,ABAABBBAA(9),ABBABBBAA(9),none<=12
25,"(skip(v=0),move+1)","(skip(v=0),move-1)","p3(0, 1, 'x')",3,0,10,none<=10,ABAABBBAA(9),none<=10,none<=10
25,"(skip(v=0),move+1)","(skip(v=0),move-1)","p3(0, 1, 'x')",3,1,10,none<=10,none<=10,none<=10,none<=10
25,"(skip(v=0),move+1)","(skip(v=0),move-1)","p3(0, 1, 'x')",3,2,10,none<=10,none<=10,none<=10,none<=10
25,"(skip(v=0),move+1)","(skip(v=0),move-1)","p3('x', 1, 0)",3,0,10,none<=10,none<=10,none<=10,none<=10
25,"(skip(v=0),move+1)","(skip(v=0),move-1)","p3('x', 1, 0)",3,1,10,none<=10,none<=10,none<=10,none<=10
25,"(skip(v=0),move+1)","(skip(v=0),move-1)","p3('x', 1, 0)",3,2,10,none<=10,none<=10,none<=10,BABBAAABB(9)
25,"(skip(v=0),move+1)","(skip(v=0),move-1)","p3(0, 'x', 1)",3,0,10,none<=10,none<=10,BAABAAABB(9),BABBAAABB(9)
25,"(skip(v=0),move+1)","(skip(v=0),move-1)","p3(0, 'x', 1)",3,1,10,none<=10,none<=10,none<=10,none<=10
25,"(skip(v=0),move+1)","(skip(v=0),move-1)","p3(0, 'x', 1)",3,2,10,none<=10,none<=10,none<=10,none<=10
25,"(skip(v=0),move+1)","(skip(v=0),move-1)","p3(1, 0, 'x')",3,0,10,none<=10,none<=10,none<=10,none<=10
25,"(skip(v=0),move+1)","(skip(v=0),move-1)","p3(1, 0, 'x')",3,1,10,none<=10,none<=10,BAABAAABB(9),BABBAAABB(9)
25,"(skip(v=0),move+1)","(skip(v=0),move-1)","p3(1, 0, 'x')",3,2,10,none<=10,none<=10,none<=10,none<=10
25,"(skip(v=0),move+1)","(skip(v=0),move-1)","p3('x', 0, 0)",3,0,10,none<=10,none<=10,none<=10,none<=10
25,"(skip(v=0),move+1)","(skip(v=0),move-1)","p3('x', 0, 0)",3,1,10,none<=10,none<=10,none<=10,none<=10
25,"(skip(v=0),move+1)","(skip(v=0),move-1)","p3('x', 0, 0)",3,2,10,none<=10,none<=10,none<=10,none<=10
25,"(skip(v=0),move+1)","(skip(v=0),move-1)","p3(0, 'x', 0)",3,0,10,none<=10,none<=10,none<=10,none<=10
25,"(skip(v=0),move+1)","(skip(v=0),move-1)","p3(0, 'x', 0)",3,1,10,none<=10,none<=10,none<=10,none<=10
25,"(skip(v=0),move+1)","(skip(v=0),move-1)","p3(0, 'x', 0)",3,2,10,none<=10,none<=10,none<=10,none<=10
25,"(skip(v=0),move+1)","(skip(v=0),move-1)","p3(0, 0, 'x')",3,0,10,none<=10,none<=10,none<=10,none<=10
25,"(skip(v=0),move+1)","(skip(v=0),move-1)","p3(0, 0, 'x')",3,1,10,none<=10,none<=10,none<=10,none<=10
25,"(skip(v=0),move+1)","(skip(v=0),move-1)","p3(0, 0, 'x')",3,2,10,none<=10,none<=10,none<=10,none<=10
25,"(skip(v=0),move+1)","(skip(v=0),move-1)","p3('x', 1, 1)",3,0,10,none<=10,none<=10,none<=10,none<=10
25,"(skip(v=0),move+1)","(skip(v=0),move-1)","p3('x', 1, 1)",3,1,10,none<=10,none<=10,none<=10,none<=10
25,"(skip(v=0),move+1)","(skip(v=0),move-1)","p3('x', 1, 1)",3,2,10,none<=10,none<=10,none<=10,none<=10
25,"(skip(v=0),move+1)","(skip(v=0),move-1)","p3(1, 'x', 1)",3,0,10,none<=10,none<=10,none<=10,none<=10
25,"(skip(v=0),move+1)","(skip(v=0),move-1)","p3(1, 'x', 1)",3,1,10,none<=10,none<=10,none<=10,none<=10
25,"(skip(v=0),move+1)","(skip(v=0),move-1)","p3(1, 'x', 1)",3,2,10,none<=10,none<=10,none<=10,none<=10
25,"(skip(v=0),move+1)","(skip(v=0),move-1)","p3(1, 1, 'x')",3,0,10,none<=10,none<=10,none<=10,none<=10
25,"(skip(v=0),move+1)","(skip(v=0),move-1)","p3(1, 1, 'x')",3,1,10,none<=10,none<=10,none<=10,none<=10
25,"(skip(v=0),move+1)","(skip(v=0),move-1)","p3(1, 1, 'x')",3,2,10,none<=10,none<=10,none<=10,none<=10
26,"(skip(v=0),move+1)","(move-1,skip(v=0))",none,1,0,10,none<=10,none<=10,none<=10,none<=10
26,"(skip(v=0),move+1)","(move-1,skip(v=0))","(x,xbar)",2,0,10,none<=10,none<=10,none<=10,none<=10
26,"(skip(v=0),move+1)","(move-1,skip(v=0))","(x,xbar)",2,1,10,none<=10,none<=10,none<=10,none<=10
26,"(skip(v=0),move+1)","(move-1,skip(v=0))","(xbar,x)",2,0,10,none<=10,none<=10,none<=10,none<=10
26,"(skip(v=0),move+1)","(move-1,skip(v=0))","(xbar,x)",2,1,10,none<=10,none<=10,none<=10,none<=10
26,"(skip(v=0),move+1)","(move-1,skip(v=0))","(x,1)",2,0,10,none<=10,none<=10,none<=10,none<=10
26,"(skip(v=0),move+1)","(move-1,skip(v=0))","(x,1)",2,1,10,none<=10,none<=10,none<=10,none<=10
26,"(skip(v=0),move+1)","(move-1,skip(v=0))","(1,x)",2,0,10,none<=10,none<=10,none<=10,none<=10
26,"(skip(v=0),move+1)","(move-1,skip(v=0))","(1,x)",2,1,10,none<=10,none<=10,none<=10,none<=10
26,"(skip(v=0),move+1)","(move-1,skip(v=0))","(x,0)",2,0,10,none<=10,none<=10,none<=10,none<=10
26,"(skip(v=0),move+1)","(move-1,skip(v=0))","(x,0)",2,1,10,none<=10,none<=10,none<=10,none<=10
26,"(skip(v=0),move+1)","(move-1,skip(v=0))","(0,x)",2,0,10,none<=10,none<=10,none<=10,none<=10
26,"(skip(v=0),move+1)","(move-1,skip(v=0))","(0,x)",2,1,10,none<=10,none<=10,none<=10,none<=10
26,"(skip(v=0),move+1)","(move-1,skip(v=0))","p3('x', 0, 1)",3,0,10,none<=10,none<=10,none<=10,none<=10
26,"(skip(v=0),move+1)","(move-1,skip(v=0))","p3('x', 0, 1)",3,1,10,none<=10,none<=10,none<=10,none<=10
26,"(skip(v=0),move+1)","(move-1,skip(v=0))","p3('x', 0, 1)",3,2,10,none<=10,none<=10,none<=10,none<=10
26,"(skip(v=0),move+1)","(move-1,skip(v=0))","p3(1, 'x', 0)",3,0,10,none<=10,none<=10,none<=10,none<=10
26,"(skip(v=0),move+1)","(move-1,skip(v=0))","p3(1, 'x', 0)",3,1,10,none<=10,none<=10,none<=10,none<=10
26,"(skip(v=0),move+1)","(move-1,skip(v=0))","p3(1, 'x', 0)",3,2,10,none<=10,none<=10,none<=10,none<=10
26,"(skip(v=0),move+1)","(move-1,skip(v=0))","p3(0, 1, 'x')",3,0,10,none<=10,none<=10,none<=10,none<=10
26,"(skip(v=0),move+1)","(move-1,skip(v=0))","p3(0, 1, 'x')",3,1,10,none<=10,none<=10,none<=10,none<=10
26,"(skip(v=0),move+1)","(move-1,skip(v=0))","p3(0, 1, 'x')",3,2,10,none<=10,none<=10,none<=10,none<=10
26,"(skip(v=0),move+1)","(move-1,skip(v=0))","p3('x', 1, 0)",3,0,10,none<=10,none<=10,none<=10,none<=10
26,"(skip(v=0),move+1)","(move-1,skip(v=0))","p3('x', 1, 0)",3,1,10,none<=10,none<=10,none<=10,none<=10
26,"(skip(v=0),move+1)","(move-1,skip(v=0))","p3('x', 1, 0)",3,2,10,none<=10,none<=10,none<=10,none<=10
26,"(skip(v=0),move+1)","(move-1,skip(v=0))","p3(0, 'x', 1)",3,0,10,none<=10,none<=10,none<=10,none<=10
26,"(skip(v=0),move+1)","(move-1,skip(v=0))","p3(0, 'x', 1)",3,1,10,none<=10,none<=10,none<=10,none<=10
26,"(skip(v=0),move+1)","(move-1,skip(v=0))","p3(0, 'x', 1)",3,2,10,none<=10,none<=10,none<=10,none<=10
26,"(skip(v=0),move+1)","(move-1,skip(v=0))","p3(1, 0, 'x')",3,0,10,none<=10,none<=10,none<=10,none<=10
26,"(skip(v=0),move+1)","(move-1,skip(v=0))","p3(1, 0, 'x')",3,1,10,none<=10,none<=10,none<=10,none<=10
26,"(skip(v=0),move+1)","(move-1,skip(v=0))","p3(1, 0, 'x')",3,2,10,none<=10,none<=10,none<=10,none<=10
26,"(skip(v=0),move+1)","(move-1,skip(v=0))","p3('x', 0, 0)",3,0,10,none<=10,none<=10,none<=10,none<=10
26,"(skip(v=0),move+1)","(move-1,skip(v=0))","p3('x', 0, 0)",3,1,10,none<=10,none<=10,none<=10,none<=10
26,"(skip(v=0),move+1)","(move-1,skip(v=0))","p3('x', 0, 0)",3,2,10,none<=10,none<=10,none<=10,none<=10
26,"(skip(v=0),move+1)","(move-1,skip(v=0))","p3(0, 'x', 0)",3,0,10,none<=10,none<=10,none<=10,none<=10
26,"(skip(v=0),move+1)","(move-1,skip(v=0))","p3(0, 'x', 0)",3,1,10,none<=10,none<=10,none<=10,none<=10
26,"(skip(v=0),move+1)","(move-1,skip(v=0))","p3(0, 'x', 0)",3,2,10,none<=10,none<=10,none<=10,none<=10
26,"(skip(v=0),move+1)","(move-1,skip(v=0))","p3(0, 0, 'x')",3,0,10,none<=10,none<=10,none<=10,none<=10
26,"(skip(v=0),move+1)","(move-1,skip(v=0))","p3(0, 0, 'x')",3,1,10,none<=10,none<=10,none<=10,none<=10
26,"(skip(v=0),move+1)","(move-1,skip(v=0))","p3(0, 0, 'x')",3,2,10,none<=10,none<=10,none<=10,none<=10
26,"(skip(v=0),move+1)","(move-1,skip(v=0))","p3('x', 1, 1)",3,0,10,none<=10,none<=10,none<=10,none<=10
26,"(skip(v=0),move+1)","(move-1,skip(v=0))","p3('x', 1, 1)",3,1,10,none<=10,none<=10,none<=10,none<=10
26,"(skip(v=0),move+1)","(move-1,skip(v=0))","p3('x', 1, 1)",3,2,10,none<=10,none<=10,none<=10,none<=10
26,"(skip(v=0),move+1)","(move-1,skip(v=0))","p3(1, 'x', 1)",3,0,10,none<=10,none<=10,none<=10,none<=10
26,"(skip(v=0),move+1)","(move-1,skip(v=0))","p3(1, 'x', 1)",3,1,10,none<=10,none<=10,none<=10,none<=10
26,"(skip(v=0),move+1)","(move-1,skip(v=0))","p3(1, 'x', 1)",3,2,10,none<=10,none<=10,none<=10,none<=10
26,"(skip(v=0),move+1)","(move-1,skip(v=0))","p3(1, 1, 'x')",3,0,10,none<=10,none<=10,none<=10,none<=10
26,"(skip(v=0),move+1)","(move-1,skip(v=0))","p3(1, 1, 'x')",3,1,10,none<=10,none<=10,none<=10,none<=10
26,"(skip(v=0),move+1)","(move-1,skip(v=0))","p3(1, 1, 'x')",3,2,10,none<=10,none<=10,none<=10,none<=10
27,"(skip(v=0),move+1)","(skip(v=1),move-1)",none,1,0,10,none<=10,none<=10,none<=10,none<=10
27,"(skip(v=0),move+1)","(skip(v=1),move-1)","(x,xbar)",2,0,10,none<=10,none<=10,none<=10,none<=10
27,"(skip(v=0),move+1)","(skip(v=1),move-1)","(x,xbar)",2,1,10,none<=10,none<=10,none<=10,none<=10
27,"(skip(v=0),move+1)","(skip(v=1),move-1)","(xbar,x)",2,0,10,none<=10,none<=10,none<=10,none<=10
27,"(skip(v=0),move+1)","(skip(v=1),move-1)","(xbar,x)",2,1,10,none<=10,none<=10,none<=10,none<=10
27,"(skip(v=0),move+1)","(skip(v=1),move-1)","(x,1)",2,0,10,none<=10,none<=10,none<=10,none<=10
27,"(skip(v=0),move+1)","(skip(v=1),move-1)","(x,1)",2,1,10,none<=10,none<=10,none<=10,BAABBBB(7)
27,"(skip(v=0),move+1)","(skip(v=1),move-1)","(1,x)",2,0,10,none<=10,none<=10,none<=10,BAABBBB(7)
27,"(skip(v=0),move+1)","(skip(v=1),move-1)","(1,x)",2,1,10,none<=10,none<=10,none<=10,none<=10
27,"(skip(v=0),move+1)","(skip(v=1),move-1)","(x,0)",2,0,10,none<=10,none<=10,none<=10,none<=10
27,"(skip(v=0),move+1)","(skip(v=1),move-1)","(x,0)",2,1,10,none<=10,ABBAAAA(7),none<=10,none<=10
27,"(skip(v=0),move+1)","(skip(v=1),move-1)","(0,x)",2,0,10,none<=10,ABBAAAA(7),none<=10,none<=10
27,"(skip(v=0),move+1)","(skip(v=1),move-1)","(0,x)",2,1,10,none<=10,none<=10,none<=10,none<=10
27,"(skip(v=0),move+1)","(skip(v=1),move-1)","p3('x', 0, 1)",3,0,10,none<=10,none<=10,none<=10,none<=10
27,"(skip(v=0),move+1)","(skip(v=1),move-1)","p3('x', 0, 1)",3,1,10,none<=10,none<=10,AABAABBBBA(10),none<=10
27,"(skip(v=0),move+1)","(skip(v=1),move-1)","p3('x', 0, 1)",3,2,10,none<=10,none<=10,BAABBBBAAA(10),none<=10
27,"(skip(v=0),move+1)","(skip(v=1),move-1)","p3(1, 'x', 0)",3,0,10,none<=10,none<=10,none<=10,none<=10
27,"(skip(v=0),move+1)","(skip(v=1),move-1)","p3(1, 'x', 0)",3,1,10,none<=10,none<=10,none<=10,none<=10
27,"(skip(v=0),move+1)","(skip(v=1),move-1)","p3(1, 'x', 0)",3,2,10,none<=10,none<=10,AABAABBBBA(10),none<=10
27,"(skip(v=0),move+1)","(skip(v=1),move-1)","p3(0, 1, 'x')",3,0,10,none<=10,none<=10,none<=10,none<=10
27,"(skip(v=0),move+1)","(skip(v=1),move-1)","p3(0, 1, 'x')",3,1,10,none<=10,none<=10,none<=10,none<=10
27,"(skip(v=0),move+1)","(skip(v=1),move-1)","p3(0, 1, 'x')",3,2,10,none<=10,none<=10,none<=10,none<=10
27,"(skip(v=0),move+1)","(skip(v=1),move-1)","p3('x', 1, 0)",3,0,10,none<=10,none<=10,none<=10,none<=10
27,"(skip(v=0),move+1)","(skip(v=1),move-1)","p3('x', 1, 0)",3,1,10,none<=10,none<=10,none<=10,none<=10
27,"(skip(v=0),move+1)","(skip(v=1),move-1)","p3('x', 1, 0)",3,2,10,none<=10,none<=10,none<=10,none<=10
27,"(skip(v=0),move+1)","(skip(v=1),move-1)","p3(0, 'x', 1)",3,0,10,none<=10,none<=10,none<=10,none<=10
27,"(skip(v=0),move+1)","(skip(v=1),move-1)","p3(0, 'x', 1)",3,1,10,none<=10,none<=10,none<=10,none<=10
27,"(skip(v=0),move+1)","(skip(v=1),move-1)","p3(0, 'x', 1)",3,2,10,none<=10,none<=10,none<=10,none<=10
27,"(skip(v=0),move+1)","(skip(v=1),move-1)","p3(1, 0, 'x')",3,0,10,none<=10,none<=10,none<=10,none<=10
27,"(skip(v=0),move+1)","(skip(v=1),move-1)","p3(1, 0, 'x')",3,1,10,none<=10,none<=10,none<=10,none<=10
27,"(skip(v=0),move+1)","(skip(v=1),move-1)","p3(1, 0, 'x')",3,2,10,none<=10,none<=10,none<=10,none<=10
27,"(skip(v=0),move+1)","(skip(v=1),move-1)","p3('x', 0, 0)",3,0,10,none<=10,none<=10,none<=10,none<=10
27,"(skip(v=0),move+1)","(skip(v=1),move-1)","p3('x', 0, 0)",3,1,10,none<=10,none<=10,none<=10,none<=10
27,"(skip(v=0),move+1)","(skip(v=1),move-1)","p3('x', 0, 0)",3,2,10,none<=10,none<=10,none<=10,none<=10
27,"(skip(v=0),move+1)","(skip(v=1),move-1)","p3(0, 'x', 0)",3,0,10,none<=10,none<=10,none<=10,none<=10
27,"(skip(v=0),move+1)","(skip(v=1),move-1)","p3(0, 'x', 0)",3,1,10,none<=10,none<=10,none<=10,none<=10
27,"(skip(v=0),move+1)","(skip(v=1),move-1)","p3(0, 'x', 0)",3,2,10,none<=10,none<=10,none<=10,none<=10
27,"(skip(v=0),move+1)","(skip(v=1),move-1)","p3(0, 0, 'x')",3,0,10,none<=10,none<=10,none<=10,none<=10
27,"(skip(v=0),move+1)","(skip(v=1),move-1)","p3(0, 0, 'x')",3,1,10,none<=10,none<=10,none<=10,none<=10
27,"(skip(v=0),move+1)","(skip(v=1),move-1)","p3(0, 0, 'x')",3,2,10,none<=10,none<=10,none<=10,none<=10
27,"(skip(v=0),move+1)","(skip(v=1),move-1)","p3('x', 1, 1)",3,0,10,none<=10,none<=10,none<=10,none<=10
27,"(skip(v=0),move+1)","(skip(v=1),move-1)","p3('x', 1, 1)",3,1,10,none<=10,none<=10,none<=10,none<=10
27,"(skip(v=0),move+1)","(skip(v=1),move-1)","p3('x', 1, 1)",3,2,10,none<=10,none<=10,none<=10,none<=10
27,"(skip(v=0),move+1)","(skip(v=1),move-1)","p3(1, 'x', 1)",3,0,10,none<=10,none<=10,none<=10,none<=10
27,"(skip(v=0),move+1)","(skip(v=1),move-1)","p3(1, 'x', 1)",3,1,10,none<=10,none<=10,none<=10,none<=10
27,"(skip(v=0),move+1)","(skip(v=1),move-1)","p3(1, 'x', 1)",3,2,10,none<=10,none<=10,none<=10,none<=10
27,"(skip(v=0),move+1)","(skip(v=1),move-1)","p3(1, 1, 'x')",3,0,10,none<=10,none<=10,none<=10,none<=10
27,"(skip(v=0),move+1)","(skip(v=1),move-1)","p3(1, 1, 'x')",3,1,10,none<=10,none<=10,none<=10,none<=10
27,"(skip(v=0),move+1)","(skip(v=1),move-1)","p3(1, 1, 'x')",3,2,10,none<=10,none<=10,none<=10,none<=10
28,"(skip(v=0),move+1)","(move-1,skip(v=1))",none,1,0,10,none<=10,none<=10,none<=10,none<=10
28,"(skip(v=0),move+1)","(move-1,skip(v=1))","(x,xbar)",2,0,10,none<=10,none<=10,none<=10,none<=10
28,"(skip(v=0),move+1)","(move-1,skip(v=1))","(x,xbar)",2,1,10,none<=10,none<=10,none<=10,none<=10
28,"(skip(v=0),move+1)","(move-1,skip(v=1))","(xbar,x)",2,0,10,none<=10,none<=10,none<=10,none<=10
28,"(skip(v=0),move+1)","(move-1,skip(v=1))","(xbar,x)",2,1,10,none<=10,none<=10,none<=10,none<=10
28,"(skip(v=0),move+1)","(move-1,skip(v=1))","(x,1)",2,0,10,none<=10,none<=10,none<=10,none<=10
28,"(skip(v=0),move+1)","(move-1,skip(v=1))","(x,1)",2,1,10,none<=10,none<=10,none<=10,none<=10
28,"(skip(v=0),move+1)","(move-1,skip(v=1))","(1,x)",2,0,10,none<=10,none<=10,none<=10,none<=10
28,"(skip(v=0),move+1)","(move-1,skip(v=1))","(1,x)",2,1,10,none<=10,none<=10,none<=10,none<=10
28,"(skip(v=0),move+1)","(move-1,skip(v=1))","(x,0)",2,0,10,none<=10,none<=10,none<=10,none<=10
28,"(skip(v=0),move+1)","(move-1,skip(v=1))","(x,0)",2,1,10,none<=10,none<=10,none<=10,none<=10
28,"(skip(v=0),move+1)","(move-1,skip(v=1))","(0,x)",2,0,10,none<=10,none<=10,none<=10,none<=10
28,"(skip(v=0),move+1)","(move-1,skip(v=1))","(0,x)",2,1,10,none<=10,none<=10,none<=10,none<=10
28,"(skip(v=0),move+1)","(move-1,skip(v=1))","p3('x', 0, 1)",3,0,10,none<=10,none<=10,none<=10,none<=10
28,"(skip(v=0),move+1)","(move-1,skip(v=1))","p3('x', 0, 1)",3,1,10,none<=10,none<=10,none<=10,none<=10
28,"(skip(v=0),move+1)","(move-1,skip(v=1))","p3('x', 0, 1)",3,2,10,none<=10,none<=10,none<=10,none<=10
28,"(skip(v=0),move+1)","(move-1,skip(v=1))","p3(1, 'x', 0)",3,0,10,none<=10,none<=10,none<=10,none<=10
28,"(skip(v=0),move+1)","(move-1,skip(v=1))","p3(1, 'x', 0)",3,1,10,none<=10,none<=10,none<=10,none<=10
28,"(skip(v=0),move+1)","(move-1,skip(v=1))","p3(1, 'x', 0)",3,2,10,none<=10,none<=10,none<=10,none<=10
28,"(skip(v=0),move+1)","(move-1,skip(v=1))","p3(0, 1, 'x')",3,0,10,none<=10,none<=10,none<=10,none<=10
28,"(skip(v=0),move+1)","(move-1,skip(v=1))","p3(0, 1, 'x')",3,1,10,none<=10,none<=10,none<=10,none<=10
28,"(skip(v=0),move+1)","(move-1,skip(v=1))","p3(0, 1, 'x')",3,2,10,none<=10,none<=10,none<=10,none<=10
28,"(skip(v=0),move+1)","(move-1,skip(v=1))","p3('x', 1, 0)",3,0,10,none<=10,none<=10,none<=10,none<=10
28,"(skip(v=0),move+1)","(move-1,skip(v=1))","p3('x', 1, 0)",3,1,10,none<=10,none<=10,none<=10,none<=10
28,"(skip(v=0),move+1)","(move-1,skip(v=1))","p3('x', 1, 0)",3,2,10,none<=10,none<=10,none<=10,none<=10
28,"(skip(v=0),move+1)","(move-1,skip(v=1))","p3(0, 'x', 1)",3,0,10,none<=10,none<=10,none<=10,none<=10
28,"(skip(v=0),move+1)","(move-1,skip(v=1))","p3(0, 'x', 1)",3,1,10,none<=10,none<=10,none<=10,none<=10
28,"(skip(v=0),move+1)","(move-1,skip(v=1))","p3(0, 'x', 1)",3,2,10,none<=10,none<=10,none<=10,none<=10
28,"(skip(v=0),move+1)","(move-1,skip(v=1))","p3(1, 0, 'x')",3,0,10,none<=10,none<=10,none<=10,none<=10
28,"(skip(v=0),move+1)","(move-1,skip(v=1))","p3(1, 0, 'x')",3,1,10,none<=10,none<=10,none<=10,none<=10
28,"(skip(v=0),move+1)","(move-1,skip(v=1))","p3(1, 0, 'x')",3,2,10,none<=10,none<=10,none<=10,none<=10
28,"(skip(v=0),move+1)","(move-1,skip(v=1))","p3('x', 0, 0)",3,0,10,none<=10,none<=10,none<=10,none<=10
28,"(skip(v=0),move+1)","(move-1,skip(v=1))","p3('x', 0, 0)",3,1,10,none<=10,none<=10,none<=10,none<=10
28,"(skip(v=0),move+1)","(move-1,skip(v=1))","p3('x', 0, 0)",3,2,10,none<=10,none<=10,none<=10,none<=10
28,"(skip(v=0),move+1)","(move-1,skip(v=1))","p3(0, 'x', 0)",3,0,10,none<=10,none<=10,none<=10,none<=10
28,"(skip(v=0),move+1)","(move-1,skip(v=1))","p3(0, 'x', 0)",3,1,10,none<=10,none<=10,none<=10,none<=10
28,"(skip(v=0),move+1)","(move-1,skip(v=1))","p3(0, 'x', 0)",3,2,10,none<=10,none<=10,none<=10,none<=10
28,"(skip(v=0),move+1)","(move-1,skip(v=1))","p3(0, 0, 'x')",3,0,10,none<=10,none<=10,none<=10,none<=10
28,"(skip(v=0),move+1)","(move-1,skip(v=1))","p3(0, 0, 'x')",3,1,10,none<=10,none<=10,none<=10,none<=10
28,"(skip(v=0),move+1)","(move-1,skip(v=1))","p3(0, 0, 'x')",3,2,10,none<=10,none<=10,none<=10,none<=10
28,"(skip(v=0),move+1)","(move-1,skip(v=1))","p3('x', 1, 1)",3,0,10,none<=10,none<=10,none<=10,none<=10
28,"(skip(v=0),move+1)","(move-1,skip(v=1))","p3('x', 1, 1)",3,1,10,none<=10,none<=10,none<=10,none<=10
28,"(skip(v=0),move+1)","(move-1,skip(v=1))","p3('x', 1, 1)",3,2,10,none<=10,none<=10,none<=10,none<=10
28,"(skip(v=0),move+1)","(move-1,skip(v=1))","p3(1, 'x', 1)",3,0,10,none<=10,none<=10,none<=10,none<=10
28,"(skip(v=0),move+1)","(move-1,skip(v=1))","p3(1, 'x', 1)",3,1,10,none<=10,none<=10,none<=10,none<=10
28,"(skip(v=0),move+1)","(move-1,skip(v=1))","p3(1, 'x', 1)",3,2,10,none<=10,none<=10,none<=10,none<=10
28,"(skip(v=0),move+1)","(move-1,skip(v=1))","p3(1, 1, 'x')",3,0,10,none<=10,none<=10,none<=10,none<=10
28,"(skip(v=0),move+1)","(move-1,skip(v=1))","p3(1, 1, 'x')",3,1,10,none<=10,none<=10,none<=10,none<=10
28,"(skip(v=0),move+1)","(move-1,skip(v=1))","p3(1, 1, 'x')",3,2,10,none<=10,none<=10,none<=10,none<=10
29,"(skip(v=0),move+1)",(move-1(iff=0)),none,1,0,10,none<=10,none<=10,none<=10,none<=10
29,"(skip(v=0),move+1)",(move-1(iff=0)),"(x,xbar)",2,0,10,none<=10,none<=10,none<=10,none<=10
29,"(skip(v=0),move+1)",(move-1(iff=0)),"(x,xbar)",2,1,10,none<=10,none<=10,none<=10,none<=10
29,"(skip(v=0),move+1)",(move-1(iff=0)),"(xbar,x)",2,0,10,none<=10,none<=10,none<=10,none<=10
29,"(skip(v=0),move+1)",(move-1(iff=0)),"(xbar,x)",2,1,10,none<=10,none<=10,none<=10,none<=10
29,"(skip(v=0),move+1)",(move-1(iff=0)),"(x,1)",2,0,10,none<=10,none<=10,none<=10,none<=10
29,"(skip(v=0),move+1)",(move-1(iff=0)),"(x,1)",2,1,10,none<=10,none<=10,none<=10,none<=10
29,"(skip(v=0),move+1)",(move-1(iff=0)),"(1,x)",2,0,10,none<=10,none<=10,none<=10,none<=10
29,"(skip(v=0),move+1)",(move-1(iff=0)),"(1,x)",2,1,10,none<=10,none<=10,none<=10,none<=10
29,"(skip(v=0),move+1)",(move-1(iff=0)),"(x,0)",2,0,10,none<=10,none<=10,none<=10,none<=10
29,"(skip(v=0),move+1)",(move-1(iff=0)),"(x,0)",2,1,10,none<=10,none<=10,none<=10,none<=10
29,"(skip(v=0),move+1)",(move-1(iff=0)),"(0,x)",2,0,10,none<=10,none<=10,none<=10,none<=10
29,"(skip(v=0),move+1)",(move-1(iff=0)),"(0,x)",2,1,10,none<=10,none<=10,none<=10,none<=10
29,"(skip(v=0),move+1)",(move-1(iff=0)),"p3('x', 0, 1)",3,0,10,none<=10,none<=10,none<=10,none<=10
29,"(skip(v=0),move+1)",(move-1(iff=0)),"p3('x', 0, 1)",3,1,10,none<=10,none<=10,none<=10,none<=10
29,"(skip(v=0),move+1)",(move-1(iff=0)),"p3('x', 0, 1)",3,2,10,none<=10,none<=10,none<=10,none<=10
29,"(skip(v=0),move+1)",(move-1(iff=0)),"p3(1, 'x', 0)",3,0,10,none<=10,none<=10,none<=10,none<=10
29,"(skip(v=0),move+1)",(move-1(iff=0)),"p3(1, 'x', 0)",3,1,10,none<=10,none<=10,none<=10,none<=10
29,"(skip(v=0),move+1)",(move-1(iff=0)),"p3(1, 'x', 0)",3,2,10,none<=10,none<=10,none<=10,none<=10
29,"(skip(v=0),move+1)",(move-1(iff=0)),"p3(0, 1, 'x')",3,0,10,none<=10,none<=10,none<=10,none<=10
29,"(skip(v=0),move+1)",(move-1(iff=0)),"p3(0, 1, 'x')",3,1,10,none<=10,none<=10,none<=10,none<=10
29,"(skip(v=0),move+1)",(move-1(iff=0)),"p3(0, 1, 'x')",3,2,10,none<=10,none<=10,none<=10,none<=10
29,"(skip(v=0),move+1)",(move-1(iff=0)),"p3('x', 1, 0)",3,0,10,none<=10,none<=10,none<=10,none<=10
29,"(skip(v=0),move+1)",(move-1(iff=0)),"p3('x', 1, 0)",3,1,10,none<=10,AABAB(5),none<=10,none<=10
29,"(skip(v=0),move+1)",(move-1(iff=0)),"p3('x', 1, 0)",3,2,10,none<=10,ABABA(5),none<=10,none<=10
29,"(skip(v=0),move+1)",(move-1(iff=0)),"p3(0, 'x', 1)",3,0,10,none<=10,ABABA(5),none<=10,none<=10
29,"(skip(v=0),move+1)",(move-1(iff=0)),"p3(0, 'x', 1)",3,1,10,none<=10,none<=10,none<=10,none<=10
29,"(skip(v=0),move+1)",(move-1(iff=0)),"p3(0, 'x', 1)",3,2,10,none<=10,AABAB(5),none<=10,none<=10
29,"(skip(v=0),move+1)",(move-1(iff=0)),"p3(1, 0, 'x')",3,0,10,none<=10,AABAB(5),none<=10,none<=10
29,"(skip(v=0),move+1)",(move-1(iff=0)),"p3(1, 0, 'x')",3,1,10,none<=10,ABABA(5),none<=10,none<=10
29,"(skip(v=0),move+1)",(move-1(iff=0)),"p3(1, 0, 'x')",3,2,10,none<=10,none<=10,none<=10,none<=10
29,"(skip(v=0),move+1)",(move-1(iff=0)),"p3('x', 0, 0)",3,0,10,none<=10,none<=10,none<=10,none<=10
29,"(skip(v=0),move+1)",(move-1(iff=0)),"p3('x', 0, 0)",3,1,10,none<=10,none<=10,none<=10,none<=10
29,"(skip(v=0),move+1)",(move-1(iff=0)),"p3('x', 0, 0)",3,2,10,none<=10,none<=10,none<=10,none<=10
29,"(skip(v=0),move+1)",(move-1(iff=0)),"p3(0, 'x', 0)",3,0,10,none<=10,none<=10,none<=10,none<=10
29,"(skip(v=0),move+1)",(move-1(iff=0)),"p3(0, 'x', 0)",3,1,10,none<=10,none<=10,none<=10,none<=10
29,"(skip(v=0),move+1)",(move-1(iff=0)),"p3(0, 'x', 0)",3,2,10,none<=10,none<=10,none<=10,none<=10
29,"(skip(v=0),move+1)",(move-1(iff=0)),"p3(0, 0, 'x')",3,0,10,none<=10,none<=10,none<=10,none<=10
29,"(skip(v=0),move+1)",(move-1(iff=0)),"p3(0, 0, 'x')",3,1,10,none<=10,none<=10,none<=10,none<=10
29,"(skip(v=0),move+1)",(move-1(iff=0)),"p3(0, 0, 'x')",3,2,10,none<=10,none<=10,none<=10,none<=10
29,"(skip(v=0),move+1)",(move-1(iff=0)),"p3('x', 1, 1)",3,0,10,none<=10,none<=10,none<=10,none<=10
29,"(skip(v=0),move+1)",(move-1(iff=0)),"p3('x', 1, 1)",3,1,10,none<=10,none<=10,none<=10,none<=10
29,"(skip(v=0),move+1)",(move-1(iff=0)),"p3('x', 1, 1)",3,2,10,none<=10,none<=10,none<=10,none<=10
29,"(skip(v=0),move+1)",(move-1(iff=0)),"p3(1, 'x', 1)",3,0,10,none<=10,none<=10,none<=10,none<=10
29,"(skip(v=0),move+1)",(move-1(iff=0)),"p3(1, 'x', 1)",3,1,10,none<=10,none<=10,none<=10,none<=10
29,"(skip(v=0),move+1)",(move-1(iff=0)),"p3(1, 'x', 1)",3,2,10,none<=10,none<=10,none<=10,none<=10
29,"(skip(v=0),move+1)",(move-1(iff=0)),"p3(1, 1, 'x')",3,0,10,none<=10,none<=10,none<=10,none<=10
29,"(skip(v=0),move+1)",(move-1(iff=0)),"p3(1, 1, 'x')",3,1,10,none<=10,none<=10,none<=10,none<=10
29,"(skip(v=0),move+1)",(move-1(iff=0)),"p3(1, 1, 'x')",3,2,10,none<=10,none<=10,none<=10,none<=10
30,"(skip(v=0),move+1)","(skip(v=0),move-1(iff=0))",none,1,0,10,none<=10,none<=10,none<=10,none<=10
30,"(skip(v=0),move+1)","(skip(v=0),move-1(iff=0))","(x,xbar)",2,0,10,none<=10,none<=10,none<=10,none<=10
30,"(skip(v=0),move+1)","(skip(v=0),move-1(iff=0))","(x,xbar)",2,1,10,none<=10,none<=10,none<=10,none<=10
30,"(skip(v=0),move+1)","(skip(v=0),move-1(iff=0))","(xbar,x)",2,0,10,none<=10,none<=10,none<=10,none<=10
30,"(skip(v=0),move+1)","(skip(v=0),move-1(iff=0))","(xbar,x)",2,1,10,none<=10,none<=10,none<=10,none<=10
30,"(skip(v=0),move+1)","(skip(v=0),move-1(iff=0))","(x,1)",2,0,10,none<=10,none<=10,none<=10,none<=10
30,"(skip(v=0),move+1)","(skip(v=0),move-1(iff=0))","(x,1)",2,1,10,none<=10,none<=10,none<=10,none<=10
30,"(skip(v=0),move+1)","(skip(v=0),move-1(iff=0))","(1,x)",2,0,10,none<=10,none<=10,none<=10,none<=10
30,"(skip(v=0),move+1)","(skip(v=0),move-1(iff=0))","(1,x)",2,1,10,none<=10,none<=10,none<=10,none<=10
30,"(skip(v=0),move+1)","(skip(v=0),move-1(iff=0))","(x,0)",2,0,10,none<=10,none<=10,none<=10,none<=10
30,"(skip(v=0),move+1)","(skip(v=0),move-1(iff=0))","(x,0)",2,1,10,none<=10,none<=10,none<=10,none<=10
30,"(skip(v=0),move+1)","(skip(v=0),move-1(iff=0))","(0,x)",2,0,10,none<=10,none<=10,none<=10,none<=10
30,"(skip(v=0),move+1)","(skip(v=0),move-1(iff=0))","(0,x)",2,1,10,none<=10,none<=10,none<=10,none<=10
30,"(skip(v=0),move+1)","(skip(v=0),move-1(iff=0))","p3('x', 0, 1)",3,0,10,none<=10,none<=10,none<=10,none<=10
30,"(skip(v=0),move+1)","(skip(v=0),move-1(iff=0))","p3('x', 0, 1)",3,1,10,none<=10,none<=10,none<=10,none<=10
30,"(skip(v=0),move+1)","(skip(v=0),move-1(iff=0))","p3('x', 0, 1)",3,2,10,none<=10,none<=10,none<=10,none<=10
30,"(skip(v=0),move+1)","(skip(v=0),move-1(iff=0))","p3(1, 'x', 0)",3,0,10,none<=10,none<=10,none<=10,none<=10
30,"(skip(v=0),move+1)","(skip(v=0),move-1(iff=0))","p3(1, 'x', 0)",3,1,10,none<=10,none<=10,none<=10,none<=10
30,"(skip(v=0),move+1)","(skip(v=0),move-1(iff=0))","p3(1, 'x', 0)",3,2,10,none<=10,none<=10,none<=10,none<=10
30,"(skip(v=0),move+1)","(skip(v=0),move-1(iff=0))","p3(0, 1, 'x')",3,0,10,none<=10,none<=10,none<=10,none<=10
30,"(skip(v=0),move+1)","(skip(v=0),move-1(iff=0))","p3(0, 1, 'x')",3,1,10,none<=10,none<=10,none<=10,none<=10
30,"(skip(v=0),move+1)","(skip(v=0),move-1(iff=0))","p3(0, 1, 'x')",3,2,10,none<=10,none<=10,none<=10,none<=10
30,"(skip(v=0),move+1)","(skip(v=0),move-1(iff=0))","p3('x', 1, 0)",3,0,10,none<=10,none<=10,none<=10,none<=10
30,"(skip(v=0),move+1)","(skip(v=0),move-1(iff=0))","p3('x', 1, 0)",3,1,10,none<=10,AABAB(5),none<=10,none<=10
30,"(skip(v=0),move+1)","(skip(v=0),move-1(iff=0))","p3('x', 1, 0)",3,2,10,none<=10,ABABA(5),none<=10,none<=10
30,"(skip(v=0),move+1)","(skip(v=0),move-1(iff=0))","p3(0, 'x', 1)",3,0,10,none<=10,ABABA(5),none<=10,none<=10
30,"(skip(v=0),move+1)","(skip(v=0),move-1(iff=0))","p3(0, 'x', 1)",3,1,10,none<=10,none<=10,none<=10,none<=10
30,"(skip(v=0),move+1)","(skip(v=0),move-1(iff=0))","p3(0, 'x', 1)",3,2,10,none<=10,AABAB(5),none<=10,none<=10
30,"(skip(v=0),move+1)","(skip(v=0),move-1(iff=0))","p3(1, 0, 'x')",3,0,10,none<=10,AABAB(5),none<=10,none<=10
30,"(skip(v=0),move+1)","(skip(v=0),move-1(iff=0))","p3(1, 0, 'x')",3,1,10,none<=10,ABABA(5),none<=10,none<=10
30,"(skip(v=0),move+1)","(skip(v=0),move-1(iff=0))","p3(1, 0, 'x')",3,2,10,none<=10,none<=10,none<=10,none<=10
30,"(skip(v=0),move+1)","(skip(v=0),move-1(iff=0))","p3('x', 0, 0)",3,0,10,none<=10,none<=10,none<=10,none<=10
30,"(skip(v=0),move+1)","(skip(v=0),move-1(iff=0))","p3('x', 0, 0)",3,1,10,none<=10,none<=10,none<=10,none<=10
30,"(skip(v=0),move+1)","(skip(v=0),move-1(iff=0))","p3('x', 0, 0)",3,2,10,none<=10,none<=10,none<=10,none<=10
30,"(skip(v=0),move+1)","(skip(v=0),move-1(iff=0))","p3(0, 'x', 0)",3,0,10,none<=10,none<=10,none<=10,none<=10
30,"(skip(v=0),move+1)","(skip(v=0),move-1(iff=0))","p3(0, 'x', 0)",3,1,10,none<=10,none<=10,none<=10,none<=10
30,"(skip(v=0),move+1)","(skip(v=0),move-1(iff=0))","p3(0, 'x', 0)",3,2,10,none<=10,none<=10,none<=10,none<=10
30,"(skip(v=0),move+1)","(skip(v=0),move-1(iff=0))","p3(0, 0, 'x')",3,0,10,none<=10,none<=10,none<=10,none<=10
30,"(skip(v=0),move+1)","(skip(v=0),move-1(iff=0))","p3(0, 0, 'x')",3,1,10,none<=10,none<=10,none<=10,none<=10
30,"(skip(v=0),move+1)","(skip(v=0),move-1(iff=0))","p3(0, 0, 'x')",3,2,10,none<=10,none<=10,none<=10,none<=10
30,"(skip(v=0),move+1)","(skip(v=0),move-1(iff=0))","p3('x', 1, 1)",3,0,10,none<=10,none<=10,none<=10,none<=10
30,"(skip(v=0),move+1)","(skip(v=0),move-1(iff=0))","p3('x', 1, 1)",3,1,10,none<=10,none<=10,none<=10,none<=10
30,"(skip(v=0),move+1)","(skip(v=0),move-1(iff=0))","p3('x', 1, 1)",3,2,10,none<=10,none<=10,none<=10,none<=10
30,"(skip(v=0),move+1)","(skip(v=0),move-1(iff=0))","p3(1, 'x', 1)",3,0,10,none<=10,none<=10,none<=10,none<=10
30,"(skip(v=0),move+1)","(skip(v=0),move-1(iff=0))","p3(1, 'x', 1)",3,1,10,none<=10,none<=10,none<=10,none<=10
30,"(skip(v=0),move+1)","(skip(v=0),move-1(iff=0))","p3(1, 'x', 1)",3,2,10,none<=10,none<=10,none<=10,none<=10
30,"(skip(v=0),move+1)","(skip(v=0),move-1(iff=0))","p3(1, 1, 'x')",3,0,10,none<=10,none<=10,none<=10,none<=10
30,"(skip(v=0),move+1)","(skip(v=0),move-1(iff=0))","p3(1, 1, 'x')",3,1,10,none<=10,none<=10,none<=10,none<=10
30,"(skip(v=0),move+1)","(skip(v=0),move-1(iff=0))","p3(1, 1, 'x')",3,2,10,none<=10,none<=10,none<=10,none<=10
31,"(skip(v=0),move+1)","(move-1(iff=0),skip(v=0))",none,1,0,10,none<=10,none<=10,none<=10,none<=10
31,"(skip(v=0),move+1)","(move-1(iff=0),skip(v=0))","(x,xbar)",2,0,10,none<=10,none<=10,none<=10,none<=10
31,"(skip(v=0),move+1)","(move-1(iff=0),skip(v=0))","(x,xbar)",2,1,10,none<=10,none<=10,none<=10,none<=10
31,"(skip(v=0),move+1)","(move-1(iff=0),skip(v=0))","(xbar,x)",2,0,10,none<=10,none<=10,none<=10,none<=10
31,"(skip(v=0),move+1)","(move-1(iff=0),skip(v=0))","(xbar,x)",2,1,10,none<=10,none<=10,none<=10,none<=10
31,"(skip(v=0),move+1)","(move-1(iff=0),skip(v=0))","(x,1)",2,0,10,none<=10,none<=10,none<=10,none<=10
31,"(skip(v=0),move+1)","(move-1(iff=0),skip(v=0))","(x,1)",2,1,10,none<=10,none<=10,none<=10,none<=10
31,"(skip(v=0),move+1)","(move-1(iff=0),skip(v=0))","(1,x)",2,0,10,none<=10,none<=10,none<=10,none<=10
31,"(skip(v=0),move+1)","(move-1(iff=0),skip(v=0))","(1,x)",2,1,10,none<=10,none<=10,none<=10,none<=10
31,"(skip(v=0),move+1)","(move-1(iff=0),skip(v=0))","(x,0)",2,0,10,none<=10,none<=10,none<=10,none<=10
31,"(skip(v=0),move+1)","(move-1(iff=0),skip(v=0))","(x,0)",2,1,10,none<=10,none<=10,none<=10,none<=10
31,"(skip(v=0),move+1)","(move-1(iff=0),skip(v=0))","(0,x)",2,0,10,none<=10,none<=10,none<=10,none<=10
31,"(skip(v=0),move+1)","(move-1(iff=0),skip(v=0))","(0,x)",2,1,10,none<=10,none<=10,none<=10,none<=10
31,"(skip(v=0),move+1)","(move-1(iff=0),skip(v=0))","p3('x', 0, 1)",3,0,10,none<=10,none<=10,none<=10,none<=10
31,"(skip(v=0),move+1)","(move-1(iff=0),skip(v=0))","p3('x', 0, 1)",3,1,10,none<=10,none<=10,none<=10,none<=10
31,"(skip(v=0),move+1)","(move-1(iff=0),skip(v=0))","p3('x', 0, 1)",3,2,10,none<=10,none<=10,none<=10,none<=10
31,"(skip(v=0),move+1)","(move-1(iff=0),skip(v=0))","p3(1, 'x', 0)",3,0,10,none<=10,none<=10,none<=10,none<=10
31,"(skip(v=0),move+1)","(move-1(iff=0),skip(v=0))","p3(1, 'x', 0)",3,1,10,none<=10,none<=10,none<=10,none<=10
31,"(skip(v=0),move+1)","(move-1(iff=0),skip(v=0))","p3(1, 'x', 0)",3,2,10,none<=10,none<=10,none<=10,none<=10
31,"(skip(v=0),move+1)","(move-1(iff=0),skip(v=0))","p3(0, 1, 'x')",3,0,10,none<=10,none<=10,none<=10,none<=10
31,"(skip(v=0),move+1)","(move-1(iff=0),skip(v=0))","p3(0, 1, 'x')",3,1,10,none<=10,none<=10,none<=10,none<=10
31,"(skip(v=0),move+1)","(move-1(iff=0),skip(v=0))","p3(0, 1, 'x')",3,2,10,none<=10,none<=10,none<=10,none<=10
31,"(skip(v=0),move+1)","(move-1(iff=0),skip(v=0))","p3('x', 1, 0)",3,0,10,none<=10,none<=10,none<=10,none<=10
31,"(skip(v=0),move+1)","(move-1(iff=0),skip(v=0))","p3('x', 1, 0)",3,1,10,none<=10,AABAB(5),none<=10,none<=10
31,"(skip(v=0),move+1)","(move-1(iff=0),skip(v=0))","p3('x', 1, 0)",3,2,10,none<=10,ABABA(5),none<=10,none<=10
31,"(skip(v=0),move+1)","(move-1(iff=0),skip(v=0))","p3(0, 'x', 1)",3,0,10,none<=10,ABABA(5),none<=10,none<=10
31,"(skip(v=0),move+1)","(move-1(iff=0),skip(v=0))","p3(0, 'x', 1)",3,1,10,none<=10,none<=10,none<=10,none<=10
31,"(skip(v=0),move+1)","(move-1(iff=0),skip(v=0))","p3(0, 'x', 1)",3,2,10,none<=10,AABAB(5),none<=10,none<=10
31,"(skip(v=0),move+1)","(move-1(iff=0),skip(v=0))","p3(1, 0, 'x')",3,0,10,none<=10,AABAB(5),none<=10,none<=10
31,"(skip(v=0),move+1)","(move-1(iff=0),skip(v=0))","p3(1, 0, 'x')",3,1,10,none<=10,ABABA(5),none<=10,none<=10
31,"(skip(v=0),move+1)","(move-1(iff=0),skip(v=0))","p3(1, 0, 'x')",3,2,10,none<=10,none<=10,none<=10,none<=10
31,"(skip(v=0),move+1)","(move-1(iff=0),skip(v=0))","p3('x', 0, 0)",3,0,10,none<=10,none<=10,none<=10,none<=10
31,"(skip(v=0),move+1)","(move-1(iff=0),skip(v=0))","p3('x', 0, 0)",3,1,10,none<=10,none<=10,none<=10,none<=10
31,"(skip(v=0),move+1)","(move-1(iff=0),skip(v=0))","p3('x', 0, 0)",3,2,10,none<=10,none<=10,none<=10,none<=10
31,"(skip(v=0),move+1)","(move-1(iff=0),skip(v=0))","p3(0, 'x', 0)",3,0,10,none<=10,none<=10,none<=10,none<=10
31,"(skip(v=0),move+1)","(move-1(iff=0),skip(v=0))","p3(0, 'x', 0)",3,1,10,none<=10,none<=10,none<=10,none<=10
31,"(skip(v=0),move+1)","(move-1(iff=0),skip(v=0))","p3(0, 'x', 0)",3,2,10,none<=10,none<=10,none<=10,none<=10
31,"(skip(v=0),move+1)","(move-1(iff=0),skip(v=0))","p3(0, 0, 'x')",3,0,10,none<=10,none<=10,none<=10,none<=10
31,"(skip(v=0),move+1)","(move-1(iff=0),skip(v=0))","p3(0, 0, 'x')",3,1,10,none<=10,none<=10,none<=10,none<=10
31,"(skip(v=0),move+1)","(move-1(iff=0),skip(v=0))","p3(0, 0, 'x')",3,2,10,none<=10,none<=10,none<=10,none<=10
31,"(skip(v=0),move+1)","(move-1(iff=0),skip(v=0))","p3('x', 1, 1)",3,0,10,none<=10,none<=10,none<=10,none<=10
31,"(skip(v=0),move+1)","(move-1(iff=0),skip(v=0))","p3('x', 1, 1)",3,1,10,none<=10,none<=10,none<=10,none<=10
31,"(skip(v=0),move+1)","(move-1(iff=0),skip(v=0))","p3('x', 1, 1)",3,2,10,none<=10,none<=10,none<=10,none<=10
31,"(skip(v=0),move+1)","(move-1(iff=0),skip(v=0))","p3(1, 'x', 1)",3,0,10,none<=10,none<=10,none<=10,none<=10
31,"(skip(v=0),move+1)","(move-1(iff=0),skip(v=0))","p3(1, 'x', 1)",3,1,10,none<=10,none<=10,none<=10,none<=10
31,"(skip(v=0),move+1)","(move-1(iff=0),skip(v=0))","p3(1, 'x', 1)",3,2,10,none<=10,none<=10,none<=10,none<=10
31,"(skip(v=0),move+1)","(move-1(iff=0),skip(v=0))","p3(1, 1, 'x')",3,0,10,none<=10,none<=10,none<=10,none<=10
31,"(skip(v=0),move+1)","(move-1(iff=0),skip(v=0))","p3(1, 1, 'x')",3,1,10,none<=10,none<=10,none<=10,none<=10
31,"(skip(v=0),move+1)","(move-1(iff=0),skip(v=0))","p3(1, 1, 'x')",3,2,10,none<=10,none<=10,none<=10,none<=10
32,"(skip(v=0),move+1)","(move-1(iff=0),skip(v=1))",none,1,0,10,none<=10,none<=10,none<=10,none<=10
32,"(skip(v=0),move+1)","(move-1(iff=0),skip(v=1))","(x,xbar)",2,0,10,none<=10,none<=10,none<=10,none<=10
32,"(skip(v=0),move+1)","(move-1(iff=0),skip(v=1))","(x,xbar)",2,1,10,none<=10,none<=10,none<=10,none<=10
32,"(skip(v=0),move+1)","(move-1(iff=0),skip(v=1))","(xbar,x)",2,0,10,none<=10,none<=10,none<=10,none<=10
32,"(skip(v=0),move+1)","(move-1(iff=0),skip(v=1))","(xbar,x)",2,1,10,none<=10,none<=10,none<=10,none<=10
32,"(skip(v=0),move+1)","(move-1(iff=0),skip(v=1))","(x,1)",2,0,10,none<=10,none<=10,none<=10,none<=10
32,"(skip(v=0),move+1)","(move-1(iff=0),skip(v=1))","(x,1)",2,1,10,none<=10,none<=10,none<=10,none<=10
32,"(skip(v=0),move+1)","(move-1(iff=0),skip(v=1))","(1,x)",2,0,10,none<=10,none<=10,none<=10,none<=10
32,"(skip(v=0),move+1)","(move-1(iff=0),skip(v=1))","(1,x)",2,1,10,none<=10,none<=10,none<=10,none<=10
32,"(skip(v=0),move+1)","(move-1(iff=0),skip(v=1))","(x,0)",2,0,10,none<=10,none<=10,none<=10,none<=10
32,"(skip(v=0),move+1)","(move-1(iff=0),skip(v=1))","(x,0)",2,1,10,none<=10,ABBABAA(7),none<=10,none<=10
32,"(skip(v=0),move+1)","(move-1(iff=0),skip(v=1))","(0,x)",2,0,10,none<=10,ABBABAA(7),none<=10,none<=10
32,"(skip(v=0),move+1)","(move-1(iff=0),skip(v=1))","(0,x)",2,1,10,none<=10,none<=10,none<=10,none<=10
32,"(skip(v=0),move+1)","(move-1(iff=0),skip(v=1))","p3('x', 0, 1)",3,0,10,none<=10,none<=10,none<=10,none<=10
32,"(skip(v=0),move+1)","(move-1(iff=0),skip(v=1))","p3('x', 0, 1)",3,1,10,none<=10,none<=10,none<=10,none<=10
32,"(skip(v=0),move+1)","(move-1(iff=0),skip(v=1))","p3('x', 0, 1)",3,2,10,none<=10,none<=10,none<=10,none<=10
32,"(skip(v=0),move+1)","(move-1(iff=0),skip(v=1))","p3(1, 'x', 0)",3,0,10,none<=10,none<=10,none<=10,none<=10
32,"(skip(v=0),move+1)","(move-1(iff=0),skip(v=1))","p3(1, 'x', 0)",3,1,10,none<=10,none<=10,none<=10,none<=10
32,"(skip(v=0),move+1)","(move-1(iff=0),skip(v=1))","p3(1, 'x', 0)",3,2,10,none<=10,none<=10,none<=10,none<=10
32,"(skip(v=0),move+1)","(move-1(iff=0),skip(v=1))","p3(0, 1, 'x')",3,0,10,none<=10,none<=10,none<=10,none<=10
32,"(skip(v=0),move+1)","(move-1(iff=0),skip(v=1))","p3(0, 1, 'x')",3,1,10,none<=10,none<=10,none<=10,none<=10
32,"(skip(v=0),move+1)","(move-1(iff=0),skip(v=1))","p3(0, 1, 'x')",3,2,10,none<=10,none<=10,none<=10,none<=10
32,"(skip(v=0),move+1)","(move-1(iff=0),skip(v=1))","p3('x', 1, 0)",3,0,10,none<=10,none<=10,none<=10,none<=10
32,"(skip(v=0),move+1)","(move-1(iff=0),skip(v=1))","p3('x', 1, 0)",3,1,10,none<=10,AABAABA(7),none<=10,none<=10
32,"(skip(v=0),move+1)","(move-1(iff=0),skip(v=1))","p3('x', 1, 0)",3,2,10,none<=10,ABAABAA(7),none<=10,none<=10
32,"(skip(v=0),move+1)","(move-1(iff=0),skip(v=1))","p3(0, 'x', 1)",3,0,10,none<=10,ABAABAA(7),none<=10,none<=10
32,"(skip(v=0),move+1)","(move-1(iff=0),skip(v=1))","p3(0, 'x', 1)",3,1,10,none<=10,none<=10,none<=10,none<=10
32,"(skip(v=0),move+1)","(move-1(iff=0),skip(v=1))","p3(0, 'x', 1)",3,2,10,none<=10,AABBABAABA(10),none<=10,none<=10
32,"(skip(v=0),move+1)","(move-1(iff=0),skip(v=1))","p3(1, 0, 'x')",3,0,10,none<=10,AABAABA(7),none<=10,none<=10
32,"(skip(v=0),move+1)","(move-1(iff=0),skip(v=1))","p3(1, 0, 'x')",3,1,10,none<=10,ABAABAA(7),none<=10,none<=10
32,"(skip(v=0),move+1)","(move-1(iff=0),skip(v=1))","p3(1, 0, 'x')",3,2,10,none<=10,none<=10,none<=10,none<=10
32,"(skip(v=0),move+1)","(move-1(iff=0),skip(v=1))","p3('x', 0, 0)",3,0,10,none<=10,none<=10,none<=10,none<=10
32,"(skip(v=0),move+1)","(move-1(iff=0),skip(v=1))","p3('x', 0, 0)",3,1,10,none<=10,none<=10,none<=10,none<=10
32,"(skip(v=0),move+1)","(move-1(iff=0),skip(v=1))","p3('x', 0, 0)",3,2,10,none<=10,none<=10,none<=10,none<=10
32,"(skip(v=0),move+1)","(move-1(iff=0),skip(v=1))","p3(0, 'x', 0)",3,0,10,none<=10,none<=10,none<=10,none<=10
32,"(skip(v=0),move+1)","(move-1(iff=0),skip(v=1))","p3(0, 'x', 0)",3,1,10,none<=10,none<=10,none<=10,none<=10
32,"(skip(v=0),move+1)","(move-1(iff=0),skip(v=1))","p3(0, 'x', 0)",3,2,10,none<=10,none<=10,none<=10,none<=10
32,"(skip(v=0),move+1)","(move-1(iff=0),skip(v=1))","p3(0, 0, 'x')",3,0,10,none<=10,none<=10,none<=10,none<=10
32,"(skip(v=0),move+1)","(move-1(iff=0),skip(v=1))","p3(0, 0, 'x')",3,1,10,none<=10,none<=10,none<=10,none<=10
32,"(skip(v=0),move+1)","(move-1(iff=0),skip(v=1))","p3(0, 0, 'x')",3,2,10,none<=10,none<=10,none<=10,none<=10
32,"(skip(v=0),move+1)","(move-1(iff=0),skip(v=1))","p3('x', 1, 1)",3,0,10,none<=10,none<=10,none<=10,none<=10
32,"(skip(v=0),move+1)","(move-1(iff=0),skip(v=1))","p3('x', 1, 1)",3,1,10,none<=10,none<=10,none<=10,none<=10
32,"(skip(v=0),move+1)","(move-1(iff=0),skip(v=1))","p3('x', 1, 1)",3,2,10,none<=10,none<=10,none<=10,none<=10
32,"(skip(v=0),move+1)","(move-1(iff=0),skip(v=1))","p3(1, 'x', 1)",3,0,10,none<=10,none<=10,none<=10,none<=10
32,"(skip(v=0),move+1)","(move-1(iff=0),skip(v=1))","p3(1, 'x', 1)",3,1,10,none<=10,none<=10,none<=10,none<=10
32,"(skip(v=0),move+1)","(move-1(iff=0),skip(v=1))","p3(1, 'x', 1)",3,2,10,none<=10,none<=10,none<=10,none<=10
32,"(skip(v=0),move+1)","(move-1(iff=0),skip(v=1))","p3(1, 1, 'x')",3,0,10,none<=10,none<=10,none<=10,none<=10
32,"(skip(v=0),move+1)","(move-1(iff=0),skip(v=1))","p3(1, 1, 'x')",3,1,10,none<=10,none<=10,none<=10,none<=10
32,"(skip(v=0),move+1)","(move-1(iff=0),skip(v=1))","p3(1, 1, 'x')",3,2,10,none<=10,none<=10,none<=10,none<=10
33,"(skip(v=0),move+1)","(skip(v=1),move-1(iff=0))",none,1,0,10,none<=10,none<=10,none<=10,none<=10
33,"(skip(v=0),move+1)","(skip(v=1),move-1(iff=0))","(x,xbar)",2,0,10,none<=10,none<=10,none<=10,none<=10
33,"(skip(v=0),move+1)","(skip(v=1),move-1(iff=0))","(x,xbar)",2,1,10,none<=10,none<=10,none<=10,none<=10
33,"(skip(v=0),move+1)","(skip(v=1),move-1(iff=0))","(xbar,x)",2,0,10,none<=10,none<=10,none<=10,none<=10
33,"(skip(v=0),move+1)","(skip(v=1),move-1(iff=0))","(xbar,x)",2,1,10,none<=10,none<=10,none<=10,none<=10
33,"(skip(v=0),move+1)","(skip(v=1),move-1(iff=0))","(x,1)",2,0,10,none<=10,none<=10,none<=10,none<=10
33,"(skip(v=0),move+1)","(skip(v=1),move-1(iff=0))","(x,1)",2,1,10,none<=10,none<=10,none<=10,none<=10
33,"(skip(v=0),move+1)","(skip(v=1),move-1(iff=0))","(1,x)",2,0,10,none<=10,none<=10,none<=10,none<=10
33,"(skip(v=0),move+1)","(skip(v=1),move-1(iff=0))","(1,x)",2,1,10,none<=10,none<=10,none<=10,none<=10
33,"(skip(v=0),move+1)","(skip(v=1),move-1(iff=0))","(x,0)",2,0,10,none<=10,none<=10,none<=10,none<=10
33,"(skip(v=0),move+1)","(skip(v=1),move-1(iff=0))","(x,0)",2,1,10,none<=10,ABABBAA(7),none<=10,none<=10
33,"(skip(v=0),move+1)","(skip(v=1),move-1(iff=0))","(0,x)",2,0,10,none<=10,ABABBAA(7),none<=10,none<=10
33,"(skip(v=0),move+1)","(skip(v=1),move-1(iff=0))","(0,x)",2,1,10,none<=10,none<=10,none<=10,none<=10
33,"(skip(v=0),move+1)","(skip(v=1),move-1(iff=0))","p3('x', 0, 1)",3,0,10,none<=10,none<=10,none<=10,none<=10
33,"(skip(v=0),move+1)","(skip(v=1),move-1(iff=0))","p3('x', 0, 1)",3,1,10,none<=10,none<=10,none<=10,none<=10
33,"(skip(v=0),move+1)","(skip(v=1),move-1(iff=0))","p3('x', 0, 1)",3,2,10,none<=10,none<=10,none<=10,none<=10
33,"(skip(v=0),move+1)","(skip(v=1),move-1(iff=0))","p3(1, 'x', 0)",3,0,10,none<=10,none<=10,none<=10,none<=10
33,"(skip(v=0),move+1)","(skip(v=1),move-1(iff=0))","p3(1, 'x', 0)",3,1,10,none<=10,none<=10,none<=10,none<=10
33,"(skip(v=0),move+1)","(skip(v=1),move-1(iff=0))","p3(1, 'x', 0)",3,2,10,none<=10,none<=10,none<=10,none<=10
33,"(skip(v=0),move+1)","(skip(v=1),move-1(iff=0))","p3(0, 1, 'x')",3,0,10,none<=10,none<=10,none<=10,none<=10
33,"(skip(v=0),move+1)","(skip(v=1),move-1(iff=0))","p3(0, 1, 'x')",3,1,10,none<=10,none<=10,none<=10,none<=10
33,"(skip(v=0),move+1)","(skip(v=1),move-1(iff=0))","p3(0, 1, 'x')",3,2,10,none<=10,none<=10,none<=10,none<=10
33,"(skip(v=0),move+1)","(skip(v=1),move-1(iff=0))","p3('x', 1, 0)",3,0,10,none<=10,none<=10,none<=10,none<=10
33,"(skip(v=0),move+1)","(skip(v=1),move-1(iff=0))","p3('x', 1, 0)",3,1,10,none<=10,none<=10,none<=10,none<=10
33,"(skip(v=0),move+1)","(skip(v=1),move-1(iff=0))","p3('x', 1, 0)",3,2,10,none<=10,none<=10,none<=10,none<=10
33,"(skip(v=0),move+1)","(skip(v=1),move-1(iff=0))","p3(0, 'x', 1)",3,0,10,none<=10,none<=10,none<=10,none<=10
33,"(skip(v=0),move+1)","(skip(v=1),move-1(iff=0))","p3(0, 'x', 1)",3,1,10,none<=10,none<=10,none<=10,none<=10
33,"(skip(v=0),move+1)","(skip(v=1),move-1(iff=0))","p3(0, 'x', 1)",3,2,10,none<=10,none<=10,none<=10,none<=10
33,"(skip(v=0),move+1)","(skip(v=1),move-1(iff=0))","p3(1, 0, 'x')",3,0,10,none<=10,none<=10,none<=10,none<=10
33,"(skip(v=0),move+1)","(skip(v=1),move-1(iff=0))","p3(1, 0, 'x')",3,1,10,none<=10,none<=10,none<=10,none<=10
33,"(skip(v=0),move+1)","(skip(v=1),move-1(iff=0))","p3(1, 0, 'x')",3,2,10,none<=10,none<=10,none<=10,none<=10
33,"(skip(v=0),move+1)","(skip(v=1),move-1(iff=0))","p3('x', 0, 0)",3,0,10,none<=10,none<=10,none<=10,none<=10
33,"(skip(v=0),move+1)","(skip(v=1),move-1(iff=0))","p3('x', 0, 0)",3,1,10,none<=10,none<=10,none<=10,none<=10
33,"(skip(v=0),move+1)","(skip(v=1),move-1(iff=0))","p3('x', 0, 0)",3,2,10,none<=10,none<=10,none<=10,none<=10
33,"(skip(v=0),move+1)","(skip(v=1),move-1(iff=0))","p3(0, 'x', 0)",3,0,10,none<=10,none<=10,none<=10,none<=10
33,"(skip(v=0),move+1)","(skip(v=1),move-1(iff=0))","p3(0, 'x', 0)",3,1,10,none<=10,none<=10,none<=10,none<=10
33,"(skip(v=0),move+1)","(skip(v=1),move-1(iff=0))","p3(0, 'x', 0)",3,2,10,none<=10,none<=10,none<=10,none<=10
33,"(skip(v=0),move+1)","(skip(v=1),move-1(iff=0))","p3(0, 0, 'x')",3,0,10,none<=10,none<=10,none<=10,none<=10
33,"(skip(v=0),move+1)","(skip(v=1),move-1(iff=0))","p3(0, 0, 'x')",3,1,10,none<=10,none<=10,none<=10,none<=10
33,"(skip(v=0),move+1)","(skip(v=1),move-1(iff=0))","p3(0, 0, 'x')",3,2,10,none<=10,none<=10,none<=10,none<=10
33,"(skip(v=0),move+1)","(skip(v=1),move-1(iff=0))","p3('x', 1, 1)",3,0,10,none<=10,none<=10,none<=10,none<=10
33,"(skip(v=0),move+1)","(skip(v=1),move-1(iff=0))","p3('x', 1, 1)",3,1,10,none<=10,none<=10,none<=10,none<=10
33,"(skip(v=0),move+1)","(skip(v=1),move-1(iff=0))","p3('x', 1, 1)",3,2,10,none<=10,none<=10,none<=10,none<=10
33,"(skip(v=0),move+1)","(skip(v=1),move-1(iff=0))","p3(1, 'x', 1)",3,0,10,none<=10,none<=10,none<=10,none<=10
33,"(skip(v=0),move+1)","(skip(v=1),move-1(iff=0))","p3(1, 'x', 1)",3,1,10,none<=10,none<=10,none<=10,none<=10
33,"(skip(v=0),move+1)","(skip(v=1),move-1(iff=0))","p3(1, 'x', 1)",3,2,10,none<=10,none<=10,none<=10,none<=10
33,"(skip(v=0),move+1)","(skip(v=1),move-1(iff=0))","p3(1, 1, 'x')",3,0,10,none<=10,none<=10,none<=10,none<=10
33,"(skip(v=0),move+1)","(skip(v=1),move-1(iff=0))","p3(1, 1, 'x')",3,1,10,none<=10,none<=10,none<=10,none<=10
33,"(skip(v=0),move+1)","(skip(v=1),move-1(iff=0))","p3(1, 1, 'x')",3,2,10,none<=10,none<=10,none<=10,none<=10
34,"(skip(v=0),move+1)",(move-1(iff=1)),none,1,0,10,none<=10,none<=10,none<=10,none<=10
34,"(skip(v=0),move+1)",(move-1(iff=1)),"(x,xbar)",2,0,10,none<=10,none<=10,none<=10,none<=10
34,"(skip(v=0),move+1)",(move-1(iff=1)),"(x,xbar)",2,1,10,none<=10,none<=10,none<=10,none<=10
34,"(skip(v=0),move+1)",(move-1(iff=1)),"(xbar,x)",2,0,10,none<=10,none<=10,none<=10,none<=10
34,"(skip(v=0),move+1)",(move-1(iff=1)),"(xbar,x)",2,1,10,none<=10,none<=10,none<=10,none<=10
34,"(skip(v=0),move+1)",(move-1(iff=1)),"(x,1)",2,0,10,none<=10,none<=10,none<=10,none<=10
34,"(skip(v=0),move+1)",(move-1(iff=1)),"(x,1)",2,1,10,none<=10,none<=10,none<=10,none<=10
34,"(skip(v=0),move+1)",(move-1(iff=1)),"(1,x)",2,0,10,none<=10,none<=10,none<=10,none<=10
34,"(skip(v=0),move+1)",(move-1(iff=1)),"(1,x)",2,1,10,none<=10,none<=10,none<=10,none<=10
34,"(skip(v=0),move+1)",(move-1(iff=1)),"(x,0)",2,0,10,none<=10,none<=10,none<=10,none<=10
34,"(skip(v=0),move+1)",(move-1(iff=1)),"(x,0)",2,1,10,none<=10,none<=10,none<=10,none<=10
34,"(skip(v=0),move+1)",(move-1(iff=1)),"(0,x)",2,0,10,none<=10,none<=10,none<=10,none<=10
34,"(skip(v=0),move+1)",(move-1(iff=1)),"(0,x)",2,1,10,none<=10,none<=10,none<=10,none<=10
34,"(skip(v=0),move+1)",(move-1(iff=1)),"p3('x', 0, 1)",3,0,10,none<=10,none<=10,none<=10,none<=10
34,"(skip(v=0),move+1)",(move-1(iff=1)),"p3('x', 0, 1)",3,1,10,none<=10,ABAAB(5),none<=10,none<=10
34,"(skip(v=0),move+1)",(move-1(iff=1)),"p3('x', 0, 1)",3,2,10,none<=10,ABAABAA(7),none<=10,none<=10
34,"(skip(v=0),move+1)",(move-1(iff=1)),"p3(1, 'x', 0)",3,0,10,none<=10,ABAABAA(7),none<=10,none<=10
34,"(skip(v=0),move+1)",(move-1(iff=1)),"p3(1, 'x', 0)",3,1,10,none<=10,none<=10,none<=10,none<=10
34,"(skip(v=0),move+1)",(move-1(iff=1)),"p3(1, 'x', 0)",3,2,10,none<=10,ABAAB(5),none<=10,none<=10
34,"(skip(v=0),move+1)",(move-1(iff=1)),"p3(0, 1, 'x')",3,0,10,none<=10,ABAAB(5),none<=10,none<=10
34,"(skip(v=0),move+1)",(move-1(iff=1)),"p3(0, 1, 'x')",3,1,10,none<=10,ABAABAA(7),none<=10,none<=10
34,"(skip(v=0),move+1)",(move-1(iff=1)),"p3(0, 1, 'x')",3,2,10,none<=10,none<=10,none<=10,none<=10
34,"(skip(v=0),move+1)",(move-1(iff=1)),"p3('x', 1, 0)",3,0,10,none<=10,none<=10,none<=10,none<=10
34,"(skip(v=0),move+1)",(move-1(iff=1)),"p3('x', 1, 0)",3,1,10,none<=10,none<=10,none<=10,none<=10
34,"(skip(v=0),move+1)",(move-1(iff=1)),"p3('x', 1, 0)",3,2,10,none<=10,none<=10,none<=10,none<=10
34,"(skip(v=0),move+1)",(move-1(iff=1)),"p3(0, 'x', 1)",3,0,10,none<=10,none<=10,none<=10,none<=10
34,"(skip(v=0),move+1)",(move-1(iff=1)),"p3(0, 'x', 1)",3,1,10,none<=10,none<=10,none<=10,none<=10
34,"(skip(v=0),move+1)",(move-1(iff=1)),"p3(0, 'x', 1)",3,2,10,none<=10,none<=10,none<=10,none<=10
34,"(skip(v=0),move+1)",(move-1(iff=1)),"p3(1, 0, 'x')",3,0,10,none<=10,none<=10,none<=10,none<=10
34,"(skip(v=0),move+1)",(move-1(iff=1)),"p3(1, 0, 'x')",3,1,10,none<=10,none<=10,none<=10,none<=10
34,"(skip(v=0),move+1)",(move-1(iff=1)),"p3(1, 0, 'x')",3,2,10,none<=10,none<=10,none<=10,none<=10
34,"(skip(v=0),move+1)",(move-1(iff=1)),"p3('x', 0, 0)",3,0,10,none<=10,none<=10,none<=10,none<=10
34,"(skip(v=0),move+1)",(move-1(iff=1)),"p3('x', 0, 0)",3,1,10,none<=10,none<=10,none<=10,none<=10
34,"(skip(v=0),move+1)",(move-1(iff=1)),"p3('x', 0, 0)",3,2,10,none<=10,none<=10,none<=10,none<=10
34,"(skip(v=0),move+1)",(move-1(iff=1)),"p3(0, 'x', 0)",3,0,10,none<=10,none<=10,none<=10,none<=10
34,"(skip(v=0),move+1)",(move-1(iff=1)),"p3(0, 'x', 0)",3,1,10,none<=10,none<=10,none<=10,none<=10
34,"(skip(v=0),move+1)",(move-1(iff=1)),"p3(0, 'x', 0)",3,2,10,none<=10,none<=10,none<=10,none<=10
34,"(skip(v=0),move+1)",(move-1(iff=1)),"p3(0, 0, 'x')",3,0,10,none<=10,none<=10,none<=10,none<=10
34,"(skip(v=0),move+1)",(move-1(iff=1)),"p3(0, 0, 'x')",3,1,10,none<=10,none<=10,none<=10,none<=10
34,"(skip(v=0),move+1)",(move-1(iff=1)),"p3(0, 0, 'x')",3,2,10,none<=10,none<=10,none<=10,none<=10
34,"(skip(v=0),move+1)",(move-1(iff=1)),"p3('x', 1, 1)",3,0,10,none<=10,none<=10,none<=10,none<=10
34,"(skip(v=0),move+1)",(move-1(iff=1)),"p3('x', 1, 1)",3,1,10,none<=10,none<=10,none<=10,none<=10
34,"(skip(v=0),move+1)",(move-1(iff=1)),"p3('x', 1, 1)",3,2,10,none<=10,none<=10,none<=10,none<=10
34,"(skip(v=0),move+1)",(move-1(iff=1)),"p3(1, 'x', 1)",3,0,10,none<=10,none<=10,none<=10,none<=10
34,"(skip(v=0),move+1)",(move-1(iff=1)),"p3(1, 'x', 1)",3,1,10,none<=10,none<=10,none<=10,none<=10
34,"(skip(v=0),move+1)",(move-1(iff=1)),"p3(1, 'x', 1)",3,2,10,none<=10,none<=10,none<=10,none<=10
34,"(skip(v=0),move+1)",(move-1(iff=1)),"p3(1, 1, 'x')",3,0,10,none<=10,none<=10,none<=10,none<=10
34,"(skip(v=0),move+1)",(move-1(iff=1)),"p3(1, 1, 'x')",3,1,10,none<=10,none<=10,none<=10,none<=10
34,"(skip(v=0),move+1)",(move-1(iff=1)),"p3(1, 1, 'x')",3,2,10,none<=10,none<=10,none<=10,none<=10
35,"(skip(v=0),move+1)","(skip(v=0),move-1(iff=1))",none,1,0,10,none<=10,none<=10,none<=10,none<=10
35,"(skip(v=0),move+1)","(skip(v=0),move-1(iff=1))","(x,xbar)",2,0,10,none<=10,none<=10,none<=10,none<=10
35,"(skip(v=0),move+1)","(skip(v=0),move-1(iff=1))","(x,xbar)",2,1,10,none<=10,none<=10,none<=10,none<=10
35,"(skip(v=0),move+1)","(skip(v=0),move-1(iff=1))","(xbar,x)",2,0,10,none<=10,none<=10,none<=10,none<=10
35,"(skip(v=0),move+1)","(skip(v=0),move-1(iff=1))","(xbar,x)",2,1,10,none<=10,none<=10,none<=10,none<=10
35,"(skip(v=0),move+1)","(skip(v=0),move-1(iff=1))","(x,1)",2,0,10,none<=10,none<=10,none<=10,none<=10
35,"(skip(v=0),move+1)","(skip(v=0),move-1(iff=1))","(x,1)",2,1,10,none<=10,none<=10,none<=10,none<=10
35,"(skip(v=0),move+1)","(skip(v=0),move-1(iff=1))","(1,x)",2,0,10,none<=10,none<=10,none<=10,none<=10
35,"(skip(v=0),move+1)","(skip(v=0),move-1(iff=1))","(1,x)",2,1,10,none<=10,none<=10,none<=10,none<=10
35,"(skip(v=0),move+1)","(skip(v=0),move-1(iff=1))","(x,0)",2,0,10,none<=10,none<=10,none<=10,none<=10
35,"(skip(v=0),move+1)","(skip(v=0),move-1(iff=1))","(x,0)",2,1,10,none<=10,none<=10,none<=10,none<=10
35,"(skip(v=0),move+1)","(skip(v=0),move-1(iff=1))","(0,x)",2,0,10,none<=10,none<=10,none<=10,none<=10
35,"(skip(v=0),move+1)","(skip(v=0),move-1(iff=1))","(0,x)",2,1,10,none<=10,none<=10,none<=10,none<=10
35,"(skip(v=0),move+1)","(skip(v=0),move-1(iff=1))","p3('x', 0, 1)",3,0,10,none<=10,none<=10,none<=10,none<=10
35,"(skip(v=0),move+1)","(skip(v=0),move-1(iff=1))","p3('x', 0, 1)",3,1,10,none<=10,ABAABBABB(9),none<=10,none<=10
35,"(skip(v=0),move+1)","(skip(v=0),move-1(iff=1))","p3('x', 0, 1)",3,2,10,none<=10,ABAABABBAA(10),none<=10,none<=10
35,"(skip(v=0),move+1)","(skip(v=0),move-1(iff=1))","p3(1, 'x', 0)",3,0,10,none<=10,ABAABABBAA(10),none<=10,none<=10
35,"(skip(v=0),move+1)","(skip(v=0),move-1(iff=1))","p3(1, 'x', 0)",3,1,10,none<=10,none<=10,none<=10,none<=10
35,"(skip(v=0),move+1)","(skip(v=0),move-1(iff=1))","p3(1, 'x', 0)",3,2,10,none<=10,none<=10,none<=10,none<=10
35,"(skip(v=0),move+1)","(skip(v=0),move-1(iff=1))","p3(0, 1, 'x')",3,0,10,none<=10,ABAABBABB(9),none<=10,none<=10
35,"(skip(v=0),move+1)","(skip(v=0),move-1(iff=1))","p3(0, 1, 'x')",3,1,10,none<=10,ABAABABBAA(10),none<=10,none<=10
35,"(skip(v=0),move+1)","(skip(v=0),move-1(iff=1))","p3(0, 1, 'x')",3,2,10,none<=10,none<=10,none<=10,none<=10
35,"(skip(v=0),move+1)","(skip(v=0),move-1(iff=1))","p3('x', 1, 0)",3,0,10,none<=10,none<=10,none<=10,none<=10
35,"(skip(v=0),move+1)","(skip(v=0),move-1(iff=1))","p3('x', 1, 0)",3,1,10,none<=10,none<=10,none<=10,none<=10
35,"(skip(v=0),move+1)","(skip(v=0),move-1(iff=1))","p3('x', 1, 0)",3,2,10,none<=10,none<=10,none<=10,none<=10
35,"(skip(v=0),move+1)","(skip(v=0),move-1(iff=1))","p3(0, 'x', 1)",3,0,10,none<=10,none<=10,none<=10,none<=10
35,"(skip(v=0),move+1)","(skip(v=0),move-1(iff=1))","p3(0, 'x', 1)",3,1,10,none<=10,none<=10,none<=10,none<=10
35,"(skip(v=0),move+1)","(skip(v=0),move-1(iff=1))","p3(0, 'x', 1)",3,2,10,none<=10,none<=10,none<=10,none<=10
35,"(skip(v=0),move+1)","(skip(v=0),move-1(iff=1))","p3(1, 0, 'x')",3,0,10,none<=10,none<=10,none<=10,none<=10
35,"(skip(v=0),move+1)","(skip(v=0),move-1(iff=1))","p3(1, 0, 'x')",3,1,10,none<=10,none<=10,none<=10,none<=10
35,"(skip(v=0),move+1)","(skip(v=0),move-1(iff=1))","p3(1, 0, 'x')",3,2,10,none<=10,none<=10,none<=10,none<=10
35,"(skip(v=0),move+1)","(skip(v=0),move-1(iff=1))","p3('x', 0, 0)",3,0,10,none<=10,none<=10,none<=10,none<=10
35,"(skip(v=0),move+1)","(skip(v=0),move-1(iff=1))","p3('x', 0, 0)",3,1,10,none<=10,none<=10,none<=10,none<=10
35,"(skip(v=0),move+1)","(skip(v=0),move-1(iff=1))","p3('x', 0, 0)",3,2,10,none<=10,none<=10,none<=10,none<=10
35,"(skip(v=0),move+1)","(skip(v=0),move-1(iff=1))","p3(0, 'x', 0)",3,0,10,none<=10,none<=10,none<=10,none<=10
35,"(skip(v=0),move+1)","(skip(v=0),move-1(iff=1))","p3(0, 'x', 0)",3,1,10,none<=10,none<=10,none<=10,none<=10
35,"(skip(v=0),move+1)","(skip(v=0),move-1(iff=1))","p3(0, 'x', 0)",3,2,10,none<=10,none<=10,none<=10,none<=10
35,"(skip(v=0),move+1)","(skip(v=0),move-1(iff=1))","p3(0, 0, 'x')",3,0,10,none<=10,none<=10,none<=10,none<=10
35,"(skip(v=0),move+1)","(skip(v=0),move-1(iff=1))","p3(0, 0, 'x')",3,1,10,none<=10,none<=10,none<=10,none<=10
35,"(skip(v=0),move+1)","(skip(v=0),move-1(iff=1))","p3(0, 0, 'x')",3,2,10,none<=10,none<=10,none<=10,none<=10
35,"(skip(v=0),move+1)","(skip(v=0),move-1(iff=1))","p3('x', 1, 1)",3,0,10,none<=10,none<=10,none<=10,none<=10
35,"(skip(v=0),move+1)","(skip(v=0),move-1(iff=1))","p3('x', 1, 1)",3,1,10,none<=10,none<=10,none<=10,none<=10
35,"(skip(v=0),move+1)","(skip(v=0),move-1(iff=1))","p3('x', 1, 1)",3,2,10,none<=10,none<=10,none<=10,none<=10
35,"(skip(v=0),move+1)","(skip(v=0),move-1(iff=1))","p3(1, 'x', 1)",3,0,10,none<=10,none<=10,none<=10,none<=10
35,"(skip(v=0),move+1)","(skip(v=0),move-1(iff=1))","p3(1, 'x', 1)",3,1,10,none<=10,none<=10,none<=10,none<=10
35,"(skip(v=0),move+1)","(skip(v=0),move-1(iff=1))","p3(1, 'x', 1)",3,2,10,none<=10,none<=10,none<=10,none<=10
35,"(skip(v=0),move+1)","(skip(v=0),move-1(iff=1))","p3(1, 1, 'x')",3,0,10,none<=10,none<=10,none<=10,none<=10
35,"(skip(v=0),move+1)","(skip(v=0),move-1(iff=1))","p3(1, 1, 'x')",3,1,10,none<=10,none<=10,none<=10,none<=10
35,"(skip(v=0),move+1)","(skip(v=0),move-1(iff=1))","p3(1, 1, 'x')",3,2,10,none<=10,none<=10,none<=10,none<=10
36,"(skip(v=0),move+1)","(move-1(iff=1),skip(v=0))",none,1,0,10,none<=10,none<=10,none<=10,none<=10
36,"(skip(v=0),move+1)","(move-1(iff=1),skip(v=0))","(x,xbar)",2,0,10,none<=10,none<=10,none<=10,none<=10
36,"(skip(v=0),move+1)","(move-1(iff=1),skip(v=0))","(x,xbar)",2,1,10,none<=10,none<=10,none<=10,none<=10
36,"(skip(v=0),move+1)","(move-1(iff=1),skip(v=0))","(xbar,x)",2,0,10,none<=10,none<=10,none<=10,none<=10
36,"(skip(v=0),move+1)","(move-1(iff=1),skip(v=0))","(xbar,x)",2,1,10,none<=10,none<=10,none<=10,none<=10
36,"(skip(v=0),move+1)","(move-1(iff=1),skip(v=0))","(x,1)",2,0,10,none<=10,none<=10,none<=10,none<=10
36,"(skip(v=0),move+1)","(move-1(iff=1),skip(v=0))","(x,1)",2,1,10,none<=10,none<=10,none<=10,none<=10
36,"(skip(v=0),move+1)","(move-1(iff=1),skip(v=0))","(1,x)",2,0,10,none<=10,none<=10,none<=10,none<=10
36,"(skip(v=0),move+1)","(move-1(iff=1),skip(v=0))","(1,x)",2,1,10,none<=10,none<=10,none<=10,none<=10
36,"(skip(v=0),move+1)","(move-1(iff=1),skip(v=0))","(x,0)",2,0,10,none<=10,none<=10,none<=10,none<=10
36,"(skip(v=0),move+1)","(move-1(iff=1),skip(v=0))","(x,0)",2,1,10,none<=10,none<=10,none<=10,none<=10
36,"(skip(v=0),move+1)","(move-1(iff=1),skip(v=0))","(0,x)",2,0,10,none<=10,none<=10,none<=10,none<=10
36,"(skip(v=0),move+1)","(move-1(iff=1),skip(v=0))","(0,x)",2,1,10,none<=10,none<=10,none<=10,none<=10
36,"(skip(v=0),move+1)","(move-1(iff=1),skip(v=0))","p3('x', 0, 1)",3,0,10,none<=10,none<=10,none<=10,none<=10
36,"(skip(v=0),move+1)","(move-1(iff=1),skip(v=0))","p3('x', 0, 1)",3,1,10,none<=10,none<=10,none<=10,none<=10
36,"(skip(v=0),move+1)","(move-1(iff=1),skip(v=0))","p3('x', 0, 1)",3,2,10,none<=10,none<=10,none<=10,none<=10
36,"(skip(v=0),move+1)","(move-1(iff=1),skip(v=0))","p3(1, 'x', 0)",3,0,10,none<=10,none<=10,none<=10,none<=10
36,"(skip(v=0),move+1)","(move-1(iff=1),skip(v=0))","p3(1, 'x', 0)",3,1,10,none<=10,none<=10,none<=10,none<=10
36,"(skip(v=0),move+1)","(move-1(iff=1),skip(v=0))","p3(1, 'x', 0)",3,2,10,none<=10,none<=10,none<=10,none<=10
36,"(skip(v=0),move+1)","(move-1(iff=1),skip(v=0))","p3(0, 1, 'x')",3,0,10,none<=10,none<=10,none<=10,none<=10
36,"(skip(v=0),move+1)","(move-1(iff=1),skip(v=0))","p3(0, 1, 'x')",3,1,10,none<=10,none<=10,none<=10,none<=10
36,"(skip(v=0),move+1)","(move-1(iff=1),skip(v=0))","p3(0, 1, 'x')",3,2,10,none<=10,none<=10,none<=10,none<=10
36,"(skip(v=0),move+1)","(move-1(iff=1),skip(v=0))","p3('x', 1, 0)",3,0,10,none<=10,none<=10,none<=10,none<=10
36,"(skip(v=0),move+1)","(move-1(iff=1),skip(v=0))","p3('x', 1, 0)",3,1,10,none<=10,none<=10,none<=10,none<=10
36,"(skip(v=0),move+1)","(move-1(iff=1),skip(v=0))","p3('x', 1, 0)",3,2,10,none<=10,none<=10,none<=10,none<=10
36,"(skip(v=0),move+1)","(move-1(iff=1),skip(v=0))","p3(0, 'x', 1)",3,0,10,none<=10,none<=10,none<=10,none<=10
36,"(skip(v=0),move+1)","(move-1(iff=1),skip(v=0))","p3(0, 'x', 1)",3,1,10,none<=10,none<=10,none<=10,none<=10
36,"(skip(v=0),move+1)","(move-1(iff=1),skip(v=0))","p3(0, 'x', 1)",3,2,10,none<=10,none<=10,none<=10,none<=10
36,"(skip(v=0),move+1)","(move-1(iff=1),skip(v=0))","p3(1, 0, 'x')",3,0,10,none<=10,none<=10,none<=10,none<=10
36,"(skip(v=0),move+1)","(move-1(iff=1),skip(v=0))","p3(1, 0, 'x')",3,1,10,none<=10,none<=10,none<=10,none<=10
36,"(skip(v=0),move+1)","(move-1(iff=1),skip(v=0))","p3(1, 0, 'x')",3,2,10,none<=10,none<=10,none<=10,none<=10
36,"(skip(v=0),move+1)","(move-1(iff=1),skip(v=0))","p3('x', 0, 0)",3,0,10,none<=10,none<=10,none<=10,none<=10
36,"(skip(v=0),move+1)","(move-1(iff=1),skip(v=0))","p3('x', 0, 0)",3,1,10,none<=10,none<=10,none<=10,none<=10
36,"(skip(v=0),move+1)","(move-1(iff=1),skip(v=0))","p3('x', 0, 0)",3,2,10,none<=10,none<=10,none<=10,none<=10
36,"(skip(v=0),move+1)","(move-1(iff=1),skip(v=0))","p3(0, 'x', 0)",3,0,10,none<=10,none<=10,none<=10,none<=10
36,"(skip(v=0),move+1)","(move-1(iff=1),skip(v=0))","p3(0, 'x', 0)",3,1,10,none<=10,none<=10,none<=10,none<=10
36,"(skip(v=0),move+1)","(move-1(iff=1),skip(v=0))","p3(0, 'x', 0)",3,2,10,none<=10,none<=10,none<=10,none<=10
36,"(skip(v=0),move+1)","(move-1(iff=1),skip(v=0))","p3(0, 0, 'x')",3,0,10,none<=10,none<=10,none<=10,none<=10
36,"(skip(v=0),move+1)","(move-1(iff=1),skip(v=0))","p3(0, 0, 'x')",3,1,10,none<=10,none<=10,none<=10,none<=10
36,"(skip(v=0),move+1)","(move-1(iff=1),skip(v=0))","p3(0, 0, 'x')",3,2,10,none<=10,none<=10,none<=10,none<=10
36,"(skip(v=0),move+1)","(move-1(iff=1),skip(v=0))","p3('x', 1, 1)",3,0,10,none<=10,none<=10,none<=10,none<=10
36,"(skip(v=0),move+1)","(move-1(iff=1),skip(v=0))","p3('x', 1, 1)",3,1,10,none<=10,none<=10,none<=10,none<=10
36,"(skip(v=0),move+1)","(move-1(iff=1),skip(v=0))","p3('x', 1, 1)",3,2,10,none<=10,none<=10,none<=10,none<=10
36,"(skip(v=0),move+1)","(move-1(iff=1),skip(v=0))","p3(1, 'x', 1)",3,0,10,none<=10,none<=10,none<=10,none<=10
36,"(skip(v=0),move+1)","(move-1(iff=1),skip(v=0))","p3(1, 'x', 1)",3,1,10,none<=10,none<=10,none<=10,none<=10
36,"(skip(v=0),move+1)","(move-1(iff=1),skip(v=0))","p3(1, 'x', 1)",3,2,10,none<=10,none<=10,none<=10,none<=10
36,"(skip(v=0),move+1)","(move-1(iff=1),skip(v=0))","p3(1, 1, 'x')",3,0,10,none<=10,none<=10,none<=10,none<=10
36,"(skip(v=0),move+1)","(move-1(iff=1),skip(v=0))","p3(1, 1, 'x')",3,1,10,none<=10,none<=10,none<=10,none<=10
36,"(skip(v=0),move+1)","(move-1(iff=1),skip(v=0))","p3(1, 1, 'x')",3,2,10,none<=10,none<=10,none<=10,none<=10
37,"(skip(v=0),move+1)","(move-1(iff=1),skip(v=1))",none,1,0,10,none<=10,none<=10,none<=10,none<=10
37,"(skip(v=0),move+1)","(move-1(iff=1),skip(v=1))","(x,xbar)",2,0,10,none<=10,none<=10,none<=10,none<=10
37,"(skip(v=0),move+1)","(move-1(iff=1),skip(v=1))","(x,xbar)",2,1,10,none<=10,none<=10,none<=10,none<=10
37,"(skip(v=0),move+1)","(move-1(iff=1),skip(v=1))","(xbar,x)",2,0,10,none<=10,none<=10,none<=10,none<=10
37,"(skip(v=0),move+1)","(move-1(iff=1),skip(v=1))","(xbar,x)",2,1,10,none<=10,none<=10,none<=10,none<=10
37,"(skip(v=0),move+1)","(move-1(iff=1),skip(v=1))","(x,1)",2,0,10,none<=10,none<=10,none<=10,none<=10
37,"(skip(v=0),move+1)","(move-1(iff=1),skip(v=1))","(x,1)",2,1,10,none<=10,none<=10,none<=10,none<=10
37,"(skip(v=0),move+1)","(move-1(iff=1),skip(v=1))","(1,x)",2,0,10,none<=10,none<=10,none<=10,none<=10
37,"(skip(v=0),move+1)","(move-1(iff=1),skip(v=1))","(1,x)",2,1,10,none<=10,none<=10,none<=10,none<=10
37,"(skip(v=0),move+1)","(move-1(iff=1),skip(v=1))","(x,0)",2,0,10,none<=10,none<=10,none<=10,none<=10
37,"(skip(v=0),move+1)","(move-1(iff=1),skip(v=1))","(x,0)",2,1,10,none<=10,none<=10,none<=10,none<=10
37,"(skip(v=0),move+1)","(move-1(iff=1),skip(v=1))","(0,x)",2,0,10,none<=10,none<=10,none<=10,none<=10
37,"(skip(v=0),move+1)","(move-1(iff=1),skip(v=1))","(0,x)",2,1,10,none<=10,none<=10,none<=10,none<=10
37,"(skip(v=0),move+1)","(move-1(iff=1),skip(v=1))","p3('x', 0, 1)",3,0,10,none<=10,none<=10,none<=10,none<=10
37,"(skip(v=0),move+1)","(move-1(iff=1),skip(v=1))","p3('x', 0, 1)",3,1,10,none<=10,ABAAB(5),none<=10,none<=10
37,"(skip(v=0),move+1)","(move-1(iff=1),skip(v=1))","p3('x', 0, 1)",3,2,10,none<=10,ABBAABAA(8),none<=10,none<=10
37,"(skip(v=0),move+1)","(move-1(iff=1),skip(v=1))","p3(1, 'x', 0)",3,0,10,none<=10,ABBAABAA(8),none<=10,none<=10
37,"(skip(v=0),move+1)","(move-1(iff=1),skip(v=1))","p3(1, 'x', 0)",3,1,10,none<=10,none<=10,none<=10,none<=10
37,"(skip(v=0),move+1)","(move-1(iff=1),skip(v=1))","p3(1, 'x', 0)",3,2,10,none<=10,ABAAB(5),none<=10,none<=10
37,"(skip(v=0),move+1)","(move-1(iff=1),skip(v=1))","p3(0, 1, 'x')",3,0,10,none<=10,ABAAB(5),none<=10,none<=10
37,"(skip(v=0),move+1)","(move-1(iff=1),skip(v=1))","p3(0, 1, 'x')",3,1,10,none<=10,ABBAABAA(8),none<=10,none<=10
37,"(skip(v=0),move+1)","(move-1(iff=1),skip(v=1))","p3(0, 1, 'x')",3,2,10,none<=10,none<=10,none<=10,none<=10
37,"(skip(v=0),move+1)","(move-1(iff=1),skip(v=1))","p3('x', 1, 0)",3,0,10,none<=10,none<=10,none<=10,none<=10
37,"(skip(v=0),move+1)","(move-1(iff=1),skip(v=1))","p3('x', 1, 0)",3,1,10,none<=10,none<=10,none<=10,none<=10
37,"(skip(v=0),move+1)","(move-1(iff=1),skip(v=1))","p3('x', 1, 0)",3,2,10,none<=10,none<=10,none<=10,none<=10
37,"(skip(v=0),move+1)","(move-1(iff=1),skip(v=1))","p3(0, 'x', 1)",3,0,10,none<=10,none<=10,none<=10,none<=10
37,"(skip(v=0),move+1)","(move-1(iff=1),skip(v=1))","p3(0, 'x', 1)",3,1,10,none<=10,none<=10,none<=10,none<=10
37,"(skip(v=0),move+1)","(move-1(iff=1),skip(v=1))","p3(0, 'x', 1)",3,2,10,none<=10,none<=10,none<=10,none<=10
37,"(skip(v=0),move+1)","(move-1(iff=1),skip(v=1))","p3(1, 0, 'x')",3,0,10,none<=10,none<=10,none<=10,none<=10
37,"(skip(v=0),move+1)","(move-1(iff=1),skip(v=1))","p3(1, 0, 'x')",3,1,10,none<=10,none<=10,none<=10,none<=10
37,"(skip(v=0),move+1)","(move-1(iff=1),skip(v=1))","p3(1, 0, 'x')",3,2,10,none<=10,none<=10,none<=10,none<=10
37,"(skip(v=0),move+1)","(move-1(iff=1),skip(v=1))","p3('x', 0, 0)",3,0,10,none<=10,none<=10,none<=10,none<=10
37,"(skip(v=0),move+1)","(move-1(iff=1),skip(v=1))","p3('x', 0, 0)",3,1,10,none<=10,none<=10,none<=10,none<=10
37,"(skip(v=0),move+1)","(move-1(iff=1),skip(v=1))","p3('x', 0, 0)",3,2,10,none<=10,none<=10,none<=10,none<=10
37,"(skip(v=0),move+1)","(move-1(iff=1),skip(v=1))","p3(0, 'x', 0)",3,0,10,none<=10,none<=10,none<=10,none<=10
37,"(skip(v=0),move+1)","(move-1(iff=1),skip(v=1))","p3(0, 'x', 0)",3,1,10,none<=10,none<=10,none<=10,none<=10
37,"(skip(v=0),move+1)","(move-1(iff=1),skip(v=1))","p3(0, 'x', 0)",3,2,10,none<=10,none<=10,none<=10,none<=10
37,"(skip(v=0),move+1)","(move-1(iff=1),skip(v=1))","p3(0, 0, 'x')",3,0,10,none<=10,none<=10,none<=10,none<=10
37,"(skip(v=0),move+1)","(move-1(iff=1),skip(v=1))","p3(0, 0, 'x')",3,1,10,none<=10,none<=10,none<=10,none<=10
37,"(skip(v=0),move+1)","(move-1(iff=1),skip(v=1))","p3(0, 0, 'x')",3,2,10,none<=10,none<=10,none<=10,none<=10
37,"(skip(v=0),move+1)","(move-1(iff=1),skip(v=1))","p3('x', 1, 1)",3,0,10,none<=10,none<=10,none<=10,none<=10
37,"(skip(v=0),move+1)","(move-1(iff=1),skip(v=1))","p3('x', 1, 1)",3,1,10,none<=10,none<=10,none<=10,none<=10
37,"(skip(v=0),move+1)","(move-1(iff=1),skip(v=1))","p3('x', 1, 1)",3,2,10,none<=10,none<=10,none<=10,none<=10
37,"(skip(v=0),move+1)","(move-1(iff=1),skip(v=1))","p3(1, 'x', 1)",3,0,10,none<=10,none<=10,none<=10,none<=10
37,"(skip(v=0),move+1)","(move-1(iff=1),skip(v=1))","p3(1, 'x', 1)",3,1,10,none<=10,none<=10,none<=10,none<=10
37,"(skip(v=0),move+1)","(move-1(iff=1),skip(v=1))","p3(1, 'x', 1)",3,2,10,none<=10,none<=10,none<=10,none<=10
37,"(skip(v=0),move+1)","(move-1(iff=1),skip(v=1))","p3(1, 1, 'x')",3,0,10,none<=10,none<=10,none<=10,none<=10
37,"(skip(v=0),move+1)","(move-1(iff=1),skip(v=1))","p3(1, 1, 'x')",3,1,10,none<=10,none<=10,none<=10,none<=10
37,"(skip(v=0),move+1)","(move-1(iff=1),skip(v=1))","p3(1, 1, 'x')",3,2,10,none<=10,none<=10,none<=10,none<=10
38,"(skip(v=0),move+1)","(skip(v=1),move-1(iff=1))",none,1,0,10,none<=10,none<=10,none<=10,none<=10
38,"(skip(v=0),move+1)","(skip(v=1),move-1(iff=1))","(x,xbar)",2,0,10,none<=10,none<=10,none<=10,none<=10
38,"(skip(v=0),move+1)","(skip(v=1),move-1(iff=1))","(x,xbar)",2,1,10,none<=10,none<=10,none<=10,none<=10
38,"(skip(v=0),move+1)","(skip(v=1),move-1(iff=1))","(xbar,x)",2,0,10,none<=10,none<=10,none<=10,none<=10
38,"(skip(v=0),move+1)","(skip(v=1),move-1(iff=1))","(xbar,x)",2,1,10,none<=10,none<=10,none<=10,none<=10
38,"(skip(v=0),move+1)","(skip(v=1),move-1(iff=1))","(x,1)",2,0,10,none<=10,none<=10,none<=10,none<=10
38,"(skip(v=0),move+1)","(skip(v=1),move-1(iff=1))","(x,1)",2,1,10,none<=10,none<=10,none<=10,none<=10
38,"(skip(v=0),move+1)","(skip(v=1),move-1(iff=1))","(1,x)",2,0,10,none<=10,none<=10,none<=10,none<=10
38,"(skip(v=0),move+1)","(skip(v=1),move-1(iff=1))","(1,x)",2,1,10,none<=10,none<=10,none<=10,none<=10
38,"(skip(v=0),move+1)","(skip(v=1),move-1(iff=1))","(x,0)",2,0,10,none<=10,none<=10,none<=10,none<=10
38,"(skip(v=0),move+1)","(skip(v=1),move-1(iff=1))","(x,0)",2,1,10,none<=10,none<=10,none<=10,none<=10
38,"(skip(v=0),move+1)","(skip(v=1),move-1(iff=1))","(0,x)",2,0,10,none<=10,none<=10,none<=10,none<=10
38,"(skip(v=0),move+1)","(skip(v=1),move-1(iff=1))","(0,x)",2,1,10,none<=10,none<=10,none<=10,none<=10
38,"(skip(v=0),move+1)","(skip(v=1),move-1(iff=1))","p3('x', 0, 1)",3,0,10,none<=10,none<=10,none<=10,none<=10
38,"(skip(v=0),move+1)","(skip(v=1),move-1(iff=1))","p3('x', 0, 1)",3,1,10,none<=10,ABAABB(6),none<=10,none<=10
38,"(skip(v=0),move+1)","(skip(v=1),move-1(iff=1))","p3('x', 0, 1)",3,2,10,none<=10,ABBAABBAA(9),none<=10,none<=10
38,"(skip(v=0),move+1)","(skip(v=1),move-1(iff=1))","p3(1, 'x', 0)",3,0,10,none<=10,ABBAABBAA(9),none<=10,none<=10
38,"(skip(v=0),move+1)","(skip(v=1),move-1(iff=1))","p3(1, 'x', 0)",3,1,10,none<=10,none<=10,none<=10,none<=10
38,"(skip(v=0),move+1)","(skip(v=1),move-1(iff=1))","p3(1, 'x', 0)",3,2,10,none<=10,ABAABB(6),none<=10,none<=10
38,"(skip(v=0),move+1)","(skip(v=1),move-1(iff=1))","p3(0, 1, 'x')",3,0,10,none<=10,ABAABB(6),none<=10,none<=10
38,"(skip(v=0),move+1)","(skip(v=1),move-1(iff=1))","p3(0, 1, 'x')",3,1,10,none<=10,ABBAABBAA(9),none<=10,none<=10
38,"(skip(v=0),move+1)","(skip(v=1),move-1(iff=1))","p3(0, 1, 'x')",3,2,10,none<=10,none<=10,none<=10,none<=10
38,"(skip(v=0),move+1)","(skip(v=1),move-1(iff=1))","p3('x', 1, 0)",3,0,10,none<=10,none<=10,none<=10,none<=10
38,"(skip(v=0),move+1)","(skip(v=1),move-1(iff=1))","p3('x', 1, 0)",3,1,10,none<=10,none<=10,none<=10,none<=10
38,"(skip(v=0),move+1)","(skip(v=1),move-1(iff=1))","p3('x', 1, 0)",3,2,10,none<=10,none<=10,none<=10,none<=10
38,"(skip(v=0),move+1)","(skip(v=1),move-1(iff=1))","p3(0, 'x', 1)",3,0,10,none<=10,none<=10,none<=10,none<=10
38,"(skip(v=0),move+1)","(skip(v=1),move-1(iff=1))","p3(0, 'x', 1)",3,1,10,none<=10,none<=10,none<=10,none<=10
38,"(skip(v=0),move+1)","(skip(v=1),move-1(iff=1))","p3(0, 'x', 1)",3,2,10,none<=10,none<=10,none<=10,none<=10
38,"(skip(v=0),move+1)","(skip(v=1),move-1(iff=1))","p3(1, 0, 'x')",3,0,10,none<=10,none<=10,none<=10,none<=10
38,"(skip(v=0),move+1)","(skip(v=1),move-1(iff=1))","p3(1, 0, 'x')",3,1,10,none<=10,none<=10,none<=10,none<=10
38,"(skip(v=0),move+1)","(skip(v=1),move-1(iff=1))","p3(1, 0, 'x')",3,2,10,none<=10,none<=10,none<=10,none<=10
38,"(skip(v=0),move+1)","(skip(v=1),move-1(iff=1))","p3('x', 0, 0)",3,0,10,none<=10,none<=10,none<=10,none<=10
38,"(skip(v=0),move+1)","(skip(v=1),move-1(iff=1))","p3('x', 0, 0)",3,1,10,none<=10,none<=10,none<=10,none<=10
38,"(skip(v=0),move+1)","(skip(v=1),move-1(iff=1))","p3('x', 0, 0)",3,2,10,none<=10,none<=10,none<=10,none<=10
38,"(skip(v=0),move+1)","(skip(v=1),move-1(iff=1))","p3(0, 'x', 0)",3,0,10,none<=10,none<=10,none<=10,none<=10
38,"(skip(v=0),move+1)","(skip(v=1),move-1(iff=1))","p3(0, 'x', 0)",3,1,10,none<=10,none<=10,none<=10,none<=10
38,"(skip(v=0),move+1)","(skip(v=1),move-1(iff=1))","p3(0, 'x', 0)",3,2,10,none<=10,none<=10,none<=10,none<=10
38,"(skip(v=0),move+1)","(skip(v=1),move-1(iff=1))","p3(0, 0, 'x')",3,0,10,none<=10,none<=10,none<=10,none<=10
38,"(skip(v=0),move+1)","(skip(v=1),move-1(iff=1))","p3(0, 0, 'x')",3,1,10,none<=10,none<=10,none<=10,none<=10
38,"(skip(v=0),move+1)","(skip(v=1),move-1(iff=1))","p3(0, 0, 'x')",3,2,10,none<=10,none<=10,none<=10,none<=10
38,"(skip(v=0),move+1)","(skip(v=1),move-1(iff=1))","p3('x', 1, 1)",3,0,10,none<=10,none<=10,none<=10,none<=10
38,"(skip(v=0),move+1)","(skip(v=1),move-1(iff=1))","p3('x', 1, 1)",3,1,10,none<=10,none<=10,none<=10,none<=10
38,"(skip(v=0),move+1)","(skip(v=1),move-1(iff=1))","p3('x', 1, 1)",3,2,10,none<=10,none<=10,none<=10,none<=10
38,"(skip(v=0),move+1)","(skip(v=1),move-1(iff=1))","p3(1, 'x', 1)",3,0,10,none<=10,none<=10,none<=10,none<=10
38,"(skip(v=0),move+1)","(skip(v=1),move-1(iff=1))","p3(1, 'x', 1)",3,1,10,none<=10,none<=10,none<=10,none<=10
38,"(skip(v=0),move+1)","(skip(v=1),move-1(iff=1))","p3(1, 'x', 1)",3,2,10,none<=10,none<=10,none<=10,none<=10
38,"(skip(v=0),move+1)","(skip(v=1),move-1(iff=1))","p3(1, 1, 'x')",3,0,10,none<=10,none<=10,none<=10,none<=10
38,"(skip(v=0),move+1)","(skip(v=1),move-1(iff=1))","p3(1, 1, 'x')",3,1,10,none<=10,none<=10,none<=10,none<=10
38,"(skip(v=0),move+1)","(skip(v=1),move-1(iff=1))","p3(1, 1, 'x')",3,2,10,none<=10,none<=10,none<=10,none<=10
39,"(skip(v=0),move+1)","(flip,move-1)",none,1,0,10,none<=10,none<=10,none<=10,none<=10
39,"(skip(v=0),move+1)","(flip,move-1)","(x,xbar)",2,0,10,none<=10,none<=10,none<=10,none<=10
39,"(skip(v=0),move+1)","(flip,move-1)","(x,xbar)",2,1,10,none<=10,none<=10,none<=10,none<=10
39,"(skip(v=0),move+1)","(flip,move-1)","(xbar,x)",2,0,10,none<=10,none<=10,none<=10,none<=10
39,"(skip(v=0),move+1)","(flip,move-1)","(xbar,x)",2,1,10,none<=10,none<=10,none<=10,none<=10
39,"(skip(v=0),move+1)","(flip,move-1)","(x,1)",2,0,10,none<=10,none<=10,none<=10,none<=10
39,"(skip(v=0),move+1)","(flip,move-1)","(x,1)",2,1,10,none<=10,none<=10,none<=10,none<=10
39,"(skip(v=0),move+1)","(flip,move-1)","(1,x)",2,0,10,none<=10,none<=10,none<=10,none<=10
39,"(skip(v=0),move+1)","(flip,move-1)","(1,x)",2,1,10,none<=10,none<=10,none<=10,none<=10
39,"(skip(v=0),move+1)","(flip,move-1)","(x,0)",2,0,10,none<=10,none<=10,none<=10,none<=10
39,"(skip(v=0),move+1)","(flip,move-1)","(x,0)",2,1,10,none<=10,none<=10,none<=10,none<=10
39,"(skip(v=0),move+1)","(flip,move-1)","(0,x)",2,0,10,none<=10,none<=10,none<=10,none<=10
39,"(skip(v=0),move+1)","(flip,move-1)","(0,x)",2,1,10,none<=10,none<=10,none<=10,none<=10
39,"(skip(v=0),move+1)","(flip,move-1)","p3('x', 0, 1)",3,0,10,none<=10,none<=10,none<=10,none<=10
39,"(skip(v=0),move+1)","(flip,move-1)","p3('x', 0, 1)",3,1,10,none<=10,none<=10,none<=10,none<=10
39,"(skip(v=0),move+1)","(flip,move-1)","p3('x', 0, 1)",3,2,10,none<=10,none<=10,none<=10,none<=10
39,"(skip(v=0),move+1)","(flip,move-1)","p3(1, 'x', 0)",3,0,10,none<=10,none<=10,none<=10,none<=10
39,"(skip(v=0),move+1)","(flip,move-1)","p3(1, 'x', 0)",3,1,10,none<=10,none<=10,none<=10,none<=10
39,"(skip(v=0),move+1)","(flip,move-1)","p3(1, 'x', 0)",3,2,10,none<=10,none<=10,none<=10,none<=10
39,"(skip(v=0),move+1)","(flip,move-1)","p3(0, 1, 'x')",3,0,10,none<=10,none<=10,none<=10,none<=10
39,"(skip(v=0),move+1)","(flip,move-1)","p3(0, 1, 'x')",3,1,10,none<=10,none<=10,none<=10,none<=10
39,"(skip(v=0),move+1)","(flip,move-1)","p3(0, 1, 'x')",3,2,10,none<=10,none<=10,none<=10,none<=10
39,"(skip(v=0),move+1)","(flip,move-1)","p3('x', 1, 0)",3,0,10,none<=10,none<=10,none<=10,none<=10
39,"(skip(v=0),move+1)","(flip,move-1)","p3('x', 1, 0)",3,1,10,none<=10,none<=10,none<=10,none<=10
39,"(skip(v=0),move+1)","(flip,move-1)","p3('x', 1, 0)",3,2,10,none<=10,none<=10,none<=10,none<=10
39,"(skip(v=0),move+1)","(flip,move-1)","p3(0, 'x', 1)",3,0,10,none<=10,none<=10,none<=10,none<=10
39,"(skip(v=0),move+1)","(flip,move-1)","p3(0, 'x', 1)",3,1,10,none<=10,none<=10,none<=10,none<=10
39,"(skip(v=0),move+1)","(flip,move-1)","p3(0, 'x', 1)",3,2,10,none<=10,none<=10,none<=10,none<=10
39,"(skip(v=0),move+1)","(flip,move-1)","p3(1, 0, 'x')",3,0,10,none<=10,none<=10,none<=10,none<=10
39,"(skip(v=0),move+1)","(flip,move-1)","p3(1, 0, 'x')",3,1,10,none<=10,none<=10,none<=10,none<=10
39,"(skip(v=0),move+1)","(flip,move-1)","p3(1, 0, 'x')",3,2,10,none<=10,none<=10,none<=10,none<=10
39,"(skip(v=0),move+1)","(flip,move-1)","p3('x', 0, 0)",3,0,10,none<=10,none<=10,none<=10,none<=10
39,"(skip(v=0),move+1)","(flip,move-1)","p3('x', 0, 0)",3,1,10,none<=10,none<=10,none<=10,none<=10
39,"(skip(v=0),move+1)","(flip,move-1)","p3('x', 0, 0)",3,2,10,none<=10,none<=10,none<=10,none<=10
39,"(skip(v=0),move+1)","(flip,move-1)","p3(0, 'x', 0)",3,0,10,none<=10,none<=10,none<=10,none<=10
39,"(skip(v=0),move+1)","(flip,move-1)","p3(0, 'x', 0)",3,1,10,none<=10,none<=10,none<=10,none<=10
39,"(skip(v=0),move+1)","(flip,move-1)","p3(0, 'x', 0)",3,2,10,none<=10,none<=10,none<=10,none<=10
39,"(skip(v=0),move+1)","(flip,move-1)","p3(0, 0, 'x')",3,0,10,none<=10,none<=10,none<=10,none<=10
39,"(skip(v=0),move+1)","(flip,move-1)","p3(0, 0, 'x')",3,1,10,none<=10,none<=10,none<=10,none<=10
39,"(skip(v=0),move+1)","(flip,move-1)","p3(0, 0, 'x')",3,2,10,none<=10,none<=10,none<=10,none<=10
39,"(skip(v=0),move+1)","(flip,move-1)","p3('x', 1, 1)",3,0,10,none<=10,none<=10,none<=10,none<=10
39,"(skip(v=0),move+1)","(flip,move-1)","p3('x', 1, 1)",3,1,10,none<=10,none<=10,none<=10,none<=10
39,"(skip(v=0),move+1)","(flip,move-1)","p3('x', 1, 1)",3,2,10,none<=10,none<=10,none<=10,none<=10
39,"(skip(v=0),move+1)","(flip,move-1)","p3(1, 'x', 1)",3,0,10,none<=10,none<=10,none<=10,none<=10
39,"(skip(v=0),move+1)","(flip,move-1)","p3(1, 'x', 1)",3,1,10,none<=10,none<=10,none<=10,none<=10
39,"(skip(v=0),move+1)","(flip,move-1)","p3(1, 'x', 1)",3,2,10,none<=10,none<=10,none<=10,none<=10
39,"(skip(v=0),move+1)","(flip,move-1)","p3(1, 1, 'x')",3,0,10,none<=10,none<=10,none<=10,none<=10
39,"(skip(v=0),move+1)","(flip,move-1)","p3(1, 1, 'x')",3,1,10,none<=10,none<=10,none<=10,none<=10
39,"(skip(v=0),move+1)","(flip,move-1)","p3(1, 1, 'x')",3,2,10,none<=10,none<=10,none<=10,none<=10
40,"(skip(v=0),move+1)","(move-1,flip)",none,1,0,10,none<=10,none<=10,none<=10,none<=10
40,"(skip(v=0),move+1)","(move-1,flip)","(x,xbar)",2,0,10,none<=10,none<=10,none<=10,none<=10
40,"(skip(v=0),move+1)","(move-1,flip)","(x,xbar)",2,1,10,none<=10,none<=10,none<=10,none<=10
40,"(skip(v=0),move+1)","(move-1,flip)","(xbar,x)",2,0,10,none<=10,none<=10,none<=10,none<=10
40,"(skip(v=0),move+1)","(move-1,flip)","(xbar,x)",2,1,10,none<=10,none<=10,none<=10,none<=10
40,"(skip(v=0),move+1)","(move-1,flip)","(x,1)",2,0,10,none<=10,none<=10,none<=10,none<=10
40,"(skip(v=0),move+1)","(move-1,flip)","(x,1)",2,1,10,none<=10,none<=10,none<=10,none<=10
40,"(skip(v=0),move+1)","(move-1,flip)","(1,x)",2,0,10,none<=10,none<=10,none<=10,none<=10
40,"(skip(v=0),move+1)","(move-1,flip)","(1,x)",2,1,10,none<=10,none<=10,none<=10,none<=10
40,"(skip(v=0),move+1)","(move-1,flip)","(x,0)",2,0,10,none<=10,none<=10,none<=10,none<=10
40,"(skip(v=0),move+1)","(move-1,flip)","(x,0)",2,1,10,none<=10,none<=10,none<=10,none<=10
40,"(skip(v=0),move+1)","(move-1,flip)","(0,x)",2,0,10,none<=10,none<=10,none<=10,none<=10
40,"(skip(v=0),move+1)","(move-1,flip)","(0,x)",2,1,10,none<=10,none<=10,none<=10,none<=10
40,"(skip(v=0),move+1)","(move-1,flip)","p3('x', 0, 1)",3,0,10,none<=10,none<=10,none<=10,none<=10
40,"(skip(v=0),move+1)","(move-1,flip)","p3('x', 0, 1)",3,1,10,none<=10,none<=10,none<=10,none<=10
40,"(skip(v=0),move+1)","(move-1,flip)","p3('x', 0, 1)",3,2,10,none<=10,none<=10,none<=10,none<=10
40,"(skip(v=0),move+1)","(move-1,flip)","p3(1, 'x', 0)",3,0,10,none<=10,none<=10,none<=10,none<=10
40,"(skip(v=0),move+1)","(move-1,flip)","p3(1, 'x', 0)",3,1,10,none<=10,none<=10,none<=10,none<=10
40,"(skip(v=0),move+1)","(move-1,flip)","p3(1, 'x', 0)",3,2,10,none<=10,none<=10,none<=10,none<=10
40,"(skip(v=0),move+1)","(move-1,flip)","p3(0, 1, 'x')",3,0,10,none<=10,none<=10,none<=10,none<=10
40,"(skip(v=0),move+1)","(move-1,flip)","p3(0, 1, 'x')",3,1,10,none<=10,none<=10,none<=10,none<=10
40,"(skip(v=0),move+1)","(move-1,flip)","p3(0, 1, 'x')",3,2,10,none<=10,none<=10,none<=10,none<=10
40,"(skip(v=0),move+1)","(move-1,flip)","p3('x', 1, 0)",3,0,10,none<=10,none<=10,none<=10,none<=10
40,"(skip(v=0),move+1)","(move-1,flip)","p3('x', 1, 0)",3,1,10,none<=10,none<=10,none<=10,none<=10
40,"(skip(v=0),move+1)","(move-1,flip)","p3('x', 1, 0)",3,2,10,none<=10,none<=10,none<=10,none<=10
40,"(skip(v=0),move+1)","(move-1,flip)","p3(0, 'x', 1)",3,0,10,none<=10,none<=10,none<=10,none<=10
40,"(skip(v=0),move+1)","(move-1,flip)","p3(0, 'x', 1)",3,1,10,none<=10,none<=10,none<=10,none<=10
40,"(skip(v=0),move+1)","(move-1,flip)","p3(0, 'x', 1)",3,2,10,none<=10,none<=10,none<=10,none<=10
40,"(skip(v=0),move+1)","(move-1,flip)","p3(1, 0, 'x')",3,0,10,none<=10,none<=10,none<=10,none<=10
40,"(skip(v=0),move+1)","(move-1,flip)","p3(1, 0, 'x')",3,1,10,none<=10,none<=10,none<=10,none<=10
40,"(skip(v=0),move+1)","(move-1,flip)","p3(1, 0, 'x')",3,2,10,none<=10,none<=10,none<=10,none<=10
40,"(skip(v=0),move+1)","(move-1,flip)","p3('x', 0, 0)",3,0,10,none<=10,none<=10,none<=10,none<=10
40,"(skip(v=0),move+1)","(move-1,flip)","p3('x', 0, 0)",3,1,10,none<=10,none<=10,none<=10,none<=10
40,"(skip(v=0),move+1)","(move-1,flip)","p3('x', 0, 0)",3,2,10,none<=10,none<=10,none<=10,none<=10
40,"(skip(v=0),move+1)","(move-1,flip)","p3(0, 'x', 0)",3,0,10,none<=10,none<=10,none<=10,none<=10
40,"(skip(v=0),move+1)","(move-1,flip)","p3(0, 'x', 0)",3,1,10,none<=10,none<=10,none<=10,none<=10
40,"(skip(v=0),move+1)","(move-1,flip)","p3(0, 'x', 0)",3,2,10,none<=10,none<=10,none<=10,none<=10
40,"(skip(v=0),move+1)","(move-1,flip)","p3(0, 0, 'x')",3,0,10,none<=10,none<=10,none<=10,none<=10
40,"(skip(v=0),move+1)","(move-1,flip)","p3(0, 0, 'x')",3,1,10,none<=10,none<=10,none<=10,none<=10
40,"(skip(v=0),move+1)","(move-1,flip)","p3(0, 0, 'x')",3,2,10,none<=10,none<=10,none<=10,none<=10
40,"(skip(v=0),move+1)","(move-1,flip)","p3('x', 1, 1)",3,0,10,none<=10,none<=10,none<=10,none<=10
40,"(skip(v=0),move+1)","(move-1,flip)","p3('x', 1, 1)",3,1,10,none<=10,none<=10,none<=10,none<=10
40,"(skip(v=0),move+1)","(move-1,flip)","p3('x', 1, 1)",3,2,10,none<=10,none<=10,none<=10,none<=10
40,"(skip(v=0),move+1)","(move-1,flip)","p3(1, 'x', 1)",3,0,10,none<=10,none<=10,none<=10,none<=10
40,"(skip(v=0),move+1)","(move-1,flip)","p3(1, 'x', 1)",3,1,10,none<=10,none<=10,none<=10,none<=10
40,"(skip(v=0),move+1)","(move-1,flip)","p3(1, 'x', 1)",3,2,10,none<=10,none<=10,none<=10,none<=10
40,"(skip(v=0),move+1)","(move-1,flip)","p3(1, 1, 'x')",3,0,10,none<=10,none<=10,none<=10,none<=10
40,"(skip(v=0),move+1)","(move-1,flip)","p3(1, 1, 'x')",3,1,10,none<=10,none<=10,none<=10,none<=10
40,"(skip(v=0),move+1)","(move-1,flip)","p3(1, 1, 'x')",3,2,10,none<=10,none<=10,none<=10,none<=10
41,"(skip(v=0),move+1)","(move-1,flip,skip(v=0))",none,1,0,10,none<=10,none<=10,none<=10,none<=10
41,"(skip(v=0),move+1)","(move-1,flip,skip(v=0))","(x,xbar)",2,0,10,none<=10,none<=10,none<=10,none<=10
41,"(skip(v=0),move+1)","(move-1,flip,skip(v=0))","(x,xbar)",2,1,10,none<=10,none<=10,none<=10,none<=10
41,"(skip(v=0),move+1)","(move-1,flip,skip(v=0))","(xbar,x)",2,0,10,none<=10,none<=10,none<=10,none<=10
41,"(skip(v=0),move+1)","(move-1,flip,skip(v=0))","(xbar,x)",2,1,10,none<=10,none<=10,none<=10,none<=10
41,"(skip(v=0),move+1)","(move-1,flip,skip(v=0))","(x,1)",2,0,10,none<=10,none<=10,none<=10,none<=10
41,"(skip(v=0),move+1)","(move-1,flip,skip(v=0))","(x,1)",2,1,10,none<=10,none<=10,none<=10,none<=10
41,"(skip(v=0),move+1)","(move-1,flip,skip(v=0))","(1,x)",2,0,10,none<=10,none<=10,none<=10,none<=10
41,"(skip(v=0),move+1)","(move-1,flip,skip(v=0))","(1,x)",2,1,10,none<=10,none<=10,none<=10,none<=10
41,"(skip(v=0),move+1)","(move-1,flip,skip(v=0))","(x,0)",2,0,10,none<=10,none<=10,none<=10,none<=10
41,"(skip(v=0),move+1)","(move-1,flip,skip(v=0))","(x,0)",2,1,10,none<=10,none<=10,none<=10,none<=10
41,"(skip(v=0),move+1)","(move-1,flip,skip(v=0))","(0,x)",2,0,10,none<=10,none<=10,none<=10,none<=10
41,"(skip(v=0),move+1)","(move-1,flip,skip(v=0))","(0,x)",2,1,10,none<=10,none<=10,none<=10,none<=10
41,"(skip(v=0),move+1)","(move-1,flip,skip(v=0))","p3('x', 0, 1)",3,0,10,none<=10,none<=10,none<=10,none<=10
41,"(skip(v=0),move+1)","(move-1,flip,skip(v=0))","p3('x', 0, 1)",3,1,10,none<=10,none<=10,none<=10,none<=10
41,"(skip(v=0),move+1)","(move-1,flip,skip(v=0))","p3('x', 0, 1)",3,2,10,none<=10,none<=10,none<=10,none<=10
41,"(skip(v=0),move+1)","(move-1,flip,skip(v=0))","p3(1, 'x', 0)",3,0,10,none<=10,none<=10,none<=10,none<=10
41,"(skip(v=0),move+1)","(move-1,flip,skip(v=0))","p3(1, 'x', 0)",3,1,10,none<=10,none<=10,none<=10,none<=10
41,"(skip(v=0),move+1)","(move-1,flip,skip(v=0))","p3(1, 'x', 0)",3,2,10,none<=10,none<=10,none<=10,none<=10
41,"(skip(v=0),move+1)","(move-1,flip,skip(v=0))","p3(0, 1, 'x')",3,0,10,none<=10,none<=10,none<=10,none<=10
41,"(skip(v=0),move+1)","(move-1,flip,skip(v=0))","p3(0, 1, 'x')",3,1,10,none<=10,none<=10,none<=10,none<=10
41,"(skip(v=0),move+1)","(move-1,flip,skip(v=0))","p3(0, 1, 'x')",3,2,10,none<=10,none<=10,none<=10,none<=10
41,"(skip(v=0),move+1)","(move-1,flip,skip(v=0))","p3('x', 1, 0)",3,0,10,none<=10,none<=10,none<=10,none<=10
41,"(skip(v=0),move+1)","(move-1,flip,skip(v=0))","p3('x', 1, 0)",3,1,10,none<=10,none<=10,none<=10,none<=10
41,"(skip(v=0),move+1)","(move-1,flip,skip(v=0))","p3('x', 1, 0)",3,2,10,none<=10,none<=10,none<=10,none<=10
41,"(skip(v=0),move+1)","(move-1,flip,skip(v=0))","p3(0, 'x', 1)",3,0,10,none<=10,none<=10,none<=10,none<=10
41,"(skip(v=0),move+1)","(move-1,flip,skip(v=0))","p3(0, 'x', 1)",3,1,10,none<=10,none<=10,none<=10,none<=10
41,"(skip(v=0),move+1)","(move-1,flip,skip(v=0))","p3(0, 'x', 1)",3,2,10,none<=10,none<=10,none<=10,none<=10
41,"(skip(v=0),move+1)","(move-1,flip,skip(v=0))","p3(1, 0, 'x')",3,0,10,none<=10,none<=10,none<=10,none<=10
41,"(skip(v=0),move+1)","(move-1,flip,skip(v=0))","p3(1, 0, 'x')",3,1,10,none<=10,none<=10,none<=10,none<=10
41,"(skip(v=0),move+1)","(move-1,flip,skip(v=0))","p3(1, 0, 'x')",3,2,10,none<=10,none<=10,none<=10,none<=10
41,"(skip(v=0),move+1)","(move-1,flip,skip(v=0))","p3('x', 0, 0)",3,0,10,none<=10,none<=10,none<=10,none<=10
41,"(skip(v=0),move+1)","(move-1,flip,skip(v=0))","p3('x', 0, 0)",3,1,10,none<=10,none<=10,none<=10,none<=10
41,"(skip(v=0),move+1)","(move-1,flip,skip(v=0))","p3('x', 0, 0)",3,2,10,none<=10,none<=10,none<=10,none<=10
41,"(skip(v=0),move+1)","(move-1,flip,skip(v=0))","p3(0, 'x', 0)",3,0,10,none<=10,none<=10,none<=10,none<=10
41,"(skip(v=0),move+1)","(move-1,flip,skip(v=0))","p3(0, 'x', 0)",3,1,10,none<=10,none<=10,none<=10,none<=10
41,"(skip(v=0),move+1)","(move-1,flip,skip(v=0))","p3(0, 'x', 0)",3,2,10,none<=10,none<=10,none<=10,none<=10
41,"(skip(v=0),move+1)","(move-1,flip,skip(v=0))","p3(0, 0, 'x')",3,0,10,none<=10,none<=10,none<=10,none<=10
41,"(skip(v=0),move+1)","(move-1,flip,skip(v=0))","p3(0, 0, 'x')",3,1,10,none<=10,none<=10,none<=10,none<=10
41,"(skip(v=0),move+1)","(move-1,flip,skip(v=0))","p3(0, 0, 'x')",3,2,10,none<=10,none<=10,none<=10,none<=10
41,"(skip(v=0),move+1)","(move-1,flip,skip(v=0))","p3('x', 1, 1)",3,0,10,none<=10,none<=10,none<=10,none<=10
41,"(skip(v=0),move+1)","(move-1,flip,skip(v=0))","p3('x', 1, 1)",3,1,10,none<=10,none<=10,none<=10,none<=10
41,"(skip(v=0),move+1)","(move-1,flip,skip(v=0))","p3('x', 1, 1)",3,2,10,none<=10,none<=10,none<=10,none<=10
41,"(skip(v=0),move+1)","(move-1,flip,skip(v=0))","p3(1, 'x', 1)",3,0,10,none<=10,none<=10,none<=10,none<=10
41,"(skip(v=0),move+1)","(move-1,flip,skip(v=0))","p3(1, 'x', 1)",3,1,10,none<=10,none<=10,none<=10,none<=10
41,"(skip(v=0),move+1)","(move-1,flip,skip(v=0))","p3(1, 'x', 1)",3,2,10,none<=10,none<=10,none<=10,none<=10
41,"(skip(v=0),move+1)","(move-1,flip,skip(v=0))","p3(1, 1, 'x')",3,0,10,none<=10,none<=10,none<=10,none<=10
41,"(skip(v=0),move+1)","(move-1,flip,skip(v=0))","p3(1, 1, 'x')",3,1,10,none<=10,none<=10,none<=10,none<=10
41,"(skip(v=0),move+1)","(move-1,flip,skip(v=0))","p3(1, 1, 'x')",3,2,10,none<=10,none<=10,none<=10,none<=10
42,"(skip(v=0),move+1)","(skip(v=0),flip,move-1)",none,1,0,10,none<=10,none<=10,none<=10,none<=10
42,"(skip(v=0),move+1)","(skip(v=0),flip,move-1)","(x,xbar)",2,0,10,none<=10,none<=10,none<=10,none<=10
42,"(skip(v=0),move+1)","(skip(v=0),flip,move-1)","(x,xbar)",2,1,10,none<=10,none<=10,none<=10,none<=10
42,"(skip(v=0),move+1)","(skip(v=0),flip,move-1)","(xbar,x)",2,0,10,none<=10,none<=10,none<=10,none<=10
42,"(skip(v=0),move+1)","(skip(v=0),flip,move-1)","(xbar,x)",2,1,10,none<=10,none<=10,none<=10,none<=10
42,"(skip(v=0),move+1)","(skip(v=0),flip,move-1)","(x,1)",2,0,10,none<=10,none<=10,none<=10,none<=10
42,"(skip(v=0),move+1)","(skip(v=0),flip,move-1)","(x,1)",2,1,10,none<=10,none<=10,none<=10,none<=10
42,"(skip(v=0),move+1)","(skip(v=0),flip,move-1)","(1,x)",2,0,10,none<=10,none<=10,none<=10,none<=10
42,"(skip(v=0),move+1)","(skip(v=0),flip,move-1)","(1,x)",2,1,10,none<=10,none<=10,none<=10,none<=10
42,"(skip(v=0),move+1)","(skip(v=0),flip,move-1)","(x,0)",2,0,10,none<=10,none<=10,none<=10,none<=10
42,"(skip(v=0),move+1)","(skip(v=0),flip,move-1)","(x,0)",2,1,10,none<=10,none<=10,none<=10,none<=10
42,"(skip(v=0),move+1)","(skip(v=0),flip,move-1)","(0,x)",2,0,10,none<=10,none<=10,none<=10,none<=10
42,"(skip(v=0),move+1)","(skip(v=0),flip,move-1)","(0,x)",2,1,10,none<=10,none<=10,none<=10,none<=10
42,"(skip(v=0),move+1)","(skip(v=0),flip,move-1)","p3('x', 0, 1)",3,0,10,none<=10,none<=10,none<=10,none<=10
42,"(skip(v=0),move+1)","(skip(v=0),flip,move-1)","p3('x', 0, 1)",3,1,10,none<=10,none<=10,none<=10,none<=10
42,"(skip(v=0),move+1)","(skip(v=0),flip,move-1)","p3('x', 0, 1)",3,2,10,none<=10,none<=10,none<=10,none<=10
42,"(skip(v=0),move+1)","(skip(v=0),flip,move-1)","p3(1, 'x', 0)",3,0,10,none<=10,none<=10,none<=10,none<=10
42,"(skip(v=0),move+1)","(skip(v=0),flip,move-1)","p3(1, 'x', 0)",3,1,10,none<=10,none<=10,none<=10,none<=10
42,"(skip(v=0),move+1)","(skip(v=0),flip,move-1)","p3(1, 'x', 0)",3,2,10,none<=10,none<=10,none<=10,none<=10
42,"(skip(v=0),move+1)","(skip(v=0),flip,move-1)","p3(0, 1, 'x')",3,0,10,none<=10,none<=10,none<=10,none<=10
42,"(skip(v=0),move+1)","(skip(v=0),flip,move-1)","p3(0, 1, 'x')",3,1,10,none<=10,none<=10,none<=10,none<=10
42,"(skip(v=0),move+1)","(skip(v=0),flip,move-1)","p3(0, 1, 'x')",3,2,10,none<=10,none<=10,none<=10,none<=10
42,"(skip(v=0),move+1)","(skip(v=0),flip,move-1)","p3('x', 1, 0)",3,0,10,none<=10,none<=10,none<=10,none<=10
42,"(skip(v=0),move+1)","(skip(v=0),flip,move-1)","p3('x', 1, 0)",3,1,10,none<=10,none<=10,none<=10,none<=10
42,"(skip(v=0),move+1)","(skip(v=0),flip,move-1)","p3('x', 1, 0)",3,2,10,none<=10,none<=10,none<=10,none<=10
42,"(skip(v=0),move+1)","(skip(v=0),flip,move-1)","p3(0, 'x', 1)",3,0,10,none<=10,none<=10,none<=10,none<=10
42,"(skip(v=0),move+1)","(skip(v=0),flip,move-1)","p3(0, 'x', 1)",3,1,10,none<=10,none<=10,none<=10,none<=10
42,"(skip(v=0),move+1)","(skip(v=0),flip,move-1)","p3(0, 'x', 1)",3,2,10,none<=10,none<=10,none<=10,none<=10
42,"(skip(v=0),move+1)","(skip(v=0),flip,move-1)","p3(1, 0, 'x')",3,0,10,none<=10,none<=10,none<=10,none<=10
42,"(skip(v=0),move+1)","(skip(v=0),flip,move-1)","p3(1, 0, 'x')",3,1,10,none<=10,none<=10,none<=10,none<=10
42,"(skip(v=0),move+1)","(skip(v=0),flip,move-1)","p3(1, 0, 'x')",3,2,10,none<=10,none<=10,none<=10,none<=10
42,"(skip(v=0),move+1)","(skip(v=0),flip,move-1)","p3('x', 0, 0)",3,0,10,none<=10,none<=10,none<=10,none<=10
42,"(skip(v=0),move+1)","(skip(v=0),flip,move-1)","p3('x', 0, 0)",3,1,10,none<=10,none<=10,none<=10,none<=10
42,"(skip(v=0),move+1)","(skip(v=0),flip,move-1)","p3('x', 0, 0)",3,2,10,none<=10,none<=10,none<=10,none<=10
42,"(skip(v=0),move+1)","(skip(v=0),flip,move-1)","p3(0, 'x', 0)",3,0,10,none<=10,none<=10,none<=10,none<=10
42,"(skip(v=0),move+1)","(skip(v=0),flip,move-1)","p3(0, 'x', 0)",3,1,10,none<=10,none<=10,none<=10,none<=10
42,"(skip(v=0),move+1)","(skip(v=0),flip,move-1)","p3(0, 'x', 0)",3,2,10,none<=10,none<=10,none<=10,none<=10
42,"(skip(v=0),move+1)","(skip(v=0),flip,move-1)","p3(0, 0, 'x')",3,0,10,none<=10,none<=10,none<=10,none<=10
42,"(skip(v=0),move+1)","(skip(v=0),flip,move-1)","p3(0, 0, 'x')",3,1,10,none<=10,none<=10,none<=10,none<=10
42,"(skip(v=0),move+1)","(skip(v=0),flip,move-1)","p3(0, 0, 'x')",3,2,10,none<=10,none<=10,none<=10,none<=10
42,"(skip(v=0),move+1)","(skip(v=0),flip,move-1)","p3('x', 1, 1)",3,0,10,none<=10,none<=10,none<=10,none<=10
42,"(skip(v=0),move+1)","(skip(v=0),flip,move-1)","p3('x', 1, 1)",3,1,10,none<=10,none<=10,none<=10,none<=10
42,"(skip(v=0),move+1)","(skip(v=0),flip,move-1)","p3('x', 1, 1)",3,2,10,none<=10,none<=10,none<=10,none<=10
42,"(skip(v=0),move+1)","(skip(v=0),flip,move-1)","p3(1, 'x', 1)",3,0,10,none<=10,none<=10,none<=10,none<=10
42,"(skip(v=0),move+1)","(skip(v=0),flip,move-1)","p3(1, 'x', 1)",3,1,10,none<=10,none<=10,none<=10,none<=10
42,"(skip(v=0),move+1)","(skip(v=0),flip,move-1)","p3(1, 'x', 1)",3,2,10,none<=10,none<=10,none<=10,none<=10
42,"(skip(v=0),move+1)","(skip(v=0),flip,move-1)","p3(1, 1, 'x')",3,0,10,none<=10,none<=10,none<=10,none<=10
42,"(skip(v=0),move+1)","(skip(v=0),flip,move-1)","p3(1, 1, 'x')",3,1,10,none<=10,none<=10,none<=10,none<=10
42,"(skip(v=0),move+1)","(skip(v=0),flip,move-1)","p3(1, 1, 'x')",3,2,10,none<=10,none<=10,none<=10,none<=10
43,"(skip(v=0),move+1)","(skip(v=0),move-1,flip)",none,1,0,10,none<=10,none<=10,none<=10,none<=10
43,"(skip(v=0),move+1)","(skip(v=0),move-1,flip)","(x,xbar)",2,0,10,none<=10,none<=10,none<=10,none<=10
43,"(skip(v=0),move+1)","(skip(v=0),move-1,flip)","(x,xbar)",2,1,10,none<=10,none<=10,none<=10,none<=10
43,"(skip(v=0),move+1)","(skip(v=0),move-1,flip)","(xbar,x)",2,0,10,none<=10,none<=10,none<=10,none<=10
43,"(skip(v=0),move+1)","(skip(v=0),move-1,flip)","(xbar,x)",2,1,10,none<=10,none<=10,none<=10,none<=10
43,"(skip(v=0),move+1)","(skip(v=0),move-1,flip)","(x,1)",2,0,10,none<=10,none<=10,none<=10,none<=10
43,"(skip(v=0),move+1)","(skip(v=0),move-1,flip)","(x,1)",2,1,10,none<=10,none<=10,none<=10,none<=10
43,"(skip(v=0),move+1)","(skip(v=0),move-1,flip)","(1,x)",2,0,10,none<=10,none<=10,none<=10,none<=10
43,"(skip(v=0),move+1)","(skip(v=0),move-1,flip)","(1,x)",2,1,10,none<=10,none<=10,none<=10,none<=10
43,"(skip(v=0),move+1)","(skip(v=0),move-1,flip)","(x,0)",2,0,10,none<=10,none<=10,none<=10,none<=10
43,"(skip(v=0),move+1)","(skip(v=0),move-1,flip)","(x,0)",2,1,10,none<=10,none<=10,none<=10,none<=10
43,"(skip(v=0),move+1)","(skip(v=0),move-1,flip)","(0,x)",2,0,10,none<=10,none<=10,none<=10,none<=10
43,"(skip(v=0),move+1)","(skip(v=0),move-1,flip)","(0,x)",2,1,10,none<=10,none<=10,none<=10,none<=10
43,"(skip(v=0),move+1)","(skip(v=0),move-1,flip)","p3('x', 0, 1)",3,0,10,none<=10,none<=10,none<=10,none<=10
43,"(skip(v=0),move+1)","(skip(v=0),move-1,flip)","p3('x', 0, 1)",3,1,10,none<=10,none<=10,none<=10,none<=10
43,"(skip(v=0),move+1)","(skip(v=0),move-1,flip)","p3('x', 0, 1)",3,2,10,none<=10,none<=10,none<=10,none<=10
43,"(skip(v=0),move+1)","(skip(v=0),move-1,flip)","p3(1, 'x', 0)",3,0,10,none<=10,none<=10,none<=10,none<=10
43,"(skip(v=0),move+1)","(skip(v=0),move-1,flip)","p3(1, 'x', 0)",3,1,10,none<=10,none<=10,none<=10,none<=10
43,"(skip(v=0),move+1)","(skip(v=0),move-1,flip)","p3(1, 'x', 0)",3,2,10,none<=10,none<=10,none<=10,none<=10
43,"(skip(v=0),move+1)","(skip(v=0),move-1,flip)","p3(0, 1, 'x')",3,0,10,none<=10,none<=10,none<=10,none<=10
43,"(skip(v=0),move+1)","(skip(v=0),move-1,flip)","p3(0, 1, 'x')",3,1,10,none<=10,none<=10,none<=10,none<=10
43,"(skip(v=0),move+1)","(skip(v=0),move-1,flip)","p3(0, 1, 'x')",3,2,10,none<=10,none<=10,none<=10,none<=10
43,"(skip(v=0),move+1)","(skip(v=0),move-1,flip)","p3('x', 1, 0)",3,0,10,none<=10,none<=10,none<=10,none<=10
43,"(skip(v=0),move+1)","(skip(v=0),move-1,flip)","p3('x', 1, 0)",3,1,10,none<=10,none<=10,none<=10,none<=10
43,"(skip(v=0),move+1)","(skip(v=0),move-1,flip)","p3('x', 1, 0)",3,2,10,none<=10,none<=10,none<=10,none<=10
43,"(skip(v=0),move+1)","(skip(v=0),move-1,flip)","p3(0, 'x', 1)",3,0,10,none<=10,none<=10,none<=10,none<=10
43,"(skip(v=0),move+1)","(skip(v=0),move-1,flip)","p3(0, 'x', 1)",3,1,10,none<=10,none<=10,none<=10,none<=10
43,"(skip(v=0),move+1)","(skip(v=0),move-1,flip)","p3(0, 'x', 1)",3,2,10,none<=10,none<=10,none<=10,none<=10
43,"(skip(v=0),move+1)","(skip(v=0),move-1,flip)","p3(1, 0, 'x')",3,0,10,none<=10,none<=10,none<=10,none<=10
43,"(skip(v=0),move+1)","(skip(v=0),move-1,flip)","p3(1, 0, 'x')",3,1,10,none<=10,none<=10,none<=10,none<=10
43,"(skip(v=0),move+1)","(skip(v=0),move-1,flip)","p3(1, 0, 'x')",3,2,10,none<=10,none<=10,none<=10,none<=10
43,"(skip(v=0),move+1)","(skip(v=0),move-1,flip)","p3('x', 0, 0)",3,0,10,none<=10,none<=10,none<=10,none<=10
43,"(skip(v=0),move+1)","(skip(v=0),move-1,flip)","p3('x', 0, 0)",3,1,10,none<=10,none<=10,none<=10,none<=10
43,"(skip(v=0),move+1)","(skip(v=0),move-1,flip)","p3('x', 0, 0)",3,2,10,none<=10,none<=10,none<=10,none<=10
43,"(skip(v=0),move+1)","(skip(v=0),move-1,flip)","p3(0, 'x', 0)",3,0,10,none<=10,none<=10,none<=10,none<=10
43,"(skip(v=0),move+1)","(skip(v=0),move-1,flip)","p3(0, 'x', 0)",3,1,10,none<=10,none<=10,none<=10,none<=10
43,"(skip(v=0),move+1)","(skip(v=0),move-1,flip)","p3(0, 'x', 0)",3,2,10,none<=10,none<=10,none<=10,none<=10
43,"(skip(v=0),move+1)","(skip(v=0),move-1,flip)","p3(0, 0, 'x')",3,0,10,none<=10,none<=10,none<=10,none<=10
43,"(skip(v=0),move+1)","(skip(v=0),move-1,flip)","p3(0, 0, 'x')",3,1,10,none<=10,none<=10,none<=10,none<=10
43,"(skip(v=0),move+1)","(skip(v=0),move-1,flip)","p3(0, 0, 'x')",3,2,10,none<=10,none<=10,none<=10,none<=10
43,"(skip(v=0),move+1)","(skip(v=0),move-1,flip)","p3('x', 1, 1)",3,0,10,none<=10,none<=10,none<=10,none<=10
43,"(skip(v=0),move+1)","(skip(v=0),move-1,flip)","p3('x', 1, 1)",3,1,10,none<=10,none<=10,none<=10,none<=10
43,"(skip(v=0),move+1)","(skip(v=0),move-1,flip)","p3('x', 1, 1)",3,2,10,none<=10,none<=10,none<=10,none<=10
43,"(skip(v=0),move+1)","(skip(v=0),move-1,flip)","p3(1, 'x', 1)",3,0,10,none<=10,none<=10,none<=10,none<=10
43,"(skip(v=0),move+1)","(skip(v=0),move-1,flip)","p3(1, 'x', 1)",3,1,10,none<=10,none<=10,none<=10,none<=10
43,"(skip(v=0),move+1)","(skip(v=0),move-1,flip)","p3(1, 'x', 1)",3,2,10,none<=10,none<=10,none<=10,none<=10
43,"(skip(v=0),move+1)","(skip(v=0),move-1,flip)","p3(1, 1, 'x')",3,0,10,none<=10,none<=10,none<=10,none<=10
43,"(skip(v=0),move+1)","(skip(v=0),move-1,flip)","p3(1, 1, 'x')",3,1,10,none<=10,none<=10,none<=10,none<=10
43,"(skip(v=0),move+1)","(skip(v=0),move-1,flip)","p3(1, 1, 'x')",3,2,10,none<=10,none<=10,none<=10,none<=10
44,"(skip(v=0),move+1)","(move-1,skip(v=0),flip)",none,1,0,10,none<=10,none<=10,none<=10,none<=10
44,"(skip(v=0),move+1)","(move-1,skip(v=0),flip)","(x,xbar)",2,0,10,none<=10,none<=10,none<=10,none<=10
44,"(skip(v=0),move+1)","(move-1,skip(v=0),flip)","(x,xbar)",2,1,10,none<=10,none<=10,none<=10,none<=10
44,"(skip(v=0),move+1)","(move-1,skip(v=0),flip)","(xbar,x)",2,0,10,none<=10,none<=10,none<=10,none<=10
44,"(skip(v=0),move+1)","(move-1,skip(v=0),flip)","(xbar,x)",2,1,10,none<=10,none<=10,none<=10,none<=10
44,"(skip(v=0),move+1)","(move-1,skip(v=0),flip)","(x,1)",2,0,10,none<=10,none<=10,none<=10,none<=10
44,"(skip(v=0),move+1)","(move-1,skip(v=0),flip)","(x,1)",2,1,10,none<=10,none<=10,none<=10,none<=10
44,"(skip(v=0),move+1)","(move-1,skip(v=0),flip)","(1,x)",2,0,10,none<=10,none<=10,none<=10,none<=10
44,"(skip(v=0),move+1)","(move-1,skip(v=0),flip)","(1,x)",2,1,10,none<=10,none<=10,none<=10,none<=10
44,"(skip(v=0),move+1)","(move-1,skip(v=0),flip)","(x,0)",2,0,10,none<=10,none<=10,none<=10,none<=10
44,"(skip(v=0),move+1)","(move-1,skip(v=0),flip)","(x,0)",2,1,10,none<=10,none<=10,none<=10,none<=10
44,"(skip(v=0),move+1)","(move-1,skip(v=0),flip)","(0,x)",2,0,10,none<=10,none<=10,none<=10,none<=10
44,"(skip(v=0),move+1)","(move-1,skip(v=0),flip)","(0,x)",2,1,10,none<=10,none<=10,none<=10,none<=10
44,"(skip(v=0),move+1)","(move-1,skip(v=0),flip)","p3('x', 0, 1)",3,0,10,none<=10,none<=10,none<=10,none<=10
44,"(skip(v=0),move+1)","(move-1,skip(v=0),flip)","p3('x', 0, 1)",3,1,10,none<=10,none<=10,none<=10,none<=10
44,"(skip(v=0),move+1)","(move-1,skip(v=0),flip)","p3('x', 0, 1)",3,2,10,none<=10,none<=10,none<=10,none<=10
44,"(skip(v=0),move+1)","(move-1,skip(v=0),flip)","p3(1, 'x', 0)",3,0,10,none<=10,none<=10,none<=10,none<=10
44,"(skip(v=0),move+1)","(move-1,skip(v=0),flip)","p3(1, 'x', 0)",3,1,10,none<=10,none<=10,none<=10,none<=10
44,"(skip(v=0),move+1)","(move-1,skip(v=0),flip)","p3(1, 'x', 0)",3,2,10,none<=10,none<=10,none<=10,none<=10
44,"(skip(v=0),move+1)","(move-1,skip(v=0),flip)","p3(0, 1, 'x')",3,0,10,none<=10,none<=10,none<=10,none<=10
44,"(skip(v=0),move+1)","(move-1,skip(v=0),flip)","p3(0, 1, 'x')",3,1,10,none<=10,none<=10,none<=10,none<=10
44,"(skip(v=0),move+1)","(move-1,skip(v=0),flip)","p3(0, 1, 'x')",3,2,10,none<=10,none<=10,none<=10,none<=10
44,"(skip(v=0),move+1)","(move-1,skip(v=0),flip)","p3('x', 1, 0)",3,0,10,none<=10,none<=10,none<=10,none<=10
44,"(skip(v=0),move+1)","(move-1,skip(v=0),flip)","p3('x', 1, 0)",3,1,10,none<=10,none<=10,none<=10,none<=10
44,"(skip(v=0),move+1)","(move-1,skip(v=0),flip)","p3('x', 1, 0)",3,2,10,none<=10,none<=10,none<=10,none<=10
44,"(skip(v=0),move+1)","(move-1,skip(v=0),flip)","p3(0, 'x', 1)",3,0,10,none<=10,none<=10,none<=10,none<=10
44,"(skip(v=0),move+1)","(move-1,skip(v=0),flip)","p3(0, 'x', 1)",3,1,10,none<=10,none<=10,none<=10,none<=10
44,"(skip(v=0),move+1)","(move-1,skip(v=0),flip)","p3(0, 'x', 1)",3,2,10,none<=10,none<=10,none<=10,none<=10
44,"(skip(v=0),move+1)","(move-1,skip(v=0),flip)","p3(1, 0, 'x')",3,0,10,none<=10,none<=10,none<=10,none<=10
44,"(skip(v=0),move+1)","(move-1,skip(v=0),flip)","p3(1, 0, 'x')",3,1,10,none<=10,none<=10,none<=10,none<=10
44,"(skip(v=0),move+1)","(move-1,skip(v=0),flip)","p3(1, 0, 'x')",3,2,10,none<=10,none<=10,none<=10,none<=10
44,"(skip(v=0),move+1)","(move-1,skip(v=0),flip)","p3('x', 0, 0)",3,0,10,none<=10,none<=10,none<=10,none<=10
44,"(skip(v=0),move+1)","(move-1,skip(v=0),flip)","p3('x', 0, 0)",3,1,10,none<=10,none<=10,none<=10,none<=10
44,"(skip(v=0),move+1)","(move-1,skip(v=0),flip)","p3('x', 0, 0)",3,2,10,none<=10,none<=10,none<=10,none<=10
44,"(skip(v=0),move+1)","(move-1,skip(v=0),flip)","p3(0, 'x', 0)",3,0,10,none<=10,none<=10,none<=10,none<=10
44,"(skip(v=0),move+1)","(move-1,skip(v=0),flip)","p3(0, 'x', 0)",3,1,10,none<=10,none<=10,none<=10,none<=10
44,"(skip(v=0),move+1)","(move-1,skip(v=0),flip)","p3(0, 'x', 0)",3,2,10,none<=10,none<=10,none<=10,none<=10
44,"(skip(v=0),move+1)","(move-1,skip(v=0),flip)","p3(0, 0, 'x')",3,0,10,none<=10,none<=10,none<=10,none<=10
44,"(skip(v=0),move+1)","(move-1,skip(v=0),flip)","p3(0, 0, 'x')",3,1,10,none<=10,none<=10,none<=10,none<=10
44,"(skip(v=0),move+1)","(move-1,skip(v=0),flip)","p3(0, 0, 'x')",3,2,10,none<=10,none<=10,none<=10,none<=10
44,"(skip(v=0),move+1)","(move-1,skip(v=0),flip)","p3('x', 1, 1)",3,0,10,none<=10,none<=10,none<=10,none<=10
44,"(skip(v=0),move+1)","(move-1,skip(v=0),flip)","p3('x', 1, 1)",3,1,10,none<=10,none<=10,none<=10,none<=10
44,"(skip(v=0),move+1)","(move-1,skip(v=0),flip)","p3('x', 1, 1)",3,2,10,none<=10,none<=10,none<=10,none<=10
44,"(skip(v=0),move+1)","(move-1,skip(v=0),flip)","p3(1, 'x', 1)",3,0,10,none<=10,none<=10,none<=10,none<=10
44,"(skip(v=0),move+1)","(move-1,skip(v=0),flip)","p3(1, 'x', 1)",3,1,10,none<=10,none<=10,none<=10,none<=10
44,"(skip(v=0),move+1)","(move-1,skip(v=0),flip)","p3(1, 'x', 1)",3,2,10,none<=10,none<=10,none<=10,none<=10
44,"(skip(v=0),move+1)","(move-1,skip(v=0),flip)","p3(1, 1, 'x')",3,0,10,none<=10,none<=10,none<=10,none<=10
44,"(skip(v=0),move+1)","(move-1,skip(v=0),flip)","p3(1, 1, 'x')",3,1,10,none<=10,none<=10,none<=10,none<=10
44,"(skip(v=0),move+1)","(move-1,skip(v=0),flip)","p3(1, 1, 'x')",3,2,10,none<=10,none<=10,none<=10,none<=10
45,"(skip(v=0),move+1)","(flip,skip(v=0),move-1)",none,1,0,10,none<=10,none<=10,none<=10,none<=10
45,"(skip(v=0),move+1)","(flip,skip(v=0),move-1)","(x,xbar)",2,0,10,none<=10,none<=10,none<=10,none<=10
45,"(skip(v=0),move+1)","(flip,skip(v=0),move-1)","(x,xbar)",2,1,10,none<=10,none<=10,none<=10,none<=10
45,"(skip(v=0),move+1)","(flip,skip(v=0),move-1)","(xbar,x)",2,0,10,none<=10,none<=10,none<=10,none<=10
45,"(skip(v=0),move+1)","(flip,skip(v=0),move-1)","(xbar,x)",2,1,10,none<=10,none<=10,none<=10,none<=10
45,"(skip(v=0),move+1)","(flip,skip(v=0),move-1)","(x,1)",2,0,10,none<=10,none<=10,none<=10,none<=10
45,"(skip(v=0),move+1)","(flip,skip(v=0),move-1)","(x,1)",2,1,10,none<=10,none<=10,none<=10,none<=10
45,"(skip(v=0),move+1)","(flip,skip(v=0),move-1)","(1,x)",2,0,10,none<=10,none<=10,none<=10,none<=10
45,"(skip(v=0),move+1)","(flip,skip(v=0),move-1)","(1,x)",2,1,10,none<=10,none<=10,none<=10,none<=10
45,"(skip(v=0),move+1)","(flip,skip(v=0),move-1)","(x,0)",2,0,10,none<=10,none<=10,none<=10,none<=10
45,"(skip(v=0),move+1)","(flip,skip(v=0),move-1)","(x,0)",2,1,10,none<=10,none<=10,none<=10,none<=10
45,"(skip(v=0),move+1)","(flip,skip(v=0),move-1)","(0,x)",2,0,10,none<=10,none<=10,none<=10,none<=10
45,"(skip(v=0),move+1)","(flip,skip(v=0),move-1)","(0,x)",2,1,10,none<=10,none<=10,none<=10,none<=10
45,"(skip(v=0),move+1)","(flip,skip(v=0),move-1)","p3('x', 0, 1)",3,0,10,none<=10,none<=10,none<=10,none<=10
45,"(skip(v=0),move+1)","(flip,skip(v=0),move-1)","p3('x', 0, 1)",3,1,10,none<=10,none<=10,none<=10,none<=10
45,"(skip(v=0),move+1)","(flip,skip(v=0),move-1)","p3('x', 0, 1)",3,2,10,none<=10,none<=10,none<=10,none<=10
45,"(skip(v=0),move+1)","(flip,skip(v=0),move-1)","p3(1, 'x', 0)",3,0,10,none<=10,none<=10,none<=10,none<=10
45,"(skip(v=0),move+1)","(flip,skip(v=0),move-1)","p3(1, 'x', 0)",3,1,10,none<=10,none<=10,none<=10,none<=10
45,"(skip(v=0),move+1)","(flip,skip(v=0),move-1)","p3(1, 'x', 0)",3,2,10,none<=10,none<=10,none<=10,none<=10
45,"(skip(v=0),move+1)","(flip,skip(v=0),move-1)","p3(0, 1, 'x')",3,0,10,none<=10,none<=10,none<=10,none<=10
45,"(skip(v=0),move+1)","(flip,skip(v=0),move-1)","p3(0, 1, 'x')",3,1,10,none<=10,none<=10,none<=10,none<=10
45,"(skip(v=0),move+1)","(flip,skip(v=0),move-1)","p3(0, 1, 'x')",3,2,10,none<=10,none<=10,none<=10,none<=10
45,"(skip(v=0),move+1)","(flip,skip(v=0),move-1)","p3('x', 1, 0)",3,0,10,none<=10,none<=10,none<=10,none<=10
45,"(skip(v=0),move+1)","(flip,skip(v=0),move-1)","p3('x', 1, 0)",3,1,10,none<=10,none<=10,none<=10,none<=10
45,"(skip(v=0),move+1)","(flip,skip(v=0),move-1)","p3('x', 1, 0)",3,2,10,none<=10,none<=10,none<=10,none<=10
45,"(skip(v=0),move+1)","(flip,skip(v=0),move-1)","p3(0, 'x', 1)",3,0,10,none<=10,none<=10,none<=10,none<=10
45,"(skip(v=0),move+1)","(flip,skip(v=0),move-1)","p3(0, 'x', 1)",3,1,10,none<=10,none<=10,none<=10,none<=10
45,"(skip(v=0),move+1)","(flip,skip(v=0),move-1)","p3(0, 'x', 1)",3,2,10,none<=10,none<=10,none<=10,none<=10
45,"(skip(v=0),move+1)","(flip,skip(v=0),move-1)","p3(1, 0, 'x')",3,0,10,none<=10,none<=10,none<=10,none<=10
45,"(skip(v=0),move+1)","(flip,skip(v=0),move-1)","p3(1, 0, 'x')",3,1,10,none<=10,none<=10,none<=10,none<=10
45,"(skip(v=0),move+1)","(flip,skip(v=0),move-1)","p3(1, 0, 'x')",3,2,10,none<=10,none<=10,none<=10,none<=10
45,"(skip(v=0),move+1)","(flip,skip(v=0),move-1)","p3('x', 0, 0)",3,0,10,none<=10,none<=10,none<=10,none<=10
45,"(skip(v=0),move+1)","(flip,skip(v=0),move-1)","p3('x', 0, 0)",3,1,10,none<=10,none<=10,none<=10,none<=10
45,"(skip(v=0),move+1)","(flip,skip(v=0),move-1)","p3('x', 0, 0)",3,2,10,none<=10,none<=10,none<=10,none<=10
45,"(skip(v=0),move+1)","(flip,skip(v=0),move-1)","p3(0, 'x', 0)",3,0,10,none<=10,none<=10,none<=10,none<=10
45,"(skip(v=0),move+1)","(flip,skip(v=0),move-1)","p3(0, 'x', 0)",3,1,10,none<=10,none<=10,none<=10,none<=10
45,"(skip(v=0),move+1)","(flip,skip(v=0),move-1)","p3(0, 'x', 0)",3,2,10,none<=10,none<=10,none<=10,none<=10
45,"(skip(v=0),move+1)","(flip,skip(v=0),move-1)","p3(0, 0, 'x')",3,0,10,none<=10,none<=10,none<=10,none<=10
45,"(skip(v=0),move+1)","(flip,skip(v=0),move-1)","p3(0, 0, 'x')",3,1,10,none<=10,none<=10,none<=10,none<=10
45,"(skip(v=0),move+1)","(flip,skip(v=0),move-1)","p3(0, 0, 'x')",3,2,10,none<=10,none<=10,none<=10,none<=10
45,"(skip(v=0),move+1)","(flip,skip(v=0),move-1)","p3('x', 1, 1)",3,0,10,none<=10,none<=10,none<=10,none<=10
45,"(skip(v=0),move+1)","(flip,skip(v=0),move-1)","p3('x', 1, 1)",3,1,10,none<=10,none<=10,none<=10,none<=10
45,"(skip(v=0),move+1)","(flip,skip(v=0),move-1)","p3('x', 1, 1)",3,2,10,none<=10,none<=10,none<=10,none<=10
45,"(skip(v=0),move+1)","(flip,skip(v=0),move-1)","p3(1, 'x', 1)",3,0,10,none<=10,none<=10,none<=10,none<=10
45,"(skip(v=0),move+1)","(flip,skip(v=0),move-1)","p3(1, 'x', 1)",3,1,10,none<=10,none<=10,none<=10,none<=10
45,"(skip(v=0),move+1)","(flip,skip(v=0),move-1)","p3(1, 'x', 1)",3,2,10,none<=10,none<=10,none<=10,none<=10
45,"(skip(v=0),move+1)","(flip,skip(v=0),move-1)","p3(1, 1, 'x')",3,0,10,none<=10,none<=10,none<=10,none<=10
45,"(skip(v=0),move+1)","(flip,skip(v=0),move-1)","p3(1, 1, 'x')",3,1,10,none<=10,none<=10,none<=10,none<=10
45,"(skip(v=0),move+1)","(flip,skip(v=0),move-1)","p3(1, 1, 'x')",3,2,10,none<=10,none<=10,none<=10,none<=10
46,"(skip(v=0),move+1)","(flip,move-1,skip(v=0))",none,1,0,10,none<=10,none<=10,none<=10,none<=10
46,"(skip(v=0),move+1)","(flip,move-1,skip(v=0))","(x,xbar)",2,0,10,none<=10,none<=10,none<=10,none<=10
46,"(skip(v=0),move+1)","(flip,move-1,skip(v=0))","(x,xbar)",2,1,10,none<=10,none<=10,none<=10,none<=10
46,"(skip(v=0),move+1)","(flip,move-1,skip(v=0))","(xbar,x)",2,0,10,none<=10,none<=10,none<=10,none<=10
46,"(skip(v=0),move+1)","(flip,move-1,skip(v=0))","(xbar,x)",2,1,10,none<=10,none<=10,none<=10,none<=10
46,"(skip(v=0),move+1)","(flip,move-1,skip(v=0))","(x,1)",2,0,10,none<=10,none<=10,none<=10,none<=10
46,"(skip(v=0),move+1)","(flip,move-1,skip(v=0))","(x,1)",2,1,10,none<=10,none<=10,none<=10,none<=10
46,"(skip(v=0),move+1)","(flip,move-1,skip(v=0))","(1,x)",2,0,10,none<=10,none<=10,none<=10,none<=10
46,"(skip(v=0),move+1)","(flip,move-1,skip(v=0))","(1,x)",2,1,10,none<=10,none<=10,none<=10,none<=10
46,"(skip(v=0),move+1)","(flip,move-1,skip(v=0))","(x,0)",2,0,10,none<=10,none<=10,none<=10,none<=10
46,"(skip(v=0),move+1)","(flip,move-1,skip(v=0))","(x,0)",2,1,10,none<=10,none<=10,none<=10,none<=10
46,"(skip(v=0),move+1)","(flip,move-1,skip(v=0))","(0,x)",2,0,10,none<=10,none<=10,none<=10,none<=10
46,"(skip(v=0),move+1)","(flip,move-1,skip(v=0))","(0,x)",2,1,10,none<=10,none<=10,none<=10,none<=10
46,"(skip(v=0),move+1)","(flip,move-1,skip(v=0))","p3('x', 0, 1)",3,0,10,none<=10,none<=10,none<=10,none<=10
46,"(skip(v=0),move+1)","(flip,move-1,skip(v=0))","p3('x', 0, 1)",3,1,10,none<=10,none<=10,none<=10,none<=10
46,"(skip(v=0),move+1)","(flip,move-1,skip(v=0))","p3('x', 0, 1)",3,2,10,none<=10,none<=10,none<=10,none<=10
46,"(skip(v=0),move+1)","(flip,move-1,skip(v=0))","p3(1, 'x', 0)",3,0,10,none<=10,none<=10,none<=10,none<=10
46,"(skip(v=0),move+1)","(flip,move-1,skip(v=0))","p3(1, 'x', 0)",3,1,10,none<=10,none<=10,none<=10,none<=10
46,"(skip(v=0),move+1)","(flip,move-1,skip(v=0))","p3(1, 'x', 0)",3,2,10,none<=10,none<=10,none<=10,none<=10
46,"(skip(v=0),move+1)","(flip,move-1,skip(v=0))","p3(0, 1, 'x')",3,0,10,none<=10,none<=10,none<=10,none<=10
46,"(skip(v=0),move+1)","(flip,move-1,skip(v=0))","p3(0, 1, 'x')",3,1,10,none<=10,none<=10,none<=10,none<=10
46,"(skip(v=0),move+1)","(flip,move-1,skip(v=0))","p3(0, 1, 'x')",3,2,10,none<=10,none<=10,none<=10,none<=10
46,"(skip(v=0),move+1)","(flip,move-1,skip(v=0))","p3('x', 1, 0)",3,0,10,none<=10,none<=10,none<=10,none<=10
46,"(skip(v=0),move+1)","(flip,move-1,skip(v=0))","p3('x', 1, 0)",3,1,10,none<=10,none<=10,none<=10,none<=10
46,"(skip(v=0),move+1)","(flip,move-1,skip(v=0))","p3('x', 1, 0)",3,2,10,none<=10,none<=10,none<=10,none<=10
46,"(skip(v=0),move+1)","(flip,move-1,skip(v=0))","p3(0, 'x', 1)",3,0,10,none<=10,none<=10,none<=10,none<=10
46,"(skip(v=0),move+1)","(flip,move-1,skip(v=0))","p3(0, 'x', 1)",3,1,10,none<=10,none<=10,none<=10,none<=10
46,"(skip(v=0),move+1)","(flip,move-1,skip(v=0))","p3(0, 'x', 1)",3,2,10,none<=10,none<=10,none<=10,none<=10
46,"(skip(v=0),move+1)","(flip,move-1,skip(v=0))","p3(1, 0, 'x')",3,0,10,none<=10,none<=10,none<=10,none<=10
46,"(skip(v=0),move+1)","(flip,move-1,skip(v=0))","p3(1, 0, 'x')",3,1,10,none<=10,none<=10,none<=10,none<=10
46,"(skip(v=0),move+1)","(flip,move-1,skip(v=0))","p3(1, 0, 'x')",3,2,10,none<=10,none<=10,none<=10,none<=10
46,"(skip(v=0),move+1)","(flip,move-1,skip(v=0))","p3('x', 0, 0)",3,0,10,none<=10,none<=10,none<=10,none<=10
46,"(skip(v=0),move+1)","(flip,move-1,skip(v=0))","p3('x', 0, 0)",3,1,10,none<=10,none<=10,none<=10,none<=10
46,"(skip(v=0),move+1)","(flip,move-1,skip(v=0))","p3('x', 0, 0)",3,2,10,none<=10,none<=10,none<=10,none<=10
46,"(skip(v=0),move+1)","(flip,move-1,skip(v=0))","p3(0, 'x', 0)",3,0,10,none<=10,none<=10,none<=10,none<=10
46,"(skip(v=0),move+1)","(flip,move-1,skip(v=0))","p3(0, 'x', 0)",3,1,10,none<=10,none<=10,none<=10,none<=10
46,"(skip(v=0),move+1)","(flip,move-1,skip(v=0))","p3(0, 'x', 0)",3,2,10,none<=10,none<=10,none<=10,none<=10
46,"(skip(v=0),move+1)","(flip,move-1,skip(v=0))","p3(0, 0, 'x')",3,0,10,none<=10,none<=10,none<=10,none<=10
46,"(skip(v=0),move+1)","(flip,move-1,skip(v=0))","p3(0, 0, 'x')",3,1,10,none<=10,none<=10,none<=10,none<=10
46,"(skip(v=0),move+1)","(flip,move-1,skip(v=0))","p3(0, 0, 'x')",3,2,10,none<=10,none<=10,none<=10,none<=10
46,"(skip(v=0),move+1)","(flip,move-1,skip(v=0))","p3('x', 1, 1)",3,0,10,none<=10,none<=10,none<=10,none<=10
46,"(skip(v=0),move+1)","(flip,move-1,skip(v=0))","p3('x', 1, 1)",3,1,10,none<=10,none<=10,none<=10,none<=10
46,"(skip(v=0),move+1)","(flip,move-1,skip(v=0))","p3('x', 1, 1)",3,2,10,none<=10,none<=10,none<=10,none<=10
46,"(skip(v=0),move+1)","(flip,move-1,skip(v=0))","p3(1, 'x', 1)",3,0,10,none<=10,none<=10,none<=10,none<=10
46,"(skip(v=0),move+1)","(flip,move-1,skip(v=0))","p3(1, 'x', 1)",3,1,10,none<=10,none<=10,none<=10,none<=10
46,"(skip(v=0),move+1)","(flip,move-1,skip(v=0))","p3(1, 'x', 1)",3,2,10,none<=10,none<=10,none<=10,none<=10
46,"(skip(v=0),move+1)","(flip,move-1,skip(v=0))","p3(1, 1, 'x')",3,0,10,none<=10,none<=10,none<=10,none<=10
46,"(skip(v=0),move+1)","(flip,move-1,skip(v=0))","p3(1, 1, 'x')",3,1,10,none<=10,none<=10,none<=10,none<=10
46,"(skip(v=0),move+1)","(flip,move-1,skip(v=0))","p3(1, 1, 'x')",3,2,10,none<=10,none<=10,none<=10,none<=10
47,"(skip(v=0),move+1)","(skip(v=1),move-1,flip)",none,1,0,10,none<=10,none<=10,none<=10,none<=10
47,"(skip(v=0),move+1)","(skip(v=1),move-1,flip)","(x,xbar)",2,0,10,none<=10,none<=10,none<=10,none<=10
47,"(skip(v=0),move+1)","(skip(v=1),move-1,flip)","(x,xbar)",2,1,10,none<=10,none<=10,none<=10,none<=10
47,"(skip(v=0),move+1)","(skip(v=1),move-1,flip)","(xbar,x)",2,0,10,none<=10,none<=10,none<=10,none<=10
47,"(skip(v=0),move+1)","(skip(v=1),move-1,flip)","(xbar,x)",2,1,10,none<=10,none<=10,none<=10,none<=10
47,"(skip(v=0),move+1)","(skip(v=1),move-1,flip)","(x,1)",2,0,10,none<=10,none<=10,none<=10,none<=10
47,"(skip(v=0),move+1)","(skip(v=1),move-1,flip)","(x,1)",2,1,10,none<=10,none<=10,none<=10,none<=10
47,"(skip(v=0),move+1)","(skip(v=1),move-1,flip)","(1,x)",2,0,10,none<=10,none<=10,none<=10,none<=10
47,"(skip(v=0),move+1)","(skip(v=1),move-1,flip)","(1,x)",2,1,10,none<=10,none<=10,none<=10,none<=10
47,"(skip(v=0),move+1)","(skip(v=1),move-1,flip)","(x,0)",2,0,10,none<=10,none<=10,none<=10,none<=10
47,"(skip(v=0),move+1)","(skip(v=1),move-1,flip)","(x,0)",2,1,10,none<=10,none<=10,none<=10,none<=10
47,"(skip(v=0),move+1)","(skip(v=1),move-1,flip)","(0,x)",2,0,10,none<=10,none<=10,none<=10,none<=10
47,"(skip(v=0),move+1)","(skip(v=1),move-1,flip)","(0,x)",2,1,10,none<=10,none<=10,none<=10,none<=10
47,"(skip(v=0),move+1)","(skip(v=1),move-1,flip)","p3('x', 0, 1)",3,0,10,none<=10,none<=10,none<=10,none<=10
47,"(skip(v=0),move+1)","(skip(v=1),move-1,flip)","p3('x', 0, 1)",3,1,10,none<=10,none<=10,none<=10,none<=10
47,"(skip(v=0),move+1)","(skip(v=1),move-1,flip)","p3('x', 0, 1)",3,2,10,none<=10,none<=10,none<=10,none<=10
47,"(skip(v=0),move+1)","(skip(v=1),move-1,flip)","p3(1, 'x', 0)",3,0,10,none<=10,none<=10,none<=10,none<=10
47,"(skip(v=0),move+1)","(skip(v=1),move-1,flip)","p3(1, 'x', 0)",3,1,10,none<=10,none<=10,none<=10,none<=10
47,"(skip(v=0),move+1)","(skip(v=1),move-1,flip)","p3(1, 'x', 0)",3,2,10,none<=10,none<=10,none<=10,none<=10
47,"(skip(v=0),move+1)","(skip(v=1),move-1,flip)","p3(0, 1, 'x')",3,0,10,none<=10,none<=10,none<=10,none<=10
47,"(skip(v=0),move+1)","(skip(v=1),move-1,flip)","p3(0, 1, 'x')",3,1,10,none<=10,none<=10,none<=10,none<=10
47,"(skip(v=0),move+1)","(skip(v=1),move-1,flip)","p3(0, 1, 'x')",3,2,10,none<=10,none<=10,none<=10,none<=10
47,"(skip(v=0),move+1)","(skip(v=1),move-1,flip)","p3('x', 1, 0)",3,0,10,none<=10,none<=10,none<=10,none<=10
47,"(skip(v=0),move+1)","(skip(v=1),move-1,flip)","p3('x', 1, 0)",3,1,10,none<=10,none<=10,none<=10,none<=10
47,"(skip(v=0),move+1)","(skip(v=1),move-1,flip)","p3('x', 1, 0)",3,2,10,none<=10,none<=10,none<=10,none<=10
47,"(skip(v=0),move+1)","(skip(v=1),move-1,flip)","p3(0, 'x', 1)",3,0,10,none<=10,none<=10,none<=10,none<=10
47,"(skip(v=0),move+1)","(skip(v=1),move-1,flip)","p3(0, 'x', 1)",3,1,10,none<=10,none<=10,none<=10,none<=10
47,"(skip(v=0),move+1)","(skip(v=1),move-1,flip)","p3(0, 'x', 1)",3,2,10,none<=10,none<=10,none<=10,none<=10
47,"(skip(v=0),move+1)","(skip(v=1),move-1,flip)","p3(1, 0, 'x')",3,0,10,none<=10,none<=10,none<=10,none<=10
47,"(skip(v=0),move+1)","(skip(v=1),move-1,flip)","p3(1, 0, 'x')",3,1,10,none<=10,none<=10,none<=10,none<=10
47,"(skip(v=0),move+1)","(skip(v=1),move-1,flip)","p3(1, 0, 'x')",3,2,10,none<=10,none<=10,none<=10,none<=10
47,"(skip(v=0),move+1)","(skip(v=1),move-1,flip)","p3('x', 0, 0)",3,0,10,none<=10,none<=10,none<=10,none<=10
47,"(skip(v=0),move+1)","(skip(v=1),move-1,flip)","p3('x', 0, 0)",3,1,10,none<=10,none<=10,none<=10,none<=10
47,"(skip(v=0),move+1)","(skip(v=1),move-1,flip)","p3('x', 0, 0)",3,2,10,none<=10,none<=10,none<=10,none<=10
47,"(skip(v=0),move+1)","(skip(v=1),move-1,flip)","p3(0, 'x', 0)",3,0,10,none<=10,none<=10,none<=10,none<=10
47,"(skip(v=0),move+1)","(skip(v=1),move-1,flip)","p3(0, 'x', 0)",3,1,10,none<=10,none<=10,none<=10,none<=10
47,"(skip(v=0),move+1)","(skip(v=1),move-1,flip)","p3(0, 'x', 0)",3,2,10,none<=10,none<=10,none<=10,none<=10
47,"(skip(v=0),move+1)","(skip(v=1),move-1,flip)","p3(0, 0, 'x')",3,0,10,none<=10,none<=10,none<=10,none<=10
47,"(skip(v=0),move+1)","(skip(v=1),move-1,flip)","p3(0, 0, 'x')",3,1,10,none<=10,none<=10,none<=10,none<=10
47,"(skip(v=0),move+1)","(skip(v=1),move-1,flip)","p3(0, 0, 'x')",3,2,10,none<=10,none<=10,none<=10,none<=10
47,"(skip(v=0),move+1)","(skip(v=1),move-1,flip)","p3('x', 1, 1)",3,0,10,none<=10,none<=10,none<=10,none<=10
47,"(skip(v=0),move+1)","(skip(v=1),move-1,flip)","p3('x', 1, 1)",3,1,10,none<=10,none<=10,none<=10,none<=10
47,"(skip(v=0),move+1)","(skip(v=1),move-1,flip)","p3('x', 1, 1)",3,2,10,none<=10,none<=10,none<=10,none<=10
47,"(skip(v=0),move+1)","(skip(v=1),move-1,flip)","p3(1, 'x', 1)",3,0,10,none<=10,none<=10,none<=10,none<=10
47,"(skip(v=0),move+1)","(skip(v=1),move-1,flip)","p3(1, 'x', 1)",3,1,10,none<=10,none<=10,none<=10,none<=10
47,"(skip(v=0),move+1)","(skip(v=1),move-1,flip)","p3(1, 'x', 1)",3,2,10,none<=10,none<=10,none<=10,none<=10
47,"(skip(v=0),move+1)","(skip(v=1),move-1,flip)","p3(1, 1, 'x')",3,0,10,none<=10,none<=10,none<=10,none<=10
47,"(skip(v=0),move+1)","(skip(v=1),move-1,flip)","p3(1, 1, 'x')",3,1,10,none<=10,none<=10,none<=10,none<=10
47,"(skip(v=0),move+1)","(skip(v=1),move-1,flip)","p3(1, 1, 'x')",3,2,10,none<=10,none<=10,none<=10,none<=10
48,"(skip(v=0),move+1)","(flip,move-1,skip(v=1))",none,1,0,10,none<=10,none<=10,none<=10,none<=10
48,"(skip(v=0),move+1)","(flip,move-1,skip(v=1))","(x,xbar)",2,0,10,none<=10,none<=10,none<=10,none<=10
48,"(skip(v=0),move+1)","(flip,move-1,skip(v=1))","(x,xbar)",2,1,10,none<=10,none<=10,none<=10,none<=10
48,"(skip(v=0),move+1)","(flip,move-1,skip(v=1))","(xbar,x)",2,0,10,none<=10,none<=10,none<=10,none<=10
48,"(skip(v=0),move+1)","(flip,move-1,skip(v=1))","(xbar,x)",2,1,10,none<=10,none<=10,none<=10,none<=10
48,"(skip(v=0),move+1)","(flip,move-1,skip(v=1))","(x,1)",2,0,10,none<=10,none<=10,none<=10,none<=10
48,"(skip(v=0),move+1)","(flip,move-1,skip(v=1))","(x,1)",2,1,10,none<=10,none<=10,none<=10,none<=10
48,"(skip(v=0),move+1)","(flip,move-1,skip(v=1))","(1,x)",2,0,10,none<=10,none<=10,none<=10,none<=10
48,"(skip(v=0),move+1)","(flip,move-1,skip(v=1))","(1,x)",2,1,10,none<=10,none<=10,none<=10,none<=10
48,"(skip(v=0),move+1)","(flip,move-1,skip(v=1))","(x,0)",2,0,10,none<=10,none<=10,none<=10,none<=10
48,"(skip(v=0),move+1)","(flip,move-1,skip(v=1))","(x,0)",2,1,10,none<=10,none<=10,none<=10,none<=10
48,"(skip(v=0),move+1)","(flip,move-1,skip(v=1))","(0,x)",2,0,10,none<=10,none<=10,none<=10,none<=10
48,"(skip(v=0),move+1)","(flip,move-1,skip(v=1))","(0,x)",2,1,10,none<=10,none<=10,none<=10,none<=10
48,"(skip(v=0),move+1)","(flip,move-1,skip(v=1))","p3('x', 0, 1)",3,0,10,none<=10,none<=10,none<=10,none<=10
48,"(skip(v=0),move+1)","(flip,move-1,skip(v=1))","p3('x', 0, 1)",3,1,10,none<=10,none<=10,none<=10,none<=10
48,"(skip(v=0),move+1)","(flip,move-1,skip(v=1))","p3('x', 0, 1)",3,2,10,none<=10,none<=10,none<=10,none<=10
48,"(skip(v=0),move+1)","(flip,move-1,skip(v=1))","p3(1, 'x', 0)",3,0,10,none<=10,none<=10,none<=10,none<=10
48,"(skip(v=0),move+1)","(flip,move-1,skip(v=1))","p3(1, 'x', 0)",3,1,10,none<=10,none<=10,none<=10,none<=10
48,"(skip(v=0),move+1)","(flip,move-1,skip(v=1))","p3(1, 'x', 0)",3,2,10,none<=10,none<=10,none<=10,none<=10
48,"(skip(v=0),move+1)","(flip,move-1,skip(v=1))","p3(0, 1, 'x')",3,0,10,none<=10,none<=10,none<=10,none<=10
48,"(skip(v=0),move+1)","(flip,move-1,skip(v=1))","p3(0, 1, 'x')",3,1,10,none<=10,none<=10,none<=10,none<=10
48,"(skip(v=0),move+1)","(flip,move-1,skip(v=1))","p3(0, 1, 'x')",3,2,10,none<=10,none<=10,none<=10,none<=10
48,"(skip(v=0),move+1)","(flip,move-1,skip(v=1))","p3('x', 1, 0)",3,0,10,none<=10,none<=10,none<=10,none<=10
48,"(skip(v=0),move+1)","(flip,move-1,skip(v=1))","p3('x', 1, 0)",3,1,10,none<=10,none<=10,none<=10,none<=10
48,"(skip(v=0),move+1)","(flip,move-1,skip(v=1))","p3('x', 1, 0)",3,2,10,none<=10,none<=10,none<=10,none<=10
48,"(skip(v=0),move+1)","(flip,move-1,skip(v=1))","p3(0, 'x', 1)",3,0,10,none<=10,none<=10,none<=10,none<=10
48,"(skip(v=0),move+1)","(flip,move-1,skip(v=1))","p3(0, 'x', 1)",3,1,10,none<=10,none<=10,none<=10,none<=10
48,"(skip(v=0),move+1)","(flip,move-1,skip(v=1))","p3(0, 'x', 1)",3,2,10,none<=10,none<=10,none<=10,none<=10
48,"(skip(v=0),move+1)","(flip,move-1,skip(v=1))","p3(1, 0, 'x')",3,0,10,none<=10,none<=10,none<=10,none<=10
48,"(skip(v=0),move+1)","(flip,move-1,skip(v=1))","p3(1, 0, 'x')",3,1,10,none<=10,none<=10,none<=10,none<=10
48,"(skip(v=0),move+1)","(flip,move-1,skip(v=1))","p3(1, 0, 'x')",3,2,10,none<=10,none<=10,none<=10,none<=10
48,"(skip(v=0),move+1)","(flip,move-1,skip(v=1))","p3('x', 0, 0)",3,0,10,none<=10,none<=10,none<=10,none<=10
48,"(skip(v=0),move+1)","(flip,move-1,skip(v=1))","p3('x', 0, 0)",3,1,10,none<=10,none<=10,none<=10,none<=10
48,"(skip(v=0),move+1)","(flip,move-1,skip(v=1))","p3('x', 0, 0)",3,2,10,none<=10,none<=10,none<=10,none<=10
48,"(skip(v=0),move+1)","(flip,move-1,skip(v=1))","p3(0, 'x', 0)",3,0,10,none<=10,none<=10,none<=10,none<=10
48,"(skip(v=0),move+1)","(flip,move-1,skip(v=1))","p3(0, 'x', 0)",3,1,10,none<=10,none<=10,none<=10,none<=10
48,"(skip(v=0),move+1)","(flip,move-1,skip(v=1))","p3(0, 'x', 0)",3,2,10,none<=10,none<=10,none<=10,none<=10
48,"(skip(v=0),move+1)","(flip,move-1,skip(v=1))","p3(0, 0, 'x')",3,0,10,none<=10,none<=10,none<=10,none<=10
48,"(skip(v=0),move+1)","(flip,move-1,skip(v=1))","p3(0, 0, 'x')",3,1,10,none<=10,none<=10,none<=10,none<=10
48,"(skip(v=0),move+1)","(flip,move-1,skip(v=1))","p3(0, 0, 'x')",3,2,10,none<=10,none<=10,none<=10,none<=10
48,"(skip(v=0),move+1)","(flip,move-1,skip(v=1))","p3('x', 1, 1)",3,0,10,none<=10,none<=10,none<=10,none<=10
48,"(skip(v=0),move+1)","(flip,move-1,skip(v=1))","p3('x', 1, 1)",3,1,10,none<=10,none<=10,none<=10,none<=10
48,"(skip(v=0),move+1)","(flip,move-1,skip(v=1))","p3('x', 1, 1)",3,2,10,none<=10,none<=10,none<=10,none<=10
48,"(skip(v=0),move+1)","(flip,move-1,skip(v=1))","p3(1, 'x', 1)",3,0,10,none<=10,none<=10,none<=10,none<=10
48,"(skip(v=0),move+1)","(flip,move-1,skip(v=1))","p3(1, 'x', 1)",3,1,10,none<=10,none<=10,none<=10,none<=10
48,"(skip(v=0),move+1)","(flip,move-1,skip(v=1))","p3(1, 'x', 1)",3,2,10,none<=10,none<=10,none<=10,none<=10
48,"(skip(v=0),move+1)","(flip,move-1,skip(v=1))","p3(1, 1, 'x')",3,0,10,none<=10,none<=10,none<=10,none<=10
48,"(skip(v=0),move+1)","(flip,move-1,skip(v=1))","p3(1, 1, 'x')",3,1,10,none<=10,none<=10,none<=10,none<=10
48,"(skip(v=0),move+1)","(flip,move-1,skip(v=1))","p3(1, 1, 'x')",3,2,10,none<=10,none<=10,none<=10,none<=10
49,"(skip(v=0),move+1)","(move-1(iff=0),flip)",none,1,0,10,none<=10,none<=10,none<=10,none<=10
49,"(skip(v=0),move+1)","(move-1(iff=0),flip)","(x,xbar)",2,0,10,none<=10,none<=10,none<=10,none<=10
49,"(skip(v=0),move+1)","(move-1(iff=0),flip)","(x,xbar)",2,1,10,none<=10,none<=10,none<=10,none<=10
49,"(skip(v=0),move+1)","(move-1(iff=0),flip)","(xbar,x)",2,0,10,none<=10,none<=10,none<=10,none<=10
49,"(skip(v=0),move+1)","(move-1(iff=0),flip)","(xbar,x)",2,1,10,none<=10,none<=10,none<=10,none<=10
49,"(skip(v=0),move+1)","(move-1(iff=0),flip)","(x,1)",2,0,10,none<=10,none<=10,none<=10,none<=10
49,"(skip(v=0),move+1)","(move-1(iff=0),flip)","(x,1)",2,1,10,none<=10,none<=10,none<=10,none<=10
49,"(skip(v=0),move+1)","(move-1(iff=0),flip)","(1,x)",2,0,10,none<=10,none<=10,none<=10,none<=10
49,"(skip(v=0),move+1)","(move-1(iff=0),flip)","(1,x)",2,1,10,none<=10,none<=10,none<=10,none<=10
49,"(skip(v=0),move+1)","(move-1(iff=0),flip)","(x,0)",2,0,10,none<=10,none<=10,none<=10,none<=10
49,"(skip(v=0),move+1)","(move-1(iff=0),flip)","(x,0)",2,1,10,none<=10,none<=10,none<=10,none<=10
49,"(skip(v=0),move+1)","(move-1(iff=0),flip)","(0,x)",2,0,10,none<=10,none<=10,none<=10,none<=10
49,"(skip(v=0),move+1)","(move-1(iff=0),flip)","(0,x)",2,1,10,none<=10,none<=10,none<=10,none<=10
49,"(skip(v=0),move+1)","(move-1(iff=0),flip)","p3('x', 0, 1)",3,0,10,none<=10,none<=10,none<=10,none<=10
49,"(skip(v=0),move+1)","(move-1(iff=0),flip)","p3('x', 0, 1)",3,1,10,none<=10,none<=10,none<=10,none<=10
49,"(skip(v=0),move+1)","(move-1(iff=0),flip)","p3('x', 0, 1)",3,2,10,none<=10,none<=10,none<=10,none<=10
49,"(skip(v=0),move+1)","(move-1(iff=0),flip)","p3(1, 'x', 0)",3,0,10,none<=10,none<=10,none<=10,none<=10
49,"(skip(v=0),move+1)","(move-1(iff=0),flip)","p3(1, 'x', 0)",3,1,10,none<=10,none<=10,none<=10,none<=10
49,"(skip(v=0),move+1)","(move-1(iff=0),flip)","p3(1, 'x', 0)",3,2,10,none<=10,none<=10,none<=10,none<=10
49,"(skip(v=0),move+1)","(move-1(iff=0),flip)","p3(0, 1, 'x')",3,0,10,none<=10,none<=10,none<=10,none<=10
49,"(skip(v=0),move+1)","(move-1(iff=0),flip)","p3(0, 1, 'x')",3,1,10,none<=10,none<=10,none<=10,none<=10
49,"(skip(v=0),move+1)","(move-1(iff=0),flip)","p3(0, 1, 'x')",3,2,10,none<=10,none<=10,none<=10,none<=10
49,"(skip(v=0),move+1)","(move-1(iff=0),flip)","p3('x', 1, 0)",3,0,10,none<=10,none<=10,none<=10,none<=10
49,"(skip(v=0),move+1)","(move-1(iff=0),flip)","p3('x', 1, 0)",3,1,10,none<=10,none<=10,none<=10,none<=10
49,"(skip(v=0),move+1)","(move-1(iff=0),flip)","p3('x', 1, 0)",3,2,10,none<=10,none<=10,none<=10,none<=10
49,"(skip(v=0),move+1)","(move-1(iff=0),flip)","p3(0, 'x', 1)",3,0,10,none<=10,none<=10,none<=10,none<=10
49,"(skip(v=0),move+1)","(move-1(iff=0),flip)","p3(0, 'x', 1)",3,1,10,none<=10,none<=10,none<=10,none<=10
49,"(skip(v=0),move+1)","(move-1(iff=0),flip)","p3(0, 'x', 1)",3,2,10,none<=10,none<=10,none<=10,none<=10
49,"(skip(v=0),move+1)","(move-1(iff=0),flip)","p3(1, 0, 'x')",3,0,10,none<=10,none<=10,none<=10,none<=10
49,"(skip(v=0),move+1)","(move-1(iff=0),flip)","p3(1, 0, 'x')",3,1,10,none<=10,none<=10,none<=10,none<=10
49,"(skip(v=0),move+1)","(move-1(iff=0),flip)","p3(1, 0, 'x')",3,2,10,none<=10,none<=10,none<=10,none<=10
49,"(skip(v=0),move+1)","(move-1(iff=0),flip)","p3('x', 0, 0)",3,0,10,none<=10,none<=10,none<=10,none<=10
49,"(skip(v=0),move+1)","(move-1(iff=0),flip)","p3('x', 0, 0)",3,1,10,none<=10,none<=10,none<=10,none<=10
49,"(skip(v=0),move+1)","(move-1(iff=0),flip)","p3('x', 0, 0)",3,2,10,none<=10,none<=10,none<=10,none<=10
49,"(skip(v=0),move+1)","(move-1(iff=0),flip)","p3(0, 'x', 0)",3,0,10,none<=10,none<=10,none<=10,none<=10
49,"(skip(v=0),move+1)","(move-1(iff=0),flip)","p3(0, 'x', 0)",3,1,10,none<=10,none<=10,none<=10,none<=10
49,"(skip(v=0),move+1)","(move-1(iff=0),flip)","p3(0, 'x', 0)",3,2,10,none<=10,none<=10,none<=10,none<=10
49,"(skip(v=0),move+1)","(move-1(iff=0),flip)","p3(0, 0, 'x')",3,0,10,none<=10,none<=10,none<=10,none<=10
49,"(skip(v=0),move+1)","(move-1(iff=0),flip)","p3(0, 0, 'x')",3,1,10,none<=10,none<=10,none<=10,none<=10
49,"(skip(v=0),move+1)","(move-1(iff=0),flip)","p3(0, 0, 'x')",3,2,10,none<=10,none<=10,none<=10,none<=10
49,"(skip(v=0),move+1)","(move-1(iff=0),flip)","p3('x', 1, 1)",3,0,10,none<=10,none<=10,none<=10,none<=10
49,"(skip(v=0),move+1)","(move-1(iff=0),flip)","p3('x', 1, 1)",3,1,10,none<=10,none<=10,none<=10,none<=10
49,"(skip(v=0),move+1)","(move-1(iff=0),flip)","p3('x', 1, 1)",3,2,10,none<=10,none<=10,none<=10,none<=10
49,"(skip(v=0),move+1)","(move-1(iff=0),flip)","p3(1, 'x', 1)",3,0,10,none<=10,none<=10,none<=10,none<=10
49,"(skip(v=0),move+1)","(move-1(iff=0),flip)","p3(1, 'x', 1)",3,1,10,none<=10,none<=10,none<=10,none<=10
49,"(skip(v=0),move+1)","(move-1(iff=0),flip)","p3(1, 'x', 1)",3,2,10,none<=10,none<=10,none<=10,none<=10
49,"(skip(v=0),move+1)","(move-1(iff=0),flip)","p3(1, 1, 'x')",3,0,10,none<=10,none<=10,none<=10,none<=10
49,"(skip(v=0),move+1)","(move-1(iff=0),flip)","p3(1, 1, 'x')",3,1,10,none<=10,none<=10,none<=10,none<=10
49,"(skip(v=0),move+1)","(move-1(iff=0),flip)","p3(1, 1, 'x')",3,2,10,none<=10,none<=10,none<=10,none<=10
50,"(skip(v=0),move+1)","(flip,move-1(iff=0))",none,1,0,10,none<=10,none<=10,none<=10,none<=10
50,"(skip(v=0),move+1)","(flip,move-1(iff=0))","(x,xbar)",2,0,10,none<=10,none<=10,none<=10,none<=10
50,"(skip(v=0),move+1)","(flip,move-1(iff=0))","(x,xbar)",2,1,10,none<=10,none<=10,none<=10,none<=10
50,"(skip(v=0),move+1)","(flip,move-1(iff=0))","(xbar,x)",2,0,10,none<=10,none<=10,none<=10,none<=10
50,"(skip(v=0),move+1)","(flip,move-1(iff=0))","(xbar,x)",2,1,10,none<=10,none<=10,none<=10,none<=10
50,"(skip(v=0),move+1)","(flip,move-1(iff=0))","(x,1)",2,0,10,none<=10,none<=10,none<=10,none<=10
50,"(skip(v=0),move+1)","(flip,move-1(iff=0))","(x,1)",2,1,10,none<=10,none<=10,none<=10,none<=10
50,"(skip(v=0),move+1)","(flip,move-1(iff=0))","(1,x)",2,0,10,none<=10,none<=10,none<=10,none<=10
50,"(skip(v=0),move+1)","(flip,move-1(iff=0))","(1,x)",2,1,10,none<=10,none<=10,none<=10,none<=10
50,"(skip(v=0),move+1)","(flip,move-1(iff=0))","(x,0)",2,0,10,none<=10,none<=10,none<=10,none<=10
50,"(skip(v=0),move+1)","(flip,move-1(iff=0))","(x,0)",2,1,10,none<=10,none<=10,none<=10,none<=10
50,"(skip(v=0),move+1)","(flip,move-1(iff=0))","(0,x)",2,0,10,none<=10,none<=10,none<=10,none<=10
50,"(skip(v=0),move+1)","(flip,move-1(iff=0))","(0,x)",2,1,10,none<=10,none<=10,none<=10,none<=10
50,"(skip(v=0),move+1)","(flip,move-1(iff=0))","p3('x', 0, 1)",3,0,10,none<=10,none<=10,none<=10,none<=10
50,"(skip(v=0),move+1)","(flip,move-1(iff=0))","p3('x', 0, 1)",3,1,10,none<=10,none<=10,none<=10,none<=10
50,"(skip(v=0),move+1)","(flip,move-1(iff=0))","p3('x', 0, 1)",3,2,10,none<=10,none<=10,none<=10,none<=10
50,"(skip(v=0),move+1)","(flip,move-1(iff=0))","p3(1, 'x', 0)",3,0,10,none<=10,none<=10,none<=10,none<=10
50,"(skip(v=0),move+1)","(flip,move-1(iff=0))","p3(1, 'x', 0)",3,1,10,none<=10,none<=10,none<=10,none<=10
50,"(skip(v=0),move+1)","(flip,move-1(iff=0))","p3(1, 'x', 0)",3,2,10,none<=10,none<=10,none<=10,none<=10
50,"(skip(v=0),move+1)","(flip,move-1(iff=0))","p3(0, 1, 'x')",3,0,10,none<=10,none<=10,none<=10,none<=10
50,"(skip(v=0),move+1)","(flip,move-1(iff=0))","p3(0, 1, 'x')",3,1,10,none<=10,none<=10,none<=10,none<=10
50,"(skip(v=0),move+1)","(flip,move-1(iff=0))","p3(0, 1, 'x')",3,2,10,none<=10,none<=10,none<=10,none<=10
50,"(skip(v=0),move+1)","(flip,move-1(iff=0))","p3('x', 1, 0)",3,0,10,none<=10,none<=10,none<=10,none<=10
50,"(skip(v=0),move+1)","(flip,move-1(iff=0))","p3('x', 1, 0)",3,1,10,none<=10,none<=10,none<=10,none<=10
50,"(skip(v=0),move+1)","(flip,move-1(iff=0))","p3('x', 1, 0)",3,2,10,none<=10,none<=10,none<=10,none<=10
50,"(skip(v=0),move+1)","(flip,move-1(iff=0))","p3(0, 'x', 1)",3,0,10,none<=10,none<=10,none<=10,none<=10
50,"(skip(v=0),move+1)","(flip,move-1(iff=0))","p3(0, 'x', 1)",3,1,10,none<=10,none<=10,none<=10,none<=10
50,"(skip(v=0),move+1)","(flip,move-1(iff=0))","p3(0, 'x', 1)",3,2,10,none<=10,none<=10,none<=10,none<=10
50,"(skip(v=0),move+1)","(flip,move-1(iff=0))","p3(1, 0, 'x')",3,0,10,none<=10,none<=10,none<=10,none<=10
50,"(skip(v=0),move+1)","(flip,move-1(iff=0))","p3(1, 0, 'x')",3,1,10,none<=10,none<=10,none<=10,none<=10
50,"(skip(v=0),move+1)","(flip,move-1(iff=0))","p3(1, 0, 'x')",3,2,10,none<=10,none<=10,none<=10,none<=10
50,"(skip(v=0),move+1)","(flip,move-1(iff=0))","p3('x', 0, 0)",3,0,10,none<=10,none<=10,none<=10,none<=10
50,"(skip(v=0),move+1)","(flip,move-1(iff=0))","p3('x', 0, 0)",3,1,10,none<=10,none<=10,none<=10,none<=10
50,"(skip(v=0),move+1)","(flip,move-1(iff=0))","p3('x', 0, 0)",3,2,10,none<=10,none<=10,none<=10,none<=10
50,"(skip(v=0),move+1)","(flip,move-1(iff=0))","p3(0, 'x', 0)",3,0,10,none<=10,none<=10,none<=10,none<=10
50,"(skip(v=0),move+1)","(flip,move-1(iff=0))","p3(0, 'x', 0)",3,1,10,none<=10,none<=10,none<=10,none<=10
50,"(skip(v=0),move+1)","(flip,move-1(iff=0))","p3(0, 'x', 0)",3,2,10,none<=10,none<=10,none<=10,none<=10
50,"(skip(v=0),move+1)","(flip,move-1(iff=0))","p3(0, 0, 'x')",3,0,10,none<=10,none<=10,none<=10,none<=10
50,"(skip(v=0),move+1)","(flip,move-1(iff=0))","p3(0, 0, 'x')",3,1,10,none<=10,none<=10,none<=10,none<=10
50,"(skip(v=0),move+1)","(flip,move-1(iff=0))","p3(0, 0, 'x')",3,2,10,none<=10,none<=10,none<=10,none<=10
50,"(skip(v=0),move+1)","(flip,move-1(iff=0))","p3('x', 1, 1)",3,0,10,none<=10,none<=10,none<=10,none<=10
50,"(skip(v=0),move+1)","(flip,move-1(iff=0))","p3('x', 1, 1)",3,1,10,none<=10,none<=10,none<=10,none<=10
50,"(skip(v=0),move+1)","(flip,move-1(iff=0))","p3('x', 1, 1)",3,2,10,none<=10,none<=10,none<=10,none<=10
50,"(skip(v=0),move+1)","(flip,move-1(iff=0))","p3(1, 'x', 1)",3,0,10,none<=10,none<=10,none<=10,none<=10
50,"(skip(v=0),move+1)","(flip,move-1(iff=0))","p3(1, 'x', 1)",3,1,10,none<=10,none<=10,none<=10,none<=10
50,"(skip(v=0),move+1)","(flip,move-1(iff=0))","p3(1, 'x', 1)",3,2,10,none<=10,none<=10,none<=10,none<=10
50,"(skip(v=0),move+1)","(flip,move-1(iff=0))","p3(1, 1, 'x')",3,0,10,none<=10,none<=10,none<=10,none<=10
50,"(skip(v=0),move+1)","(flip,move-1(iff=0))","p3(1, 1, 'x')",3,1,10,none<=10,none<=10,none<=10,none<=10
50,"(skip(v=0),move+1)","(flip,move-1(iff=0))","p3(1, 1, 'x')",3,2,10,none<=10,none<=10,none<=10,none<=10
51,"(skip(v=0),move+1)","(flip,move-1(iff=0),skip(v=0))",none,1,0,10,none<=10,none<=10,none<=10,none<=10
51,"(skip(v=0),move+1)","(flip,move-1(iff=0),skip(v=0))","(x,xbar)",2,0,10,none<=10,none<=10,none<=10,none<=10
51,"(skip(v=0),move+1)","(flip,move-1(iff=0),skip(v=0))","(x,xbar)",2,1,10,none<=10,none<=10,none<=10,none<=10
51,"(skip(v=0),move+1)","(flip,move-1(iff=0),skip(v=0))","(xbar,x)",2,0,10,none<=10,none<=10,none<=10,none<=10
51,"(skip(v=0),move+1)","(flip,move-1(iff=0),skip(v=0))","(xbar,x)",2,1,10,none<=10,none<=10,none<=10,none<=10
51,"(skip(v=0),move+1)","(flip,move-1(iff=0),skip(v=0))","(x,1)",2,0,10,none<=10,none<=10,none<=10,none<=10
51,"(skip(v=0),move+1)","(flip,move-1(iff=0),skip(v=0))","(x,1)",2,1,10,none<=10,none<=10,none<=10,none<=10
51,"(skip(v=0),move+1)","(flip,move-1(iff=0),skip(v=0))","(1,x)",2,0,10,none<=10,none<=10,none<=10,none<=10
51,"(skip(v=0),move+1)","(flip,move-1(iff=0),skip(v=0))","(1,x)",2,1,10,none<=10,none<=10,none<=10,none<=10
51,"(skip(v=0),move+1)","(flip,move-1(iff=0),skip(v=0))","(x,0)",2,0,10,none<=10,none<=10,none<=10,none<=10
51,"(skip(v=0),move+1)","(flip,move-1(iff=0),skip(v=0))","(x,0)",2,1,10,none<=10,none<=10,none<=10,none<=10
51,"(skip(v=0),move+1)","(flip,move-1(iff=0),skip(v=0))","(0,x)",2,0,10,none<=10,none<=10,none<=10,none<=10
51,"(skip(v=0),move+1)","(flip,move-1(iff=0),skip(v=0))","(0,x)",2,1,10,none<=10,none<=10,none<=10,none<=10
51,"(skip(v=0),move+1)","(flip,move-1(iff=0),skip(v=0))","p3('x', 0, 1)",3,0,10,none<=10,none<=10,none<=10,none<=10
51,"(skip(v=0),move+1)","(flip,move-1(iff=0),skip(v=0))","p3('x', 0, 1)",3,1,10,none<=10,none<=10,none<=10,none<=10
51,"(skip(v=0),move+1)","(flip,move-1(iff=0),skip(v=0))","p3('x', 0, 1)",3,2,10,none<=10,none<=10,none<=10,none<=10
51,"(skip(v=0),move+1)","(flip,move-1(iff=0),skip(v=0))","p3(1, 'x', 0)",3,0,10,none<=10,none<=10,none<=10,none<=10
51,"(skip(v=0),move+1)","(flip,move-1(iff=0),skip(v=0))","p3(1, 'x', 0)",3,1,10,none<=10,none<=10,none<=10,none<=10
51,"(skip(v=0),move+1)","(flip,move-1(iff=0),skip(v=0))","p3(1, 'x', 0)",3,2,10,none<=10,none<=10,none<=10,none<=10
51,"(skip(v=0),move+1)","(flip,move-1(iff=0),skip(v=0))","p3(0, 1, 'x')",3,0,10,none<=10,none<=10,none<=10,none<=10
51,"(skip(v=0),move+1)","(flip,move-1(iff=0),skip(v=0))","p3(0, 1, 'x')",3,1,10,none<=10,none<=10,none<=10,none<=10
51,"(skip(v=0),move+1)","(flip,move-1(iff=0),skip(v=0))","p3(0, 1, 'x')",3,2,10,none<=10,none<=10,none<=10,none<=10
51,"(skip(v=0),move+1)","(flip,move-1(iff=0),skip(v=0))","p3('x', 1, 0)",3,0,10,none<=10,none<=10,none<=10,none<=10
51,"(skip(v=0),move+1)","(flip,move-1(iff=0),skip(v=0))","p3('x', 1, 0)",3,1,10,none<=10,none<=10,none<=10,none<=10
51,"(skip(v=0),move+1)","(flip,move-1(iff=0),skip(v=0))","p3('x', 1, 0)",3,2,10,none<=10,none<=10,none<=10,none<=10
51,"(skip(v=0),move+1)","(flip,move-1(iff=0),skip(v=0))","p3(0, 'x', 1)",3,0,10,none<=10,none<=10,none<=10,none<=10
51,"(skip(v=0),move+1)","(flip,move-1(iff=0),skip(v=0))","p3(0, 'x', 1)",3,1,10,none<=10,none<=10,none<=10,none<=10
51,"(skip(v=0),move+1)","(flip,move-1(iff=0),skip(v=0))","p3(0, 'x', 1)",3,2,10,none<=10,none<=10,none<=10,none<=10
51,"(skip(v=0),move+1)","(flip,move-1(iff=0),skip(v=0))","p3(1, 0, 'x')",3,0,10,none<=10,none<=10,none<=10,none<=10
51,"(skip(v=0),move+1)","(flip,move-1(iff=0),skip(v=0))","p3(1, 0, 'x')",3,1,10,none<=10,none<=10,none<=10,none<=10
51,"(skip(v=0),move+1)","(flip,move-1(iff=0),skip(v=0))","p3(1, 0, 'x')",3,2,10,none<=10,none<=10,none<=10,none<=10
51,"(skip(v=0),move+1)","(flip,move-1(iff=0),skip(v=0))","p3('x', 0, 0)",3,0,10,none<=10,none<=10,none<=10,none<=10
51,"(skip(v=0),move+1)","(flip,move-1(iff=0),skip(v=0))","p3('x', 0, 0)",3,1,10,none<=10,none<=10,none<=10,none<=10
51,"(skip(v=0),move+1)","(flip,move-1(iff=0),skip(v=0))","p3('x', 0, 0)",3,2,10,none<=10,none<=10,none<=10,none<=10
51,"(skip(v=0),move+1)","(flip,move-1(iff=0),skip(v=0))","p3(0, 'x', 0)",3,0,10,none<=10,none<=10,none<=10,none<=10
51,"(skip(v=0),move+1)","(flip,move-1(iff=0),skip(v=0))","p3(0, 'x', 0)",3,1,10,none<=10,none<=10,none<=10,none<=10
51,"(skip(v=0),move+1)","(flip,move-1(iff=0),skip(v=0))","p3(0, 'x', 0)",3,2,10,none<=10,none<=10,none<=10,none<=10
51,"(skip(v=0),move+1)","(flip,move-1(iff=0),skip(v=0))","p3(0, 0, 'x')",3,0,10,none<=10,none<=10,none<=10,none<=10
51,"(skip(v=0),move+1)","(flip,move-1(iff=0),skip(v=0))","p3(0, 0, 'x')",3,1,10,none<=10,none<=10,none<=10,none<=10
51,"(skip(v=0),move+1)","(flip,move-1(iff=0),skip(v=0))","p3(0, 0, 'x')",3,2,10,none<=10,none<=10,none<=10,none<=10
51,"(skip(v=0),move+1)","(flip,move-1(iff=0),skip(v=0))","p3('x', 1, 1)",3,0,10,none<=10,none<=10,none<=10,none<=10
51,"(skip(v=0),move+1)","(flip,move-1(iff=0),skip(v=0))","p3('x', 1, 1)",3,1,10,none<=10,none<=10,none<=10,none<=10
51,"(skip(v=0),move+1)","(flip,move-1(iff=0),skip(v=0))","p3('x', 1, 1)",3,2,10,none<=10,none<=10,none<=10,none<=10
51,"(skip(v=0),move+1)","(flip,move-1(iff=0),skip(v=0))","p3(1, 'x', 1)",3,0,10,none<=10,none<=10,none<=10,none<=10
51,"(skip(v=0),move+1)","(flip,move-1(iff=0),skip(v=0))","p3(1, 'x', 1)",3,1,10,none<=10,none<=10,none<=10,none<=10
51,"(skip(v=0),move+1)","(flip,move-1(iff=0),skip(v=0))","p3(1, 'x', 1)",3,2,10,none<=10,none<=10,none<=10,none<=10
51,"(skip(v=0),move+1)","(flip,move-1(iff=0),skip(v=0))","p3(1, 1, 'x')",3,0,10,none<=10,none<=10,none<=10,none<=10
51,"(skip(v=0),move+1)","(flip,move-1(iff=0),skip(v=0))","p3(1, 1, 'x')",3,1,10,none<=10,none<=10,none<=10,none<=10
51,"(skip(v=0),move+1)","(flip,move-1(iff=0),skip(v=0))","p3(1, 1, 'x')",3,2,10,none<=10,none<=10,none<=10,none<=10
52,"(skip(v=0),move+1)","(flip,skip(v=0),move-1(iff=0))",none,1,0,10,none<=10,none<=10,none<=10,none<=10
52,"(skip(v=0),move+1)","(flip,skip(v=0),move-1(iff=0))","(x,xbar)",2,0,10,none<=10,none<=10,none<=10,none<=10
52,"(skip(v=0),move+1)","(flip,skip(v=0),move-1(iff=0))","(x,xbar)",2,1,10,none<=10,none<=10,none<=10,none<=10
52,"(skip(v=0),move+1)","(flip,skip(v=0),move-1(iff=0))","(xbar,x)",2,0,10,none<=10,none<=10,none<=10,none<=10
52,"(skip(v=0),move+1)","(flip,skip(v=0),move-1(iff=0))","(xbar,x)",2,1,10,none<=10,none<=10,none<=10,none<=10
52,"(skip(v=0),move+1)","(flip,skip(v=0),move-1(iff=0))","(x,1)",2,0,10,none<=10,none<=10,none<=10,none<=10
52,"(skip(v=0),move+1)","(flip,skip(v=0),move-1(iff=0))","(x,1)",2,1,10,none<=10,none<=10,none<=10,none<=10
52,"(skip(v=0),move+1)","(flip,skip(v=0),move-1(iff=0))","(1,x)",2,0,10,none<=10,none<=10,none<=10,none<=10
52,"(skip(v=0),move+1)","(flip,skip(v=0),move-1(iff=0))","(1,x)",2,1,10,none<=10,none<=10,none<=10,none<=10
52,"(skip(v=0),move+1)","(flip,skip(v=0),move-1(iff=0))","(x,0)",2,0,10,none<=10,none<=10,none<=10,none<=10
52,"(skip(v=0),move+1)","(flip,skip(v=0),move-1(iff=0))","(x,0)",2,1,10,none<=10,none<=10,none<=10,none<=10
52,"(skip(v=0),move+1)","(flip,skip(v=0),move-1(iff=0))","(0,x)",2,0,10,none<=10,none<=10,none<=10,none<=10
52,"(skip(v=0),move+1)","(flip,skip(v=0),move-1(iff=0))","(0,x)",2,1,10,none<=10,none<=10,none<=10,none<=10
52,"(skip(v=0),move+1)","(flip,skip(v=0),move-1(iff=0))","p3('x', 0, 1)",3,0,10,none<=10,none<=10,none<=10,none<=10
52,"(skip(v=0),move+1)","(flip,skip(v=0),move-1(iff=0))","p3('x', 0, 1)",3,1,10,none<=10,none<=10,none<=10,none<=10
52,"(skip(v=0),move+1)","(flip,skip(v=0),move-1(iff=0))","p3('x', 0, 1)",3,2,10,none<=10,none<=10,none<=10,none<=10
52,"(skip(v=0),move+1)","(flip,skip(v=0),move-1(iff=0))","p3(1, 'x', 0)",3,0,10,none<=10,none<=10,none<=10,none<=10
52,"(skip(v=0),move+1)","(flip,skip(v=0),move-1(iff=0))","p3(1, 'x', 0)",3,1,10,none<=10,none<=10,none<=10,none<=10
52,"(skip(v=0),move+1)","(flip,skip(v=0),move-1(iff=0))","p3(1, 'x', 0)",3,2,10,none<=10,none<=10,none<=10,none<=10
52,"(skip(v=0),move+1)","(flip,skip(v=0),move-1(iff=0))","p3(0, 1, 'x')",3,0,10,none<=10,none<=10,none<=10,none<=10
52,"(skip(v=0),move+1)","(flip,skip(v=0),move-1(iff=0))","p3(0, 1, 'x')",3,1,10,none<=10,none<=10,none<=10,none<=10
52,"(skip(v=0),move+1)","(flip,skip(v=0),move-1(iff=0))","p3(0, 1, 'x')",3,2,10,none<=10,none<=10,none<=10,none<=10
52,"(skip(v=0),move+1)","(flip,skip(v=0),move-1(iff=0))","p3('x', 1, 0)",3,0,10,none<=10,none<=10,none<=10,none<=10
52,"(skip(v=0),move+1)","(flip,skip(v=0),move-1(iff=0))","p3('x', 1, 0)",3,1,10,none<=10,none<=10,none<=10,none<=10
52,"(skip(v=0),move+1)","(flip,skip(v=0),move-1(iff=0))","p3('x', 1, 0)",3,2,10,none<=10,none<=10,none<=10,none<=10
52,"(skip(v=0),move+1)","(flip,skip(v=0),move-1(iff=0))","p3(0, 'x', 1)",3,0,10,none<=10,none<=10,none<=10,none<=10
52,"(skip(v=0),move+1)","(flip,skip(v=0),move-1(iff=0))","p3(0, 'x', 1)",3,1,10,none<=10,none<=10,none<=10,none<=10
52,"(skip(v=0),move+1)","(flip,skip(v=0),move-1(iff=0))","p3(0, 'x', 1)",3,2,10,none<=10,none<=10,none<=10,none<=10
52,"(skip(v=0),move+1)","(flip,skip(v=0),move-1(iff=0))","p3(1, 0, 'x')",3,0,10,none<=10,none<=10,none<=10,none<=10
52,"(skip(v=0),move+1)","(flip,skip(v=0),move-1(iff=0))","p3(1, 0, 'x')",3,1,10,none<=10,none<=10,none<=10,none<=10
52,"(skip(v=0),move+1)","(flip,skip(v=0),move-1(iff=0))","p3(1, 0, 'x')",3,2,10,none<=10,none<=10,none<=10,none<=10
52,"(skip(v=0),move+1)","(flip,skip(v=0),move-1(iff=0))","p3('x', 0, 0)",3,0,10,none<=10,none<=10,none<=10,none<=10
52,"(skip(v=0),move+1)","(flip,skip(v=0),move-1(iff=0))","p3('x', 0, 0)",3,1,10,none<=10,none<=10,none<=10,none<=10
52,"(skip(v=0),move+1)","(flip,skip(v=0),move-1(iff=0))","p3('x', 0, 0)",3,2,10,none<=10,none<=10,none<=10,none<=10
52,"(skip(v=0),move+1)","(flip,skip(v=0),move-1(iff=0))","p3(0, 'x', 0)",3,0,10,none<=10,none<=10,none<=10,none<=10
52,"(skip(v=0),move+1)","(flip,skip(v=0),move-1(iff=0))","p3(0, 'x', 0)",3,1,10,none<=10,none<=10,none<=10,none<=10
52,"(skip(v=0),move+1)","(flip,skip(v=0),move-1(iff=0))","p3(0, 'x', 0)",3,2,10,none<=10,none<=10,none<=10,none<=10
52,"(skip(v=0),move+1)","(flip,skip(v=0),move-1(iff=0))","p3(0, 0, 'x')",3,0,10,none<=10,none<=10,none<=10,none<=10
52,"(skip(v=0),move+1)","(flip,skip(v=0),move-1(iff=0))","p3(0, 0, 'x')",3,1,10,none<=10,none<=10,none<=10,none<=10
52,"(skip(v=0),move+1)","(flip,skip(v=0),move-1(iff=0))","p3(0, 0, 'x')",3,2,10,none<=10,none<=10,none<=10,none<=10
52,"(skip(v=0),move+1)","(flip,skip(v=0),move-1(iff=0))","p3('x', 1, 1)",3,0,10,none<=10,none<=10,none<=10,none<=10
52,"(skip(v=0),move+1)","(flip,skip(v=0),move-1(iff=0))","p3('x', 1, 1)",3,1,10,none<=10,none<=10,none<=10,none<=10
52,"(skip(v=0),move+1)","(flip,skip(v=0),move-1(iff=0))","p3('x', 1, 1)",3,2,10,none<=10,none<=10,none<=10,none<=10
52,"(skip(v=0),move+1)","(flip,skip(v=0),move-1(iff=0))","p3(1, 'x', 1)",3,0,10,none<=10,none<=10,none<=10,none<=10
52,"(skip(v=0),move+1)","(flip,skip(v=0),move-1(iff=0))","p3(1, 'x', 1)",3,1,10,none<=10,none<=10,none<=10,none<=10
52,"(skip(v=0),move+1)","(flip,skip(v=0),move-1(iff=0))","p3(1, 'x', 1)",3,2,10,none<=10,none<=10,none<=10,none<=10
52,"(skip(v=0),move+1)","(flip,skip(v=0),move-1(iff=0))","p3(1, 1, 'x')",3,0,10,none<=10,none<=10,none<=10,none<=10
52,"(skip(v=0),move+1)","(flip,skip(v=0),move-1(iff=0))","p3(1, 1, 'x')",3,1,10,none<=10,none<=10,none<=10,none<=10
52,"(skip(v=0),move+1)","(flip,skip(v=0),move-1(iff=0))","p3(1, 1, 'x')",3,2,10,none<=10,none<=10,none<=10,none<=10
53,"(skip(v=0),move+1)","(skip(v=0),move-1(iff=0),flip)",none,1,0,10,none<=10,none<=10,none<=10,none<=10
53,"(skip(v=0),move+1)","(skip(v=0),move-1(iff=0),flip)","(x,xbar)",2,0,10,none<=10,none<=10,none<=10,none<=10
53,"(skip(v=0),move+1)","(skip(v=0),move-1(iff=0),flip)","(x,xbar)",2,1,10,none<=10,none<=10,none<=10,none<=10
53,"(skip(v=0),move+1)","(skip(v=0),move-1(iff=0),flip)","(xbar,x)",2,0,10,none<=10,none<=10,none<=10,none<=10
53,"(skip(v=0),move+1)","(skip(v=0),move-1(iff=0),flip)","(xbar,x)",2,1,10,none<=10,none<=10,none<=10,none<=10
53,"(skip(v=0),move+1)","(skip(v=0),move-1(iff=0),flip)","(x,1)",2,0,10,none<=10,none<=10,none<=10,none<=10
53,"(skip(v=0),move+1)","(skip(v=0),move-1(iff=0),flip)","(x,1)",2,1,10,none<=10,none<=10,none<=10,none<=10
53,"(skip(v=0),move+1)","(skip(v=0),move-1(iff=0),flip)","(1,x)",2,0,10,none<=10,none<=10,none<=10,none<=10
53,"(skip(v=0),move+1)","(skip(v=0),move-1(iff=0),flip)","(1,x)",2,1,10,none<=10,none<=10,none<=10,none<=10
53,"(skip(v=0),move+1)","(skip(v=0),move-1(iff=0),flip)","(x,0)",2,0,10,none<=10,none<=10,none<=10,none<=10
53,"(skip(v=0),move+1)","(skip(v=0),move-1(iff=0),flip)","(x,0)",2,1,10,none<=10,none<=10,none<=10,none<=10
53,"(skip(v=0),move+1)","(skip(v=0),move-1(iff=0),flip)","(0,x)",2,0,10,none<=10,none<=10,none<=10,none<=10
53,"(skip(v=0),move+1)","(skip(v=0),move-1(iff=0),flip)","(0,x)",2,1,10,none<=10,none<=10,none<=10,none<=10
53,"(skip(v=0),move+1)","(skip(v=0),move-1(iff=0),flip)","p3('x', 0, 1)",3,0,10,none<=10,none<=10,none<=10,none<=10
53,"(skip(v=0),move+1)","(skip(v=0),move-1(iff=0),flip)","p3('x', 0, 1)",3,1,10,none<=10,none<=10,none<=10,none<=10
53,"(skip(v=0),move+1)","(skip(v=0),move-1(iff=0),flip)","p3('x', 0, 1)",3,2,10,none<=10,none<=10,none<=10,none<=10
53,"(skip(v=0),move+1)","(skip(v=0),move-1(iff=0),flip)","p3(1, 'x', 0)",3,0,10,none<=10,none<=10,none<=10,none<=10
53,"(skip(v=0),move+1)","(skip(v=0),move-1(iff=0),flip)","p3(1, 'x', 0)",3,1,10,none<=10,none<=10,none<=10,none<=10
53,"(skip(v=0),move+1)","(skip(v=0),move-1(iff=0),flip)","p3(1, 'x', 0)",3,2,10,none<=10,none<=10,none<=10,none<=10
53,"(skip(v=0),move+1)","(skip(v=0),move-1(iff=0),flip)","p3(0, 1, 'x')",3,0,10,none<=10,none<=10,none<=10,none<=10
53,"(skip(v=0),move+1)","(skip(v=0),move-1(iff=0),flip)","p3(0, 1, 'x')",3,1,10,none<=10,none<=10,none<=10,none<=10
53,"(skip(v=0),move+1)","(skip(v=0),move-1(iff=0),flip)","p3(0, 1, 'x')",3,2,10,none<=10,none<=10,none<=10,none<=10
53,"(skip(v=0),move+1)","(skip(v=0),move-1(iff=0),flip)","p3('x', 1, 0)",3,0,10,none<=10,none<=10,none<=10,none<=10
53,"(skip(v=0),move+1)","(skip(v=0),move-1(iff=0),flip)","p3('x', 1, 0)",3,1,10,none<=10,none<=10,none<=10,none<=10
53,"(skip(v=0),move+1)","(skip(v=0),move-1(iff=0),flip)","p3('x', 1, 0)",3,2,10,none<=10,none<=10,none<=10,none<=10
53,"(skip(v=0),move+1)","(skip(v=0),move-1(iff=0),flip)","p3(0, 'x', 1)",3,0,10,none<=10,none<=10,none<=10,none<=10
53,"(skip(v=0),move+1)","(skip(v=0),move-1(iff=0),flip)","p3(0, 'x', 1)",3,1,10,none<=10,none<=10,none<=10,none<=10
53,"(skip(v=0),move+1)","(skip(v=0),move-1(iff=0),flip)","p3(0, 'x', 1)",3,2,10,none<=10,none<=10,none<=10,none<=10
53,"(skip(v=0),move+1)","(skip(v=0),move-1(iff=0),flip)","p3(1, 0, 'x')",3,0,10,none<=10,none<=10,none<=10,none<=10
53,"(skip(v=0),move+1)","(skip(v=0),move-1(iff=0),flip)","p3(1, 0, 'x')",3,1,10,none<=10,none<=10,none<=10,none<=10
53,"(skip(v=0),move+1)","(skip(v=0),move-1(iff=0),flip)","p3(1, 0, 'x')",3,2,10,none<=10,none<=10,none<=10,none<=10
53,"(skip(v=0),move+1)","(skip(v=0),move-1(iff=0),flip)","p3('x', 0, 0)",3,0,10,none<=10,none<=10,none<=10,none<=10
53,"(skip(v=0),move+1)","(skip(v=0),move-1(iff=0),flip)","p3('x', 0, 0)",3,1,10,none<=10,none<=10,none<=10,none<=10
53,"(skip(v=0),move+1)","(skip(v=0),move-1(iff=0),flip)","p3('x', 0, 0)",3,2,10,none<=10,none<=10,none<=10,none<=10
53,"(skip(v=0),move+1)","(skip(v=0),move-1(iff=0),flip)","p3(0, 'x', 0)",3,0,10,none<=10,none<=10,none<=10,none<=10
53,"(skip(v=0),move+1)","(skip(v=0),move-1(iff=0),flip)","p3(0, 'x', 0)",3,1,10,none<=10,none<=10,none<=10,none<=10
53,"(skip(v=0),move+1)","(skip(v=0),move-1(iff=0),flip)","p3(0, 'x', 0)",3,2,10,none<=10,none<=10,none<=10,none<=10
53,"(skip(v=0),move+1)","(skip(v=0),move-1(iff=0),flip)","p3(0, 0, 'x')",3,0,10,none<=10,none<=10,none<=10,none<=10
53,"(skip(v=0),move+1)","(skip(v=0),move-1(iff=0),flip)","p3(0, 0, 'x')",3,1,10,none<=10,none<=10,none<=10,none<=10
53,"(skip(v=0),move+1)","(skip(v=0),move-1(iff=0),flip)","p3(0, 0, 'x')",3,2,10,none<=10,none<=10,none<=10,none<=10
53,"(skip(v=0),move+1)","(skip(v=0),move-1(iff=0),flip)","p3('x', 1, 1)",3,0,10,none<=10,none<=10,none<=10,none<=10
53,"(skip(v=0),move+1)","(skip(v=0),move-1(iff=0),flip)","p3('x', 1, 1)",3,1,10,none<=10,none<=10,none<=10,none<=10
53,"(skip(v=0),move+1)","(skip(v=0),move-1(iff=0),flip)","p3('x', 1, 1)",3,2,10,none<=10,none<=10,none<=10,none<=10
53,"(skip(v=0),move+1)","(skip(v=0),move-1(iff=0),flip)","p3(1, 'x', 1)",3,0,10,none<=10,none<=10,none<=10,none<=10
53,"(skip(v=0),move+1)","(skip(v=0),move-1(iff=0),flip)","p3(1, 'x', 1)",3,1,10,none<=10,none<=10,none<=10,none<=10
53,"(skip(v=0),move+1)","(skip(v=0),move-1(iff=0),flip)","p3(1, 'x', 1)",3,2,10,none<=10,none<=10,none<=10,none<=10
53,"(skip(v=0),move+1)","(skip(v=0),move-1(iff=0),flip)","p3(1, 1, 'x')",3,0,10,none<=10,none<=10,none<=10,none<=10
53,"(skip(v=0),move+1)","(skip(v=0),move-1(iff=0),flip)","p3(1, 1, 'x')",3,1,10,none<=10,none<=10,none<=10,none<=10
53,"(skip(v=0),move+1)","(skip(v=0),move-1(iff=0),flip)","p3(1, 1, 'x')",3,2,10,none<=10,none<=10,none<=10,none<=10
54,"(skip(v=0),move+1)","(skip(v=0),flip,move-1(iff=0))",none,1,0,10,none<=10,none<=10,none<=10,none<=10
54,"(skip(v=0),move+1)","(skip(v=0),flip,move-1(iff=0))","(x,xbar)",2,0,10,none<=10,none<=10,none<=10,none<=10
54,"(skip(v=0),move+1)","(skip(v=0),flip,move-1(iff=0))","(x,xbar)",2,1,10,none<=10,none<=10,none<=10,none<=10
54,"(skip(v=0),move+1)","(skip(v=0),flip,move-1(iff=0))","(xbar,x)",2,0,10,none<=10,none<=10,none<=10,none<=10
54,"(skip(v=0),move+1)","(skip(v=0),flip,move-1(iff=0))","(xbar,x)",2,1,10,none<=10,none<=10,none<=10,none<=10
54,"(skip(v=0),move+1)","(skip(v=0),flip,move-1(iff=0))","(x,1)",2,0,10,none<=10,none<=10,none<=10,none<=10
54,"(skip(v=0),move+1)","(skip(v=0),flip,move-1(iff=0))","(x,1)",2,1,10,none<=10,none<=10,none<=10,none<=10
54,"(skip(v=0),move+1)","(skip(v=0),flip,move-1(iff=0))","(1,x)",2,0,10,none<=10,none<=10,none<=10,none<=10
54,"(skip(v=0),move+1)","(skip(v=0),flip,move-1(iff=0))","(1,x)",2,1,10,none<=10,none<=10,none<=10,none<=10
54,"(skip(v=0),move+1)","(skip(v=0),flip,move-1(iff=0))","(x,0)",2,0,10,none<=10,none<=10,none<=10,none<=10
54,"(skip(v=0),move+1)","(skip(v=0),flip,move-1(iff=0))","(x,0)",2,1,10,none<=10,none<=10,none<=10,none<=10
54,"(skip(v=0),move+1)","(skip(v=0),flip,move-1(iff=0))","(0,x)",2,0,10,none<=10,none<=10,none<=10,none<=10
54,"(skip(v=0),move+1)","(skip(v=0),flip,move-1(iff=0))","(0,x)",2,1,10,none<=10,none<=10,none<=10,none<=10
54,"(skip(v=0),move+1)","(skip(v=0),flip,move-1(iff=0))","p3('x', 0, 1)",3,0,10,none<=10,none<=10,none<=10,none<=10
54,"(skip(v=0),move+1)","(skip(v=0),flip,move-1(iff=0))","p3('x', 0, 1)",3,1,10,none<=10,none<=10,none<=10,none<=10
54,"(skip(v=0),move+1)","(skip(v=0),flip,move-1(iff=0))","p3('x', 0, 1)",3,2,10,none<=10,none<=10,none<=10,none<=10
54,"(skip(v=0),move+1)","(skip(v=0),flip,move-1(iff=0))","p3(1, 'x', 0)",3,0,10,none<=10,none<=10,none<=10,none<=10
54,"(skip(v=0),move+1)","(skip(v=0),flip,move-1(iff=0))","p3(1, 'x', 0)",3,1,10,none<=10,none<=10,none<=10,none<=10
54,"(skip(v=0),move+1)","(skip(v=0),flip,move-1(iff=0))","p3(1, 'x', 0)",3,2,10,none<=10,none<=10,none<=10,none<=10
54,"(skip(v=0),move+1)","(skip(v=0),flip,move-1(iff=0))","p3(0, 1, 'x')",3,0,10,none<=10,none<=10,none<=10,none<=10
54,"(skip(v=0),move+1)","(skip(v=0),flip,move-1(iff=0))","p3(0, 1, 'x')",3,1,10,none<=10,none<=10,none<=10,none<=10
54,"(skip(v=0),move+1)","(skip(v=0),flip,move-1(iff=0))","p3(0, 1, 'x')",3,2,10,none<=10,none<=10,none<=10,none<=10
54,"(skip(v=0),move+1)","(skip(v=0),flip,move-1(iff=0))","p3('x', 1, 0)",3,0,10,none<=10,none<=10,none<=10,none<=10
54,"(skip(v=0),move+1)","(skip(v=0),flip,move-1(iff=0))","p3('x', 1, 0)",3,1,10,none<=10,none<=10,none<=10,none<=10
54,"(skip(v=0),move+1)","(skip(v=0),flip,move-1(iff=0))","p3('x', 1, 0)",3,2,10,none<=10,none<=10,none<=10,none<=10
54,"(skip(v=0),move+1)","(skip(v=0),flip,move-1(iff=0))","p3(0, 'x', 1)",3,0,10,none<=10,none<=10,none<=10,none<=10
54,"(skip(v=0),move+1)","(skip(v=0),flip,move-1(iff=0))","p3(0, 'x', 1)",3,1,10,none<=10,none<=10,none<=10,none<=10
54,"(skip(v=0),move+1)","(skip(v=0),flip,move-1(iff=0))","p3(0, 'x', 1)",3,2,10,none<=10,none<=10,none<=10,none<=10
54,"(skip(v=0),move+1)","(skip(v=0),flip,move-1(iff=0))","p3(1, 0, 'x')",3,0,10,none<=10,none<=10,none<=10,none<=10
54,"(skip(v=0),move+1)","(skip(v=0),flip,move-1(iff=0))","p3(1, 0, 'x')",3,1,10,none<=10,none<=10,none<=10,none<=10
54,"(skip(v=0),move+1)","(skip(v=0),flip,move-1(iff=0))","p3(1, 0, 'x')",3,2,10,none<=10,none<=10,none<=10,none<=10
54,"(skip(v=0),move+1)","(skip(v=0),flip,move-1(iff=0))","p3('x', 0, 0)",3,0,10,none<=10,none<=10,none<=10,none<=10
54,"(skip(v=0),move+1)","(skip(v=0),flip,move-1(iff=0))","p3('x', 0, 0)",3,1,10,none<=10,none<=10,none<=10,none<=10
54,"(skip(v=0),move+1)","(skip(v=0),flip,move-1(iff=0))","p3('x', 0, 0)",3,2,10,none<=10,none<=10,none<=10,none<=10
54,"(skip(v=0),move+1)","(skip(v=0),flip,move-1(iff=0))","p3(0, 'x', 0)",3,0,10,none<=10,none<=10,none<=10,none<=10
54,"(skip(v=0),move+1)","(skip(v=0),flip,move-1(iff=0))","p3(0, 'x', 0)",3,1,10,none<=10,none<=10,none<=10,none<=10
54,"(skip(v=0),move+1)","(skip(v=0),flip,move-1(iff=0))","p3(0, 'x', 0)",3,2,10,none<=10,none<=10,none<=10,none<=10
54,"(skip(v=0),move+1)","(skip(v=0),flip,move-1(iff=0))","p3(0, 0, 'x')",3,0,10,none<=10,none<=10,none<=10,none<=10
54,"(skip(v=0),move+1)","(skip(v=0),flip,move-1(iff=0))","p3(0, 0, 'x')",3,1,10,none<=10,none<=10,none<=10,none<=10
54,"(skip(v=0),move+1)","(skip(v=0),flip,move-1(iff=0))","p3(0, 0, 'x')",3,2,10,none<=10,none<=10,none<=10,none<=10
54,"(skip(v=0),move+1)","(skip(v=0),flip,move-1(iff=0))","p3('x', 1, 1)",3,0,10,none<=10,none<=10,none<=10,none<=10
54,"(skip(v=0),move+1)","(skip(v=0),flip,move-1(iff=0))","p3('x', 1, 1)",3,1,10,none<=10,none<=10,none<=10,none<=10
54,"(skip(v=0),move+1)","(skip(v=0),flip,move-1(iff=0))","p3('x', 1, 1)",3,2,10,none<=10,none<=10,none<=10,none<=10
54,"(skip(v=0),move+1)","(skip(v=0),flip,move-1(iff=0))","p3(1, 'x', 1)",3,0,10,none<=10,none<=10,none<=10,none<=10
54,"(skip(v=0),move+1)","(skip(v=0),flip,move-1(iff=0))","p3(1, 'x', 1)",3,1,10,none<=10,none<=10,none<=10,none<=10
54,"(skip(v=0),move+1)","(skip(v=0),flip,move-1(iff=0))","p3(1, 'x', 1)",3,2,10,none<=10,none<=10,none<=10,none<=10
54,"(skip(v=0),move+1)","(skip(v=0),flip,move-1(iff=0))","p3(1, 1, 'x')",3,0,10,none<=10,none<=10,none<=10,none<=10
54,"(skip(v=0),move+1)","(skip(v=0),flip,move-1(iff=0))","p3(1, 1, 'x')",3,1,10,none<=10,none<=10,none<=10,none<=10
54,"(skip(v=0),move+1)","(skip(v=0),flip,move-1(iff=0))","p3(1, 1, 'x')",3,2,10,none<=10,none<=10,none<=10,none<=10
55,"(skip(v=0),move+1)","(move-1(iff=0),skip(v=0),flip)",none,1,0,10,none<=10,none<=10,none<=10,none<=10
55,"(skip(v=0),move+1)","(move-1(iff=0),skip(v=0),flip)","(x,xbar)",2,0,10,none<=10,none<=10,none<=10,none<=10
55,"(skip(v=0),move+1)","(move-1(iff=0),skip(v=0),flip)","(x,xbar)",2,1,10,none<=10,none<=10,none<=10,none<=10
55,"(skip(v=0),move+1)","(move-1(iff=0),skip(v=0),flip)","(xbar,x)",2,0,10,none<=10,none<=10,none<=10,none<=10
55,"(skip(v=0),move+1)","(move-1(iff=0),skip(v=0),flip)","(xbar,x)",2,1,10,none<=10,none<=10,none<=10,none<=10
55,"(skip(v=0),move+1)","(move-1(iff=0),skip(v=0),flip)","(x,1)",2,0,10,none<=10,none<=10,none<=10,none<=10
55,"(skip(v=0),move+1)","(move-1(iff=0),skip(v=0),flip)","(x,1)",2,1,10,none<=10,none<=10,none<=10,none<=10
55,"(skip(v=0),move+1)","(move-1(iff=0),skip(v=0),flip)","(1,x)",2,0,10,none<=10,none<=10,none<=10,none<=10
55,"(skip(v=0),move+1)","(move-1(iff=0),skip(v=0),flip)","(1,x)",2,1,10,none<=10,none<=10,none<=10,none<=10
55,"(skip(v=0),move+1)","(move-1(iff=0),skip(v=0),flip)","(x,0)",2,0,10,none<=10,none<=10,none<=10,none<=10
55,"(skip(v=0),move+1)","(move-1(iff=0),skip(v=0),flip)","(x,0)",2,1,10,none<=10,none<=10,none<=10,none<=10
55,"(skip(v=0),move+1)","(move-1(iff=0),skip(v=0),flip)","(0,x)",2,0,10,none<=10,none<=10,none<=10,none<=10
55,"(skip(v=0),move+1)","(move-1(iff=0),skip(v=0),flip)","(0,x)",2,1,10,none<=10,none<=10,none<=10,none<=10
55,"(skip(v=0),move+1)","(move-1(iff=0),skip(v=0),flip)","p3('x', 0, 1)",3,0,10,none<=10,none<=10,none<=10,none<=10
55,"(skip(v=0),move+1)","(move-1(iff=0),skip(v=0),flip)","p3('x', 0, 1)",3,1,10,none<=10,none<=10,none<=10,none<=10
55,"(skip(v=0),move+1)","(move-1(iff=0),skip(v=0),flip)","p3('x', 0, 1)",3,2,10,none<=10,none<=10,none<=10,none<=10
55,"(skip(v=0),move+1)","(move-1(iff=0),skip(v=0),flip)","p3(1, 'x', 0)",3,0,10,none<=10,none<=10,none<=10,none<=10
55,"(skip(v=0),move+1)","(move-1(iff=0),skip(v=0),flip)","p3(1, 'x', 0)",3,1,10,none<=10,none<=10,none<=10,none<=10
55,"(skip(v=0),move+1)","(move-1(iff=0),skip(v=0),flip)","p3(1, 'x', 0)",3,2,10,none<=10,none<=10,none<=10,none<=10
55,"(skip(v=0),move+1)","(move-1(iff=0),skip(v=0),flip)","p3(0, 1, 'x')",3,0,10,none<=10,none<=10,none<=10,none<=10
55,"(skip(v=0),move+1)","(move-1(iff=0),skip(v=0),flip)","p3(0, 1, 'x')",3,1,10,none<=10,none<=10,none<=10,none<=10
55,"(skip(v=0),move+1)","(move-1(iff=0),skip(v=0),flip)","p3(0, 1, 'x')",3,2,10,none<=10,none<=10,none<=10,none<=10
55,"(skip(v=0),move+1)","(move-1(iff=0),skip(v=0),flip)","p3('x', 1, 0)",3,0,10,none<=10,none<=10,none<=10,none<=10
55,"(skip(v=0),move+1)","(move-1(iff=0),skip(v=0),flip)","p3('x', 1, 0)",3,1,10,none<=10,none<=10,none<=10,none<=10
55,"(skip(v=0),move+1)","(move-1(iff=0),skip(v=0),flip)","p3('x', 1, 0)",3,2,10,none<=10,none<=10,none<=10,none<=10
55,"(skip(v=0),move+1)","(move-1(iff=0),skip(v=0),flip)","p3(0, 'x', 1)",3,0,10,none<=10,none<=10,none<=10,none<=10
55,"(skip(v=0),move+1)","(move-1(iff=0),skip(v=0),flip)","p3(0, 'x', 1)",3,1,10,none<=10,none<=10,none<=10,none<=10
55,"(skip(v=0),move+1)","(move-1(iff=0),skip(v=0),flip)","p3(0, 'x', 1)",3,2,10,none<=10,none<=10,none<=10,none<=10
55,"(skip(v=0),move+1)","(move-1(iff=0),skip(v=0),flip)","p3(1, 0, 'x')",3,0,10,none<=10,none<=10,none<=10,none<=10
55,"(skip(v=0),move+1)","(move-1(iff=0),skip(v=0),flip)","p3(1, 0, 'x')",3,1,10,none<=10,none<=10,none<=10,none<=10
55,"(skip(v=0),move+1)","(move-1(iff=0),skip(v=0),flip)","p3(1, 0, 'x')",3,2,10,none<=10,none<=10,none<=10,none<=10
55,"(skip(v=0),move+1)","(move-1(iff=0),skip(v=0),flip)","p3('x', 0, 0)",3,0,10,none<=10,none<=10,none<=10,none<=10
55,"(skip(v=0),move+1)","(move-1(iff=0),skip(v=0),flip)","p3('x', 0, 0)",3,1,10,none<=10,none<=10,none<=10,none<=10
55,"(skip(v=0),move+1)","(move-1(iff=0),skip(v=0),flip)","p3('x', 0, 0)",3,2,10,none<=10,none<=10,none<=10,none<=10
55,"(skip(v=0),move+1)","(move-1(iff=0),skip(v=0),flip)","p3(0, 'x', 0)",3,0,10,none<=10,none<=10,none<=10,none<=10
55,"(skip(v=0),move+1)","(move-1(iff=0),skip(v=0),flip)","p3(0, 'x', 0)",3,1,10,none<=10,none<=10,none<=10,none<=10
55,"(skip(v=0),move+1)","(move-1(iff=0),skip(v=0),flip)","p3(0, 'x', 0)",3,2,10,none<=10,none<=10,none<=10,none<=10
55,"(skip(v=0),move+1)","(move-1(iff=0),skip(v=0),flip)","p3(0, 0, 'x')",3,0,10,none<=10,none<=10,none<=10,none<=10
55,"(skip(v=0),move+1)","(move-1(iff=0),skip(v=0),flip)","p3(0, 0, 'x')",3,1,10,none<=10,none<=10,none<=10,none<=10
55,"(skip(v=0),move+1)","(move-1(iff=0),skip(v=0),flip)","p3(0, 0, 'x')",3,2,10,none<=10,none<=10,none<=10,none<=10
55,"(skip(v=0),move+1)","(move-1(iff=0),skip(v=0),flip)","p3('x', 1, 1)",3,0,10,none<=10,none<=10,none<=10,none<=10
55,"(skip(v=0),move+1)","(move-1(iff=0),skip(v=0),flip)","p3('x', 1, 1)",3,1,10,none<=10,none<=10,none<=10,none<=10
55,"(skip(v=0),move+1)","(move-1(iff=0),skip(v=0),flip)","p3('x', 1, 1)",3,2,10,none<=10,none<=10,none<=10,none<=10
55,"(skip(v=0),move+1)","(move-1(iff=0),skip(v=0),flip)","p3(1, 'x', 1)",3,0,10,none<=10,none<=10,none<=10,none<=10
55,"(skip(v=0),move+1)","(move-1(iff=0),skip(v=0),flip)","p3(1, 'x', 1)",3,1,10,none<=10,none<=10,none<=10,none<=10
55,"(skip(v=0),move+1)","(move-1(iff=0),skip(v=0),flip)","p3(1, 'x', 1)",3,2,10,none<=10,none<=10,none<=10,none<=10
55,"(skip(v=0),move+1)","(move-1(iff=0),skip(v=0),flip)","p3(1, 1, 'x')",3,0,10,none<=10,none<=10,none<=10,none<=10
55,"(skip(v=0),move+1)","(move-1(iff=0),skip(v=0),flip)","p3(1, 1, 'x')",3,1,10,none<=10,none<=10,none<=10,none<=10
55,"(skip(v=0),move+1)","(move-1(iff=0),skip(v=0),flip)","p3(1, 1, 'x')",3,2,10,none<=10,none<=10,none<=10,none<=10
56,"(skip(v=0),move+1)","(move-1(iff=0),flip,skip(v=0))",none,1,0,10,none<=10,none<=10,none<=10,none<=10
56,"(skip(v=0),move+1)","(move-1(iff=0),flip,skip(v=0))","(x,xbar)",2,0,10,none<=10,none<=10,none<=10,none<=10
56,"(skip(v=0),move+1)","(move-1(iff=0),flip,skip(v=0))","(x,xbar)",2,1,10,none<=10,none<=10,none<=10,none<=10
56,"(skip(v=0),move+1)","(move-1(iff=0),flip,skip(v=0))","(xbar,x)",2,0,10,none<=10,none<=10,none<=10,none<=10
56,"(skip(v=0),move+1)","(move-1(iff=0),flip,skip(v=0))","(xbar,x)",2,1,10,none<=10,none<=10,none<=10,none<=10
56,"(skip(v=0),move+1)","(move-1(iff=0),flip,skip(v=0))","(x,1)",2,0,10,none<=10,none<=10,none<=10,none<=10
56,"(skip(v=0),move+1)","(move-1(iff=0),flip,skip(v=0))","(x,1)",2,1,10,none<=10,none<=10,none<=10,none<=10
56,"(skip(v=0),move+1)","(move-1(iff=0),flip,skip(v=0))","(1,x)",2,0,10,none<=10,none<=10,none<=10,none<=10
56,"(skip(v=0),move+1)","(move-1(iff=0),flip,skip(v=0))","(1,x)",2,1,10,none<=10,none<=10,none<=10,none<=10
56,"(skip(v=0),move+1)","(move-1(iff=0),flip,skip(v=0))","(x,0)",2,0,10,none<=10,none<=10,none<=10,none<=10
56,"(skip(v=0),move+1)","(move-1(iff=0),flip,skip(v=0))","(x,0)",2,1,10,none<=10,none<=10,none<=10,none<=10
56,"(skip(v=0),move+1)","(move-1(iff=0),flip,skip(v=0))","(0,x)",2,0,10,none<=10,none<=10,none<=10,none<=10
56,"(skip(v=0),move+1)","(move-1(iff=0),flip,skip(v=0))","(0,x)",2,1,10,none<=10,none<=10,none<=10,none<=10
56,"(skip(v=0),move+1)","(move-1(iff=0),flip,skip(v=0))","p3('x', 0, 1)",3,0,10,none<=10,none<=10,none<=10,none<=10
56,"(skip(v=0),move+1)","(move-1(iff=0),flip,skip(v=0))","p3('x', 0, 1)",3,1,10,none<=10,none<=10,none<=10,none<=10
56,"(skip(v=0),move+1)","(move-1(iff=0),flip,skip(v=0))","p3('x', 0, 1)",3,2,10,none<=10,none<=10,none<=10,none<=10
56,"(skip(v=0),move+1)","(move-1(iff=0),flip,skip(v=0))","p3(1, 'x', 0)",3,0,10,none<=10,none<=10,none<=10,none<=10
56,"(skip(v=0),move+1)","(move-1(iff=0),flip,skip(v=0))","p3(1, 'x', 0)",3,1,10,none<=10,none<=10,none<=10,none<=10
56,"(skip(v=0),move+1)","(move-1(iff=0),flip,skip(v=0))","p3(1, 'x', 0)",3,2,10,none<=10,none<=10,none<=10,none<=10
56,"(skip(v=0),move+1)","(move-1(iff=0),flip,skip(v=0))","p3(0, 1, 'x')",3,0,10,none<=10,none<=10,none<=10,none<=10
56,"(skip(v=0),move+1)","(move-1(iff=0),flip,skip(v=0))","p3(0, 1, 'x')",3,1,10,none<=10,none<=10,none<=10,none<=10
56,"(skip(v=0),move+1)","(move-1(iff=0),flip,skip(v=0))","p3(0, 1, 'x')",3,2,10,none<=10,none<=10,none<=10,none<=10
56,"(skip(v=0),move+1)","(move-1(iff=0),flip,skip(v=0))","p3('x', 1, 0)",3,0,10,none<=10,none<=10,none<=10,none<=10
56,"(skip(v=0),move+1)","(move-1(iff=0),flip,skip(v=0))","p3('x', 1, 0)",3,1,10,none<=10,none<=10,none<=10,none<=10
56,"(skip(v=0),move+1)","(move-1(iff=0),flip,skip(v=0))","p3('x', 1, 0)",3,2,10,none<=10,none<=10,none<=10,none<=10
56,"(skip(v=0),move+1)","(move-1(iff=0),flip,skip(v=0))","p3(0, 'x', 1)",3,0,10,none<=10,none<=10,none<=10,none<=10
56,"(skip(v=0),move+1)","(move-1(iff=0),flip,skip(v=0))","p3(0, 'x', 1)",3,1,10,none<=10,none<=10,none<=10,none<=10
56,"(skip(v=0),move+1)","(move-1(iff=0),flip,skip(v=0))","p3(0, 'x', 1)",3,2,10,none<=10,none<=10,none<=10,none<=10
56,"(skip(v=0),move+1)","(move-1(iff=0),flip,skip(v=0))","p3(1, 0, 'x')",3,0,10,none<=10,none<=10,none<=10,none<=10
56,"(skip(v=0),move+1)","(move-1(iff=0),flip,skip(v=0))","p3(1, 0, 'x')",3,1,10,none<=10,none<=10,none<=10,none<=10
56,"(skip(v=0),move+1)","(move-1(iff=0),flip,skip(v=0))","p3(1, 0, 'x')",3,2,10,none<=10,none<=10,none<=10,none<=10
56,"(skip(v=0),move+1)","(move-1(iff=0),flip,skip(v=0))","p3('x', 0, 0)",3,0,10,none<=10,none<=10,none<=10,none<=10
56,"(skip(v=0),move+1)","(move-1(iff=0),flip,skip(v=0))","p3('x', 0, 0)",3,1,10,none<=10,none<=10,none<=10,none<=10
56,"(skip(v=0),move+1)","(move-1(iff=0),flip,skip(v=0))","p3('x', 0, 0)",3,2,10,none<=10,none<=10,none<=10,none<=10
56,"(skip(v=0),move+1)","(move-1(iff=0),flip,skip(v=0))","p3(0, 'x', 0)",3,0,10,none<=10,none<=10,none<=10,none<=10
56,"(skip(v=0),move+1)","(move-1(iff=0),flip,skip(v=0))","p3(0, 'x', 0)",3,1,10,none<=10,none<=10,none<=10,none<=10
56,"(skip(v=0),move+1)","(move-1(iff=0),flip,skip(v=0))","p3(0, 'x', 0)",3,2,10,none<=10,none<=10,none<=10,none<=10
56,"(skip(v=0),move+1)","(move-1(iff=0),flip,skip(v=0))","p3(0, 0, 'x')",3,0,10,none<=10,none<=10,none<=10,none<=10
56,"(skip(v=0),move+1)","(move-1(iff=0),flip,skip(v=0))","p3(0, 0, 'x')",3,1,10,none<=10,none<=10,none<=10,none<=10
56,"(skip(v=0),move+1)","(move-1(iff=0),flip,skip(v=0))","p3(0, 0, 'x')",3,2,10,none<=10,none<=10,none<=10,none<=10
56,"(skip(v=0),move+1)","(move-1(iff=0),flip,skip(v=0))","p3('x', 1, 1)",3,0,10,none<=10,none<=10,none<=10,none<=10
56,"(skip(v=0),move+1)","(move-1(iff=0),flip,skip(v=0))","p3('x', 1, 1)",3,1,10,none<=10,none<=10,none<=10,none<=10
56,"(skip(v=0),move+1)","(move-1(iff=0),flip,skip(v=0))","p3('x', 1, 1)",3,2,10,none<=10,none<=10,none<=10,none<=10
56,"(skip(v=0),move+1)","(move-1(iff=0),flip,skip(v=0))","p3(1, 'x', 1)",3,0,10,none<=10,none<=10,none<=10,none<=10
56,"(skip(v=0),move+1)","(move-1(iff=0),flip,skip(v=0))","p3(1, 'x', 1)",3,1,10,none<=10,none<=10,none<=10,none<=10
56,"(skip(v=0),move+1)","(move-1(iff=0),flip,skip(v=0))","p3(1, 'x', 1)",3,2,10,none<=10,none<=10,none<=10,none<=10
56,"(skip(v=0),move+1)","(move-1(iff=0),flip,skip(v=0))","p3(1, 1, 'x')",3,0,10,none<=10,none<=10,none<=10,none<=10
56,"(skip(v=0),move+1)","(move-1(iff=0),flip,skip(v=0))","p3(1, 1, 'x')",3,1,10,none<=10,none<=10,none<=10,none<=10
56,"(skip(v=0),move+1)","(move-1(iff=0),flip,skip(v=0))","p3(1, 1, 'x')",3,2,10,none<=10,none<=10,none<=10,none<=10
57,"(skip(v=0),move+1)","(flip,move-1(iff=0),skip(v=1))",none,1,0,10,none<=10,none<=10,none<=10,none<=10
57,"(skip(v=0),move+1)","(flip,move-1(iff=0),skip(v=1))","(x,xbar)",2,0,10,none<=10,none<=10,none<=10,none<=10
57,"(skip(v=0),move+1)","(flip,move-1(iff=0),skip(v=1))","(x,xbar)",2,1,10,none<=10,none<=10,none<=10,none<=10
57,"(skip(v=0),move+1)","(flip,move-1(iff=0),skip(v=1))","(xbar,x)",2,0,10,none<=10,none<=10,none<=10,none<=10
57,"(skip(v=0),move+1)","(flip,move-1(iff=0),skip(v=1))","(xbar,x)",2,1,10,none<=10,none<=10,none<=10,none<=10
57,"(skip(v=0),move+1)","(flip,move-1(iff=0),skip(v=1))","(x,1)",2,0,10,none<=10,none<=10,none<=10,none<=10
57,"(skip(v=0),move+1)","(flip,move-1(iff=0),skip(v=1))","(x,1)",2,1,10,none<=10,none<=10,none<=10,none<=10
57,"(skip(v=0),move+1)","(flip,move-1(iff=0),skip(v=1))","(1,x)",2,0,10,none<=10,none<=10,none<=10,none<=10
57,"(skip(v=0),move+1)","(flip,move-1(iff=0),skip(v=1))","(1,x)",2,1,10,none<=10,none<=10,none<=10,none<=10
57,"(skip(v=0),move+1)","(flip,move-1(iff=0),skip(v=1))","(x,0)",2,0,10,none<=10,none<=10,none<=10,none<=10
57,"(skip(v=0),move+1)","(flip,move-1(iff=0),skip(v=1))","(x,0)",2,1,10,none<=10,none<=10,none<=10,none<=10
57,"(skip(v=0),move+1)","(flip,move-1(iff=0),skip(v=1))","(0,x)",2,0,10,none<=10,none<=10,none<=10,none<=10
57,"(skip(v=0),move+1)","(flip,move-1(iff=0),skip(v=1))","(0,x)",2,1,10,none<=10,none<=10,none<=10,none<=10
57,"(skip(v=0),move+1)","(flip,move-1(iff=0),skip(v=1))","p3('x', 0, 1)",3,0,10,none<=10,none<=10,none<=10,none<=10
57,"(skip(v=0),move+1)","(flip,move-1(iff=0),skip(v=1))","p3('x', 0, 1)",3,1,10,none<=10,none<=10,none<=10,none<=10
57,"(skip(v=0),move+1)","(flip,move-1(iff=0),skip(v=1))","p3('x', 0, 1)",3,2,10,none<=10,none<=10,none<=10,none<=10
57,"(skip(v=0),move+1)","(flip,move-1(iff=0),skip(v=1))","p3(1, 'x', 0)",3,0,10,none<=10,none<=10,none<=10,none<=10
57,"(skip(v=0),move+1)","(flip,move-1(iff=0),skip(v=1))","p3(1, 'x', 0)",3,1,10,none<=10,none<=10,none<=10,none<=10
57,"(skip(v=0),move+1)","(flip,move-1(iff=0),skip(v=1))","p3(1, 'x', 0)",3,2,10,none<=10,none<=10,none<=10,none<=10
57,"(skip(v=0),move+1)","(flip,move-1(iff=0),skip(v=1))","p3(0, 1, 'x')",3,0,10,none<=10,none<=10,none<=10,none<=10
57,"(skip(v=0),move+1)","(flip,move-1(iff=0),skip(v=1))","p3(0, 1, 'x')",3,1,10,none<=10,none<=10,none<=10,none<=10
57,"(skip(v=0),move+1)","(flip,move-1(iff=0),skip(v=1))","p3(0, 1, 'x')",3,2,10,none<=10,none<=10,none<=10,none<=10
57,"(skip(v=0),move+1)","(flip,move-1(iff=0),skip(v=1))","p3('x', 1, 0)",3,0,10,none<=10,none<=10,none<=10,none<=10
57,"(skip(v=0),move+1)","(flip,move-1(iff=0),skip(v=1))","p3('x', 1, 0)",3,1,10,none<=10,none<=10,none<=10,none<=10
57,"(skip(v=0),move+1)","(flip,move-1(iff=0),skip(v=1))","p3('x', 1, 0)",3,2,10,none<=10,none<=10,none<=10,none<=10
57,"(skip(v=0),move+1)","(flip,move-1(iff=0),skip(v=1))","p3(0, 'x', 1)",3,0,10,none<=10,none<=10,none<=10,none<=10
57,"(skip(v=0),move+1)","(flip,move-1(iff=0),skip(v=1))","p3(0, 'x', 1)",3,1,10,none<=10,none<=10,none<=10,none<=10
57,"(skip(v=0),move+1)","(flip,move-1(iff=0),skip(v=1))","p3(0, 'x', 1)",3,2,10,none<=10,none<=10,none<=10,none<=10
57,"(skip(v=0),move+1)","(flip,move-1(iff=0),skip(v=1))","p3(1, 0, 'x')",3,0,10,none<=10,none<=10,none<=10,none<=10
57,"(skip(v=0),move+1)","(flip,move-1(iff=0),skip(v=1))","p3(1, 0, 'x')",3,1,10,none<=10,none<=10,none<=10,none<=10
57,"(skip(v=0),move+1)","(flip,move-1(iff=0),skip(v=1))","p3(1, 0, 'x')",3,2,10,none<=10,none<=10,none<=10,none<=10
57,"(skip(v=0),move+1)","(flip,move-1(iff=0),skip(v=1))","p3('x', 0, 0)",3,0,10,none<=10,none<=10,none<=10,none<=10
57,"(skip(v=0),move+1)","(flip,move-1(iff=0),skip(v=1))","p3('x', 0, 0)",3,1,10,none<=10,none<=10,none<=10,none<=10
57,"(skip(v=0),move+1)","(flip,move-1(iff=0),skip(v=1))","p3('x', 0, 0)",3,2,10,none<=10,none<=10,none<=10,none<=10
57,"(skip(v=0),move+1)","(flip,move-1(iff=0),skip(v=1))","p3(0, 'x', 0)",3,0,10,none<=10,none<=10,none<=10,none<=10
57,"(skip(v=0),move+1)","(flip,move-1(iff=0),skip(v=1))","p3(0, 'x', 0)",3,1,10,none<=10,none<=10,none<=10,none<=10
57,"(skip(v=0),move+1)","(flip,move-1(iff=0),skip(v=1))","p3(0, 'x', 0)",3,2,10,none<=10,none<=10,none<=10,none<=10
57,"(skip(v=0),move+1)","(flip,move-1(iff=0),skip(v=1))","p3(0, 0, 'x')",3,0,10,none<=10,none<=10,none<=10,none<=10
57,"(skip(v=0),move+1)","(flip,move-1(iff=0),skip(v=1))","p3(0, 0, 'x')",3,1,10,none<=10,none<=10,none<=10,none<=10
57,"(skip(v=0),move+1)","(flip,move-1(iff=0),skip(v=1))","p3(0, 0, 'x')",3,2,10,none<=10,none<=10,none<=10,none<=10
57,"(skip(v=0),move+1)","(flip,move-1(iff=0),skip(v=1))","p3('x', 1, 1)",3,0,10,none<=10,none<=10,none<=10,none<=10
57,"(skip(v=0),move+1)","(flip,move-1(iff=0),skip(v=1))","p3('x', 1, 1)",3,1,10,none<=10,none<=10,none<=10,none<=10
57,"(skip(v=0),move+1)","(flip,move-1(iff=0),skip(v=1))","p3('x', 1, 1)",3,2,10,none<=10,none<=10,none<=10,none<=10
57,"(skip(v=0),move+1)","(flip,move-1(iff=0),skip(v=1))","p3(1, 'x', 1)",3,0,10,none<=10,none<=10,none<=10,none<=10
57,"(skip(v=0),move+1)","(flip,move-1(iff=0),skip(v=1))","p3(1, 'x', 1)",3,1,10,none<=10,none<=10,none<=10,none<=10
57,"(skip(v=0),move+1)","(flip,move-1(iff=0),skip(v=1))","p3(1, 'x', 1)",3,2,10,none<=10,none<=10,none<=10,none<=10
57,"(skip(v=0),move+1)","(flip,move-1(iff=0),skip(v=1))","p3(1, 1, 'x')",3,0,10,none<=10,none<=10,none<=10,none<=10
57,"(skip(v=0),move+1)","(flip,move-1(iff=0),skip(v=1))","p3(1, 1, 'x')",3,1,10,none<=10,none<=10,none<=10,none<=10
57,"(skip(v=0),move+1)","(flip,move-1(iff=0),skip(v=1))","p3(1, 1, 'x')",3,2,10,none<=10,none<=10,none<=10,none<=10
58,"(skip(v=0),move+1)","(skip(v=1),move-1(iff=0),flip)",none,1,0,10,none<=10,none<=10,none<=10,none<=10
58,"(skip(v=0),move+1)","(skip(v=1),move-1(iff=0),flip)","(x,xbar)",2,0,10,none<=10,none<=10,none<=10,none<=10
58,"(skip(v=0),move+1)","(skip(v=1),move-1(iff=0),flip)","(x,xbar)",2,1,10,none<=10,none<=10,none<=10,none<=10
58,"(skip(v=0),move+1)","(skip(v=1),move-1(iff=0),flip)","(xbar,x)",2,0,10,none<=10,none<=10,none<=10,none<=10
58,"(skip(v=0),move+1)","(skip(v=1),move-1(iff=0),flip)","(xbar,x)",2,1,10,none<=10,none<=10,none<=10,none<=10
58,"(skip(v=0),move+1)","(skip(v=1),move-1(iff=0),flip)","(x,1)",2,0,10,none<=10,none<=10,none<=10,none<=10
58,"(skip(v=0),move+1)","(skip(v=1),move-1(iff=0),flip)","(x,1)",2,1,10,none<=10,none<=10,none<=10,none<=10
58,"(skip(v=0),move+1)","(skip(v=1),move-1(iff=0),flip)","(1,x)",2,0,10,none<=10,none<=10,none<=10,none<=10
58,"(skip(v=0),move+1)","(skip(v=1),move-1(iff=0),flip)","(1,x)",2,1,10,none<=10,none<=10,none<=10,none<=10
58,"(skip(v=0),move+1)","(skip(v=1),move-1(iff=0),flip)","(x,0)",2,0,10,none<=10,none<=10,none<=10,none<=10
58,"(skip(v=0),move+1)","(skip(v=1),move-1(iff=0),flip)","(x,0)",2,1,10,none<=10,none<=10,none<=10,none<=10
58,"(skip(v=0),move+1)","(skip(v=1),move-1(iff=0),flip)","(0,x)",2,0,10,none<=10,none<=10,none<=10,none<=10
58,"(skip(v=0),move+1)","(skip(v=1),move-1(iff=0),flip)","(0,x)",2,1,10,none<=10,none<=10,none<=10,none<=10
58,"(skip(v=0),move+1)","(skip(v=1),move-1(iff=0),flip)","p3('x', 0, 1)",3,0,10,none<=10,none<=10,none<=10,none<=10
58,"(skip(v=0),move+1)","(skip(v=1),move-1(iff=0),flip)","p3('x', 0, 1)",3,1,10,none<=10,none<=10,none<=10,none<=10
58,"(skip(v=0),move+1)","(skip(v=1),move-1(iff=0),flip)","p3('x', 0, 1)",3,2,10,none<=10,none<=10,none<=10,none<=10
58,"(skip(v=0),move+1)","(skip(v=1),move-1(iff=0),flip)","p3(1, 'x', 0)",3,0,10,none<=10,none<=10,none<=10,none<=10
58,"(skip(v=0),move+1)","(skip(v=1),move-1(iff=0),flip)","p3(1, 'x', 0)",3,1,10,none<=10,none<=10,none<=10,none<=10
58,"(skip(v=0),move+1)","(skip(v=1),move-1(iff=0),flip)","p3(1, 'x', 0)",3,2,10,none<=10,none<=10,none<=10,none<=10
58,"(skip(v=0),move+1)","(skip(v=1),move-1(iff=0),flip)","p3(0, 1, 'x')",3,0,10,none<=10,none<=10,none<=10,none<=10
58,"(skip(v=0),move+1)","(skip(v=1),move-1(iff=0),flip)","p3(0, 1, 'x')",3,1,10,none<=10,none<=10,none<=10,none<=10
58,"(skip(v=0),move+1)","(skip(v=1),move-1(iff=0),flip)","p3(0, 1, 'x')",3,2,10,none<=10,none<=10,none<=10,none<=10
58,"(skip(v=0),move+1)","(skip(v=1),move-1(iff=0),flip)","p3('x', 1, 0)",3,0,10,none<=10,none<=10,none<=10,none<=10
58,"(skip(v=0),move+1)","(skip(v=1),move-1(iff=0),flip)","p3('x', 1, 0)",3,1,10,none<=10,none<=10,none<=10,none<=10
58,"(skip(v=0),move+1)","(skip(v=1),move-1(iff=0),flip)","p3('x', 1, 0)",3,2,10,none<=10,none<=10,none<=10,none<=10
58,"(skip(v=0),move+1)","(skip(v=1),move-1(iff=0),flip)","p3(0, 'x', 1)",3,0,10,none<=10,none<=10,none<=10,none<=10
58,"(skip(v=0),move+1)","(skip(v=1),move-1(iff=0),flip)","p3(0, 'x', 1)",3,1,10,none<=10,none<=10,none<=10,none<=10
58,"(skip(v=0),move+1)","(skip(v=1),move-1(iff=0),flip)","p3(0, 'x', 1)",3,2,10,none<=10,none<=10,none<=10,none<=10
58,"(skip(v=0),move+1)","(skip(v=1),move-1(iff=0),flip)","p3(1, 0, 'x')",3,0,10,none<=10,none<=10,none<=10,none<=10
58,"(skip(v=0),move+1)","(skip(v=1),move-1(iff=0),flip)","p3(1, 0, 'x')",3,1,10,none<=10,none<=10,none<=10,none<=10
58,"(skip(v=0),move+1)","(skip(v=1),move-1(iff=0),flip)","p3(1, 0, 'x')",3,2,10,none<=10,none<=10,none<=10,none<=10
58,"(skip(v=0),move+1)","(skip(v=1),move-1(iff=0),flip)","p3('x', 0, 0)",3,0,10,none<=10,none<=10,none<=10,none<=10
58,"(skip(v=0),move+1)","(skip(v=1),move-1(iff=0),flip)","p3('x', 0, 0)",3,1,10,none<=10,none<=10,none<=10,none<=10
58,"(skip(v=0),move+1)","(skip(v=1),move-1(iff=0),flip)","p3('x', 0, 0)",3,2,10,none<=10,none<=10,none<=10,none<=10
58,"(skip(v=0),move+1)","(skip(v=1),move-1(iff=0),flip)","p3(0, 'x', 0)",3,0,10,none<=10,none<=10,none<=10,none<=10
58,"(skip(v=0),move+1)","(skip(v=1),move-1(iff=0),flip)","p3(0, 'x', 0)",3,1,10,none<=10,none<=10,none<=10,none<=10
58,"(skip(v=0),move+1)","(skip(v=1),move-1(iff=0),flip)","p3(0, 'x', 0)",3,2,10,none<=10,none<=10,none<=10,none<=10
58,"(skip(v=0),move+1)","(skip(v=1),move-1(iff=0),flip)","p3(0, 0, 'x')",3,0,10,none<=10,none<=10,none<=10,none<=10
58,"(skip(v=0),move+1)","(skip(v=1),move-1(iff=0),flip)","p3(0, 0, 'x')",3,1,10,none<=10,none<=10,none<=10,none<=10
58,"(skip(v=0),move+1)","(skip(v=1),move-1(iff=0),flip)","p3(0, 0, 'x')",3,2,10,none<=10,none<=10,none<=10,none<=10
58,"(skip(v=0),move+1)","(skip(v=1),move-1(iff=0),flip)","p3('x', 1, 1)",3,0,10,none<=10,none<=10,none<=10,none<=10
58,"(skip(v=0),move+1)","(skip(v=1),move-1(iff=0),flip)","p3('x', 1, 1)",3,1,10,none<=10,none<=10,none<=10,none<=10
58,"(skip(v=0),move+1)","(skip(v=1),move-1(iff=0),flip)","p3('x', 1, 1)",3,2,10,none<=10,none<=10,none<=10,none<=10
58,"(skip(v=0),move+1)","(skip(v=1),move-1(iff=0),flip)","p3(1, 'x', 1)",3,0,10,none<=10,none<=10,none<=10,none<=10
58,"(skip(v=0),move+1)","(skip(v=1),move-1(iff=0),flip)","p3(1, 'x', 1)",3,1,10,none<=10,none<=10,none<=10,none<=10
58,"(skip(v=0),move+1)","(skip(v=1),move-1(iff=0),flip)","p3(1, 'x', 1)",3,2,10,none<=10,none<=10,none<=10,none<=10
58,"(skip(v=0),move+1)","(skip(v=1),move-1(iff=0),flip)","p3(1, 1, 'x')",3,0,10,none<=10,none<=10,none<=10,none<=10
58,"(skip(v=0),move+1)","(skip(v=1),move-1(iff=0),flip)","p3(1, 1, 'x')",3,1,10,none<=10,none<=10,none<=10,none<=10
58,"(skip(v=0),move+1)","(skip(v=1),move-1(iff=0),flip)","p3(1, 1, 'x')",3,2,10,none<=10,none<=10,none<=10,none<=10
59,"(skip(v=0),move+1)","(move-1(iff=1),flip)",none,1,0,10,none<=10,none<=10,none<=10,none<=10
59,"(skip(v=0),move+1)","(move-1(iff=1),flip)","(x,xbar)",2,0,10,none<=10,none<=10,none<=10,none<=10
59,"(skip(v=0),move+1)","(move-1(iff=1),flip)","(x,xbar)",2,1,10,none<=10,none<=10,none<=10,none<=10
59,"(skip(v=0),move+1)","(move-1(iff=1),flip)","(xbar,x)",2,0,10,none<=10,none<=10,none<=10,none<=10
59,"(skip(v=0),move+1)","(move-1(iff=1),flip)","(xbar,x)",2,1,10,none<=10,none<=10,none<=10,none<=10
59,"(skip(v=0),move+1)","(move-1(iff=1),flip)","(x,1)",2,0,10,none<=10,none<=10,none<=10,none<=10
59,"(skip(v=0),move+1)","(move-1(iff=1),flip)","(x,1)",2,1,10,none<=10,none<=10,none<=10,none<=10
59,"(skip(v=0),move+1)","(move-1(iff=1),flip)","(1,x)",2,0,10,none<=10,none<=10,none<=10,none<=10
59,"(skip(v=0),move+1)","(move-1(iff=1),flip)","(1,x)",2,1,10,none<=10,none<=10,none<=10,none<=10
59,"(skip(v=0),move+1)","(move-1(iff=1),flip)","(x,0)",2,0,10,none<=10,none<=10,none<=10,none<=10
59,"(skip(v=0),move+1)","(move-1(iff=1),flip)","(x,0)",2,1,10,none<=10,none<=10,none<=10,none<=10
59,"(skip(v=0),move+1)","(move-1(iff=1),flip)","(0,x)",2,0,10,none<=10,none<=10,none<=10,none<=10
59,"(skip(v=0),move+1)","(move-1(iff=1),flip)","(0,x)",2,1,10,none<=10,none<=10,none<=10,none<=10
59,"(skip(v=0),move+1)","(move-1(iff=1),flip)","p3('x', 0, 1)",3,0,10,none<=10,none<=10,none<=10,none<=10
59,"(skip(v=0),move+1)","(move-1(iff=1),flip)","p3('x', 0, 1)",3,1,10,none<=10,none<=10,none<=10,none<=10
59,"(skip(v=0),move+1)","(move-1(iff=1),flip)","p3('x', 0, 1)",3,2,10,none<=10,none<=10,none<=10,none<=10
59,"(skip(v=0),move+1)","(move-1(iff=1),flip)","p3(1, 'x', 0)",3,0,10,none<=10,none<=10,none<=10,none<=10
59,"(skip(v=0),move+1)","(move-1(iff=1),flip)","p3(1, 'x', 0)",3,1,10,none<=10,none<=10,none<=10,none<=10
59,"(skip(v=0),move+1)","(move-1(iff=1),flip)","p3(1, 'x', 0)",3,2,10,none<=10,none<=10,none<=10,none<=10
59,"(skip(v=0),move+1)","(move-1(iff=1),flip)","p3(0, 1, 'x')",3,0,10,none<=10,none<=10,none<=10,none<=10
59,"(skip(v=0),move+1)","(move-1(iff=1),flip)","p3(0, 1, 'x')",3,1,10,none<=10,none<=10,none<=10,none<=10
59,"(skip(v=0),move+1)","(move-1(iff=1),flip)","p3(0, 1, 'x')",3,2,10,none<=10,none<=10,none<=10,none<=10
59,"(skip(v=0),move+1)","(move-1(iff=1),flip)","p3('x', 1, 0)",3,0,10,none<=10,none<=10,none<=10,none<=10
59,"(skip(v=0),move+1)","(move-1(iff=1),flip)","p3('x', 1, 0)",3,1,10,none<=10,none<=10,none<=10,none<=10
59,"(skip(v=0),move+1)","(move-1(iff=1),flip)","p3('x', 1, 0)",3,2,10,none<=10,none<=10,none<=10,none<=10
59,"(skip(v=0),move+1)","(move-1(iff=1),flip)","p3(0, 'x', 1)",3,0,10,none<=10,none<=10,none<=10,none<=10
59,"(skip(v=0),move+1)","(move-1(iff=1),flip)","p3(0, 'x', 1)",3,1,10,none<=10,none<=10,none<=10,none<=10
59,"(skip(v=0),move+1)","(move-1(iff=1),flip)","p3(0, 'x', 1)",3,2,10,none<=10,none<=10,none<=10,none<=10
59,"(skip(v=0),move+1)","(move-1(iff=1),flip)","p3(1, 0, 'x')",3,0,10,none<=10,none<=10,none<=10,none<=10
59,"(skip(v=0),move+1)","(move-1(iff=1),flip)","p3(1, 0, 'x')",3,1,10,none<=10,none<=10,none<=10,none<=10
59,"(skip(v=0),move+1)","(move-1(iff=1),flip)","p3(1, 0, 'x')",3,2,10,none<=10,none<=10,none<=10,none<=10
59,"(skip(v=0),move+1)","(move-1(iff=1),flip)","p3('x', 0, 0)",3,0,10,none<=10,none<=10,none<=10,none<=10
59,"(skip(v=0),move+1)","(move-1(iff=1),flip)","p3('x', 0, 0)",3,1,10,none<=10,none<=10,none<=10,none<=10
59,"(skip(v=0),move+1)","(move-1(iff=1),flip)","p3('x', 0, 0)",3,2,10,none<=10,none<=10,none<=10,none<=10
59,"(skip(v=0),move+1)","(move-1(iff=1),flip)","p3(0, 'x', 0)",3,0,10,none<=10,none<=10,none<=10,none<=10
59,"(skip(v=0),move+1)","(move-1(iff=1),flip)","p3(0, 'x', 0)",3,1,10,none<=10,none<=10,none<=10,none<=10
59,"(skip(v=0),move+1)","(move-1(iff=1),flip)","p3(0, 'x', 0)",3,2,10,none<=10,none<=10,none<=10,none<=10
59,"(skip(v=0),move+1)","(move-1(iff=1),flip)","p3(0, 0, 'x')",3,0,10,none<=10,none<=10,none<=10,none<=10
59,"(skip(v=0),move+1)","(move-1(iff=1),flip)","p3(0, 0, 'x')",3,1,10,none<=10,none<=10,none<=10,none<=10
59,"(skip(v=0),move+1)","(move-1(iff=1),flip)","p3(0, 0, 'x')",3,2,10,none<=10,none<=10,none<=10,none<=10
59,"(skip(v=0),move+1)","(move-1(iff=1),flip)","p3('x', 1, 1)",3,0,10,none<=10,none<=10,none<=10,none<=10
59,"(skip(v=0),move+1)","(move-1(iff=1),flip)","p3('x', 1, 1)",3,1,10,none<=10,none<=10,none<=10,none<=10
59,"(skip(v=0),move+1)","(move-1(iff=1),flip)","p3('x', 1, 1)",3,2,10,none<=10,none<=10,none<=10,none<=10
59,"(skip(v=0),move+1)","(move-1(iff=1),flip)","p3(1, 'x', 1)",3,0,10,none<=10,none<=10,none<=10,none<=10
59,"(skip(v=0),move+1)","(move-1(iff=1),flip)","p3(1, 'x', 1)",3,1,10,none<=10,none<=10,none<=10,none<=10
59,"(skip(v=0),move+1)","(move-1(iff=1),flip)","p3(1, 'x', 1)",3,2,10,none<=10,none<=10,none<=10,none<=10
59,"(skip(v=0),move+1)","(move-1(iff=1),flip)","p3(1, 1, 'x')",3,0,10,none<=10,none<=10,none<=10,none<=10
59,"(skip(v=0),move+1)","(move-1(iff=1),flip)","p3(1, 1, 'x')",3,1,10,none<=10,none<=10,none<=10,none<=10
59,"(skip(v=0),move+1)","(move-1(iff=1),flip)","p3(1, 1, 'x')",3,2,10,none<=10,none<=10,none<=10,none<=10
60,"(skip(v=0),move+1)","(flip,move-1(iff=1))",none,1,0,10,none<=10,none<=10,none<=10,none<=10
60,"(skip(v=0),move+1)","(flip,move-1(iff=1))","(x,xbar)",2,0,10,none<=10,none<=10,none<=10,none<=10
60,"(skip(v=0),move+1)","(flip,move-1(iff=1))","(x,xbar)",2,1,10,none<=10,none<=10,none<=10,none<=10
60,"(skip(v=0),move+1)","(flip,move-1(iff=1))","(xbar,x)",2,0,10,none<=10,none<=10,none<=10,none<=10
60,"(skip(v=0),move+1)","(flip,move-1(iff=1))","(xbar,x)",2,1,10,none<=10,none<=10,none<=10,none<=10
60,"(skip(v=0),move+1)","(flip,move-1(iff=1))","(x,1)",2,0,10,none<=10,none<=10,none<=10,none<=10
60,"(skip(v=0),move+1)","(flip,move-1(iff=1))","(x,1)",2,1,10,none<=10,none<=10,none<=10,none<=10
60,"(skip(v=0),move+1)","(flip,move-1(iff=1))","(1,x)",2,0,10,none<=10,none<=10,none<=10,none<=10
60,"(skip(v=0),move+1)","(flip,move-1(iff=1))","(1,x)",2,1,10,none<=10,none<=10,none<=10,none<=10
60,"(skip(v=0),move+1)","(flip,move-1(iff=1))","(x,0)",2,0,10,none<=10,none<=10,none<=10,none<=10
60,"(skip(v=0),move+1)","(flip,move-1(iff=1))","(x,0)",2,1,10,none<=10,none<=10,none<=10,none<=10
60,"(skip(v=0),move+1)","(flip,move-1(iff=1))","(0,x)",2,0,10,none<=10,none<=10,none<=10,none<=10
60,"(skip(v=0),move+1)","(flip,move-1(iff=1))","(0,x)",2,1,10,none<=10,none<=10,none<=10,none<=10
60,"(skip(v=0),move+1)","(flip,move-1(iff=1))","p3('x', 0, 1)",3,0,10,none<=10,none<=10,none<=10,none<=10
60,"(skip(v=0),move+1)","(flip,move-1(iff=1))","p3('x', 0, 1)",3,1,10,none<=10,none<=10,none<=10,none<=10
60,"(skip(v=0),move+1)","(flip,move-1(iff=1))","p3('x', 0, 1)",3,2,10,none<=10,none<=10,none<=10,none<=10
60,"(skip(v=0),move+1)","(flip,move-1(iff=1))","p3(1, 'x', 0)",3,0,10,none<=10,none<=10,none<=10,none<=10
60,"(skip(v=0),move+1)","(flip,move-1(iff=1))","p3(1, 'x', 0)",3,1,10,none<=10,none<=10,none<=10,none<=10
60,"(skip(v=0),move+1)","(flip,move-1(iff=1))","p3(1, 'x', 0)",3,2,10,none<=10,none<=10,none<=10,none<=10
60,"(skip(v=0),move+1)","(flip,move-1(iff=1))","p3(0, 1, 'x')",3,0,10,none<=10,none<=10,none<=10,none<=10
60,"(skip(v=0),move+1)","(flip,move-1(iff=1))","p3(0, 1, 'x')",3,1,10,none<=10,none<=10,none<=10,none<=10
60,"(skip(v=0),move+1)","(flip,move-1(iff=1))","p3(0, 1, 'x')",3,2,10,none<=10,none<=10,none<=10,none<=10
60,"(skip(v=0),move+1)","(flip,move-1(iff=1))","p3('x', 1, 0)",3,0,10,none<=10,none<=10,none<=10,none<=10
60,"(skip(v=0),move+1)","(flip,move-1(iff=1))","p3('x', 1, 0)",3,1,10,none<=10,none<=10,none<=10,none<=10
60,"(skip(v=0),move+1)","(flip,move-1(iff=1))","p3('x', 1, 0)",3,2,10,none<=10,none<=10,none<=10,none<=10
60,"(skip(v=0),move+1)","(flip,move-1(iff=1))","p3(0, 'x', 1)",3,0,10,none<=10,none<=10,none<=10,none<=10
60,"(skip(v=0),move+1)","(flip,move-1(iff=1))","p3(0, 'x', 1)",3,1,10,none<=10,none<=10,none<=10,none<=10
60,"(skip(v=0),move+1)","(flip,move-1(iff=1))","p3(0, 'x', 1)",3,2,10,none<=10,none<=10,none<=10,none<=10
60,"(skip(v=0),move+1)","(flip,move-1(iff=1))","p3(1, 0, 'x')",3,0,10,none<=10,none<=10,none<=10,none<=10
60,"(skip(v=0),move+1)","(flip,move-1(iff=1))","p3(1, 0, 'x')",3,1,10,none<=10,none<=10,none<=10,none<=10
60,"(skip(v=0),move+1)","(flip,move-1(iff=1))","p3(1, 0, 'x')",3,2,10,none<=10,none<=10,none<=10,none<=10
60,"(skip(v=0),move+1)","(flip,move-1(iff=1))","p3('x', 0, 0)",3,0,10,none<=10,none<=10,none<=10,none<=10
60,"(skip(v=0),move+1)","(flip,move-1(iff=1))","p3('x', 0, 0)",3,1,10,none<=10,none<=10,none<=10,none<=10
60,"(skip(v=0),move+1)","(flip,move-1(iff=1))","p3('x', 0, 0)",3,2,10,none<=10,none<=10,none<=10,none<=10
60,"(skip(v=0),move+1)","(flip,move-1(iff=1))","p3(0, 'x', 0)",3,0,10,none<=10,none<=10,none<=10,none<=10
60,"(skip(v=0),move+1)","(flip,move-1(iff=1))","p3(0, 'x', 0)",3,1,10,none<=10,none<=10,none<=10,none<=10
60,"(skip(v=0),move+1)","(flip,move-1(iff=1))","p3(0, 'x', 0)",3,2,10,none<=10,none<=10,none<=10,none<=10
60,"(skip(v=0),move+1)","(flip,move-1(iff=1))","p3(0, 0, 'x')",3,0,10,none<=10,none<=10,none<=10,none<=10
60,"(skip(v=0),move+1)","(flip,move-1(iff=1))","p3(0, 0, 'x')",3,1,10,none<=10,none<=10,none<=10,none<=10
60,"(skip(v=0),move+1)","(flip,move-1(iff=1))","p3(0, 0, 'x')",3,2,10,none<=10,none<=10,none<=10,none<=10
60,"(skip(v=0),move+1)","(flip,move-1(iff=1))","p3('x', 1, 1)",3,0,10,none<=10,none<=10,none<=10,none<=10
60,"(skip(v=0),move+1)","(flip,move-1(iff=1))","p3('x', 1, 1)",3,1,10,none<=10,none<=10,none<=10,none<=10
60,"(skip(v=0),move+1)","(flip,move-1(iff=1))","p3('x', 1, 1)",3,2,10,none<=10,none<=10,none<=10,none<=10
60,"(skip(v=0),move+1)","(flip,move-1(iff=1))","p3(1, 'x', 1)",3,0,10,none<=10,none<=10,none<=10,none<=10
60,"(skip(v=0),move+1)","(flip,move-1(iff=1))","p3(1, 'x', 1)",3,1,10,none<=10,none<=10,none<=10,none<=10
60,"(skip(v=0),move+1)","(flip,move-1(iff=1))","p3(1, 'x', 1)",3,2,10,none<=10,none<=10,none<=10,none<=10
60,"(skip(v=0),move+1)","(flip,move-1(iff=1))","p3(1, 1, 'x')",3,0,10,none<=10,none<=10,none<=10,none<=10
60,"(skip(v=0),move+1)","(flip,move-1(iff=1))","p3(1, 1, 'x')",3,1,10,none<=10,none<=10,none<=10,none<=10
60,"(skip(v=0),move+1)","(flip,move-1(iff=1))","p3(1, 1, 'x')",3,2,10,none<=10,none<=10,none<=10,none<=10
61,"(skip(v=0),move+1)","(move-1(iff=1),flip,skip(v=0))",none,1,0,10,none<=10,none<=10,none<=10,none<=10
61,"(skip(v=0),move+1)","(move-1(iff=1),flip,skip(v=0))","(x,xbar)",2,0,10,none<=10,none<=10,none<=10,none<=10
61,"(skip(v=0),move+1)","(move-1(iff=1),flip,skip(v=0))","(x,xbar)",2,1,10,none<=10,none<=10,none<=10,none<=10
61,"(skip(v=0),move+1)","(move-1(iff=1),flip,skip(v=0))","(xbar,x)",2,0,10,none<=10,none<=10,none<=10,none<=10
61,"(skip(v=0),move+1)","(move-1(iff=1),flip,skip(v=0))","(xbar,x)",2,1,10,none<=10,none<=10,none<=10,none<=10
61,"(skip(v=0),move+1)","(move-1(iff=1),flip,skip(v=0))","(x,1)",2,0,10,none<=10,none<=10,none<=10,none<=10
61,"(skip(v=0),move+1)","(move-1(iff=1),flip,skip(v=0))","(x,1)",2,1,10,none<=10,none<=10,none<=10,none<=10
61,"(skip(v=0),move+1)","(move-1(iff=1),flip,skip(v=0))","(1,x)",2,0,10,none<=10,none<=10,none<=10,none<=10
61,"(skip(v=0),move+1)","(move-1(iff=1),flip,skip(v=0))","(1,x)",2,1,10,none<=10,none<=10,none<=10,none<=10
61,"(skip(v=0),move+1)","(move-1(iff=1),flip,skip(v=0))","(x,0)",2,0,10,none<=10,none<=10,none<=10,none<=10
61,"(skip(v=0),move+1)","(move-1(iff=1),flip,skip(v=0))","(x,0)",2,1,10,none<=10,none<=10,none<=10,none<=10
61,"(skip(v=0),move+1)","(move-1(iff=1),flip,skip(v=0))","(0,x)",2,0,10,none<=10,none<=10,none<=10,none<=10
61,"(skip(v=0),move+1)","(move-1(iff=1),flip,skip(v=0))","(0,x)",2,1,10,none<=10,none<=10,none<=10,none<=10
61,"(skip(v=0),move+1)","(move-1(iff=1),flip,skip(v=0))","p3('x', 0, 1)",3,0,10,none<=10,none<=10,none<=10,none<=10
61,"(skip(v=0),move+1)","(move-1(iff=1),flip,skip(v=0))","p3('x', 0, 1)",3,1,10,none<=10,none<=10,none<=10,none<=10
61,"(skip(v=0),move+1)","(move-1(iff=1),flip,skip(v=0))","p3('x', 0, 1)",3,2,10,none<=10,none<=10,none<=10,none<=10
61,"(skip(v=0),move+1)","(move-1(iff=1),flip,skip(v=0))","p3(1, 'x', 0)",3,0,10,none<=10,none<=10,none<=10,none<=10
61,"(skip(v=0),move+1)","(move-1(iff=1),flip,skip(v=0))","p3(1, 'x', 0)",3,1,10,none<=10,none<=10,none<=10,none<=10
61,"(skip(v=0),move+1)","(move-1(iff=1),flip,skip(v=0))","p3(1, 'x', 0)",3,2,10,none<=10,none<=10,none<=10,none<=10
61,"(skip(v=0),move+1)","(move-1(iff=1),flip,skip(v=0))","p3(0, 1, 'x')",3,0,10,none<=10,none<=10,none<=10,none<=10
61,"(skip(v=0),move+1)","(move-1(iff=1),flip,skip(v=0))","p3(0, 1, 'x')",3,1,10,none<=10,none<=10,none<=10,none<=10
61,"(skip(v=0),move+1)","(move-1(iff=1),flip,skip(v=0))","p3(0, 1, 'x')",3,2,10,none<=10,none<=10,none<=10,none<=10
61,"(skip(v=0),move+1)","(move-1(iff=1),flip,skip(v=0))","p3('x', 1, 0)",3,0,10,none<=10,none<=10,none<=10,none<=10
61,"(skip(v=0),move+1)","(move-1(iff=1),flip,skip(v=0))","p3('x', 1, 0)",3,1,10,none<=10,none<=10,none<=10,none<=10
61,"(skip(v=0),move+1)","(move-1(iff=1),flip,skip(v=0))","p3('x', 1, 0)",3,2,10,none<=10,none<=10,none<=10,none<=10
61,"(skip(v=0),move+1)","(move-1(iff=1),flip,skip(v=0))","p3(0, 'x', 1)",3,0,10,none<=10,none<=10,none<=10,none<=10
61,"(skip(v=0),move+1)","(move-1(iff=1),flip,skip(v=0))","p3(0, 'x', 1)",3,1,10,none<=10,none<=10,none<=10,none<=10
61,"(skip(v=0),move+1)","(move-1(iff=1),flip,skip(v=0))","p3(0, 'x', 1)",3,2,10,none<=10,none<=10,none<=10,none<=10
61,"(skip(v=0),move+1)","(move-1(iff=1),flip,skip(v=0))","p3(1, 0, 'x')",3,0,10,none<=10,none<=10,none<=10,none<=10
61,"(skip(v=0),move+1)","(move-1(iff=1),flip,skip(v=0))","p3(1, 0, 'x')",3,1,10,none<=10,none<=10,none<=10,none<=10
61,"(skip(v=0),move+1)","(move-1(iff=1),flip,skip(v=0))","p3(1, 0, 'x')",3,2,10,none<=10,none<=10,none<=10,none<=10
61,"(skip(v=0),move+1)","(move-1(iff=1),flip,skip(v=0))","p3('x', 0, 0)",3,0,10,none<=10,none<=10,none<=10,none<=10
61,"(skip(v=0),move+1)","(move-1(iff=1),flip,skip(v=0))","p3('x', 0, 0)",3,1,10,none<=10,none<=10,none<=10,none<=10
61,"(skip(v=0),move+1)","(move-1(iff=1),flip,skip(v=0))","p3('x', 0, 0)",3,2,10,none<=10,none<=10,none<=10,none<=10
61,"(skip(v=0),move+1)","(move-1(iff=1),flip,skip(v=0))","p3(0, 'x', 0)",3,0,10,none<=10,none<=10,none<=10,none<=10
61,"(skip(v=0),move+1)","(move-1(iff=1),flip,skip(v=0))","p3(0, 'x', 0)",3,1,10,none<=10,none<=10,none<=10,none<=10
61,"(skip(v=0),move+1)","(move-1(iff=1),flip,skip(v=0))","p3(0, 'x', 0)",3,2,10,none<=10,none<=10,none<=10,none<=10
61,"(skip(v=0),move+1)","(move-1(iff=1),flip,skip(v=0))","p3(0, 0, 'x')",3,0,10,none<=10,none<=10,none<=10,none<=10
61,"(skip(v=0),move+1)","(move-1(iff=1),flip,skip(v=0))","p3(0, 0, 'x')",3,1,10,none<=10,none<=10,none<=10,none<=10
61,"(skip(v=0),move+1)","(move-1(iff=1),flip,skip(v=0))","p3(0, 0, 'x')",3,2,10,none<=10,none<=10,none<=10,none<=10
61,"(skip(v=0),move+1)","(move-1(iff=1),flip,skip(v=0))","p3('x', 1, 1)",3,0,10,none<=10,none<=10,none<=10,none<=10
61,"(skip(v=0),move+1)","(move-1(iff=1),flip,skip(v=0))","p3('x', 1, 1)",3,1,10,none<=10,none<=10,none<=10,none<=10
61,"(skip(v=0),move+1)","(move-1(iff=1),flip,skip(v=0))","p3('x', 1, 1)",3,2,10,none<=10,none<=10,none<=10,none<=10
61,"(skip(v=0),move+1)","(move-1(iff=1),flip,skip(v=0))","p3(1, 'x', 1)",3,0,10,none<=10,none<=10,none<=10,none<=10
61,"(skip(v=0),move+1)","(move-1(iff=1),flip,skip(v=0))","p3(1, 'x', 1)",3,1,10,none<=10,none<=10,none<=10,none<=10
61,"(skip(v=0),move+1)","(move-1(iff=1),flip,skip(v=0))","p3(1, 'x', 1)",3,2,10,none<=10,none<=10,none<=10,none<=10
61,"(skip(v=0),move+1)","(move-1(iff=1),flip,skip(v=0))","p3(1, 1, 'x')",3,0,10,none<=10,none<=10,none<=10,none<=10
61,"(skip(v=0),move+1)","(move-1(iff=1),flip,skip(v=0))","p3(1, 1, 'x')",3,1,10,none<=10,none<=10,none<=10,none<=10
61,"(skip(v=0),move+1)","(move-1(iff=1),flip,skip(v=0))","p3(1, 1, 'x')",3,2,10,none<=10,none<=10,none<=10,none<=10
62,"(skip(v=0),move+1)","(move-1(iff=1),skip(v=0),flip)",none,1,0,10,none<=10,none<=10,none<=10,none<=10
62,"(skip(v=0),move+1)","(move-1(iff=1),skip(v=0),flip)","(x,xbar)",2,0,10,none<=10,none<=10,none<=10,none<=10
62,"(skip(v=0),move+1)","(move-1(iff=1),skip(v=0),flip)","(x,xbar)",2,1,10,none<=10,none<=10,none<=10,none<=10
62,"(skip(v=0),move+1)","(move-1(iff=1),skip(v=0),flip)","(xbar,x)",2,0,10,none<=10,none<=10,none<=10,none<=10
62,"(skip(v=0),move+1)","(move-1(iff=1),skip(v=0),flip)","(xbar,x)",2,1,10,none<=10,none<=10,none<=10,none<=10
62,"(skip(v=0),move+1)","(move-1(iff=1),skip(v=0),flip)","(x,1)",2,0,10,none<=10,none<=10,none<=10,none<=10
62,"(skip(v=0),move+1)","(move-1(iff=1),skip(v=0),flip)","(x,1)",2,1,10,none<=10,none<=10,none<=10,none<=10
62,"(skip(v=0),move+1)","(move-1(iff=1),skip(v=0),flip)","(1,x)",2,0,10,none<=10,none<=10,none<=10,none<=10
62,"(skip(v=0),move+1)","(move-1(iff=1),skip(v=0),flip)","(1,x)",2,1,10,none<=10,none<=10,none<=10,none<=10
62,"(skip(v=0),move+1)","(move-1(iff=1),skip(v=0),flip)","(x,0)",2,0,10,none<=10,none<=10,none<=10,none<=10
62,"(skip(v=0),move+1)","(move-1(iff=1),skip(v=0),flip)","(x,0)",2,1,10,none<=10,none<=10,none<=10,none<=10
62,"(skip(v=0),move+1)","(move-1(iff=1),skip(v=0),flip)","(0,x)",2,0,10,none<=10,none<=10,none<=10,none<=10
62,"(skip(v=0),move+1)","(move-1(iff=1),skip(v=0),flip)","(0,x)",2,1,10,none<=10,none<=10,none<=10,none<=10
62,"(skip(v=0),move+1)","(move-1(iff=1),skip(v=0),flip)","p3('x', 0, 1)",3,0,10,none<=10,none<=10,none<=10,none<=10
62,"(skip(v=0),move+1)","(move-1(iff=1),skip(v=0),flip)","p3('x', 0, 1)",3,1,10,none<=10,none<=10,none<=10,none<=10
62,"(skip(v=0),move+1)","(move-1(iff=1),skip(v=0),flip)","p3('x', 0, 1)",3,2,10,none<=10,none<=10,none<=10,none<=10
62,"(skip(v=0),move+1)","(move-1(iff=1),skip(v=0),flip)","p3(1, 'x', 0)",3,0,10,none<=10,none<=10,none<=10,none<=10
62,"(skip(v=0),move+1)","(move-1(iff=1),skip(v=0),flip)","p3(1, 'x', 0)",3,1,10,none<=10,none<=10,none<=10,none<=10
62,"(skip(v=0),move+1)","(move-1(iff=1),skip(v=0),flip)","p3(1, 'x', 0)",3,2,10,none<=10,none<=10,none<=10,none<=10
62,"(skip(v=0),move+1)","(move-1(iff=1),skip(v=0),flip)","p3(0, 1, 'x')",3,0,10,none<=10,none<=10,none<=10,none<=10
62,"(skip(v=0),move+1)","(move-1(iff=1),skip(v=0),flip)","p3(0, 1, 'x')",3,1,10,none<=10,none<=10,none<=10,none<=10
62,"(skip(v=0),move+1)","(move-1(iff=1),skip(v=0),flip)","p3(0, 1, 'x')",3,2,10,none<=10,none<=10,none<=10,none<=10
62,"(skip(v=0),move+1)","(move-1(iff=1),skip(v=0),flip)","p3('x', 1, 0)",3,0,10,none<=10,none<=10,none<=10,none<=10
62,"(skip(v=0),move+1)","(move-1(iff=1),skip(v=0),flip)","p3('x', 1, 0)",3,1,10,none<=10,none<=10,none<=10,none<=10
62,"(skip(v=0),move+1)","(move-1(iff=1),skip(v=0),flip)","p3('x', 1, 0)",3,2,10,none<=10,none<=10,none<=10,none<=10
62,"(skip(v=0),move+1)","(move-1(iff=1),skip(v=0),flip)","p3(0, 'x', 1)",3,0,10,none<=10,none<=10,none<=10,none<=10
62,"(skip(v=0),move+1)","(move-1(iff=1),skip(v=0),flip)","p3(0, 'x', 1)",3,1,10,none<=10,none<=10,none<=10,none<=10
62,"(skip(v=0),move+1)","(move-1(iff=1),skip(v=0),flip)","p3(0, 'x', 1)",3,2,10,none<=10,none<=10,none<=10,none<=10
62,"(skip(v=0),move+1)","(move-1(iff=1),skip(v=0),flip)","p3(1, 0, 'x')",3,0,10,none<=10,none<=10,none<=10,none<=10
62,"(skip(v=0),move+1)","(move-1(iff=1),skip(v=0),flip)","p3(1, 0, 'x')",3,1,10,none<=10,none<=10,none<=10,none<=10
62,"(skip(v=0),move+1)","(move-1(iff=1),skip(v=0),flip)","p3(1, 0, 'x')",3,2,10,none<=10,none<=10,none<=10,none<=10
62,"(skip(v=0),move+1)","(move-1(iff=1),skip(v=0),flip)","p3('x', 0, 0)",3,0,10,none<=10,none<=10,none<=10,none<=10
62,"(skip(v=0),move+1)","(move-1(iff=1),skip(v=0),flip)","p3('x', 0, 0)",3,1,10,none<=10,none<=10,none<=10,none<=10
62,"(skip(v=0),move+1)","(move-1(iff=1),skip(v=0),flip)","p3('x', 0, 0)",3,2,10,none<=10,none<=10,none<=10,none<=10
62,"(skip(v=0),move+1)","(move-1(iff=1),skip(v=0),flip)","p3(0, 'x', 0)",3,0,10,none<=10,none<=10,none<=10,none<=10
62,"(skip(v=0),move+1)","(move-1(iff=1),skip(v=0),flip)","p3(0, 'x', 0)",3,1,10,none<=10,none<=10,none<=10,none<=10
62,"(skip(v=0),move+1)","(move-1(iff=1),skip(v=0),flip)","p3(0, 'x', 0)",3,2,10,none<=10,none<=10,none<=10,none<=10
62,"(skip(v=0),move+1)","(move-1(iff=1),skip(v=0),flip)","p3(0, 0, 'x')",3,0,10,none<=10,none<=10,none<=10,none<=10
62,"(skip(v=0),move+1)","(move-1(iff=1),skip(v=0),flip)","p3(0, 0, 'x')",3,1,10,none<=10,none<=10,none<=10,none<=10
62,"(skip(v=0),move+1)","(move-1(iff=1),skip(v=0),flip)","p3(0, 0, 'x')",3,2,10,none<=10,none<=10,none<=10,none<=10
62,"(skip(v=0),move+1)","(move-1(iff=1),skip(v=0),flip)","p3('x', 1, 1)",3,0,10,none<=10,none<=10,none<=10,none<=10
62,"(skip(v=0),move+1)","(move-1(iff=1),skip(v=0),flip)","p3('x', 1, 1)",3,1,10,none<=10,none<=10,none<=10,none<=10
62,"(skip(v=0),move+1)","(move-1(iff=1),skip(v=0),flip)","p3('x', 1, 1)",3,2,10,none<=10,none<=10,none<=10,none<=10
62,"(skip(v=0),move+1)","(move-1(iff=1),skip(v=0),flip)","p3(1, 'x', 1)",3,0,10,none<=10,none<=10,none<=10,none<=10
62,"(skip(v=0),move+1)","(move-1(iff=1),skip(v=0),flip)","p3(1, 'x', 1)",3,1,10,none<=10,none<=10,none<=10,none<=10
62,"(skip(v=0),move+1)","(move-1(iff=1),skip(v=0),flip)","p3(1, 'x', 1)",3,2,10,none<=10,none<=10,none<=10,none<=10
62,"(skip(v=0),move+1)","(move-1(iff=1),skip(v=0),flip)","p3(1, 1, 'x')",3,0,10,none<=10,none<=10,none<=10,none<=10
62,"(skip(v=0),move+1)","(move-1(iff=1),skip(v=0),flip)","p3(1, 1, 'x')",3,1,10,none<=10,none<=10,none<=10,none<=10
62,"(skip(v=0),move+1)","(move-1(iff=1),skip(v=0),flip)","p3(1, 1, 'x')",3,2,10,none<=10,none<=10,none<=10,none<=10
63,"(skip(v=0),move+1)","(flip,skip(v=0),move-1(iff=1))",none,1,0,10,none<=10,none<=10,none<=10,none<=10
63,"(skip(v=0),move+1)","(flip,skip(v=0),move-1(iff=1))","(x,xbar)",2,0,10,none<=10,none<=10,none<=10,none<=10
63,"(skip(v=0),move+1)","(flip,skip(v=0),move-1(iff=1))","(x,xbar)",2,1,10,none<=10,none<=10,none<=10,none<=10
63,"(skip(v=0),move+1)","(flip,skip(v=0),move-1(iff=1))","(xbar,x)",2,0,10,none<=10,none<=10,none<=10,none<=10
63,"(skip(v=0),move+1)","(flip,skip(v=0),move-1(iff=1))","(xbar,x)",2,1,10,none<=10,none<=10,none<=10,none<=10
63,"(skip(v=0),move+1)","(flip,skip(v=0),move-1(iff=1))","(x,1)",2,0,10,none<=10,none<=10,none<=10,none<=10
63,"(skip(v=0),move+1)","(flip,skip(v=0),move-1(iff=1))","(x,1)",2,1,10,none<=10,none<=10,none<=10,none<=10
63,"(skip(v=0),move+1)","(flip,skip(v=0),move-1(iff=1))","(1,x)",2,0,10,none<=10,none<=10,none<=10,none<=10
63,"(skip(v=0),move+1)","(flip,skip(v=0),move-1(iff=1))","(1,x)",2,1,10,none<=10,none<=10,none<=10,none<=10
63,"(skip(v=0),move+1)","(flip,skip(v=0),move-1(iff=1))","(x,0)",2,0,10,none<=10,none<=10,none<=10,none<=10
63,"(skip(v=0),move+1)","(flip,skip(v=0),move-1(iff=1))","(x,0)",2,1,10,none<=10,none<=10,none<=10,none<=10
63,"(skip(v=0),move+1)","(flip,skip(v=0),move-1(iff=1))","(0,x)",2,0,10,none<=10,none<=10,none<=10,none<=10
63,"(skip(v=0),move+1)","(flip,skip(v=0),move-1(iff=1))","(0,x)",2,1,10,none<=10,none<=10,none<=10,none<=10
63,"(skip(v=0),move+1)","(flip,skip(v=0),move-1(iff=1))","p3('x', 0, 1)",3,0,10,none<=10,none<=10,none<=10,none<=10
63,"(skip(v=0),move+1)","(flip,skip(v=0),move-1(iff=1))","p3('x', 0, 1)",3,1,10,none<=10,none<=10,none<=10,none<=10
63,"(skip(v=0),move+1)","(flip,skip(v=0),move-1(iff=1))","p3('x', 0, 1)",3,2,10,none<=10,none<=10,none<=10,none<=10
63,"(skip(v=0),move+1)","(flip,skip(v=0),move-1(iff=1))","p3(1, 'x', 0)",3,0,10,none<=10,none<=10,none<=10,none<=10
63,"(skip(v=0),move+1)","(flip,skip(v=0),move-1(iff=1))","p3(1, 'x', 0)",3,1,10,none<=10,none<=10,none<=10,none<=10
63,"(skip(v=0),move+1)","(flip,skip(v=0),move-1(iff=1))","p3(1, 'x', 0)",3,2,10,none<=10,none<=10,none<=10,none<=10
63,"(skip(v=0),move+1)","(flip,skip(v=0),move-1(iff=1))","p3(0, 1, 'x')",3,0,10,none<=10,none<=10,none<=10,none<=10
63,"(skip(v=0),move+1)","(flip,skip(v=0),move-1(iff=1))","p3(0, 1, 'x')",3,1,10,none<=10,none<=10,none<=10,none<=10
63,"(skip(v=0),move+1)","(flip,skip(v=0),move-1(iff=1))","p3(0, 1, 'x')",3,2,10,none<=10,none<=10,none<=10,none<=10
63,"(skip(v=0),move+1)","(flip,skip(v=0),move-1(iff=1))","p3('x', 1, 0)",3,0,10,none<=10,none<=10,none<=10,none<=10
63,"(skip(v=0),move+1)","(flip,skip(v=0),move-1(iff=1))","p3('x', 1, 0)",3,1,10,none<=10,none<=10,none<=10,none<=10
63,"(skip(v=0),move+1)","(flip,skip(v=0),move-1(iff=1))","p3('x', 1, 0)",3,2,10,none<=10,none<=10,none<=10,none<=10
63,"(skip(v=0),move+1)","(flip,skip(v=0),move-1(iff=1))","p3(0, 'x', 1)",3,0,10,none<=10,none<=10,none<=10,none<=10
63,"(skip(v=0),move+1)","(flip,skip(v=0),move-1(iff=1))","p3(0, 'x', 1)",3,1,10,none<=10,none<=10,none<=10,none<=10
63,"(skip(v=0),move+1)","(flip,skip(v=0),move-1(iff=1))","p3(0, 'x', 1)",3,2,10,none<=10,none<=10,none<=10,none<=10
63,"(skip(v=0),move+1)","(flip,skip(v=0),move-1(iff=1))","p3(1, 0, 'x')",3,0,10,none<=10,none<=10,none<=10,none<=10
63,"(skip(v=0),move+1)","(flip,skip(v=0),move-1(iff=1))","p3(1, 0, 'x')",3,1,10,none<=10,none<=10,none<=10,none<=10
63,"(skip(v=0),move+1)","(flip,skip(v=0),move-1(iff=1))","p3(1, 0, 'x')",3,2,10,none<=10,none<=10,none<=10,none<=10
63,"(skip(v=0),move+1)","(flip,skip(v=0),move-1(iff=1))","p3('x', 0, 0)",3,0,10,none<=10,none<=10,none<=10,none<=10
63,"(skip(v=0),move+1)","(flip,skip(v=0),move-1(iff=1))","p3('x', 0, 0)",3,1,10,none<=10,none<=10,none<=10,none<=10
63,"(skip(v=0),move+1)","(flip,skip(v=0),move-1(iff=1))","p3('x', 0, 0)",3,2,10,none<=10,none<=10,none<=10,none<=10
63,"(skip(v=0),move+1)","(flip,skip(v=0),move-1(iff=1))","p3(0, 'x', 0)",3,0,10,none<=10,none<=10,none<=10,none<=10
63,"(skip(v=0),move+1)","(flip,skip(v=0),move-1(iff=1))","p3(0, 'x', 0)",3,1,10,none<=10,none<=10,none<=10,none<=10
63,"(skip(v=0),move+1)","(flip,skip(v=0),move-1(iff=1))","p3(0, 'x', 0)",3,2,10,none<=10,none<=10,none<=10,none<=10
63,"(skip(v=0),move+1)","(flip,skip(v=0),move-1(iff=1))","p3(0, 0, 'x')",3,0,10,none<=10,none<=10,none<=10,none<=10
63,"(skip(v=0),move+1)","(flip,skip(v=0),move-1(iff=1))","p3(0, 0, 'x')",3,1,10,none<=10,none<=10,none<=10,none<=10
63,"(skip(v=0),move+1)","(flip,skip(v=0),move-1(iff=1))","p3(0, 0, 'x')",3,2,10,none<=10,none<=10,none<=10,none<=10
63,"(skip(v=0),move+1)","(flip,skip(v=0),move-1(iff=1))","p3('x', 1, 1)",3,0,10,none<=10,none<=10,none<=10,none<=10
63,"(skip(v=0),move+1)","(flip,skip(v=0),move-1(iff=1))","p3('x', 1, 1)",3,1,10,none<=10,none<=10,none<=10,none<=10
63,"(skip(v=0),move+1)","(flip,skip(v=0),move-1(iff=1))","p3('x', 1, 1)",3,2,10,none<=10,none<=10,none<=10,none<=10
63,"(skip(v=0),move+1)","(flip,skip(v=0),move-1(iff=1))","p3(1, 'x', 1)",3,0,10,none<=10,none<=10,none<=10,none<=10
63,"(skip(v=0),move+1)","(flip,skip(v=0),move-1(iff=1))","p3(1, 'x', 1)",3,1,10,none<=10,none<=10,none<=10,none<=10
63,"(skip(v=0),move+1)","(flip,skip(v=0),move-1(iff=1))","p3(1, 'x', 1)",3,2,10,none<=10,none<=10,none<=10,none<=10
63,"(skip(v=0),move+1)","(flip,skip(v=0),move-1(iff=1))","p3(1, 1, 'x')",3,0,10,none<=10,none<=10,none<=10,none<=10
63,"(skip(v=0),move+1)","(flip,skip(v=0),move-1(iff=1))","p3(1, 1, 'x')",3,1,10,none<=10,none<=10,none<=10,none<=10
63,"(skip(v=0),move+1)","(flip,skip(v=0),move-1(iff=1))","p3(1, 1, 'x')",3,2,10,none<=10,none<=10,none<=10,none<=10
64,"(skip(v=0),move+1)","(skip(v=0),flip,move-1(iff=1))",none,1,0,10,none<=10,none<=10,none<=10,none<=10
64,"(skip(v=0),move+1)","(skip(v=0),flip,move-1(iff=1))","(x,xbar)",2,0,10,none<=10,none<=10,none<=10,none<=10
64,"(skip(v=0),move+1)","(skip(v=0),flip,move-1(iff=1))","(x,xbar)",2,1,10,none<=10,none<=10,none<=10,none<=10
64,"(skip(v=0),move+1)","(skip(v=0),flip,move-1(iff=1))","(xbar,x)",2,0,10,none<=10,none<=10,none<=10,none<=10
64,"(skip(v=0),move+1)","(skip(v=0),flip,move-1(iff=1))","(xbar,x)",2,1,10,none<=10,none<=10,none<=10,none<=10
64,"(skip(v=0),move+1)","(skip(v=0),flip,move-1(iff=1))","(x,1)",2,0,10,none<=10,none<=10,none<=10,none<=10
64,"(skip(v=0),move+1)","(skip(v=0),flip,move-1(iff=1))","(x,1)",2,1,10,none<=10,none<=10,none<=10,none<=10
64,"(skip(v=0),move+1)","(skip(v=0),flip,move-1(iff=1))","(1,x)",2,0,10,none<=10,none<=10,none<=10,none<=10
64,"(skip(v=0),move+1)","(skip(v=0),flip,move-1(iff=1))","(1,x)",2,1,10,none<=10,none<=10,none<=10,none<=10
64,"(skip(v=0),move+1)","(skip(v=0),flip,move-1(iff=1))","(x,0)",2,0,10,none<=10,none<=10,none<=10,none<=10
64,"(skip(v=0),move+1)","(skip(v=0),flip,move-1(iff=1))","(x,0)",2,1,10,none<=10,none<=10,none<=10,none<=10
64,"(skip(v=0),move+1)","(skip(v=0),flip,move-1(iff=1))","(0,x)",2,0,10,none<=10,none<=10,none<=10,none<=10
64,"(skip(v=0),move+1)","(skip(v=0),flip,move-1(iff=1))","(0,x)",2,1,10,none<=10,none<=10,none<=10,none<=10
64,"(skip(v=0),move+1)","(skip(v=0),flip,move-1(iff=1))","p3('x', 0, 1)",3,0,10,none<=10,none<=10,none<=10,none<=10
64,"(skip(v=0),move+1)","(skip(v=0),flip,move-1(iff=1))","p3('x', 0, 1)",3,1,10,none<=10,none<=10,none<=10,none<=10
64,"(skip(v=0),move+1)","(skip(v=0),flip,move-1(iff=1))","p3('x', 0, 1)",3,2,10,none<=10,none<=10,none<=10,none<=10
64,"(skip(v=0),move+1)","(skip(v=0),flip,move-1(iff=1))","p3(1, 'x', 0)",3,0,10,none<=10,none<=10,none<=10,none<=10
64,"(skip(v=0),move+1)","(skip(v=0),flip,move-1(iff=1))","p3(1, 'x', 0)",3,1,10,none<=10,none<=10,none<=10,none<=10
64,"(skip(v=0),move+1)","(skip(v=0),flip,move-1(iff=1))","p3(1, 'x', 0)",3,2,10,none<=10,none<=10,none<=10,none<=10
64,"(skip(v=0),move+1)","(skip(v=0),flip,move-1(iff=1))","p3(0, 1, 'x')",3,0,10,none<=10,none<=10,none<=10,none<=10
64,"(skip(v=0),move+1)","(skip(v=0),flip,move-1(iff=1))","p3(0, 1, 'x')",3,1,10,none<=10,none<=10,none<=10,none<=10
64,"(skip(v=0),move+1)","(skip(v=0),flip,move-1(iff=1))","p3(0, 1, 'x')",3,2,10,none<=10,none<=10,none<=10,none<=10
64,"(skip(v=0),move+1)","(skip(v=0),flip,move-1(iff=1))","p3('x', 1, 0)",3,0,10,none<=10,none<=10,none<=10,none<=10
64,"(skip(v=0),move+1)","(skip(v=0),flip,move-1(iff=1))","p3('x', 1, 0)",3,1,10,none<=10,none<=10,none<=10,none<=10
64,"(skip(v=0),move+1)","(skip(v=0),flip,move-1(iff=1))","p3('x', 1, 0)",3,2,10,none<=10,none<=10,none<=10,none<=10
64,"(skip(v=0),move+1)","(skip(v=0),flip,move-1(iff=1))","p3(0, 'x', 1)",3,0,10,none<=10,none<=10,none<=10,none<=10
64,"(skip(v=0),move+1)","(skip(v=0),flip,move-1(iff=1))","p3(0, 'x', 1)",3,1,10,none<=10,none<=10,none<=10,none<=10
64,"(skip(v=0),move+1)","(skip(v=0),flip,move-1(iff=1))","p3(0, 'x', 1)",3,2,10,none<=10,none<=10,none<=10,none<=10
64,"(skip(v=0),move+1)","(skip(v=0),flip,move-1(iff=1))","p3(1, 0, 'x')",3,0,10,none<=10,none<=10,none<=10,none<=10
64,"(skip(v=0),move+1)","(skip(v=0),flip,move-1(iff=1))","p3(1, 0, 'x')",3,1,10,none<=10,none<=10,none<=10,none<=10
64,"(skip(v=0),move+1)","(skip(v=0),flip,move-1(iff=1))","p3(1, 0, 'x')",3,2,10,none<=10,none<=10,none<=10,none<=10
64,"(skip(v=0),move+1)","(skip(v=0),flip,move-1(iff=1))","p3('x', 0, 0)",3,0,10,none<=10,none<=10,none<=10,none<=10
64,"(skip(v=0),move+1)","(skip(v=0),flip,move-1(iff=1))","p3('x', 0, 0)",3,1,10,none<=10,none<=10,none<=10,none<=10
64,"(skip(v=0),move+1)","(skip(v=0),flip,move-1(iff=1))","p3('x', 0, 0)",3,2,10,none<=10,none<=10,none<=10,none<=10
64,"(skip(v=0),move+1)","(skip(v=0),flip,move-1(iff=1))","p3(0, 'x', 0)",3,0,10,none<=10,none<=10,none<=10,none<=10
64,"(skip(v=0),move+1)","(skip(v=0),flip,move-1(iff=1))","p3(0, 'x', 0)",3,1,10,none<=10,none<=10,none<=10,none<=10
64,"(skip(v=0),move+1)","(skip(v=0),flip,move-1(iff=1))","p3(0, 'x', 0)",3,2,10,none<=10,none<=10,none<=10,none<=10
64,"(skip(v=0),move+1)","(skip(v=0),flip,move-1(iff=1))","p3(0, 0, 'x')",3,0,10,none<=10,none<=10,none<=10,none<=10
64,"(skip(v=0),move+1)","(skip(v=0),flip,move-1(iff=1))","p3(0, 0, 'x')",3,1,10,none<=10,none<=10,none<=10,none<=10
64,"(skip(v=0),move+1)","(skip(v=0),flip,move-1(iff=1))","p3(0, 0, 'x')",3,2,10,none<=10,none<=10,none<=10,none<=10
64,"(skip(v=0),move+1)","(skip(v=0),flip,move-1(iff=1))","p3('x', 1, 1)",3,0,10,none<=10,none<=10,none<=10,none<=10
64,"(skip(v=0),move+1)","(skip(v=0),flip,move-1(iff=1))","p3('x', 1, 1)",3,1,10,none<=10,none<=10,BABBBABBA(9),none<=10
64,"(skip(v=0),move+1)","(skip(v=0),flip,move-1(iff=1))","p3('x', 1, 1)",3,2,10,none<=10,none<=10,none<=10,none<=10
64,"(skip(v=0),move+1)","(skip(v=0),flip,move-1(iff=1))","p3(1, 'x', 1)",3,0,10,none<=10,none<=10,none<=10,none<=10
64,"(skip(v=0),move+1)","(skip(v=0),flip,move-1(iff=1))","p3(1, 'x', 1)",3,1,10,none<=10,none<=10,none<=10,none<=10
64,"(skip(v=0),move+1)","(skip(v=0),flip,move-1(iff=1))","p3(1, 'x', 1)",3,2,10,none<=10,none<=10,BABBBABBA(9),none<=10
64,"(skip(v=0),move+1)","(skip(v=0),flip,move-1(iff=1))","p3(1, 1, 'x')",3,0,10,none<=10,none<=10,none<=10,none<=10
64,"(skip(v=0),move+1)","(skip(v=0),flip,move-1(iff=1))","p3(1, 1, 'x')",3,1,10,none<=10,none<=10,none<=10,none<=10
64,"(skip(v=0),move+1)","(skip(v=0),flip,move-1(iff=1))","p3(1, 1, 'x')",3,2,10,none<=10,none<=10,none<=10,none<=10
65,"(skip(v=0),move+1)","(flip,move-1(iff=1),skip(v=0))",none,1,0,10,none<=10,none<=10,none<=10,none<=10
65,"(skip(v=0),move+1)","(flip,move-1(iff=1),skip(v=0))","(x,xbar)",2,0,10,none<=10,none<=10,none<=10,none<=10
65,"(skip(v=0),move+1)","(flip,move-1(iff=1),skip(v=0))","(x,xbar)",2,1,10,none<=10,none<=10,none<=10,none<=10
65,"(skip(v=0),move+1)","(flip,move-1(iff=1),skip(v=0))","(xbar,x)",2,0,10,none<=10,none<=10,none<=10,none<=10
65,"(skip(v=0),move+1)","(flip,move-1(iff=1),skip(v=0))","(xbar,x)",2,1,10,none<=10,none<=10,none<=10,none<=10
65,"(skip(v=0),move+1)","(flip,move-1(iff=1),skip(v=0))","(x,1)",2,0,10,none<=10,none<=10,none<=10,none<=10
65,"(skip(v=0),move+1)","(flip,move-1(iff=1),skip(v=0))","(x,1)",2,1,10,none<=10,none<=10,none<=10,none<=10
65,"(skip(v=0),move+1)","(flip,move-1(iff=1),skip(v=0))","(1,x)",2,0,10,none<=10,none<=10,none<=10,none<=10
65,"(skip(v=0),move+1)","(flip,move-1(iff=1),skip(v=0))","(1,x)",2,1,10,none<=10,none<=10,none<=10,none<=10
65,"(skip(v=0),move+1)","(flip,move-1(iff=1),skip(v=0))","(x,0)",2,0,10,none<=10,none<=10,none<=10,none<=10
65,"(skip(v=0),move+1)","(flip,move-1(iff=1),skip(v=0))","(x,0)",2,1,10,none<=10,none<=10,none<=10,none<=10
65,"(skip(v=0),move+1)","(flip,move-1(iff=1),skip(v=0))","(0,x)",2,0,10,none<=10,none<=10,none<=10,none<=10
65,"(skip(v=0),move+1)","(flip,move-1(iff=1),skip(v=0))","(0,x)",2,1,10,none<=10,none<=10,none<=10,none<=10
65,"(skip(v=0),move+1)","(flip,move-1(iff=1),skip(v=0))","p3('x', 0, 1)",3,0,10,none<=10,none<=10,none<=10,none<=10
65,"(skip(v=0),move+1)","(flip,move-1(iff=1),skip(v=0))","p3('x', 0, 1)",3,1,10,none<=10,none<=10,none<=10,none<=10
65,"(skip(v=0),move+1)","(flip,move-1(iff=1),skip(v=0))","p3('x', 0, 1)",3,2,10,none<=10,none<=10,none<=10,none<=10
65,"(skip(v=0),move+1)","(flip,move-1(iff=1),skip(v=0))","p3(1, 'x', 0)",3,0,10,none<=10,none<=10,none<=10,none<=10
65,"(skip(v=0),move+1)","(flip,move-1(iff=1),skip(v=0))","p3(1, 'x', 0)",3,1,10,none<=10,none<=10,none<=10,none<=10
65,"(skip(v=0),move+1)","(flip,move-1(iff=1),skip(v=0))","p3(1, 'x', 0)",3,2,10,none<=10,none<=10,none<=10,none<=10
65,"(skip(v=0),move+1)","(flip,move-1(iff=1),skip(v=0))","p3(0, 1, 'x')",3,0,10,none<=10,none<=10,none<=10,none<=10
65,"(skip(v=0),move+1)","(flip,move-1(iff=1),skip(v=0))","p3(0, 1, 'x')",3,1,10,none<=10,none<=10,none<=10,none<=10
65,"(skip(v=0),move+1)","(flip,move-1(iff=1),skip(v=0))","p3(0, 1, 'x')",3,2,10,none<=10,none<=10,none<=10,none<=10
65,"(skip(v=0),move+1)","(flip,move-1(iff=1),skip(v=0))","p3('x', 1, 0)",3,0,10,none<=10,none<=10,none<=10,none<=10
65,"(skip(v=0),move+1)","(flip,move-1(iff=1),skip(v=0))","p3('x', 1, 0)",3,1,10,none<=10,none<=10,none<=10,none<=10
65,"(skip(v=0),move+1)","(flip,move-1(iff=1),skip(v=0))","p3('x', 1, 0)",3,2,10,none<=10,none<=10,none<=10,none<=10
65,"(skip(v=0),move+1)","(flip,move-1(iff=1),skip(v=0))","p3(0, 'x', 1)",3,0,10,none<=10,none<=10,none<=10,none<=10
65,"(skip(v=0),move+1)","(flip,move-1(iff=1),skip(v=0))","p3(0, 'x', 1)",3,1,10,none<=10,none<=10,none<=10,none<=10
65,"(skip(v=0),move+1)","(flip,move-1(iff=1),skip(v=0))","p3(0, 'x', 1)",3,2,10,none<=10,none<=10,none<=10,none<=10
65,"(skip(v=0),move+1)","(flip,move-1(iff=1),skip(v=0))","p3(1, 0, 'x')",3,0,10,none<=10,none<=10,none<=10,none<=10
65,"(skip(v=0),move+1)","(flip,move-1(iff=1),skip(v=0))","p3(1, 0, 'x')",3,1,10,none<=10,none<=10,none<=10,none<=10
65,"(skip(v=0),move+1)","(flip,move-1(iff=1),skip(v=0))","p3(1, 0, 'x')",3,2,10,none<=10,none<=10,none<=10,none<=10
65,"(skip(v=0),move+1)","(flip,move-1(iff=1),skip(v=0))","p3('x', 0, 0)",3,0,10,none<=10,none<=10,none<=10,none<=10
65,"(skip(v=0),move+1)","(flip,move-1(iff=1),skip(v=0))","p3('x', 0, 0)",3,1,10,none<=10,none<=10,none<=10,none<=10
65,"(skip(v=0),move+1)","(flip,move-1(iff=1),skip(v=0))","p3('x', 0, 0)",3,2,10,none<=10,none<=10,none<=10,none<=10
65,"(skip(v=0),move+1)","(flip,move-1(iff=1),skip(v=0))","p3(0, 'x', 0)",3,0,10,none<=10,none<=10,none<=10,none<=10
65,"(skip(v=0),move+1)","(flip,move-1(iff=1),skip(v=0))","p3(0, 'x', 0)",3,1,10,none<=10,none<=10,none<=10,none<=10
65,"(skip(v=0),move+1)","(flip,move-1(iff=1),skip(v=0))","p3(0, 'x', 0)",3,2,10,none<=10,none<=10,none<=10,none<=10
65,"(skip(v=0),move+1)","(flip,move-1(iff=1),skip(v=0))","p3(0, 0, 'x')",3,0,10,none<=10,none<=10,none<=10,none<=10
65,"(skip(v=0),move+1)","(flip,move-1(iff=1),skip(v=0))","p3(0, 0, 'x')",3,1,10,none<=10,none<=10,none<=10,none<=10
65,"(skip(v=0),move+1)","(flip,move-1(iff=1),skip(v=0))","p3(0, 0, 'x')",3,2,10,none<=10,none<=10,none<=10,none<=10
65,"(skip(v=0),move+1)","(flip,move-1(iff=1),skip(v=0))","p3('x', 1, 1)",3,0,10,none<=10,none<=10,none<=10,none<=10
65,"(skip(v=0),move+1)","(flip,move-1(iff=1),skip(v=0))","p3('x', 1, 1)",3,1,10,none<=10,none<=10,none<=10,none<=10
65,"(skip(v=0),move+1)","(flip,move-1(iff=1),skip(v=0))","p3('x', 1, 1)",3,2,10,none<=10,none<=10,none<=10,none<=10
65,"(skip(v=0),move+1)","(flip,move-1(iff=1),skip(v=0))","p3(1, 'x', 1)",3,0,10,none<=10,none<=10,none<=10,none<=10
65,"(skip(v=0),move+1)","(flip,move-1(iff=1),skip(v=0))","p3(1, 'x', 1)",3,1,10,none<=10,none<=10,none<=10,none<=10
65,"(skip(v=0),move+1)","(flip,move-1(iff=1),skip(v=0))","p3(1, 'x', 1)",3,2,10,none<=10,none<=10,none<=10,none<=10
65,"(skip(v=0),move+1)","(flip,move-1(iff=1),skip(v=0))","p3(1, 1, 'x')",3,0,10,none<=10,none<=10,none<=10,none<=10
65,"(skip(v=0),move+1)","(flip,move-1(iff=1),skip(v=0))","p3(1, 1, 'x')",3,1,10,none<=10,none<=10,none<=10,none<=10
65,"(skip(v=0),move+1)","(flip,move-1(iff=1),skip(v=0))","p3(1, 1, 'x')",3,2,10,none<=10,none<=10,none<=10,none<=10
66,"(skip(v=0),move+1)","(skip(v=0),move-1(iff=1),flip)",none,1,0,10,none<=10,none<=10,none<=10,none<=10
66,"(skip(v=0),move+1)","(skip(v=0),move-1(iff=1),flip)","(x,xbar)",2,0,10,none<=10,none<=10,none<=10,none<=10
66,"(skip(v=0),move+1)","(skip(v=0),move-1(iff=1),flip)","(x,xbar)",2,1,10,none<=10,none<=10,none<=10,none<=10
66,"(skip(v=0),move+1)","(skip(v=0),move-1(iff=1),flip)","(xbar,x)",2,0,10,none<=10,none<=10,none<=10,none<=10
66,"(skip(v=0),move+1)","(skip(v=0),move-1(iff=1),flip)","(xbar,x)",2,1,10,none<=10,none<=10,none<=10,none<=10
66,"(skip(v=0),move+1)","(skip(v=0),move-1(iff=1),flip)","(x,1)",2,0,10,none<=10,none<=10,none<=10,none<=10
66,"(skip(v=0),move+1)","(skip(v=0),move-1(iff=1),flip)","(x,1)",2,1,10,none<=10,none<=10,none<=10,none<=10
66,"(skip(v=0),move+1)","(skip(v=0),move-1(iff=1),flip)","(1,x)",2,0,10,none<=10,none<=10,none<=10,none<=10
66,"(skip(v=0),move+1)","(skip(v=0),move-1(iff=1),flip)","(1,x)",2,1,10,none<=10,none<=10,none<=10,none<=10
66,"(skip(v=0),move+1)","(skip(v=0),move-1(iff=1),flip)","(x,0)",2,0,10,none<=10,none<=10,none<=10,none<=10
66,"(skip(v=0),move+1)","(skip(v=0),move-1(iff=1),flip)","(x,0)",2,1,10,none<=10,none<=10,none<=10,none<=10
66,"(skip(v=0),move+1)","(skip(v=0),move-1(iff=1),flip)","(0,x)",2,0,10,none<=10,none<=10,none<=10,none<=10
66,"(skip(v=0),move+1)","(skip(v=0),move-1(iff=1),flip)","(0,x)",2,1,10,none<=10,none<=10,none<=10,none<=10
66,"(skip(v=0),move+1)","(skip(v=0),move-1(iff=1),flip)","p3('x', 0, 1)",3,0,10,none<=10,none<=10,none<=10,none<=10
66,"(skip(v=0),move+1)","(skip(v=0),move-1(iff=1),flip)","p3('x', 0, 1)",3,1,10,none<=10,none<=10,none<=10,none<=10
66,"(skip(v=0),move+1)","(skip(v=0),move-1(iff=1),flip)","p3('x', 0, 1)",3,2,10,none<=10,none<=10,none<=10,none<=10
66,"(skip(v=0),move+1)","(skip(v=0),move-1(iff=1),flip)","p3(1, 'x', 0)",3,0,10,none<=10,none<=10,none<=10,none<=10
66,"(skip(v=0),move+1)","(skip(v=0),move-1(iff=1),flip)","p3(1, 'x', 0)",3,1,10,none<=10,none<=10,none<=10,none<=10
66,"(skip(v=0),move+1)","(skip(v=0),move-1(iff=1),flip)","p3(1, 'x', 0)",3,2,10,none<=10,none<=10,none<=10,none<=10
66,"(skip(v=0),move+1)","(skip(v=0),move-1(iff=1),flip)","p3(0, 1, 'x')",3,0,10,none<=10,none<=10,none<=10,none<=10
66,"(skip(v=0),move+1)","(skip(v=0),move-1(iff=1),flip)","p3(0, 1, 'x')",3,1,10,none<=10,none<=10,none<=10,none<=10
66,"(skip(v=0),move+1)","(skip(v=0),move-1(iff=1),flip)","p3(0, 1, 'x')",3,2,10,none<=10,none<=10,none<=10,none<=10
66,"(skip(v=0),move+1)","(skip(v=0),move-1(iff=1),flip)","p3('x', 1, 0)",3,0,10,none<=10,none<=10,none<=10,none<=10
66,"(skip(v=0),move+1)","(skip(v=0),move-1(iff=1),flip)","p3('x', 1, 0)",3,1,10,none<=10,none<=10,none<=10,none<=10
66,"(skip(v=0),move+1)","(skip(v=0),move-1(iff=1),flip)","p3('x', 1, 0)",3,2,10,none<=10,none<=10,none<=10,none<=10
66,"(skip(v=0),move+1)","(skip(v=0),move-1(iff=1),flip)","p3(0, 'x', 1)",3,0,10,none<=10,none<=10,none<=10,none<=10
66,"(skip(v=0),move+1)","(skip(v=0),move-1(iff=1),flip)","p3(0, 'x', 1)",3,1,10,none<=10,none<=10,none<=10,none<=10
66,"(skip(v=0),move+1)","(skip(v=0),move-1(iff=1),flip)","p3(0, 'x', 1)",3,2,10,none<=10,none<=10,none<=10,none<=10
66,"(skip(v=0),move+1)","(skip(v=0),move-1(iff=1),flip)","p3(1, 0, 'x')",3,0,10,none<=10,none<=10,none<=10,none<=10
66,"(skip(v=0),move+1)","(skip(v=0),move-1(iff=1),flip)","p3(1, 0, 'x')",3,1,10,none<=10,none<=10,none<=10,none<=10
66,"(skip(v=0),move+1)","(skip(v=0),move-1(iff=1),flip)","p3(1, 0, 'x')",3,2,10,none<=10,none<=10,none<=10,none<=10
66,"(skip(v=0),move+1)","(skip(v=0),move-1(iff=1),flip)","p3('x', 0, 0)",3,0,10,none<=10,none<=10,none<=10,none<=10
66,"(skip(v=0),move+1)","(skip(v=0),move-1(iff=1),flip)","p3('x', 0, 0)",3,1,10,none<=10,none<=10,none<=10,none<=10
66,"(skip(v=0),move+1)","(skip(v=0),move-1(iff=1),flip)","p3('x', 0, 0)",3,2,10,none<=10,none<=10,none<=10,none<=10
66,"(skip(v=0),move+1)","(skip(v=0),move-1(iff=1),flip)","p3(0, 'x', 0)",3,0,10,none<=10,none<=10,none<=10,none<=10
66,"(skip(v=0),move+1)","(skip(v=0),move-1(iff=1),flip)","p3(0, 'x', 0)",3,1,10,none<=10,none<=10,none<=10,none<=10
66,"(skip(v=0),move+1)","(skip(v=0),move-1(iff=1),flip)","p3(0, 'x', 0)",3,2,10,none<=10,none<=10,none<=10,none<=10
66,"(skip(v=0),move+1)","(skip(v=0),move-1(iff=1),flip)","p3(0, 0, 'x')",3,0,10,none<=10,none<=10,none<=10,none<=10
66,"(skip(v=0),move+1)","(skip(v=0),move-1(iff=1),flip)","p3(0, 0, 'x')",3,1,10,none<=10,none<=10,none<=10,none<=10
66,"(skip(v=0),move+1)","(skip(v=0),move-1(iff=1),flip)","p3(0, 0, 'x')",3,2,10,none<=10,none<=10,none<=10,none<=10
66,"(skip(v=0),move+1)","(skip(v=0),move-1(iff=1),flip)","p3('x', 1, 1)",3,0,10,none<=10,none<=10,none<=10,none<=10
66,"(skip(v=0),move+1)","(skip(v=0),move-1(iff=1),flip)","p3('x', 1, 1)",3,1,10,none<=10,none<=10,none<=10,none<=10
66,"(skip(v=0),move+1)","(skip(v=0),move-1(iff=1),flip)","p3('x', 1, 1)",3,2,10,none<=10,none<=10,none<=10,none<=10
66,"(skip(v=0),move+1)","(skip(v=0),move-1(iff=1),flip)","p3(1, 'x', 1)",3,0,10,none<=10,none<=10,none<=10,none<=10
66,"(skip(v=0),move+1)","(skip(v=0),move-1(iff=1),flip)","p3(1, 'x', 1)",3,1,10,none<=10,none<=10,none<=10,none<=10
66,"(skip(v=0),move+1)","(skip(v=0),move-1(iff=1),flip)","p3(1, 'x', 1)",3,2,10,none<=10,none<=10,none<=10,none<=10
66,"(skip(v=0),move+1)","(skip(v=0),move-1(iff=1),flip)","p3(1, 1, 'x')",3,0,10,none<=10,none<=10,none<=10,none<=10
66,"(skip(v=0),move+1)","(skip(v=0),move-1(iff=1),flip)","p3(1, 1, 'x')",3,1,10,none<=10,none<=10,none<=10,none<=10
66,"(skip(v=0),move+1)","(skip(v=0),move-1(iff=1),flip)","p3(1, 1, 'x')",3,2,10,none<=10,none<=10,none<=10,none<=10
67,"(skip(v=0),move+1)","(flip,move-1(iff=1),skip(v=1))",none,1,0,10,none<=10,none<=10,none<=10,none<=10
67,"(skip(v=0),move+1)","(flip,move-1(iff=1),skip(v=1))","(x,xbar)",2,0,10,none<=10,none<=10,none<=10,none<=10
67,"(skip(v=0),move+1)","(flip,move-1(iff=1),skip(v=1))","(x,xbar)",2,1,10,none<=10,none<=10,none<=10,none<=10
67,"(skip(v=0),move+1)","(flip,move-1(iff=1),skip(v=1))","(xbar,x)",2,0,10,none<=10,none<=10,none<=10,none<=10
67,"(skip(v=0),move+1)","(flip,move-1(iff=1),skip(v=1))","(xbar,x)",2,1,10,none<=10,none<=10,none<=10,none<=10
67,"(skip(v=0),move+1)","(flip,move-1(iff=1),skip(v=1))","(x,1)",2,0,10,none<=10,none<=10,none<=10,none<=10
67,"(skip(v=0),move+1)","(flip,move-1(iff=1),skip(v=1))","(x,1)",2,1,10,none<=10,none<=10,none<=10,none<=10
67,"(skip(v=0),move+1)","(flip,move-1(iff=1),skip(v=1))","(1,x)",2,0,10,none<=10,none<=10,none<=10,none<=10
67,"(skip(v=0),move+1)","(flip,move-1(iff=1),skip(v=1))","(1,x)",2,1,10,none<=10,none<=10,none<=10,none<=10
67,"(skip(v=0),move+1)","(flip,move-1(iff=1),skip(v=1))","(x,0)",2,0,10,none<=10,none<=10,none<=10,none<=10
67,"(skip(v=0),move+1)","(flip,move-1(iff=1),skip(v=1))","(x,0)",2,1,10,none<=10,none<=10,none<=10,none<=10
67,"(skip(v=0),move+1)","(flip,move-1(iff=1),skip(v=1))","(0,x)",2,0,10,none<=10,none<=10,none<=10,none<=10
67,"(skip(v=0),move+1)","(flip,move-1(iff=1),skip(v=1))","(0,x)",2,1,10,none<=10,none<=10,none<=10,none<=10
67,"(skip(v=0),move+1)","(flip,move-1(iff=1),skip(v=1))","p3('x', 0, 1)",3,0,10,none<=10,none<=10,none<=10,none<=10
67,"(skip(v=0),move+1)","(flip,move-1(iff=1),skip(v=1))","p3('x', 0, 1)",3,1,10,none<=10,none<=10,none<=10,none<=10
67,"(skip(v=0),move+1)","(flip,move-1(iff=1),skip(v=1))","p3('x', 0, 1)",3,2,10,none<=10,none<=10,none<=10,none<=10
67,"(skip(v=0),move+1)","(flip,move-1(iff=1),skip(v=1))","p3(1, 'x', 0)",3,0,10,none<=10,none<=10,none<=10,none<=10
67,"(skip(v=0),move+1)","(flip,move-1(iff=1),skip(v=1))","p3(1, 'x', 0)",3,1,10,none<=10,none<=10,none<=10,none<=10
67,"(skip(v=0),move+1)","(flip,move-1(iff=1),skip(v=1))","p3(1, 'x', 0)",3,2,10,none<=10,none<=10,none<=10,none<=10
67,"(skip(v=0),move+1)","(flip,move-1(iff=1),skip(v=1))","p3(0, 1, 'x')",3,0,10,none<=10,none<=10,none<=10,none<=10
67,"(skip(v=0),move+1)","(flip,move-1(iff=1),skip(v=1))","p3(0, 1, 'x')",3,1,10,none<=10,none<=10,none<=10,none<=10
67,"(skip(v=0),move+1)","(flip,move-1(iff=1),skip(v=1))","p3(0, 1, 'x')",3,2,10,none<=10,none<=10,none<=10,none<=10
67,"(skip(v=0),move+1)","(flip,move-1(iff=1),skip(v=1))","p3('x', 1, 0)",3,0,10,none<=10,none<=10,none<=10,none<=10
67,"(skip(v=0),move+1)","(flip,move-1(iff=1),skip(v=1))","p3('x', 1, 0)",3,1,10,none<=10,none<=10,none<=10,none<=10
67,"(skip(v=0),move+1)","(flip,move-1(iff=1),skip(v=1))","p3('x', 1, 0)",3,2,10,none<=10,none<=10,none<=10,none<=10
67,"(skip(v=0),move+1)","(flip,move-1(iff=1),skip(v=1))","p3(0, 'x', 1)",3,0,10,none<=10,none<=10,none<=10,none<=10
67,"(skip(v=0),move+1)","(flip,move-1(iff=1),skip(v=1))","p3(0, 'x', 1)",3,1,10,none<=10,none<=10,none<=10,none<=10
67,"(skip(v=0),move+1)","(flip,move-1(iff=1),skip(v=1))","p3(0, 'x', 1)",3,2,10,none<=10,none<=10,none<=10,none<=10
67,"(skip(v=0),move+1)","(flip,move-1(iff=1),skip(v=1))","p3(1, 0, 'x')",3,0,10,none<=10,none<=10,none<=10,none<=10
67,"(skip(v=0),move+1)","(flip,move-1(iff=1),skip(v=1))","p3(1, 0, 'x')",3,1,10,none<=10,none<=10,none<=10,none<=10
67,"(skip(v=0),move+1)","(flip,move-1(iff=1),skip(v=1))","p3(1, 0, 'x')",3,2,10,none<=10,none<=10,none<=10,none<=10
67,"(skip(v=0),move+1)","(flip,move-1(iff=1),skip(v=1))","p3('x', 0, 0)",3,0,10,none<=10,none<=10,none<=10,none<=10
67,"(skip(v=0),move+1)","(flip,move-1(iff=1),skip(v=1))","p3('x', 0, 0)",3,1,10,none<=10,none<=10,none<=10,none<=10
67,"(skip(v=0),move+1)","(flip,move-1(iff=1),skip(v=1))","p3('x', 0, 0)",3,2,10,none<=10,none<=10,none<=10,none<=10
67,"(skip(v=0),move+1)","(flip,move-1(iff=1),skip(v=1))","p3(0, 'x', 0)",3,0,10,none<=10,none<=10,none<=10,none<=10
67,"(skip(v=0),move+1)","(flip,move-1(iff=1),skip(v=1))","p3(0, 'x', 0)",3,1,10,none<=10,none<=10,none<=10,none<=10
67,"(skip(v=0),move+1)","(flip,move-1(iff=1),skip(v=1))","p3(0, 'x', 0)",3,2,10,none<=10,none<=10,none<=10,none<=10
67,"(skip(v=0),move+1)","(flip,move-1(iff=1),skip(v=1))","p3(0, 0, 'x')",3,0,10,none<=10,none<=10,none<=10,none<=10
67,"(skip(v=0),move+1)","(flip,move-1(iff=1),skip(v=1))","p3(0, 0, 'x')",3,1,10,none<=10,none<=10,none<=10,none<=10
67,"(skip(v=0),move+1)","(flip,move-1(iff=1),skip(v=1))","p3(0, 0, 'x')",3,2,10,none<=10,none<=10,none<=10,none<=10
67,"(skip(v=0),move+1)","(flip,move-1(iff=1),skip(v=1))","p3('x', 1, 1)",3,0,10,none<=10,none<=10,none<=10,none<=10
67,"(skip(v=0),move+1)","(flip,move-1(iff=1),skip(v=1))","p3('x', 1, 1)",3,1,10,none<=10,none<=10,none<=10,none<=10
67,"(skip(v=0),move+1)","(flip,move-1(iff=1),skip(v=1))","p3('x', 1, 1)",3,2,10,none<=10,none<=10,none<=10,none<=10
67,"(skip(v=0),move+1)","(flip,move-1(iff=1),skip(v=1))","p3(1, 'x', 1)",3,0,10,none<=10,none<=10,none<=10,none<=10
67,"(skip(v=0),move+1)","(flip,move-1(iff=1),skip(v=1))","p3(1, 'x', 1)",3,1,10,none<=10,none<=10,none<=10,none<=10
67,"(skip(v=0),move+1)","(flip,move-1(iff=1),skip(v=1))","p3(1, 'x', 1)",3,2,10,none<=10,none<=10,none<=10,none<=10
67,"(skip(v=0),move+1)","(flip,move-1(iff=1),skip(v=1))","p3(1, 1, 'x')",3,0,10,none<=10,none<=10,none<=10,none<=10
67,"(skip(v=0),move+1)","(flip,move-1(iff=1),skip(v=1))","p3(1, 1, 'x')",3,1,10,none<=10,none<=10,none<=10,none<=10
67,"(skip(v=0),move+1)","(flip,move-1(iff=1),skip(v=1))","p3(1, 1, 'x')",3,2,10,none<=10,none<=10,none<=10,none<=10
68,"(skip(v=0),move+1)","(skip(v=1),move-1(iff=1),flip)",none,1,0,10,none<=10,none<=10,none<=10,none<=10
68,"(skip(v=0),move+1)","(skip(v=1),move-1(iff=1),flip)","(x,xbar)",2,0,10,none<=10,none<=10,none<=10,none<=10
68,"(skip(v=0),move+1)","(skip(v=1),move-1(iff=1),flip)","(x,xbar)",2,1,10,none<=10,none<=10,none<=10,none<=10
68,"(skip(v=0),move+1)","(skip(v=1),move-1(iff=1),flip)","(xbar,x)",2,0,10,none<=10,none<=10,none<=10,none<=10
68,"(skip(v=0),move+1)","(skip(v=1),move-1(iff=1),flip)","(xbar,x)",2,1,10,none<=10,none<=10,none<=10,none<=10
68,"(skip(v=0),move+1)","(skip(v=1),move-1(iff=1),flip)","(x,1)",2,0,10,none<=10,none<=10,none<=10,none<=10
68,"(skip(v=0),move+1)","(skip(v=1),move-1(iff=1),flip)","(x,1)",2,1,10,none<=10,none<=10,none<=10,none<=10
68,"(skip(v=0),move+1)","(skip(v=1),move-1(iff=1),flip)","(1,x)",2,0,10,none<=10,none<=10,none<=10,none<=10
68,"(skip(v=0),move+1)","(skip(v=1),move-1(iff=1),flip)","(1,x)",2,1,10,none<=10,none<=10,none<=10,none<=10
68,"(skip(v=0),move+1)","(skip(v=1),move-1(iff=1),flip)","(x,0)",2,0,10,none<=10,none<=10,none<=10,none<=10
68,"(skip(v=0),move+1)","(skip(v=1),move-1(iff=1),flip)","(x,0)",2,1,10,none<=10,none<=10,none<=10,none<=10
68,"(skip(v=0),move+1)","(skip(v=1),move-1(iff=1),flip)","(0,x)",2,0,10,none<=10,none<=10,none<=10,none<=10
68,"(skip(v=0),move+1)","(skip(v=1),move-1(iff=1),flip)","(0,x)",2,1,10,none<=10,none<=10,none<=10,none<=10
68,"(skip(v=0),move+1)","(skip(v=1),move-1(iff=1),flip)","p3('x', 0, 1)",3,0,10,none<=10,none<=10,none<=10,none<=10
68,"(skip(v=0),move+1)","(skip(v=1),move-1(iff=1),flip)","p3('x', 0, 1)",3,1,10,none<=10,none<=10,none<=10,none<=10
68,"(skip(v=0),move+1)","(skip(v=1),move-1(iff=1),flip)","p3('x', 0, 1)",3,2,10,none<=10,none<=10,none<=10,none<=10
68,"(skip(v=0),move+1)","(skip(v=1),move-1(iff=1),flip)","p3(1, 'x', 0)",3,0,10,none<=10,none<=10,none<=10,none<=10
68,"(skip(v=0),move+1)","(skip(v=1),move-1(iff=1),flip)","p3(1, 'x', 0)",3,1,10,none<=10,none<=10,none<=10,none<=10
68,"(skip(v=0),move+1)","(skip(v=1),move-1(iff=1),flip)","p3(1, 'x', 0)",3,2,10,none<=10,none<=10,none<=10,none<=10
68,"(skip(v=0),move+1)","(skip(v=1),move-1(iff=1),flip)","p3(0, 1, 'x')",3,0,10,none<=10,none<=10,none<=10,none<=10
68,"(skip(v=0),move+1)","(skip(v=1),move-1(iff=1),flip)","p3(0, 1, 'x')",3,1,10,none<=10,none<=10,none<=10,none<=10
68,"(skip(v=0),move+1)","(skip(v=1),move-1(iff=1),flip)","p3(0, 1, 'x')",3,2,10,none<=10,none<=10,none<=10,none<=10
68,"(skip(v=0),move+1)","(skip(v=1),move-1(iff=1),flip)","p3('x', 1, 0)",3,0,10,none<=10,none<=10,none<=10,none<=10
68,"(skip(v=0),move+1)","(skip(v=1),move-1(iff=1),flip)","p3('x', 1, 0)",3,1,10,none<=10,none<=10,none<=10,none<=10
68,"(skip(v=0),move+1)","(skip(v=1),move-1(iff=1),flip)","p3('x', 1, 0)",3,2,10,none<=10,none<=10,none<=10,none<=10
68,"(skip(v=0),move+1)","(skip(v=1),move-1(iff=1),flip)","p3(0, 'x', 1)",3,0,10,none<=10,none<=10,none<=10,none<=10
68,"(skip(v=0),move+1)","(skip(v=1),move-1(iff=1),flip)","p3(0, 'x', 1)",3,1,10,none<=10,none<=10,none<=10,none<=10
68,"(skip(v=0),move+1)","(skip(v=1),move-1(iff=1),flip)","p3(0, 'x', 1)",3,2,10,none<=10,none<=10,none<=10,none<=10
68,"(skip(v=0),move+1)","(skip(v=1),move-1(iff=1),flip)","p3(1, 0, 'x')",3,0,10,none<=10,none<=10,none<=10,none<=10
68,"(skip(v=0),move+1)","(skip(v=1),move-1(iff=1),flip)","p3(1, 0, 'x')",3,1,10,none<=10,none<=10,none<=10,none<=10
68,"(skip(v=0),move+1)","(skip(v=1),move-1(iff=1),flip)","p3(1, 0, 'x')",3,2,10,none<=10,none<=10,none<=10,none<=10
68,"(skip(v=0),move+1)","(skip(v=1),move-1(iff=1),flip)","p3('x', 0, 0)",3,0,10,none<=10,none<=10,none<=10,none<=10
68,"(skip(v=0),move+1)","(skip(v=1),move-1(iff=1),flip)","p3('x', 0, 0)",3,1,10,none<=10,none<=10,none<=10,none<=10
68,"(skip(v=0),move+1)","(skip(v=1),move-1(iff=1),flip)","p3('x', 0, 0)",3,2,10,none<=10,none<=10,none<=10,none<=10
68,"(skip(v=0),move+1)","(skip(v=1),move-1(iff=1),flip)","p3(0, 'x', 0)",3,0,10,none<=10,none<=10,none<=10,none<=10
68,"(skip(v=0),move+1)","(skip(v=1),move-1(iff=1),flip)","p3(0, 'x', 0)",3,1,10,none<=10,none<=10,none<=10,none<=10
68,"(skip(v=0),move+1)","(skip(v=1),move-1(iff=1),flip)","p3(0, 'x', 0)",3,2,10,none<=10,none<=10,none<=10,none<=10
68,"(skip(v=0),move+1)","(skip(v=1),move-1(iff=1),flip)","p3(0, 0, 'x')",3,0,10,none<=10,none<=10,none<=10,none<=10
68,"(skip(v=0),move+1)","(skip(v=1),move-1(iff=1),flip)","p3(0, 0, 'x')",3,1,10,none<=10,none<=10,none<=10,none<=10
68,"(skip(v=0),move+1)","(skip(v=1),move-1(iff=1),flip)","p3(0, 0, 'x')",3,2,10,none<=10,none<=10,none<=10,none<=10
68,"(skip(v=0),move+1)","(skip(v=1),move-1(iff=1),flip)","p3('x', 1, 1)",3,0,10,none<=10,none<=10,none<=10,none<=10
68,"(skip(v=0),move+1)","(skip(v=1),move-1(iff=1),flip)","p3('x', 1, 1)",3,1,10,none<=10,none<=10,none<=10,none<=10
68,"(skip(v=0),move+1)","(skip(v=1),move-1(iff=1),flip)","p3('x', 1, 1)",3,2,10,none<=10,none<=10,none<=10,none<=10
68,"(skip(v=0),move+1)","(skip(v=1),move-1(iff=1),flip)","p3(1, 'x', 1)",3,0,10,none<=10,none<=10,none<=10,none<=10
68,"(skip(v=0),move+1)","(skip(v=1),move-1(iff=1),flip)","p3(1, 'x', 1)",3,1,10,none<=10,none<=10,none<=10,none<=10
68,"(skip(v=0),move+1)","(skip(v=1),move-1(iff=1),flip)","p3(1, 'x', 1)",3,2,10,none<=10,none<=10,none<=10,none<=10
68,"(skip(v=0),move+1)","(skip(v=1),move-1(iff=1),flip)","p3(1, 1, 'x')",3,0,10,none<=10,none<=10,none<=10,none<=10
68,"(skip(v=0),move+1)","(skip(v=1),move-1(iff=1),flip)","p3(1, 1, 'x')",3,1,10,none<=10,none<=10,none<=10,none<=10
68,"(skip(v=0),move+1)","(skip(v=1),move-1(iff=1),flip)","p3(1, 1, 'x')",3,2,10,none<=10,none<=10,none<=10,none<=10
69,"(move+1,skip(v=0))",(move-1),none,1,0,10,none<=10,none<=10,none<=10,B(1)
69,"(move+1,skip(v=0))",(move-1),"(x,xbar)",2,0,10,none<=10,none<=10,none<=10,none<=10
69,"(move+1,skip(v=0))",(move-1),"(x,xbar)",2,1,10,none<=10,none<=10,none<=10,none<=10
69,"(move+1,skip(v=0))",(move-1),"(xbar,x)",2,0,10,none<=10,none<=10,none<=10,none<=10
69,"(move+1,skip(v=0))",(move-1),"(xbar,x)",2,1,10,none<=10,none<=10,none<=10,none<=10
69,"(move+1,skip(v=0))",(move-1),"(x,1)",2,0,10,none<=10,none<=10,none<=10,none<=10
69,"(move+1,skip(v=0))",(move-1),"(x,1)",2,1,10,none<=10,none<=10,none<=10,none<=10
69,"(move+1,skip(v=0))",(move-1),"(1,x)",2,0,10,none<=10,none<=10,none<=10,none<=10
69,"(move+1,skip(v=0))",(move-1),"(1,x)",2,1,10,none<=10,none<=10,none<=10,none<=10
69,"(move+1,skip(v=0))",(move-1),"(x,0)",2,0,10,none<=10,none<=10,none<=10,none<=10
69,"(move+1,skip(v=0))",(move-1),"(x,0)",2,1,10,none<=10,none<=10,none<=10,none<=10
69,"(move+1,skip(v=0))",(move-1),"(0,x)",2,0,10,none<=10,none<=10,none<=10,none<=10
69,"(move+1,skip(v=0))",(move-1),"(0,x)",2,1,10,none<=10,none<=10,none<=10,none<=10
69,"(move+1,skip(v=0))",(move-1),"p3('x', 0, 1)",3,0,10,none<=10,ABAAAABABB(10),none<=10,BBABBAAABB(10)
69,"(move+1,skip(v=0))",(move-1),"p3('x', 0, 1)",3,1,10,none<=10,AABBAAAB(8),none<=10,BAABBBAB(8)
69,"(move+1,skip(v=0))",(move-1),"p3('x', 0, 1)",3,2,10,none<=10,ABBAAABA(8),none<=10,BABBAAABBB(10)
69,"(move+1,skip(v=0))",(move-1),"p3(1, 'x', 0)",3,0,10,none<=10,ABBAAABA(8),none<=10,BABBAAABBB(10)
69,"(move+1,skip(v=0))",(move-1),"p3(1, 'x', 0)",3,1,10,none<=10,none<=10,none<=10,BBABBAAABB(10)
69,"(move+1,skip(v=0))",(move-1),"p3(1, 'x', 0)",3,2,10,none<=10,AABBAAAB(8),none<=10,BAABBBAB(8)
69,"(move+1,skip(v=0))",(move-1),"p3(0, 1, 'x')",3,0,10,none<=10,AABBAAAB(8),none<=10,BAABBBAB(8)
69,"(move+1,skip(v=0))",(move-1),"p3(0, 1, 'x')",3,1,10,none<=10,ABBAAABA(8),none<=10,BABBAAABBB(10)
69,"(move+1,skip(v=0))",(move-1),"p3(0, 1, 'x')",3,2,10,none<=10,none<=10,none<=10,BBABBAAABB(10)
69,"(move+1,skip(v=0))",(move-1),"p3('x', 1, 0)",3,0,10,none<=10,none<=10,BBABBBAAAA(10),BAABBABBB(9)
69,"(move+1,skip(v=0))",(move-1),"p3('x', 1, 0)",3,1,10,none<=10,none<=10,none<=10,BBAABBABB(9)
69,"(move+1,skip(v=0))",(move-1),"p3('x', 1, 0)",3,2,10,none<=10,none<=10,none<=10,BBBAABBAB(9)
69,"(move+1,skip(v=0))",(move-1),"p3(0, 'x', 1)",3,0,10,none<=10,none<=10,none<=10,none<=10
69,"(move+1,skip(v=0))",(move-1),"p3(0, 'x', 1)",3,1,10,none<=10,none<=10,BBABBBAAAA(10),BAABBABBB(9)
69,"(move+1,skip(v=0))",(move-1),"p3(0, 'x', 1)",3,2,10,none<=10,none<=10,none<=10,BBAABBABB(9)
69,"(move+1,skip(v=0))",(move-1),"p3(1, 0, 'x')",3,0,10,none<=10,none<=10,none<=10,BBAABBABB(9)
69,"(move+1,skip(v=0))",(move-1),"p3(1, 0, 'x')",3,1,10,none<=10,none<=10,none<=10,BBBAABBAB(9)
69,"(move+1,skip(v=0))",(move-1),"p3(1, 0, 'x')",3,2,10,none<=10,none<=10,BBABBBAAAA(10),BAABBABBB(9)
69,"(move+1,skip(v=0))",(move-1),"p3('x', 0, 0)",3,0,10,none<=10,none<=10,none<=10,none<=10
69,"(move+1,skip(v=0))",(move-1),"p3('x', 0, 0)",3,1,10,none<=10,none<=10,none<=10,none<=10
69,"(move+1,skip(v=0))",(move-1),"p3('x', 0, 0)",3,2,10,none<=10,none<=10,none<=10,none<=10
69,"(move+1,skip(v=0))",(move-1),"p3(0, 'x', 0)",3,0,10,none<=10,none<=10,none<=10,none<=10
69,"(move+1,skip(v=0))",(move-1),"p3(0, 'x', 0)",3,1,10,none<=10,none<=10,none<=10,none<=10
69,"(move+1,skip(v=0))",(move-1),"p3(0, 'x', 0)",3,2,10,none<=10,none<=10,none<=10,none<=10
69,"(move+1,skip(v=0))",(move-1),"p3(0, 0, 'x')",3,0,10,none<=10,none<=10,none<=10,none<=10
69,"(move+1,skip(v=0))",(move-1),"p3(0, 0, 'x')",3,1,10,none<=10,none<=10,none<=10,none<=10
69,"(move+1,skip(v=0))",(move-1),"p3(0, 0, 'x')",3,2,10,none<=10,none<=10,none<=10,none<=10
69,"(move+1,skip(v=0))",(move-1),"p3('x', 1, 1)",3,0,10,none<=10,none<=10,none<=10,none<=10
69,"(move+1,skip(v=0))",(move-1),"p3('x', 1, 1)",3,1,10,none<=10,none<=10,none<=10,none<=10
69,"(move+1,skip(v=0))",(move-1),"p3('x', 1, 1)",3,2,10,none<=10,none<=10,none<=10,none<=10
69,"(move+1,skip(v=0))",(move-1),"p3(1, 'x', 1)",3,0,10,none<=10,none<=10,none<=10,none<=10
69,"(move+1,skip(v=0))",(move-1),"p3(1, 'x', 1)",3,1,10,none<=10,none<=10,none<=10,none<=10
69,"(move+1,skip(v=0))",(move-1),"p3(1, 'x', 1)",3,2,10,none<=10,none<=10,none<=10,none<=10
69,"(move+1,skip(v=0))",(move-1),"p3(1, 1, 'x')",3,0,10,none<=10,none<=10,none<=10,none<=10
69,"(move+1,skip(v=0))",(move-1),"p3(1, 1, 'x')",3,1,10,none<=10,none<=10,none<=10,none<=10
69,"(move+1,skip(v=0))",(move-1),"p3(1, 1, 'x')",3,2,10,none<=10,none<=10,none<=10,none<=10
70,"(move+1,skip(v=0))","(skip(v=0),move-1)",none,1,0,10,none<=10,none<=10,none<=10,none<=10
70,"(move+1,skip(v=0))","(skip(v=0),move-1)","(x,xbar)",2,0,10,none<=10,none<=10,none<=10,none<=10
70,"(move+1,skip(v=0))","(skip(v=0),move-1)","(x,xbar)",2,1,10,none<=10,none<=10,none<=10,none<=10
70,"(move+1,skip(v=0))","(skip(v=0),move-1)","(xbar,x)",2,0,10,none<=10,none<=10,none<=10,none<=10
70,"(move+1,skip(v=0))","(skip(v=0),move-1)","(xbar,x)",2,1,10,none<=10,none<=10,none<=10,none<=10
70,"(move+1,skip(v=0))","(skip(v=0),move-1)","(x,1)",2,0,10,none<=10,none<=10,none<=10,none<=10
70,"(move+1,skip(v=0))","(skip(v=0),move-1)","(x,1)",2,1,10,none<=10,none<=10,none<=10,none<=10
70,"(move+1,skip(v=0))","(skip(v=0),move-1)","(1,x)",2,0,10,none<=10,none<=10,none<=10,none<=10
70,"(move+1,skip(v=0))","(skip(v=0),move-1)","(1,x)",2,1,10,none<=10,none<=10,none<=10,none<=10
70,"(move+1,skip(v=0))","(skip(v=0),move-1)","(x,0)",2,0,10,none<=10,none<=10,none<=10,none<=10
70,"(move+1,skip(v=0))","(skip(v=0),move-1)","(x,0)",2,1,10,none<=10,none<=10,none<=10,none<=10
70,"(move+1,skip(v=0))","(skip(v=0),move-1)","(0,x)",2,0,10,none<=10,none<=10,none<=10,none<=10
70,"(move+1,skip(v=0))","(skip(v=0),move-1)","(0,x)",2,1,10,none<=10,none<=10,none<=10,none<=10
70,"(move+1,skip(v=0))","(skip(v=0),move-1)","p3('x', 0, 1)",3,0,10,none<=10,none<=10,none<=10,none<=10
70,"(move+1,skip(v=0))","(skip(v=0),move-1)","p3('x', 0, 1)",3,1,10,none<=10,none<=10,none<=10,none<=10
70,"(move+1,skip(v=0))","(skip(v=0),move-1)","p3('x', 0, 1)",3,2,10,none<=10,none<=10,none<=10,none<=10
70,"(move+1,skip(v=0))","(skip(v=0),move-1)","p3(1, 'x', 0)",3,0,10,none<=10,none<=10,none<=10,none<=10
70,"(move+1,skip(v=0))","(skip(v=0),move-1)","p3(1, 'x', 0)",3,1,10,none<=10,none<=10,none<=10,none<=10
70,"(move+1,skip(v=0))","(skip(v=0),move-1)","p3(1, 'x', 0)",3,2,10,none<=10,none<=10,none<=10,none<=10
70,"(move+1,skip(v=0))","(skip(v=0),move-1)","p3(0, 1, 'x')",3,0,10,none<=10,none<=10,none<=10,none<=10
70,"(move+1,skip(v=0))","(skip(v=0),move-1)","p3(0, 1, 'x')",3,1,10,none<=10,none<=10,none<=10,none<=10
70,"(move+1,skip(v=0))","(skip(v=0),move-1)","p3(0, 1, 'x')",3,2,10,none<=10,none<=10,none<=10,none<=10
70,"(move+1,skip(v=0))","(skip(v=0),move-1)","p3('x', 1, 0)",3,0,10,none<=10,none<=10,none<=10,none<=10
70,"(move+1,skip(v=0))","(skip(v=0),move-1)","p3('x', 1, 0)",3,1,10,none<=10,none<=10,none<=10,none<=10
70,"(move+1,skip(v=0))","(skip(v=0),move-1)","p3('x', 1, 0)",3,2,10,none<=10,none<=10,none<=10,none<=10
70,"(move+1,skip(v=0))","(skip(v=0),move-1)","p3(0, 'x', 1)",3,0,10,none<=10,none<=10,none<=10,none<=10
70,"(move+1,skip(v=0))","(skip(v=0),move-1)","p3(0, 'x', 1)",3,1,10,none<=10,none<=10,none<=10,none<=10
70,"(move+1,skip(v=0))","(skip(v=0),move-1)","p3(0, 'x', 1)",3,2,10,none<=10,none<=10,none<=10,none<=10
70,"(move+1,skip(v=0))","(skip(v=0),move-1)","p3(1, 0, 'x')",3,0,10,none<=10,none<=10,none<=10,none<=10
70,"(move+1,skip(v=0))","(skip(v=0),move-1)","p3(1, 0, 'x')",3,1,10,none<=10,none<=10,none<=10,none<=10
70,"(move+1,skip(v=0))","(skip(v=0),move-1)","p3(1, 0, 'x')",3,2,10,none<=10,none<=10,none<=10,none<=10
70,"(move+1,skip(v=0))","(skip(v=0),move-1)","p3('x', 0, 0)",3,0,10,none<=10,none<=10,none<=10,none<=10
70,"(move+1,skip(v=0))","(skip(v=0),move-1)","p3('x', 0, 0)",3,1,10,none<=10,none<=10,none<=10,none<=10
70,"(move+1,skip(v=0))","(skip(v=0),move-1)","p3('x', 0, 0)",3,2,10,none<=10,none<=10,none<=10,none<=10
70,"(move+1,skip(v=0))","(skip(v=0),move-1)","p3(0, 'x', 0)",3,0,10,none<=10,none<=10,none<=10,none<=10
70,"(move+1,skip(v=0))","(skip(v=0),move-1)","p3(0, 'x', 0)",3,1,10,none<=10,none<=10,none<=10,none<=10
70,"(move+1,skip(v=0))","(skip(v=0),move-1)","p3(0, 'x', 0)",3,2,10,none<=10,none<=10,none<=10,none<=10
70,"(move+1,skip(v=0))","(skip(v=0),move-1)","p3(0, 0, 'x')",3,0,10,none<=10,none<=10,none<=10,none<=10
70,"(move+1,skip(v=0))","(skip(v=0),move-1)","p3(0, 0, 'x')",3,1,10,none<=10,none<=10,none<=10,none<=10
70,"(move+1,skip(v=0))","(skip(v=0),move-1)","p3(0, 0, 'x')",3,2,10,none<=10,none<=10,none<=10,none<=10
70,"(move+1,skip(v=0))","(skip(v=0),move-1)","p3('x', 1, 1)",3,0,10,none<=10,none<=10,none<=10,none<=10
70,"(move+1,skip(v=0))","(skip(v=0),move-1)","p3('x', 1, 1)",3,1,10,none<=10,none<=10,none<=10,none<=10
70,"(move+1,skip(v=0))","(skip(v=0),move-1)","p3('x', 1, 1)",3,2,10,none<=10,none<=10,none<=10,none<=10
70,"(move+1,skip(v=0))","(skip(v=0),move-1)","p3(1, 'x', 1)",3,0,10,none<=10,none<=10,none<=10,none<=10
70,"(move+1,skip(v=0))","(skip(v=0),move-1)","p3(1, 'x', 1)",3,1,10,none<=10,none<=10,none<=10,none<=10
70,"(move+1,skip(v=0))","(skip(v=0),move-1)","p3(1, 'x', 1)",3,2,10,none<=10,none<=10,none<=10,none<=10
70,"(move+1,skip(v=0))","(skip(v=0),move-1)","p3(1, 1, 'x')",3,0,10,none<=10,none<=10,none<=10,none<=10
70,"(move+1,skip(v=0))","(skip(v=0),move-1)","p3(1, 1, 'x')",3,1,10,none<=10,none<=10,none<=10,none<=10
70,"(move+1,skip(v=0))","(skip(v=0),move-1)","p3(1, 1, 'x')",3,2,10,none<=10,none<=10,none<=10,none<=10
71,"(move+1,skip(v=0))","(move-1,skip(v=0))",none,1,0,10,none<=10,none<=10,none<=10,none<=10
71,"(move+1,skip(v=0))","(move-1,skip(v=0))","(x,xbar)",2,0,10,none<=10,none<=10,none<=10,none<=10
71,"(move+1,skip(v=0))","(move-1,skip(v=0))","(x,xbar)",2,1,10,none<=10,none<=10,none<=10,none<=10
71,"(move+1,skip(v=0))","(move-1,skip(v=0))","(xbar,x)",2,0,10,none<=10,none<=10,none<=10,none<=10
71,"(move+1,skip(v=0))","(move-1,skip(v=0))","(xbar,x)",2,1,10,none<=10,none<=10,none<=10,none<=10
71,"(move+1,skip(v=0))","(move-1,skip(v=0))","(x,1)",2,0,10,none<=10,none<=10,none<=10,none<=10
71,"(move+1,skip(v=0))","(move-1,skip(v=0))","(x,1)",2,1,10,none<=10,none<=10,none<=10,none<=10
71,"(move+1,skip(v=0))","(move-1,skip(v=0))","(1,x)",2,0,10,none<=10,none<=10,none<=10,none<=10
71,"(move+1,skip(v=0))","(move-1,skip(v=0))","(1,x)",2,1,10,none<=10,none<=10,none<=10,none<=10
71,"(move+1,skip(v=0))","(move-1,skip(v=0))","(x,0)",2,0,10,none<=10,none<=10,none<=10,none<=10
71,"(move+1,skip(v=0))","(move-1,skip(v=0))","(x,0)",2,1,10,none<=10,none<=10,none<=10,none<=10
71,"(move+1,skip(v=0))","(move-1,skip(v=0))","(0,x)",2,0,10,none<=10,none<=10,none<=10,none<=10
71,"(move+1,skip(v=0))","(move-1,skip(v=0))","(0,x)",2,1,10,none<=10,none<=10,none<=10,none<=10
71,"(move+1,skip(v=0))","(move-1,skip(v=0))","p3('x', 0, 1)",3,0,10,none<=10,none<=10,none<=10,none<=10
71,"(move+1,skip(v=0))","(move-1,skip(v=0))","p3('x', 0, 1)",3,1,10,none<=10,none<=10,none<=10,none<=10
71,"(move+1,skip(v=0))","(move-1,skip(v=0))","p3('x', 0, 1)",3,2,10,none<=10,none<=10,none<=10,none<=10
71,"(move+1,skip(v=0))","(move-1,skip(v=0))","p3(1, 'x', 0)",3,0,10,none<=10,none<=10,none<=10,none<=10
71,"(move+1,skip(v=0))","(move-1,skip(v=0))","p3(1, 'x', 0)",3,1,10,none<=10,none<=10,none<=10,none<=10
71,"(move+1,skip(v=0))","(move-1,skip(v=0))","p3(1, 'x', 0)",3,2,10,none<=10,none<=10,none<=10,none<=10
71,"(move+1,skip(v=0))","(move-1,skip(v=0))","p3(0, 1, 'x')",3,0,10,none<=10,none<=10,none<=10,none<=10
71,"(move+1,skip(v=0))","(move-1,skip(v=0))","p3(0, 1, 'x')",3,1,10,none<=10,none<=10,none<=10,none<=10
71,"(move+1,skip(v=0))","(move-1,skip(v=0))","p3(0, 1, 'x')",3,2,10,none<=10,none<=10,none<=10,none<=10
71,"(move+1,skip(v=0))","(move-1,skip(v=0))","p3('x', 1, 0)",3,0,10,none<=10,none<=10,none<=10,none<=10
71,"(move+1,skip(v=0))","(move-1,skip(v=0))","p3('x', 1, 0)",3,1,10,none<=10,none<=10,none<=10,none<=10
71,"(move+1,skip(v=0))","(move-1,skip(v=0))","p3('x', 1, 0)",3,2,10,none<=10,none<=10,none<=10,none<=10
71,"(move+1,skip(v=0))","(move-1,skip(v=0))","p3(0, 'x', 1)",3,0,10,none<=10,none<=10,none<=10,none<=10
71,"(move+1,skip(v=0))","(move-1,skip(v=0))","p3(0, 'x', 1)",3,1,10,none<=10,none<=10,none<=10,none<=10
71,"(move+1,skip(v=0))","(move-1,skip(v=0))","p3(0, 'x', 1)",3,2,10,none<=10,none<=10,none<=10,none<=10
71,"(move+1,skip(v=0))","(move-1,skip(v=0))","p3(1, 0, 'x')",3,0,10,none<=10,none<=10,none<=10,none<=10
71,"(move+1,skip(v=0))","(move-1,skip(v=0))","p3(1, 0, 'x')",3,1,10,none<=10,none<=10,none<=10,none<=10
71,"(move+1,skip(v=0))","(move-1,skip(v=0))","p3(1, 0, 'x')",3,2,10,none<=10,none<=10,none<=10,none<=10
71,"(move+1,skip(v=0))","(move-1,skip(v=0))","p3('x', 0, 0)",3,0,10,none<=10,none<=10,none<=10,none<=10
71,"(move+1,skip(v=0))","(move-1,skip(v=0))","p3('x', 0, 0)",3,1,10,none<=10,none<=10,none<=10,none<=10
71,"(move+1,skip(v=0))","(move-1,skip(v=0))","p3('x', 0, 0)",3,2,10,none<=10,none<=10,none<=10,none<=10
71,"(move+1,skip(v=0))","(move-1,skip(v=0))","p3(0, 'x', 0)",3,0,10,none<=10,none<=10,none<=10,none<=10
71,"(move+1,skip(v=0))","(move-1,skip(v=0))","p3(0, 'x', 0)",3,1,10,none<=10,none<=10,none<=10,none<=10
71,"(move+1,skip(v=0))","(move-1,skip(v=0))","p3(0, 'x', 0)",3,2,10,none<=10,none<=10,none<=10,none<=10
71,"(move+1,skip(v=0))","(move-1,skip(v=0))","p3(0, 0, 'x')",3,0,10,none<=10,none<=10,none<=10,none<=10
71,"(move+1,skip(v=0))","(move-1,skip(v=0))","p3(0, 0, 'x')",3,1,10,none<=10,none<=10,none<=10,none<=10
71,"(move+1,skip(v=0))","(move-1,skip(v=0))","p3(0, 0, 'x')",3,2,10,none<=10,none<=10,none<=10,none<=10
71,"(move+1,skip(v=0))","(move-1,skip(v=0))","p3('x', 1, 1)",3,0,10,none<=10,none<=10,none<=10,none<=10
71,"(move+1,skip(v=0))","(move-1,skip(v=0))","p3('x', 1, 1)",3,1,10,none<=10,none<=10,none<=10,none<=10
71,"(move+1,skip(v=0))","(move-1,skip(v=0))","p3('x', 1, 1)",3,2,10,none<=10,none<=10,none<=10,none<=10
71,"(move+1,skip(v=0))","(move-1,skip(v=0))","p3(1, 'x', 1)",3,0,10,none<=10,none<=10,none<=10,none<=10
71,"(move+1,skip(v=0))","(move-1,skip(v=0))","p3(1, 'x', 1)",3,1,10,none<=10,none<=10,none<=10,none<=10
71,"(move+1,skip(v=0))","(move-1,skip(v=0))","p3(1, 'x', 1)",3,2,10,none<=10,none<=10,none<=10,none<=10
71,"(move+1,skip(v=0))","(move-1,skip(v=0))","p3(1, 1, 'x')",3,0,10,none<=10,none<=10,none<=10,none<=10
71,"(move+1,skip(v=0))","(move-1,skip(v=0))","p3(1, 1, 'x')",3,1,10,none<=10,none<=10,none<=10,none<=10
71,"(move+1,skip(v=0))","(move-1,skip(v=0))","p3(1, 1, 'x')",3,2,10,none<=10,none<=10,none<=10,none<=10
72,"(move+1,skip(v=0))","(skip(v=1),move-1)",none,1,0,10,none<=10,none<=10,none<=10,none<=10
72,"(move+1,skip(v=0))","(skip(v=1),move-1)","(x,xbar)",2,0,10,none<=10,none<=10,none<=10,none<=10
72,"(move+1,skip(v=0))","(skip(v=1),move-1)","(x,xbar)",2,1,10,none<=10,none<=10,none<=10,none<=10
72,"(move+1,skip(v=0))","(skip(v=1),move-1)","(xbar,x)",2,0,10,none<=10,none<=10,none<=10,none<=10
72,"(move+1,skip(v=0))","(skip(v=1),move-1)","(xbar,x)",2,1,10,none<=10,none<=10,none<=10,none<=10
72,"(move+1,skip(v=0))","(skip(v=1),move-1)","(x,1)",2,0,10,none<=10,none<=10,none<=10,none<=10
72,"(move+1,skip(v=0))","(skip(v=1),move-1)","(x,1)",2,1,10,none<=10,none<=10,none<=10,none<=10
72,"(move+1,skip(v=0))","(skip(v=1),move-1)","(1,x)",2,0,10,none<=10,none<=10,none<=10,none<=10
72,"(move+1,skip(v=0))","(skip(v=1),move-1)","(1,x)",2,1,10,none<=10,none<=10,none<=10,none<=10
72,"(move+1,skip(v=0))","(skip(v=1),move-1)","(x,0)",2,0,10,none<=10,none<=10,none<=10,none<=10
72,"(move+1,skip(v=0))","(skip(v=1),move-1)","(x,0)",2,1,10,none<=10,none<=10,none<=10,none<=10
72,"(move+1,skip(v=0))","(skip(v=1),move-1)","(0,x)",2,0,10,none<=10,none<=10,none<=10,none<=10
72,"(move+1,skip(v=0))","(skip(v=1),move-1)","(0,x)",2,1,10,none<=10,none<=10,none<=10,none<=10
72,"(move+1,skip(v=0))","(skip(v=1),move-1)","p3('x', 0, 1)",3,0,10,none<=10,none<=10,none<=10,none<=10
72,"(move+1,skip(v=0))","(skip(v=1),move-1)","p3('x', 0, 1)",3,1,10,none<=10,none<=10,none<=10,none<=10
72,"(move+1,skip(v=0))","(skip(v=1),move-1)","p3('x', 0, 1)",3,2,10,none<=10,none<=10,none<=10,none<=10
72,"(move+1,skip(v=0))","(skip(v=1),move-1)","p3(1, 'x', 0)",3,0,10,none<=10,none<=10,none<=10,none<=10
72,"(move+1,skip(v=0))","(skip(v=1),move-1)","p3(1, 'x', 0)",3,1,10,none<=10,none<=10,none<=10,none<=10
72,"(move+1,skip(v=0))","(skip(v=1),move-1)","p3(1, 'x', 0)",3,2,10,none<=10,none<=10,none<=10,none<=10
72,"(move+1,skip(v=0))","(skip(v=1),move-1)","p3(0, 1, 'x')",3,0,10,none<=10,none<=10,none<=10,none<=10
72,"(move+1,skip(v=0))","(skip(v=1),move-1)","p3(0, 1, 'x')",3,1,10,none<=10,none<=10,none<=10,none<=10
72,"(move+1,skip(v=0))","(skip(v=1),move-1)","p3(0, 1, 'x')",3,2,10,none<=10,none<=10,none<=10,none<=10
72,"(move+1,skip(v=0))","(skip(v=1),move-1)","p3('x', 1, 0)",3,0,10,none<=10,none<=10,none<=10,none<=10
72,"(move+1,skip(v=0))","(skip(v=1),move-1)","p3('x', 1, 0)",3,1,10,none<=10,none<=10,none<=10,none<=10
72,"(move+1,skip(v=0))","(skip(v=1),move-1)","p3('x', 1, 0)",3,2,10,none<=10,none<=10,none<=10,none<=10
72,"(move+1,skip(v=0))","(skip(v=1),move-1)","p3(0, 'x', 1)",3,0,10,none<=10,none<=10,none<=10,none<=10
72,"(move+1,skip(v=0))","(skip(v=1),move-1)","p3(0, 'x', 1)",3,1,10,none<=10,none<=10,none<=10,none<=10
72,"(move+1,skip(v=0))","(skip(v=1),move-1)","p3(0, 'x', 1)",3,2,10,none<=10,none<=10,none<=10,none<=10
72,"(move+1,skip(v=0))","(skip(v=1),move-1)","p3(1, 0, 'x')",3,0,10,none<=10,none<=10,none<=10,none<=10
72,"(move+1,skip(v=0))","(skip(v=1),move-1)","p3(1, 0, 'x')",3,1,10,none<=10,none<=10,none<=10,none<=10
72,"(move+1,skip(v=0))","(skip(v=1),move-1)","p3(1, 0, 'x')",3,2,10,none<=10,none<=10,none<=10,none<=10
72,"(move+1,skip(v=0))","(skip(v=1),move-1)","p3('x', 0, 0)",3,0,10,none<=10,none<=10,none<=10,none<=10
72,"(move+1,skip(v=0))","(skip(v=1),move-1)","p3('x', 0, 0)",3,1,10,none<=10,none<=10,none<=10,none<=10
72,"(move+1,skip(v=0))","(skip(v=1),move-1)","p3('x', 0, 0)",3,2,10,none<=10,none<=10,none<=10,none<=10
72,"(move+1,skip(v=0))","(skip(v=1),move-1)","p3(0, 'x', 0)",3,0,10,none<=10,none<=10,none<=10,none<=10
72,"(move+1,skip(v=0))","(skip(v=1),move-1)","p3(0, 'x', 0)",3,1,10,none<=10,none<=10,none<=10,none<=10
72,"(move+1,skip(v=0))","(skip(v=1),move-1)","p3(0, 'x', 0)",3,2,10,none<=10,none<=10,none<=10,none<=10
72,"(move+1,skip(v=0))","(skip(v=1),move-1)","p3(0, 0, 'x')",3,0,10,none<=10,none<=10,none<=10,none<=10
72,"(move+1,skip(v=0))","(skip(v=1),move-1)","p3(0, 0, 'x')",3,1,10,none<=10,none<=10,none<=10,none<=10
72,"(move+1,skip(v=0))","(skip(v=1),move-1)","p3(0, 0, 'x')",3,2,10,none<=10,none<=10,none<=10,none<=10
72,"(move+1,skip(v=0))","(skip(v=1),move-1)","p3('x', 1, 1)",3,0,10,none<=10,none<=10,none<=10,none<=10
72,"(move+1,skip(v=0))","(skip(v=1),move-1)","p3('x', 1, 1)",3,1,10,none<=10,none<=10,none<=10,none<=10
72,"(move+1,skip(v=0))","(skip(v=1),move-1)","p3('x', 1, 1)",3,2,10,none<=10,none<=10,none<=10,none<=10
72,"(move+1,skip(v=0))","(skip(v=1),move-1)","p3(1, 'x', 1)",3,0,10,none<=10,none<=10,none<=10,none<=10
72,"(move+1,skip(v=0))","(skip(v=1),move-1)","p3(1, 'x', 1)",3,1,10,none<=10,none<=10,none<=10,none<=10
72,"(move+1,skip(v=0))","(skip(v=1),move-1)","p3(1, 'x', 1)",3,2,10,none<=10,none<=10,none<=10,none<=10
72,"(move+1,skip(v=0))","(skip(v=1),move-1)","p3(1, 1, 'x')",3,0,10,none<=10,none<=10,none<=10,none<=10
72,"(move+1,skip(v=0))","(skip(v=1),move-1)","p3(1, 1, 'x')",3,1,10,none<=10,none<=10,none<=10,none<=10
72,"(move+1,skip(v=0))","(skip(v=1),move-1)","p3(1, 1, 'x')",3,2,10,none<=10,none<=10,none<=10,none<=10
73,"(move+1,skip(v=0))","(move-1,skip(v=1))",none,1,0,10,none<=10,none<=10,none<=10,none<=10
73,"(move+1,skip(v=0))","(move-1,skip(v=1))","(x,xbar)",2,0,10,none<=10,none<=10,none<=10,none<=10
73,"(move+1,skip(v=0))","(move-1,skip(v=1))","(x,xbar)",2,1,10,none<=10,none<=10,none<=10,none<=10
73,"(move+1,skip(v=0))","(move-1,skip(v=1))","(xbar,x)",2,0,10,none<=10,none<=10,none<=10,none<=10
73,"(move+1,skip(v=0))","(move-1,skip(v=1))","(xbar,x)",2,1,10,none<=10,none<=10,none<=10,none<=10
73,"(move+1,skip(v=0))","(move-1,skip(v=1))","(x,1)",2,0,10,none<=10,none<=10,none<=10,none<=10
73,"(move+1,skip(v=0))","(move-1,skip(v=1))","(x,1)",2,1,10,none<=10,none<=10,none<=10,none<=10
73,"(move+1,skip(v=0))","(move-1,skip(v=1))","(1,x)",2,0,10,none<=10,none<=10,none<=10,none<=10
73,"(move+1,skip(v=0))","(move-1,skip(v=1))","(1,x)",2,1,10,none<=10,none<=10,none<=10,BABBBAA(7)
73,"(move+1,skip(v=0))","(move-1,skip(v=1))","(x,0)",2,0,10,none<=10,ABAAABB(7),none<=10,none<=10
73,"(move+1,skip(v=0))","(move-1,skip(v=1))","(x,0)",2,1,10,none<=10,none<=10,none<=10,none<=10
73,"(move+1,skip(v=0))","(move-1,skip(v=1))","(0,x)",2,0,10,none<=10,none<=10,none<=10,none<=10
73,"(move+1,skip(v=0))","(move-1,skip(v=1))","(0,x)",2,1,10,none<=10,none<=10,none<=10,none<=10
73,"(move+1,skip(v=0))","(move-1,skip(v=1))","p3('x', 0, 1)",3,0,12,none<=12,ABAAAABB(8),ABBABBBAA(9),BABBAAABB(9)
73,"(move+1,skip(v=0))","(move-1,skip(v=1))","p3('x', 0, 1)",3,1,10,none<=10,AABBAABAB(9),none<=10,BAABBABAB(9)
73,"(move+1,skip(v=0))","(move-1,skip(v=1))","p3('x', 0, 1)",3,2,10,none<=10,ABBAABABA(9),none<=10,BBAABBABA(9)
73,"(move+1,skip(v=0))","(move-1,skip(v=1))","p3(1, 'x', 0)",3,0,10,none<=10,ABBAABABA(9),none<=10,none<=10
73,"(move+1,skip(v=0))","(move-1,skip(v=1))","p3(1, 'x', 0)",3,1,12,none<=12,ABAAAABB(8),ABBABBBAA(9),BABBBBAA(8)
73,"(move+1,skip(v=0))","(move-1,skip(v=1))","p3(1, 'x', 0)",3,2,10,none<=10,none<=10,none<=10,BAABBABAB(9)
73,"(move+1,skip(v=0))","(move-1,skip(v=1))","p3(0, 1, 'x')",3,0,10,none<=10,AABBAABAB(9),none<=10,BAABBABAB(9)
73,"(move+1,skip(v=0))","(move-1,skip(v=1))","p3(0, 1, 'x')",3,1,10,none<=10,ABBAABABA(9),none<=10,BBAABBABA(9)
73,"(move+1,skip(v=0))","(move-1,skip(v=1))","p3(0, 1, 'x')",3,2,12,none<=12,ABAABBBAA(9),ABBABBBAA(9),BABBBBAA(8)
73,"(move+1,skip(v=0))","(move-1,skip(v=1))","p3('x', 1, 0)",3,0,10,none<=10,none<=10,none<=10,none<=10
73,"(move+1,skip(v=0))","(move-1,skip(v=1))","p3('x', 1, 0)",3,1,10,none<=10,AAABAABBA(9),none<=10,BABBAABBA(9)
73,"(move+1,skip(v=0))","(move-1,skip(v=1))","p3('x', 1, 0)",3,2,10,none<=10,ABAABBAAA(9),none<=10,BABABBAAB(9)
73,"(move+1,skip(v=0))","(move-1,skip(v=1))","p3(0, 'x', 1)",3,0,10,none<=10,ABAABBAAA(9),none<=10,none<=10
73,"(move+1,skip(v=0))","(move-1,skip(v=1))","p3(0, 'x', 1)",3,1,10,none<=10,none<=10,none<=10,none<=10
73,"(move+1,skip(v=0))","(move-1,skip(v=1))","p3(0, 'x', 1)",3,2,10,none<=10,none<=10,none<=10,BABBAABBA(9)
73,"(move+1,skip(v=0))","(move-1,skip(v=1))","p3(1, 0, 'x')",3,0,10,none<=10,AAABAABBA(9),none<=10,BABBAABBA(9)
73,"(move+1,skip(v=0))","(move-1,skip(v=1))","p3(1, 0, 'x')",3,1,10,none<=10,ABAABBAAA(9),none<=10,BABABBAAB(9)
73,"(move+1,skip(v=0))","(move-1,skip(v=1))","p3(1, 0, 'x')",3,2,10,none<=10,none<=10,none<=10,none<=10
73,"(move+1,skip(v=0))","(move-1,skip(v=1))","p3('x', 0, 0)",3,0,10,none<=10,none<=10,none<=10,none<=10
73,"(move+1,skip(v=0))","(move-1,skip(v=1))","p3('x', 0, 0)",3,1,10,none<=10,none<=10,none<=10,none<=10
73,"(move+1,skip(v=0))","(move-1,skip(v=1))","p3('x', 0, 0)",3,2,10,none<=10,none<=10,none<=10,none<=10
73,"(move+1,skip(v=0))","(move-1,skip(v=1))","p3(0, 'x', 0)",3,0,10,none<=10,none<=10,none<=10,none<=10
73,"(move+1,skip(v=0))","(move-1,skip(v=1))","p3(0, 'x', 0)",3,1,10,none<=10,none<=10,none<=10,none<=10
73,"(move+1,skip(v=0))","(move-1,skip(v=1))","p3(0, 'x', 0)",3,2,10,none<=10,none<=10,none<=10,none<=10
73,"(move+1,skip(v=0))","(move-1,skip(v=1))","p3(0, 0, 'x')",3,0,10,none<=10,none<=10,none<=10,none<=10
73,"(move+1,skip(v=0))","(move-1,skip(v=1))","p3(0, 0, 'x')",3,1,10,none<=10,none<=10,none<=10,none<=10
73,"(move+1,skip(v=0))","(move-1,skip(v=1))","p3(0, 0, 'x')",3,2,10,none<=10,none<=10,none<=10,none<=10
73,"(move+1,skip(v=0))","(move-1,skip(v=1))","p3('x', 1, 1)",3,0,10,none<=10,none<=10,none<=10,none<=10
73,"(move+1,skip(v=0))","(move-1,skip(v=1))","p3('x', 1, 1)",3,1,10,none<=10,none<=10,none<=10,none<=10
73,"(move+1,skip(v=0))","(move-1,skip(v=1))","p3('x', 1, 1)",3,2,10,none<=10,none<=10,none<=10,none<=10
73,"(move+1,skip(v=0))","(move-1,skip(v=1))","p3(1, 'x', 1)",3,0,10,none<=10,none<=10,none<=10,none<=10
73,"(move+1,skip(v=0))","(move-1,skip(v=1))","p3(1, 'x', 1)",3,1,10,none<=10,none<=10,none<=10,none<=10
73,"(move+1,skip(v=0))","(move-1,skip(v=1))","p3(1, 'x', 1)",3,2,10,none<=10,none<=10,none<=10,none<=10
73,"(move+1,skip(v=0))","(move-1,skip(v=1))","p3(1, 1, 'x')",3,0,10,none<=10,none<=10,none<=10,none<=10
73,"(move+1,skip(v=0))","(move-1,skip(v=1))","p3(1, 1, 'x')",3,1,10,none<=10,none<=10,none<=10,none<=10
73,"(move+1,skip(v=0))","(move-1,skip(v=1))","p3(1, 1, 'x')",3,2,10,none<=10,none<=10,none<=10,none<=10
74,"(move+1,skip(v=0))",(move-1(iff=0)),none,1,0,10,none<=10,none<=10,none<=10,none<=10
74,"(move+1,skip(v=0))",(move-1(iff=0)),"(x,xbar)",2,0,10,none<=10,none<=10,none<=10,none<=10
74,"(move+1,skip(v=0))",(move-1(iff=0)),"(x,xbar)",2,1,10,none<=10,none<=10,none<=10,none<=10
74,"(move+1,skip(v=0))",(move-1(iff=0)),"(xbar,x)",2,0,10,none<=10,none<=10,none<=10,none<=10
74,"(move+1,skip(v=0))",(move-1(iff=0)),"(xbar,x)",2,1,10,none<=10,none<=10,none<=10,none<=10
74,"(move+1,skip(v=0))",(move-1(iff=0)),"(x,1)",2,0,10,none<=10,none<=10,none<=10,none<=10
74,"(move+1,skip(v=0))",(move-1(iff=0)),"(x,1)",2,1,10,none<=10,none<=10,none<=10,none<=10
74,"(move+1,skip(v=0))",(move-1(iff=0)),"(1,x)",2,0,10,none<=10,none<=10,none<=10,none<=10
74,"(move+1,skip(v=0))",(move-1(iff=0)),"(1,x)",2,1,10,none<=10,none<=10,none<=10,none<=10
74,"(move+1,skip(v=0))",(move-1(iff=0)),"(x,0)",2,0,10,none<=10,AAAB(4),none<=10,none<=10
74,"(move+1,skip(v=0))",(move-1(iff=0)),"(x,0)",2,1,10,none<=10,ABAA(4),none<=10,none<=10
74,"(move+1,skip(v=0))",(move-1(iff=0)),"(0,x)",2,0,10,none<=10,ABAA(4),none<=10,none<=10
74,"(move+1,skip(v=0))",(move-1(iff=0)),"(0,x)",2,1,10,none<=10,AAAB(4),none<=10,none<=10
74,"(move+1,skip(v=0))",(move-1(iff=0)),"p3('x', 0, 1)",3,0,10,none<=10,none<=10,none<=10,none<=10
74,"(move+1,skip(v=0))",(move-1(iff=0)),"p3('x', 0, 1)",3,1,10,none<=10,none<=10,none<=10,none<=10
74,"(move+1,skip(v=0))",(move-1(iff=0)),"p3('x', 0, 1)",3,2,10,none<=10,none<=10,none<=10,none<=10
74,"(move+1,skip(v=0))",(move-1(iff=0)),"p3(1, 'x', 0)",3,0,10,none<=10,none<=10,none<=10,none<=10
74,"(move+1,skip(v=0))",(move-1(iff=0)),"p3(1, 'x', 0)",3,1,10,none<=10,none<=10,none<=10,none<=10
74,"(move+1,skip(v=0))",(move-1(iff=0)),"p3(1, 'x', 0)",3,2,10,none<=10,none<=10,none<=10,none<=10
74,"(move+1,skip(v=0))",(move-1(iff=0)),"p3(0, 1, 'x')",3,0,10,none<=10,none<=10,none<=10,none<=10
74,"(move+1,skip(v=0))",(move-1(iff=0)),"p3(0, 1, 'x')",3,1,10,none<=10,none<=10,none<=10,none<=10
74,"(move+1,skip(v=0))",(move-1(iff=0)),"p3(0, 1, 'x')",3,2,10,none<=10,none<=10,none<=10,none<=10
74,"(move+1,skip(v=0))",(move-1(iff=0)),"p3('x', 1, 0)",3,0,10,none<=10,none<=10,none<=10,none<=10
74,"(move+1,skip(v=0))",(move-1(iff=0)),"p3('x', 1, 0)",3,1,10,none<=10,AAABABB(7),none<=10,none<=10
74,"(move+1,skip(v=0))",(move-1(iff=0)),"p3('x', 1, 0)",3,2,10,none<=10,ABABBAA(7),none<=10,none<=10
74,"(move+1,skip(v=0))",(move-1(iff=0)),"p3(0, 'x', 1)",3,0,10,none<=10,ABABBAA(7),none<=10,none<=10
74,"(move+1,skip(v=0))",(move-1(iff=0)),"p3(0, 'x', 1)",3,1,10,none<=10,none<=10,none<=10,none<=10
74,"(move+1,skip(v=0))",(move-1(iff=0)),"p3(0, 'x', 1)",3,2,10,none<=10,AAABABB(7),none<=10,none<=10
74,"(move+1,skip(v=0))",(move-1(iff=0)),"p3(1, 0, 'x')",3,0,10,none<=10,AAABABB(7),none<=10,none<=10
74,"(move+1,skip(v=0))",(move-1(iff=0)),"p3(1, 0, 'x')",3,1,10,none<=10,ABABBAA(7),none<=10,none<=10
74,"(move+1,skip(v=0))",(move-1(iff=0)),"p3(1, 0, 'x')",3,2,10,none<=10,none<=10,none<=10,none<=10
74,"(move+1,skip(v=0))",(move-1(iff=0)),"p3('x', 0, 0)",3,0,10,none<=10,none<=10,none<=10,none<=10
74,"(move+1,skip(v=0))",(move-1(iff=0)),"p3('x', 0, 0)",3,1,10,none<=10,none<=10,none<=10,none<=10
74,"(move+1,skip(v=0))",(move-1(iff=0)),"p3('x', 0, 0)",3,2,10,none<=10,none<=10,none<=10,none<=10
74,"(move+1,skip(v=0))",(move-1(iff=0)),"p3(0, 'x', 0)",3,0,10,none<=10,none<=10,none<=10,none<=10
74,"(move+1,skip(v=0))",(move-1(iff=0)),"p3(0, 'x', 0)",3,1,10,none<=10,none<=10,none<=10,none<=10
74,"(move+1,skip(v=0))",(move-1(iff=0)),"p3(0, 'x', 0)",3,2,10,none<=10,none<=10,none<=10,none<=10
74,"(move+1,skip(v=0))",(move-1(iff=0)),"p3(0, 0, 'x')",3,0,10,none<=10,none<=10,none<=10,none<=10
74,"(move+1,skip(v=0))",(move-1(iff=0)),"p3(0, 0, 'x')",3,1,10,none<=10,none<=10,none<=10,none<=10
74,"(move+1,skip(v=0))",(move-1(iff=0)),"p3(0, 0, 'x')",3,2,10,none<=10,none<=10,none<=10,none<=10
74,"(move+1,skip(v=0))",(move-1(iff=0)),"p3('x', 1, 1)",3,0,10,none<=10,none<=10,none<=10,none<=10
74,"(move+1,skip(v=0))",(move-1(iff=0)),"p3('x', 1, 1)",3,1,10,none<=10,none<=10,none<=10,none<=10
74,"(move+1,skip(v=0))",(move-1(iff=0)),"p3('x', 1, 1)",3,2,10,none<=10,none<=10,none<=10,none<=10
74,"(move+1,skip(v=0))",(move-1(iff=0)),"p3(1, 'x', 1)",3,0,10,none<=10,none<=10,none<=10,none<=10
74,"(move+1,skip(v=0))",(move-1(iff=0)),"p3(1, 'x', 1)",3,1,10,none<=10,none<=10,none<=10,none<=10
74,"(move+1,skip(v=0))",(move-1(iff=0)),"p3(1, 'x', 1)",3,2,10,none<=10,none<=10,none<=10,none<=10
74,"(move+1,skip(v=0))",(move-1(iff=0)),"p3(1, 1, 'x')",3,0,10,none<=10,none<=10,none<=10,none<=10
74,"(move+1,skip(v=0))",(move-1(iff=0)),"p3(1, 1, 'x')",3,1,10,none<=10,none<=10,none<=10,none<=10
74,"(move+1,skip(v=0))",(move-1(iff=0)),"p3(1, 1, 'x')",3,2,10,none<=10,none<=10,none<=10,none<=10
75,"(move+1,skip(v=0))","(skip(v=0),move-1(iff=0))",none,1,0,10,none<=10,none<=10,none<=10,none<=10
75,"(move+1,skip(v=0))","(skip(v=0),move-1(iff=0))","(x,xbar)",2,0,10,none<=10,none<=10,none<=10,none<=10
75,"(move+1,skip(v=0))","(skip(v=0),move-1(iff=0))","(x,xbar)",2,1,10,none<=10,none<=10,none<=10,none<=10
75,"(move+1,skip(v=0))","(skip(v=0),move-1(iff=0))","(xbar,x)",2,0,10,none<=10,none<=10,none<=10,none<=10
75,"(move+1,skip(v=0))","(skip(v=0),move-1(iff=0))","(xbar,x)",2,1,10,none<=10,none<=10,none<=10,none<=10
75,"(move+1,skip(v=0))","(skip(v=0),move-1(iff=0))","(x,1)",2,0,10,none<=10,none<=10,none<=10,none<=10
75,"(move+1,skip(v=0))","(skip(v=0),move-1(iff=0))","(x,1)",2,1,10,none<=10,none<=10,none<=10,none<=10
75,"(move+1,skip(v=0))","(skip(v=0),move-1(iff=0))","(1,x)",2,0,10,none<=10,none<=10,none<=10,none<=10
75,"(move+1,skip(v=0))","(skip(v=0),move-1(iff=0))","(1,x)",2,1,10,none<=10,none<=10,none<=10,none<=10
75,"(move+1,skip(v=0))","(skip(v=0),move-1(iff=0))","(x,0)",2,0,10,none<=10,none<=10,none<=10,none<=10
75,"(move+1,skip(v=0))","(skip(v=0),move-1(iff=0))","(x,0)",2,1,10,none<=10,none<=10,none<=10,none<=10
75,"(move+1,skip(v=0))","(skip(v=0),move-1(iff=0))","(0,x)",2,0,10,none<=10,none<=10,none<=10,none<=10
75,"(move+1,skip(v=0))","(skip(v=0),move-1(iff=0))","(0,x)",2,1,10,none<=10,none<=10,none<=10,none<=10
75,"(move+1,skip(v=0))","(skip(v=0),move-1(iff=0))","p3('x', 0, 1)",3,0,12,none<=12,ABABBAB(7),BABBA(5),none<=12
75,"(move+1,skip(v=0))","(skip(v=0),move-1(iff=0))","p3('x', 0, 1)",3,1,10,none<=10,none<=10,BBBABBAAA(9),none<=10
75,"(move+1,skip(v=0))","(skip(v=0),move-1(iff=0))","p3('x', 0, 1)",3,2,10,none<=10,none<=10,none<=10,none<=10
75,"(move+1,skip(v=0))","(skip(v=0),move-1(iff=0))","p3(1, 'x', 0)",3,0,10,none<=10,none<=10,none<=10,none<=10
75,"(move+1,skip(v=0))","(skip(v=0),move-1(iff=0))","p3(1, 'x', 0)",3,1,12,none<=12,ABABBAB(7),BABBA(5),none<=12
75,"(move+1,skip(v=0))","(skip(v=0),move-1(iff=0))","p3(1, 'x', 0)",3,2,10,none<=10,none<=10,BBBABBAAA(9),none<=10
75,"(move+1,skip(v=0))","(skip(v=0),move-1(iff=0))","p3(0, 1, 'x')",3,0,10,none<=10,none<=10,none<=10,none<=10
75,"(move+1,skip(v=0))","(skip(v=0),move-1(iff=0))","p3(0, 1, 'x')",3,1,10,none<=10,none<=10,none<=10,none<=10
75,"(move+1,skip(v=0))","(skip(v=0),move-1(iff=0))","p3(0, 1, 'x')",3,2,12,none<=12,ABABBAB(7),BABBA(5),none<=12
75,"(move+1,skip(v=0))","(skip(v=0),move-1(iff=0))","p3('x', 1, 0)",3,0,10,none<=10,none<=10,none<=10,none<=10
75,"(move+1,skip(v=0))","(skip(v=0),move-1(iff=0))","p3('x', 1, 0)",3,1,10,none<=10,AAABA(5),none<=10,none<=10
75,"(move+1,skip(v=0))","(skip(v=0),move-1(iff=0))","p3('x', 1, 0)",3,2,10,none<=10,ABAAA(5),none<=10,none<=10
75,"(move+1,skip(v=0))","(skip(v=0),move-1(iff=0))","p3(0, 'x', 1)",3,0,10,none<=10,ABAAA(5),none<=10,none<=10
75,"(move+1,skip(v=0))","(skip(v=0),move-1(iff=0))","p3(0, 'x', 1)",3,1,10,none<=10,none<=10,none<=10,none<=10
75,"(move+1,skip(v=0))","(skip(v=0),move-1(iff=0))","p3(0, 'x', 1)",3,2,10,none<=10,AAABA(5),none<=10,none<=10
75,"(move+1,skip(v=0))","(skip(v=0),move-1(iff=0))","p3(1, 0, 'x')",3,0,10,none<=10,AAABA(5),none<=10,none<=10
75,"(move+1,skip(v=0))","(skip(v=0),move-1(iff=0))","p3(1, 0, 'x')",3,1,10,none<=10,ABAAA(5),none<=10,none<=10
75,"(move+1,skip(v=0))","(skip(v=0),move-1(iff=0))","p3(1, 0, 'x')",3,2,10,none<=10,none<=10,none<=10,none<=10
75,"(move+1,skip(v=0))","(skip(v=0),move-1(iff=0))","p3('x', 0, 0)",3,0,10,none<=10,none<=10,none<=10,none<=10
75,"(move+1,skip(v=0))","(skip(v=0),move-1(iff=0))","p3('x', 0, 0)",3,1,10,none<=10,none<=10,none<=10,none<=10
75,"(move+1,skip(v=0))","(skip(v=0),move-1(iff=0))","p3('x', 0, 0)",3,2,10,none<=10,none<=10,none<=10,none<=10
75,"(move+1,skip(v=0))","(skip(v=0),move-1(iff=0))","p3(0, 'x', 0)",3,0,10,none<=10,none<=10,none<=10,none<=10
75,"(move+1,skip(v=0))","(skip(v=0),move-1(iff=0))","p3(0, 'x', 0)",3,1,10,none<=10,none<=10,none<=10,none<=10
75,"(move+1,skip(v=0))","(skip(v=0),move-1(iff=0))","p3(0, 'x', 0)",3,2,10,none<=10,none<=10,none<=10,none<=10
75,"(move+1,skip(v=0))","(skip(v=0),move-1(iff=0))","p3(0, 0, 'x')",3,0,10,none<=10,none<=10,none<=10,none<=10
75,"(move+1,skip(v=0))","(skip(v=0),move-1(iff=0))","p3(0, 0, 'x')",3,1,10,none<=10,none<=10,none<=10,none<=10
75,"(move+1,skip(v=0))","(skip(v=0),move-1(iff=0))","p3(0, 0, 'x')",3,2,10,none<=10,none<=10,none<=10,none<=10
75,"(move+1,skip(v=0))","(skip(v=0),move-1(iff=0))","p3('x', 1, 1)",3,0,10,none<=10,none<=10,none<=10,none<=10
75,"(move+1,skip(v=0))","(skip(v=0),move-1(iff=0))","p3('x', 1, 1)",3,1,10,none<=10,none<=10,none<=10,none<=10
75,"(move+1,skip(v=0))","(skip(v=0),move-1(iff=0))","p3('x', 1, 1)",3,2,10,none<=10,none<=10,none<=10,none<=10
75,"(move+1,skip(v=0))","(skip(v=0),move-1(iff=0))","p3(1, 'x', 1)",3,0,10,none<=10,none<=10,none<=10,none<=10
75,"(move+1,skip(v=0))","(skip(v=0),move-1(iff=0))","p3(1, 'x', 1)",3,1,10,none<=10,none<=10,none<=10,none<=10
75,"(move+1,skip(v=0))","(skip(v=0),move-1(iff=0))","p3(1, 'x', 1)",3,2,10,none<=10,none<=10,none<=10,none<=10
75,"(move+1,skip(v=0))","(skip(v=0),move-1(iff=0))","p3(1, 1, 'x')",3,0,10,none<=10,none<=10,none<=10,none<=10
75,"(move+1,skip(v=0))","(skip(v=0),move-1(iff=0))","p3(1, 1, 'x')",3,1,10,none<=10,none<=10,none<=10,none<=10
75,"(move+1,skip(v=0))","(skip(v=0),move-1(iff=0))","p3(1, 1, 'x')",3,2,10,none<=10,none<=10,none<=10,none<=10
76,"(move+1,skip(v=0))","(move-1(iff=0),skip(v=0))",none,1,0,10,none<=10,none<=10,none<=10,none<=10
76,"(move+1,skip(v=0))","(move-1(iff=0),skip(v=0))","(x,xbar)",2,0,10,none<=10,none<=10,none<=10,none<=10
76,"(move+1,skip(v=0))","(move-1(iff=0),skip(v=0))","(x,xbar)",2,1,10,none<=10,none<=10,none<=10,none<=10
76,"(move+1,skip(v=0))","(move-1(iff=0),skip(v=0))","(xbar,x)",2,0,10,none<=10,none<=10,none<=10,none<=10
76,"(move+1,skip(v=0))","(move-1(iff=0),skip(v=0))","(xbar,x)",2,1,10,none<=10,none<=10,none<=10,none<=10
76,"(move+1,skip(v=0))","(move-1(iff=0),skip(v=0))","(x,1)",2,0,10,none<=10,none<=10,none<=10,none<=10
76,"(move+1,skip(v=0))","(move-1(iff=0),skip(v=0))","(x,1)",2,1,10,none<=10,none<=10,none<=10,none<=10
76,"(move+1,skip(v=0))","(move-1(iff=0),skip(v=0))","(1,x)",2,0,10,none<=10,none<=10,none<=10,none<=10
76,"(move+1,skip(v=0))","(move-1(iff=0),skip(v=0))","(1,x)",2,1,10,none<=10,none<=10,none<=10,none<=10
76,"(move+1,skip(v=0))","(move-1(iff=0),skip(v=0))","(x,0)",2,0,10,none<=10,none<=10,none<=10,none<=10
76,"(move+1,skip(v=0))","(move-1(iff=0),skip(v=0))","(x,0)",2,1,10,none<=10,none<=10,none<=10,none<=10
76,"(move+1,skip(v=0))","(move-1(iff=0),skip(v=0))","(0,x)",2,0,10,none<=10,none<=10,none<=10,none<=10
76,"(move+1,skip(v=0))","(move-1(iff=0),skip(v=0))","(0,x)",2,1,10,none<=10,none<=10,none<=10,none<=10
76,"(move+1,skip(v=0))","(move-1(iff=0),skip(v=0))","p3('x', 0, 1)",3,0,10,none<=10,none<=10,none<=10,none<=10
76,"(move+1,skip(v=0))","(move-1(iff=0),skip(v=0))","p3('x', 0, 1)",3,1,10,none<=10,none<=10,none<=10,none<=10
76,"(move+1,skip(v=0))","(move-1(iff=0),skip(v=0))","p3('x', 0, 1)",3,2,10,none<=10,none<=10,none<=10,none<=10
76,"(move+1,skip(v=0))","(move-1(iff=0),skip(v=0))","p3(1, 'x', 0)",3,0,10,none<=10,none<=10,none<=10,none<=10
76,"(move+1,skip(v=0))","(move-1(iff=0),skip(v=0))","p3(1, 'x', 0)",3,1,10,none<=10,none<=10,none<=10,none<=10
76,"(move+1,skip(v=0))","(move-1(iff=0),skip(v=0))","p3(1, 'x', 0)",3,2,10,none<=10,none<=10,none<=10,none<=10
76,"(move+1,skip(v=0))","(move-1(iff=0),skip(v=0))","p3(0, 1, 'x')",3,0,10,none<=10,none<=10,none<=10,none<=10
76,"(move+1,skip(v=0))","(move-1(iff=0),skip(v=0))","p3(0, 1, 'x')",3,1,10,none<=10,none<=10,none<=10,none<=10
76,"(move+1,skip(v=0))","(move-1(iff=0),skip(v=0))","p3(0, 1, 'x')",3,2,10,none<=10,none<=10,none<=10,none<=10
76,"(move+1,skip(v=0))","(move-1(iff=0),skip(v=0))","p3('x', 1, 0)",3,0,10,none<=10,none<=10,none<=10,none<=10
76,"(move+1,skip(v=0))","(move-1(iff=0),skip(v=0))","p3('x', 1, 0)",3,1,10,none<=10,AAABABB(7),none<=10,none<=10
76,"(move+1,skip(v=0))","(move-1(iff=0),skip(v=0))","p3('x', 1, 0)",3,2,10,none<=10,ABABBAA(7),none<=10,none<=10
76,"(move+1,skip(v=0))","(move-1(iff=0),skip(v=0))","p3(0, 'x', 1)",3,0,10,none<=10,ABABBAA(7),none<=10,none<=10
76,"(move+1,skip(v=0))","(move-1(iff=0),skip(v=0))","p3(0, 'x', 1)",3,1,10,none<=10,none<=10,none<=10,none<=10
76,"(move+1,skip(v=0))","(move-1(iff=0),skip(v=0))","p3(0, 'x', 1)",3,2,10,none<=10,AAABABB(7),none<=10,none<=10
76,"(move+1,skip(v=0))","(move-1(iff=0),skip(v=0))","p3(1, 0, 'x')",3,0,10,none<=10,AAABABB(7),none<=10,none<=10
76,"(move+1,skip(v=0))","(move-1(iff=0),skip(v=0))","p3(1, 0, 'x')",3,1,10,none<=10,ABABBAA(7),none<=10,none<=10
76,"(move+1,skip(v=0))","(move-1(iff=0),skip(v=0))","p3(1, 0, 'x')",3,2,10,none<=10,none<=10,none<=10,none<=10
76,"(move+1,skip(v=0))","(move-1(iff=0),skip(v=0))","p3('x', 0, 0)",3,0,10,none<=10,none<=10,none<=10,none<=10
76,"(move+1,skip(v=0))","(move-1(iff=0),skip(v=0))","p3('x', 0, 0)",3,1,10,none<=10,none<=10,none<=10,none<=10
76,"(move+1,skip(v=0))","(move-1(iff=0),skip(v=0))","p3('x', 0, 0)",3,2,10,none<=10,none<=10,none<=10,none<=10
76,"(move+1,skip(v=0))","(move-1(iff=0),skip(v=0))","p3(0, 'x', 0)",3,0,10,none<=10,none<=10,none<=10,none<=10
76,"(move+1,skip(v=0))","(move-1(iff=0),skip(v=0))","p3(0, 'x', 0)",3,1,10,none<=10,none<=10,none<=10,none<=10
76,"(move+1,skip(v=0))","(move-1(iff=0),skip(v=0))","p3(0, 'x', 0)",3,2,10,none<=10,none<=10,none<=10,none<=10
76,"(move+1,skip(v=0))","(move-1(iff=0),skip(v=0))","p3(0, 0, 'x')",3,0,10,none<=10,none<=10,none<=10,none<=10
76,"(move+1,skip(v=0))","(move-1(iff=0),skip(v=0))","p3(0, 0, 'x')",3,1,10,none<=10,none<=10,none<=10,none<=10
76,"(move+1,skip(v=0))","(move-1(iff=0),skip(v=0))","p3(0, 0, 'x')",3,2,10,none<=10,none<=10,none<=10,none<=10
76,"(move+1,skip(v=0))","(move-1(iff=0),skip(v=0))","p3('x', 1, 1)",3,0,10,none<=10,none<=10,none<=10,none<=10
76,"(move+1,skip(v=0))","(move-1(iff=0),skip(v=0))","p3('x', 1, 1)",3,1,10,none<=10,none<=10,none<=10,none<=10
76,"(move+1,skip(v=0))","(move-1(iff=0),skip(v=0))","p3('x', 1, 1)",3,2,10,none<=10,none<=10,none<=10,none<=10
76,"(move+1,skip(v=0))","(move-1(iff=0),skip(v=0))","p3(1, 'x', 1)",3,0,10,none<=10,none<=10,none<=10,none<=10
76,"(move+1,skip(v=0))","(move-1(iff=0),skip(v=0))","p3(1, 'x', 1)",3,1,10,none<=10,none<=10,none<=10,none<=10
76,"(move+1,skip(v=0))","(move-1(iff=0),skip(v=0))","p3(1, 'x', 1)",3,2,10,none<=10,none<=10,none<=10,none<=10
76,"(move+1,skip(v=0))","(move-1(iff=0),skip(v=0))","p3(1, 1, 'x')",3,0,10,none<=10,none<=10,none<=10,none<=10
76,"(move+1,skip(v=0))","(move-1(iff=0),skip(v=0))","p3(1, 1, 'x')",3,1,10,none<=10,none<=10,none<=10,none<=10
76,"(move+1,skip(v=0))","(move-1(iff=0),skip(v=0))","p3(1, 1, 'x')",3,2,10,none<=10,none<=10,none<=10,none<=10
77,"(move+1,skip(v=0))","(move-1(iff=0),skip(v=1))",none,1,0,10,none<=10,none<=10,none<=10,none<=10
77,"(move+1,skip(v=0))","(move-1(iff=0),skip(v=1))","(x,xbar)",2,0,10,none<=10,none<=10,none<=10,none<=10
77,"(move+1,skip(v=0))","(move-1(iff=0),skip(v=1))","(x,xbar)",2,1,10,none<=10,none<=10,none<=10,none<=10
77,"(move+1,skip(v=0))","(move-1(iff=0),skip(v=1))","(xbar,x)",2,0,10,none<=10,none<=10,none<=10,none<=10
77,"(move+1,skip(v=0))","(move-1(iff=0),skip(v=1))","(xbar,x)",2,1,10,none<=10,none<=10,none<=10,none<=10
77,"(move+1,skip(v=0))","(move-1(iff=0),skip(v=1))","(x,1)",2,0,10,none<=10,none<=10,none<=10,none<=10
77,"(move+1,skip(v=0))","(move-1(iff=0),skip(v=1))","(x,1)",2,1,10,none<=10,none<=10,none<=10,none<=10
77,"(move+1,skip(v=0))","(move-1(iff=0),skip(v=1))","(1,x)",2,0,10,none<=10,none<=10,none<=10,none<=10
77,"(move+1,skip(v=0))","(move-1(iff=0),skip(v=1))","(1,x)",2,1,10,none<=10,none<=10,none<=10,none<=10
77,"(move+1,skip(v=0))","(move-1(iff=0),skip(v=1))","(x,0)",2,0,10,none<=10,AAABABB(7),none<=10,none<=10
77,"(move+1,skip(v=0))","(move-1(iff=0),skip(v=1))","(x,0)",2,1,10,none<=10,ABABBAA(7),none<=10,none<=10
77,"(move+1,skip(v=0))","(move-1(iff=0),skip(v=1))","(0,x)",2,0,10,none<=10,ABABBAA(7),none<=10,none<=10
77,"(move+1,skip(v=0))","(move-1(iff=0),skip(v=1))","(0,x)",2,1,10,none<=10,none<=10,none<=10,none<=10
77,"(move+1,skip(v=0))","(move-1(iff=0),skip(v=1))","p3('x', 0, 1)",3,0,10,none<=10,none<=10,none<=10,none<=10
77,"(move+1,skip(v=0))","(move-1(iff=0),skip(v=1))","p3('x', 0, 1)",3,1,10,none<=10,none<=10,none<=10,none<=10
77,"(move+1,skip(v=0))","(move-1(iff=0),skip(v=1))","p3('x', 0, 1)",3,2,10,none<=10,none<=10,none<=10,none<=10
77,"(move+1,skip(v=0))","(move-1(iff=0),skip(v=1))","p3(1, 'x', 0)",3,0,10,none<=10,none<=10,none<=10,none<=10
77,"(move+1,skip(v=0))","(move-1(iff=0),skip(v=1))","p3(1, 'x', 0)",3,1,10,none<=10,none<=10,none<=10,none<=10
77,"(move+1,skip(v=0))","(move-1(iff=0),skip(v=1))","p3(1, 'x', 0)",3,2,10,none<=10,none<=10,none<=10,none<=10
77,"(move+1,skip(v=0))","(move-1(iff=0),skip(v=1))","p3(0, 1, 'x')",3,0,10,none<=10,none<=10,none<=10,none<=10
77,"(move+1,skip(v=0))","(move-1(iff=0),skip(v=1))","p3(0, 1, 'x')",3,1,10,none<=10,none<=10,none<=10,none<=10
77,"(move+1,skip(v=0))","(move-1(iff=0),skip(v=1))","p3(0, 1, 'x')",3,2,10,none<=10,none<=10,none<=10,none<=10
77,"(move+1,skip(v=0))","(move-1(iff=0),skip(v=1))","p3('x', 1, 0)",3,0,10,none<=10,none<=10,none<=10,none<=10
77,"(move+1,skip(v=0))","(move-1(iff=0),skip(v=1))","p3('x', 1, 0)",3,1,10,none<=10,none<=10,none<=10,none<=10
77,"(move+1,skip(v=0))","(move-1(iff=0),skip(v=1))","p3('x', 1, 0)",3,2,10,none<=10,none<=10,none<=10,none<=10
77,"(move+1,skip(v=0))","(move-1(iff=0),skip(v=1))","p3(0, 'x', 1)",3,0,10,none<=10,none<=10,none<=10,none<=10
77,"(move+1,skip(v=0))","(move-1(iff=0),skip(v=1))","p3(0, 'x', 1)",3,1,10,none<=10,none<=10,none<=10,none<=10
77,"(move+1,skip(v=0))","(move-1(iff=0),skip(v=1))","p3(0, 'x', 1)",3,2,10,none<=10,none<=10,none<=10,none<=10
77,"(move+1,skip(v=0))","(move-1(iff=0),skip(v=1))","p3(1, 0, 'x')",3,0,10,none<=10,none<=10,none<=10,none<=10
77,"(move+1,skip(v=0))","(move-1(iff=0),skip(v=1))","p3(1, 0, 'x')",3,1,10,none<=10,none<=10,none<=10,none<=10
77,"(move+1,skip(v=0))","(move-1(iff=0),skip(v=1))","p3(1, 0, 'x')",3,2,10,none<=10,none<=10,none<=10,none<=10
77,"(move+1,skip(v=0))","(move-1(iff=0),skip(v=1))","p3('x', 0, 0)",3,0,10,none<=10,none<=10,none<=10,none<=10
77,"(move+1,skip(v=0))","(move-1(iff=0),skip(v=1))","p3('x', 0, 0)",3,1,10,none<=10,none<=10,none<=10,none<=10
77,"(move+1,skip(v=0))","(move-1(iff=0),skip(v=1))","p3('x', 0, 0)",3,2,10,none<=10,none<=10,none<=10,none<=10
77,"(move+1,skip(v=0))","(move-1(iff=0),skip(v=1))","p3(0, 'x', 0)",3,0,10,none<=10,none<=10,none<=10,none<=10
77,"(move+1,skip(v=0))","(move-1(iff=0),skip(v=1))","p3(0, 'x', 0)",3,1,10,none<=10,none<=10,none<=10,none<=10
77,"(move+1,skip(v=0))","(move-1(iff=0),skip(v=1))","p3(0, 'x', 0)",3,2,10,none<=10,none<=10,none<=10,none<=10
77,"(move+1,skip(v=0))","(move-1(iff=0),skip(v=1))","p3(0, 0, 'x')",3,0,10,none<=10,none<=10,none<=10,none<=10
77,"(move+1,skip(v=0))","(move-1(iff=0),skip(v=1))","p3(0, 0, 'x')",3,1,10,none<=10,none<=10,none<=10,none<=10
77,"(move+1,skip(v=0))","(move-1(iff=0),skip(v=1))","p3(0, 0, 'x')",3,2,10,none<=10,none<=10,none<=10,none<=10
77,"(move+1,skip(v=0))","(move-1(iff=0),skip(v=1))","p3('x', 1, 1)",3,0,10,none<=10,none<=10,none<=10,none<=10
77,"(move+1,skip(v=0))","(move-1(iff=0),skip(v=1))","p3('x', 1, 1)",3,1,10,none<=10,none<=10,none<=10,none<=10
77,"(move+1,skip(v=0))","(move-1(iff=0),skip(v=1))","p3('x', 1, 1)",3,2,10,none<=10,none<=10,none<=10,none<=10
77,"(move+1,skip(v=0))","(move-1(iff=0),skip(v=1))","p3(1, 'x', 1)",3,0,10,none<=10,none<=10,none<=10,none<=10
77,"(move+1,skip(v=0))","(move-1(iff=0),skip(v=1))","p3(1, 'x', 1)",3,1,10,none<=10,none<=10,none<=10,none<=10
77,"(move+1,skip(v=0))","(move-1(iff=0),skip(v=1))","p3(1, 'x', 1)",3,2,10,none<=10,none<=10,none<=10,none<=10
77,"(move+1,skip(v=0))","(move-1(iff=0),skip(v=1))","p3(1, 1, 'x')",3,0,10,none<=10,none<=10,none<=10,none<=10
77,"(move+1,skip(v=0))","(move-1(iff=0),skip(v=1))","p3(1, 1, 'x')",3,1,10,none<=10,none<=10,none<=10,none<=10
77,"(move+1,skip(v=0))","(move-1(iff=0),skip(v=1))","p3(1, 1, 'x')",3,2,10,none<=10,none<=10,none<=10,none<=10
78,"(move+1,skip(v=0))","(skip(v=1),move-1(iff=0))",none,1,0,10,none<=10,none<=10,none<=10,none<=10
78,"(move+1,skip(v=0))","(skip(v=1),move-1(iff=0))","(x,xbar)",2,0,10,none<=10,none<=10,none<=10,none<=10
78,"(move+1,skip(v=0))","(skip(v=1),move-1(iff=0))","(x,xbar)",2,1,10,none<=10,none<=10,none<=10,none<=10
78,"(move+1,skip(v=0))","(skip(v=1),move-1(iff=0))","(xbar,x)",2,0,10,none<=10,none<=10,none<=10,none<=10
78,"(move+1,skip(v=0))","(skip(v=1),move-1(iff=0))","(xbar,x)",2,1,10,none<=10,none<=10,none<=10,none<=10
78,"(move+1,skip(v=0))","(skip(v=1),move-1(iff=0))","(x,1)",2,0,10,none<=10,none<=10,none<=10,none<=10
78,"(move+1,skip(v=0))","(skip(v=1),move-1(iff=0))","(x,1)",2,1,10,none<=10,none<=10,none<=10,none<=10
78,"(move+1,skip(v=0))","(skip(v=1),move-1(iff=0))","(1,x)",2,0,10,none<=10,none<=10,none<=10,none<=10
78,"(move+1,skip(v=0))","(skip(v=1),move-1(iff=0))","(1,x)",2,1,10,none<=10,none<=10,none<=10,none<=10
78,"(move+1,skip(v=0))","(skip(v=1),move-1(iff=0))","(x,0)",2,0,10,none<=10,AAABABB(7),none<=10,none<=10
78,"(move+1,skip(v=0))","(skip(v=1),move-1(iff=0))","(x,0)",2,1,10,none<=10,ABABBAA(7),none<=10,none<=10
78,"(move+1,skip(v=0))","(skip(v=1),move-1(iff=0))","(0,x)",2,0,10,none<=10,ABABBAA(7),none<=10,none<=10
78,"(move+1,skip(v=0))","(skip(v=1),move-1(iff=0))","(0,x)",2,1,10,none<=10,none<=10,none<=10,none<=10
78,"(move+1,skip(v=0))","(skip(v=1),move-1(iff=0))","p3('x', 0, 1)",3,0,10,none<=10,AAABAABABB(10),none<=10,none<=10
78,"(move+1,skip(v=0))","(skip(v=1),move-1(iff=0))","p3('x', 0, 1)",3,1,10,none<=10,ABAABABBAA(10),none<=10,none<=10
78,"(move+1,skip(v=0))","(skip(v=1),move-1(iff=0))","p3('x', 0, 1)",3,2,10,none<=10,none<=10,none<=10,none<=10
78,"(move+1,skip(v=0))","(skip(v=1),move-1(iff=0))","p3(1, 'x', 0)",3,0,10,none<=10,none<=10,none<=10,none<=10
78,"(move+1,skip(v=0))","(skip(v=1),move-1(iff=0))","p3(1, 'x', 0)",3,1,10,none<=10,AAABAABABB(10),none<=10,none<=10
78,"(move+1,skip(v=0))","(skip(v=1),move-1(iff=0))","p3(1, 'x', 0)",3,2,10,none<=10,ABAABABBAA(10),none<=10,none<=10
78,"(move+1,skip(v=0))","(skip(v=1),move-1(iff=0))","p3(0, 1, 'x')",3,0,10,none<=10,ABAABABBAA(10),none<=10,none<=10
78,"(move+1,skip(v=0))","(skip(v=1),move-1(iff=0))","p3(0, 1, 'x')",3,1,10,none<=10,none<=10,none<=10,none<=10
78,"(move+1,skip(v=0))","(skip(v=1),move-1(iff=0))","p3(0, 1, 'x')",3,2,10,none<=10,none<=10,none<=10,none<=10
78,"(move+1,skip(v=0))","(skip(v=1),move-1(iff=0))","p3('x', 1, 0)",3,0,10,none<=10,none<=10,none<=10,none<=10
78,"(move+1,skip(v=0))","(skip(v=1),move-1(iff=0))","p3('x', 1, 0)",3,1,10,none<=10,AAABBABA(8),none<=10,none<=10
78,"(move+1,skip(v=0))","(skip(v=1),move-1(iff=0))","p3('x', 1, 0)",3,2,10,none<=10,ABBABAAA(8),none<=10,none<=10
78,"(move+1,skip(v=0))","(skip(v=1),move-1(iff=0))","p3(0, 'x', 1)",3,0,10,none<=10,ABBABAAA(8),none<=10,none<=10
78,"(move+1,skip(v=0))","(skip(v=1),move-1(iff=0))","p3(0, 'x', 1)",3,1,10,none<=10,none<=10,none<=10,none<=10
78,"(move+1,skip(v=0))","(skip(v=1),move-1(iff=0))","p3(0, 'x', 1)",3,2,10,none<=10,AAABBABA(8),none<=10,none<=10
78,"(move+1,skip(v=0))","(skip(v=1),move-1(iff=0))","p3(1, 0, 'x')",3,0,10,none<=10,AAABBABA(8),none<=10,none<=10
78,"(move+1,skip(v=0))","(skip(v=1),move-1(iff=0))","p3(1, 0, 'x')",3,1,10,none<=10,ABBABAAA(8),none<=10,none<=10
78,"(move+1,skip(v=0))","(skip(v=1),move-1(iff=0))","p3(1, 0, 'x')",3,2,10,none<=10,none<=10,none<=10,none<=10
78,"(move+1,skip(v=0))","(skip(v=1),move-1(iff=0))","p3('x', 0, 0)",3,0,10,none<=10,none<=10,none<=10,none<=10
78,"(move+1,skip(v=0))","(skip(v=1),move-1(iff=0))","p3('x', 0, 0)",3,1,10,none<=10,none<=10,none<=10,none<=10
78,"(move+1,skip(v=0))","(skip(v=1),move-1(iff=0))","p3('x', 0, 0)",3,2,10,none<=10,none<=10,none<=10,none<=10
78,"(move+1,skip(v=0))","(skip(v=1),move-1(iff=0))","p3(0, 'x', 0)",3,0,10,none<=10,none<=10,none<=10,none<=10
78,"(move+1,skip(v=0))","(skip(v=1),move-1(iff=0))","p3(0, 'x', 0)",3,1,10,none<=10,none<=10,none<=10,none<=10
78,"(move+1,skip(v=0))","(skip(v=1),move-1(iff=0))","p3(0, 'x', 0)",3,2,10,none<=10,none<=10,none<=10,none<=10
78,"(move+1,skip(v=0))","(skip(v=1),move-1(iff=0))","p3(0, 0, 'x')",3,0,10,none<=10,none<=10,none<=10,none<=10
78,"(move+1,skip(v=0))","(skip(v=1),move-1(iff=0))","p3(0, 0, 'x')",3,1,10,none<=10,none<=10,none<=10,none<=10
78,"(move+1,skip(v=0))","(skip(v=1),move-1(iff=0))","p3(0, 0, 'x')",3,2,10,none<=10,none<=10,none<=10,none<=10
78,"(move+1,skip(v=0))","(skip(v=1),move-1(iff=0))","p3('x', 1, 1)",3,0,10,none<=10,none<=10,none<=10,none<=10
78,"(move+1,skip(v=0))","(skip(v=1),move-1(iff=0))","p3('x', 1, 1)",3,1,10,none<=10,none<=10,none<=10,none<=10
78,"(move+1,skip(v=0))","(skip(v=1),move-1(iff=0))","p3('x', 1, 1)",3,2,10,none<=10,none<=10,none<=10,none<=10
78,"(move+1,skip(v=0))","(skip(v=1),move-1(iff=0))","p3(1, 'x', 1)",3,0,10,none<=10,none<=10,none<=10,none<=10
78,"(move+1,skip(v=0))","(skip(v=1),move-1(iff=0))","p3(1, 'x', 1)",3,1,10,none<=10,none<=10,none<=10,none<=10
78,"(move+1,skip(v=0))","(skip(v=1),move-1(iff=0))","p3(1, 'x', 1)",3,2,10,none<=10,none<=10,none<=10,none<=10
78,"(move+1,skip(v=0))","(skip(v=1),move-1(iff=0))","p3(1, 1, 'x')",3,0,10,none<=10,none<=10,none<=10,none<=10
78,"(move+1,skip(v=0))","(skip(v=1),move-1(iff=0))","p3(1, 1, 'x')",3,1,10,none<=10,none<=10,none<=10,none<=10
78,"(move+1,skip(v=0))","(skip(v=1),move-1(iff=0))","p3(1, 1, 'x')",3,2,10,none<=10,none<=10,none<=10,none<=10
79,"(move+1,skip(v=0))",(move-1(iff=1)),none,1,0,10,none<=10,none<=10,none<=10,none<=10
79,"(move+1,skip(v=0))",(move-1(iff=1)),"(x,xbar)",2,0,10,none<=10,none<=10,none<=10,none<=10
79,"(move+1,skip(v=0))",(move-1(iff=1)),"(x,xbar)",2,1,10,none<=10,none<=10,none<=10,none<=10
79,"(move+1,skip(v=0))",(move-1(iff=1)),"(xbar,x)",2,0,10,none<=10,none<=10,none<=10,none<=10
79,"(move+1,skip(v=0))",(move-1(iff=1)),"(xbar,x)",2,1,10,none<=10,none<=10,none<=10,none<=10
79,"(move+1,skip(v=0))",(move-1(iff=1)),"(x,1)",2,0,10,none<=10,none<=10,none<=10,none<=10
79,"(move+1,skip(v=0))",(move-1(iff=1)),"(x,1)",2,1,10,none<=10,none<=10,none<=10,none<=10
79,"(move+1,skip(v=0))",(move-1(iff=1)),"(1,x)",2,0,10,none<=10,none<=10,none<=10,none<=10
79,"(move+1,skip(v=0))",(move-1(iff=1)),"(1,x)",2,1,10,none<=10,none<=10,none<=10,none<=10
79,"(move+1,skip(v=0))",(move-1(iff=1)),"(x,0)",2,0,10,none<=10,none<=10,none<=10,none<=10
79,"(move+1,skip(v=0))",(move-1(iff=1)),"(x,0)",2,1,10,none<=10,none<=10,none<=10,none<=10
79,"(move+1,skip(v=0))",(move-1(iff=1)),"(0,x)",2,0,10,none<=10,none<=10,none<=10,none<=10
79,"(move+1,skip(v=0))",(move-1(iff=1)),"(0,x)",2,1,10,none<=10,none<=10,none<=10,none<=10
79,"(move+1,skip(v=0))",(move-1(iff=1)),"p3('x', 0, 1)",3,0,10,none<=10,none<=10,none<=10,none<=10
79,"(move+1,skip(v=0))",(move-1(iff=1)),"p3('x', 0, 1)",3,1,10,none<=10,none<=10,none<=10,none<=10
79,"(move+1,skip(v=0))",(move-1(iff=1)),"p3('x', 0, 1)",3,2,10,none<=10,none<=10,none<=10,none<=10
79,"(move+1,skip(v=0))",(move-1(iff=1)),"p3(1, 'x', 0)",3,0,10,none<=10,none<=10,none<=10,none<=10
79,"(move+1,skip(v=0))",(move-1(iff=1)),"p3(1, 'x', 0)",3,1,10,none<=10,none<=10,none<=10,none<=10
79,"(move+1,skip(v=0))",(move-1(iff=1)),"p3(1, 'x', 0)",3,2,10,none<=10,none<=10,none<=10,none<=10
79,"(move+1,skip(v=0))",(move-1(iff=1)),"p3(0, 1, 'x')",3,0,10,none<=10,none<=10,none<=10,none<=10
79,"(move+1,skip(v=0))",(move-1(iff=1)),"p3(0, 1, 'x')",3,1,10,none<=10,none<=10,none<=10,none<=10
79,"(move+1,skip(v=0))",(move-1(iff=1)),"p3(0, 1, 'x')",3,2,10,none<=10,none<=10,none<=10,none<=10
79,"(move+1,skip(v=0))",(move-1(iff=1)),"p3('x', 1, 0)",3,0,10,none<=10,none<=10,none<=10,none<=10
79,"(move+1,skip(v=0))",(move-1(iff=1)),"p3('x', 1, 0)",3,1,10,none<=10,none<=10,none<=10,none<=10
79,"(move+1,skip(v=0))",(move-1(iff=1)),"p3('x', 1, 0)",3,2,10,none<=10,none<=10,none<=10,none<=10
79,"(move+1,skip(v=0))",(move-1(iff=1)),"p3(0, 'x', 1)",3,0,10,none<=10,none<=10,none<=10,none<=10
79,"(move+1,skip(v=0))",(move-1(iff=1)),"p3(0, 'x', 1)",3,1,10,none<=10,none<=10,none<=10,none<=10
79,"(move+1,skip(v=0))",(move-1(iff=1)),"p3(0, 'x', 1)",3,2,10,none<=10,none<=10,none<=10,none<=10
79,"(move+1,skip(v=0))",(move-1(iff=1)),"p3(1, 0, 'x')",3,0,10,none<=10,none<=10,none<=10,none<=10
79,"(move+1,skip(v=0))",(move-1(iff=1)),"p3(1, 0, 'x')",3,1,10,none<=10,none<=10,none<=10,none<=10
79,"(move+1,skip(v=0))",(move-1(iff=1)),"p3(1, 0, 'x')",3,2,10,none<=10,none<=10,none<=10,none<=10
79,"(move+1,skip(v=0))",(move-1(iff=1)),"p3('x', 0, 0)",3,0,10,none<=10,none<=10,none<=10,none<=10
79,"(move+1,skip(v=0))",(move-1(iff=1)),"p3('x', 0, 0)",3,1,10,none<=10,none<=10,none<=10,none<=10
79,"(move+1,skip(v=0))",(move-1(iff=1)),"p3('x', 0, 0)",3,2,10,none<=10,none<=10,none<=10,none<=10
79,"(move+1,skip(v=0))",(move-1(iff=1)),"p3(0, 'x', 0)",3,0,10,none<=10,none<=10,none<=10,none<=10
79,"(move+1,skip(v=0))",(move-1(iff=1)),"p3(0, 'x', 0)",3,1,10,none<=10,none<=10,none<=10,none<=10
79,"(move+1,skip(v=0))",(move-1(iff=1)),"p3(0, 'x', 0)",3,2,10,none<=10,none<=10,none<=10,none<=10
79,"(move+1,skip(v=0))",(move-1(iff=1)),"p3(0, 0, 'x')",3,0,10,none<=10,none<=10,none<=10,none<=10
79,"(move+1,skip(v=0))",(move-1(iff=1)),"p3(0, 0, 'x')",3,1,10,none<=10,none<=10,none<=10,none<=10
79,"(move+1,skip(v=0))",(move-1(iff=1)),"p3(0, 0, 'x')",3,2,10,none<=10,none<=10,none<=10,none<=10
79,"(move+1,skip(v=0))",(move-1(iff=1)),"p3('x', 1, 1)",3,0,10,none<=10,none<=10,none<=10,none<=10
79,"(move+1,skip(v=0))",(move-1(iff=1)),"p3('x', 1, 1)",3,1,10,none<=10,none<=10,none<=10,none<=10
79,"(move+1,skip(v=0))",(move-1(iff=1)),"p3('x', 1, 1)",3,2,10,none<=10,none<=10,none<=10,none<=10
79,"(move+1,skip(v=0))",(move-1(iff=1)),"p3(1, 'x', 1)",3,0,10,none<=10,none<=10,none<=10,none<=10
79,"(move+1,skip(v=0))",(move-1(iff=1)),"p3(1, 'x', 1)",3,1,10,none<=10,none<=10,none<=10,none<=10
79,"(move+1,skip(v=0))",(move-1(iff=1)),"p3(1, 'x', 1)",3,2,10,none<=10,none<=10,none<=10,none<=10
79,"(move+1,skip(v=0))",(move-1(iff=1)),"p3(1, 1, 'x')",3,0,10,none<=10,none<=10,none<=10,none<=10
79,"(move+1,skip(v=0))",(move-1(iff=1)),"p3(1, 1, 'x')",3,1,10,none<=10,none<=10,none<=10,none<=10
79,"(move+1,skip(v=0))",(move-1(iff=1)),"p3(1, 1, 'x')",3,2,10,none<=10,none<=10,none<=10,none<=10
80,"(move+1,skip(v=0))","(skip(v=0),move-1(iff=1))",none,1,0,10,none<=10,none<=10,none<=10,none<=10
80,"(move+1,skip(v=0))","(skip(v=0),move-1(iff=1))","(x,xbar)",2,0,10,none<=10,none<=10,none<=10,none<=10
80,"(move+1,skip(v=0))","(skip(v=0),move-1(iff=1))","(x,xbar)",2,1,10,none<=10,none<=10,none<=10,none<=10
80,"(move+1,skip(v=0))","(skip(v=0),move-1(iff=1))","(xbar,x)",2,0,10,none<=10,none<=10,none<=10,none<=10
80,"(move+1,skip(v=0))","(skip(v=0),move-1(iff=1))","(xbar,x)",2,1,10,none<=10,none<=10,none<=10,none<=10
80,"(move+1,skip(v=0))","(skip(v=0),move-1(iff=1))","(x,1)",2,0,10,none<=10,none<=10,none<=10,none<=10
80,"(move+1,skip(v=0))","(skip(v=0),move-1(iff=1))","(x,1)",2,1,10,none<=10,none<=10,none<=10,none<=10
80,"(move+1,skip(v=0))","(skip(v=0),move-1(iff=1))","(1,x)",2,0,10,none<=10,none<=10,none<=10,none<=10
80,"(move+1,skip(v=0))","(skip(v=0),move-1(iff=1))","(1,x)",2,1,10,none<=10,none<=10,none<=10,none<=10
80,"(move+1,skip(v=0))","(skip(v=0),move-1(iff=1))","(x,0)",2,0,10,none<=10,none<=10,none<=10,none<=10
80,"(move+1,skip(v=0))","(skip(v=0),move-1(iff=1))","(x,0)",2,1,10,none<=10,none<=10,none<=10,none<=10
80,"(move+1,skip(v=0))","(skip(v=0),move-1(iff=1))","(0,x)",2,0,10,none<=10,none<=10,none<=10,none<=10
80,"(move+1,skip(v=0))","(skip(v=0),move-1(iff=1))","(0,x)",2,1,10,none<=10,none<=10,none<=10,none<=10
80,"(move+1,skip(v=0))","(skip(v=0),move-1(iff=1))","p3('x', 0, 1)",3,0,10,none<=10,none<=10,none<=10,none<=10
80,"(move+1,skip(v=0))","(skip(v=0),move-1(iff=1))","p3('x', 0, 1)",3,1,10,none<=10,none<=10,none<=10,none<=10
80,"(move+1,skip(v=0))","(skip(v=0),move-1(iff=1))","p3('x', 0, 1)",3,2,10,none<=10,none<=10,none<=10,none<=10
80,"(move+1,skip(v=0))","(skip(v=0),move-1(iff=1))","p3(1, 'x', 0)",3,0,10,none<=10,none<=10,none<=10,none<=10
80,"(move+1,skip(v=0))","(skip(v=0),move-1(iff=1))","p3(1, 'x', 0)",3,1,10,none<=10,none<=10,none<=10,none<=10
80,"(move+1,skip(v=0))","(skip(v=0),move-1(iff=1))","p3(1, 'x', 0)",3,2,10,none<=10,none<=10,none<=10,none<=10
80,"(move+1,skip(v=0))","(skip(v=0),move-1(iff=1))","p3(0, 1, 'x')",3,0,10,none<=10,none<=10,none<=10,none<=10
80,"(move+1,skip(v=0))","(skip(v=0),move-1(iff=1))","p3(0, 1, 'x')",3,1,10,none<=10,none<=10,none<=10,none<=10
80,"(move+1,skip(v=0))","(skip(v=0),move-1(iff=1))","p3(0, 1, 'x')",3,2,10,none<=10,none<=10,none<=10,none<=10
80,"(move+1,skip(v=0))","(skip(v=0),move-1(iff=1))","p3('x', 1, 0)",3,0,10,none<=10,none<=10,none<=10,none<=10
80,"(move+1,skip(v=0))","(skip(v=0),move-1(iff=1))","p3('x', 1, 0)",3,1,10,none<=10,none<=10,none<=10,none<=10
80,"(move+1,skip(v=0))","(skip(v=0),move-1(iff=1))","p3('x', 1, 0)",3,2,10,none<=10,none<=10,none<=10,none<=10
80,"(move+1,skip(v=0))","(skip(v=0),move-1(iff=1))","p3(0, 'x', 1)",3,0,10,none<=10,none<=10,none<=10,none<=10
80,"(move+1,skip(v=0))","(skip(v=0),move-1(iff=1))","p3(0, 'x', 1)",3,1,10,none<=10,none<=10,none<=10,none<=10
80,"(move+1,skip(v=0))","(skip(v=0),move-1(iff=1))","p3(0, 'x', 1)",3,2,10,none<=10,none<=10,none<=10,none<=10
80,"(move+1,skip(v=0))","(skip(v=0),move-1(iff=1))","p3(1, 0, 'x')",3,0,10,none<=10,none<=10,none<=10,none<=10
80,"(move+1,skip(v=0))","(skip(v=0),move-1(iff=1))","p3(1, 0, 'x')",3,1,10,none<=10,none<=10,none<=10,none<=10
80,"(move+1,skip(v=0))","(skip(v=0),move-1(iff=1))","p3(1, 0, 'x')",3,2,10,none<=10,none<=10,none<=10,none<=10
80,"(move+1,skip(v=0))","(skip(v=0),move-1(iff=1))","p3('x', 0, 0)",3,0,10,none<=10,none<=10,none<=10,none<=10
80,"(move+1,skip(v=0))","(skip(v=0),move-1(iff=1))","p3('x', 0, 0)",3,1,10,none<=10,none<=10,none<=10,none<=10
80,"(move+1,skip(v=0))","(skip(v=0),move-1(iff=1))","p3('x', 0, 0)",3,2,10,none<=10,none<=10,none<=10,none<=10
80,"(move+1,skip(v=0))","(skip(v=0),move-1(iff=1))","p3(0, 'x', 0)",3,0,10,none<=10,none<=10,none<=10,none<=10
80,"(move+1,skip(v=0))","(skip(v=0),move-1(iff=1))","p3(0, 'x', 0)",3,1,10,none<=10,none<=10,none<=10,none<=10
80,"(move+1,skip(v=0))","(skip(v=0),move-1(iff=1))","p3(0, 'x', 0)",3,2,10,none<=10,none<=10,none<=10,none<=10
80,"(move+1,skip(v=0))","(skip(v=0),move-1(iff=1))","p3(0, 0, 'x')",3,0,10,none<=10,none<=10,none<=10,none<=10
80,"(move+1,skip(v=0))","(skip(v=0),move-1(iff=1))","p3(0, 0, 'x')",3,1,10,none<=10,none<=10,none<=10,none<=10
80,"(move+1,skip(v=0))","(skip(v=0),move-1(iff=1))","p3(0, 0, 'x')",3,2,10,none<=10,none<=10,none<=10,none<=10
80,"(move+1,skip(v=0))","(skip(v=0),move-1(iff=1))","p3('x', 1, 1)",3,0,10,none<=10,none<=10,none<=10,none<=10
80,"(move+1,skip(v=0))","(skip(v=0),move-1(iff=1))","p3('x', 1, 1)",3,1,10,none<=10,none<=10,none<=10,none<=10
80,"(move+1,skip(v=0))","(skip(v=0),move-1(iff=1))","p3('x', 1, 1)",3,2,10,none<=10,none<=10,none<=10,none<=10
80,"(move+1,skip(v=0))","(skip(v=0),move-1(iff=1))","p3(1, 'x', 1)",3,0,10,none<=10,none<=10,none<=10,none<=10
80,"(move+1,skip(v=0))","(skip(v=0),move-1(iff=1))","p3(1, 'x', 1)",3,1,10,none<=10,none<=10,none<=10,none<=10
80,"(move+1,skip(v=0))","(skip(v=0),move-1(iff=1))","p3(1, 'x', 1)",3,2,10,none<=10,none<=10,none<=10,none<=10
80,"(move+1,skip(v=0))","(skip(v=0),move-1(iff=1))","p3(1, 1, 'x')",3,0,10,none<=10,none<=10,none<=10,none<=10
80,"(move+1,skip(v=0))","(skip(v=0),move-1(iff=1))","p3(1, 1, 'x')",3,1,10,none<=10,none<=10,none<=10,none<=10
80,"(move+1,skip(v=0))","(skip(v=0),move-1(iff=1))","p3(1, 1, 'x')",3,2,10,none<=10,none<=10,none<=10,none<=10
81,"(move+1,skip(v=0))","(move-1(iff=1),skip(v=0))",none,1,0,10,none<=10,none<=10,none<=10,none<=10
81,"(move+1,skip(v=0))","(move-1(iff=1),skip(v=0))","(x,xbar)",2,0,10,none<=10,none<=10,none<=10,none<=10
81,"(move+1,skip(v=0))","(move-1(iff=1),skip(v=0))","(x,xbar)",2,1,10,none<=10,none<=10,none<=10,none<=10
81,"(move+1,skip(v=0))","(move-1(iff=1),skip(v=0))","(xbar,x)",2,0,10,none<=10,none<=10,none<=10,none<=10
81,"(move+1,skip(v=0))","(move-1(iff=1),skip(v=0))","(xbar,x)",2,1,10,none<=10,none<=10,none<=10,none<=10
81,"(move+1,skip(v=0))","(move-1(iff=1),skip(v=0))","(x,1)",2,0,10,none<=10,none<=10,none<=10,none<=10
81,"(move+1,skip(v=0))","(move-1(iff=1),skip(v=0))","(x,1)",2,1,10,none<=10,none<=10,none<=10,none<=10
81,"(move+1,skip(v=0))","(move-1(iff=1),skip(v=0))","(1,x)",2,0,10,none<=10,none<=10,none<=10,none<=10
81,"(move+1,skip(v=0))","(move-1(iff=1),skip(v=0))","(1,x)",2,1,10,none<=10,none<=10,none<=10,none<=10
81,"(move+1,skip(v=0))","(move-1(iff=1),skip(v=0))","(x,0)",2,0,10,none<=10,none<=10,none<=10,none<=10
81,"(move+1,skip(v=0))","(move-1(iff=1),skip(v=0))","(x,0)",2,1,10,none<=10,none<=10,none<=10,none<=10
81,"(move+1,skip(v=0))","(move-1(iff=1),skip(v=0))","(0,x)",2,0,10,none<=10,none<=10,none<=10,none<=10
81,"(move+1,skip(v=0))","(move-1(iff=1),skip(v=0))","(0,x)",2,1,10,none<=10,none<=10,none<=10,none<=10
81,"(move+1,skip(v=0))","(move-1(iff=1),skip(v=0))","p3('x', 0, 1)",3,0,10,none<=10,none<=10,none<=10,none<=10
81,"(move+1,skip(v=0))","(move-1(iff=1),skip(v=0))","p3('x', 0, 1)",3,1,10,none<=10,AABAABABA(9),none<=10,none<=10
81,"(move+1,skip(v=0))","(move-1(iff=1),skip(v=0))","p3('x', 0, 1)",3,2,10,none<=10,ABAABABAA(9),none<=10,none<=10
81,"(move+1,skip(v=0))","(move-1(iff=1),skip(v=0))","p3(1, 'x', 0)",3,0,10,none<=10,ABAABABAA(9),none<=10,none<=10
81,"(move+1,skip(v=0))","(move-1(iff=1),skip(v=0))","p3(1, 'x', 0)",3,1,10,none<=10,none<=10,none<=10,none<=10
81,"(move+1,skip(v=0))","(move-1(iff=1),skip(v=0))","p3(1, 'x', 0)",3,2,10,none<=10,none<=10,none<=10,none<=10
81,"(move+1,skip(v=0))","(move-1(iff=1),skip(v=0))","p3(0, 1, 'x')",3,0,10,none<=10,AABAABABA(9),none<=10,none<=10
81,"(move+1,skip(v=0))","(move-1(iff=1),skip(v=0))","p3(0, 1, 'x')",3,1,10,none<=10,ABAABABAA(9),none<=10,none<=10
81,"(move+1,skip(v=0))","(move-1(iff=1),skip(v=0))","p3(0, 1, 'x')",3,2,10,none<=10,none<=10,none<=10,none<=10
81,"(move+1,skip(v=0))","(move-1(iff=1),skip(v=0))","p3('x', 1, 0)",3,0,10,none<=10,none<=10,none<=10,none<=10
81,"(move+1,skip(v=0))","(move-1(iff=1),skip(v=0))","p3('x', 1, 0)",3,1,10,none<=10,none<=10,none<=10,none<=10
81,"(move+1,skip(v=0))","(move-1(iff=1),skip(v=0))","p3('x', 1, 0)",3,2,10,none<=10,none<=10,none<=10,none<=10
81,"(move+1,skip(v=0))","(move-1(iff=1),skip(v=0))","p3(0, 'x', 1)",3,0,10,none<=10,none<=10,none<=10,none<=10
81,"(move+1,skip(v=0))","(move-1(iff=1),skip(v=0))","p3(0, 'x', 1)",3,1,10,none<=10,none<=10,none<=10,none<=10
81,"(move+1,skip(v=0))","(move-1(iff=1),skip(v=0))","p3(0, 'x', 1)",3,2,10,none<=10,none<=10,none<=10,none<=10
81,"(move+1,skip(v=0))","(move-1(iff=1),skip(v=0))","p3(1, 0, 'x')",3,0,10,none<=10,none<=10,none<=10,none<=10
81,"(move+1,skip(v=0))","(move-1(iff=1),skip(v=0))","p3(1, 0, 'x')",3,1,10,none<=10,none<=10,none<=10,none<=10
81,"(move+1,skip(v=0))","(move-1(iff=1),skip(v=0))","p3(1, 0, 'x')",3,2,10,none<=10,none<=10,none<=10,none<=10
81,"(move+1,skip(v=0))","(move-1(iff=1),skip(v=0))","p3('x', 0, 0)",3,0,10,none<=10,none<=10,none<=10,none<=10
81,"(move+1,skip(v=0))","(move-1(iff=1),skip(v=0))","p3('x', 0, 0)",3,1,10,none<=10,none<=10,none<=10,none<=10
81,"(move+1,skip(v=0))","(move-1(iff=1),skip(v=0))","p3('x', 0, 0)",3,2,10,none<=10,none<=10,none<=10,none<=10
81,"(move+1,skip(v=0))","(move-1(iff=1),skip(v=0))","p3(0, 'x', 0)",3,0,10,none<=10,none<=10,none<=10,none<=10
81,"(move+1,skip(v=0))","(move-1(iff=1),skip(v=0))","p3(0, 'x', 0)",3,1,10,none<=10,none<=10,none<=10,none<=10
81,"(move+1,skip(v=0))","(move-1(iff=1),skip(v=0))","p3(0, 'x', 0)",3,2,10,none<=10,none<=10,none<=10,none<=10
81,"(move+1,skip(v=0))","(move-1(iff=1),skip(v=0))","p3(0, 0, 'x')",3,0,10,none<=10,none<=10,none<=10,none<=10
81,"(move+1,skip(v=0))","(move-1(iff=1),skip(v=0))","p3(0, 0, 'x')",3,1,10,none<=10,none<=10,none<=10,none<=10
81,"(move+1,skip(v=0))","(move-1(iff=1),skip(v=0))","p3(0, 0, 'x')",3,2,10,none<=10,none<=10,none<=10,none<=10
81,"(move+1,skip(v=0))","(move-1(iff=1),skip(v=0))","p3('x', 1, 1)",3,0,10,none<=10,none<=10,none<=10,none<=10
81,"(move+1,skip(v=0))","(move-1(iff=1),skip(v=0))","p3('x', 1, 1)",3,1,10,none<=10,none<=10,none<=10,none<=10
81,"(move+1,skip(v=0))","(move-1(iff=1),skip(v=0))","p3('x', 1, 1)",3,2,10,none<=10,none<=10,none<=10,none<=10
81,"(move+1,skip(v=0))","(move-1(iff=1),skip(v=0))","p3(1, 'x', 1)",3,0,10,none<=10,none<=10,none<=10,none<=10
81,"(move+1,skip(v=0))","(move-1(iff=1),skip(v=0))","p3(1, 'x', 1)",3,1,10,none<=10,none<=10,none<=10,none<=10
81,"(move+1,skip(v=0))","(move-1(iff=1),skip(v=0))","p3(1, 'x', 1)",3,2,10,none<=10,none<=10,none<=10,none<=10
81,"(move+1,skip(v=0))","(move-1(iff=1),skip(v=0))","p3(1, 1, 'x')",3,0,10,none<=10,none<=10,none<=10,none<=10
81,"(move+1,skip(v=0))","(move-1(iff=1),skip(v=0))","p3(1, 1, 'x')",3,1,10,none<=10,none<=10,none<=10,none<=10
81,"(move+1,skip(v=0))","(move-1(iff=1),skip(v=0))","p3(1, 1, 'x')",3,2,10,none<=10,none<=10,none<=10,none<=10
82,"(move+1,skip(v=0))","(move-1(iff=1),skip(v=1))",none,1,0,10,none<=10,none<=10,none<=10,none<=10
82,"(move+1,skip(v=0))","(move-1(iff=1),skip(v=1))","(x,xbar)",2,0,10,none<=10,none<=10,none<=10,none<=10
82,"(move+1,skip(v=0))","(move-1(iff=1),skip(v=1))","(x,xbar)",2,1,10,none<=10,none<=10,none<=10,none<=10
82,"(move+1,skip(v=0))","(move-1(iff=1),skip(v=1))","(xbar,x)",2,0,10,none<=10,none<=10,none<=10,none<=10
82,"(move+1,skip(v=0))","(move-1(iff=1),skip(v=1))","(xbar,x)",2,1,10,none<=10,none<=10,none<=10,none<=10
82,"(move+1,skip(v=0))","(move-1(iff=1),skip(v=1))","(x,1)",2,0,10,none<=10,none<=10,none<=10,none<=10
82,"(move+1,skip(v=0))","(move-1(iff=1),skip(v=1))","(x,1)",2,1,10,none<=10,none<=10,none<=10,none<=10
82,"(move+1,skip(v=0))","(move-1(iff=1),skip(v=1))","(1,x)",2,0,10,none<=10,none<=10,none<=10,none<=10
82,"(move+1,skip(v=0))","(move-1(iff=1),skip(v=1))","(1,x)",2,1,10,none<=10,none<=10,none<=10,none<=10
82,"(move+1,skip(v=0))","(move-1(iff=1),skip(v=1))","(x,0)",2,0,10,none<=10,none<=10,none<=10,none<=10
82,"(move+1,skip(v=0))","(move-1(iff=1),skip(v=1))","(x,0)",2,1,10,none<=10,none<=10,none<=10,none<=10
82,"(move+1,skip(v=0))","(move-1(iff=1),skip(v=1))","(0,x)",2,0,10,none<=10,none<=10,none<=10,none<=10
82,"(move+1,skip(v=0))","(move-1(iff=1),skip(v=1))","(0,x)",2,1,10,none<=10,none<=10,none<=10,none<=10
82,"(move+1,skip(v=0))","(move-1(iff=1),skip(v=1))","p3('x', 0, 1)",3,0,10,none<=10,none<=10,none<=10,none<=10
82,"(move+1,skip(v=0))","(move-1(iff=1),skip(v=1))","p3('x', 0, 1)",3,1,10,none<=10,none<=10,none<=10,none<=10
82,"(move+1,skip(v=0))","(move-1(iff=1),skip(v=1))","p3('x', 0, 1)",3,2,10,none<=10,none<=10,none<=10,none<=10
82,"(move+1,skip(v=0))","(move-1(iff=1),skip(v=1))","p3(1, 'x', 0)",3,0,10,none<=10,none<=10,none<=10,none<=10
82,"(move+1,skip(v=0))","(move-1(iff=1),skip(v=1))","p3(1, 'x', 0)",3,1,10,none<=10,none<=10,none<=10,none<=10
82,"(move+1,skip(v=0))","(move-1(iff=1),skip(v=1))","p3(1, 'x', 0)",3,2,10,none<=10,none<=10,none<=10,none<=10
82,"(move+1,skip(v=0))","(move-1(iff=1),skip(v=1))","p3(0, 1, 'x')",3,0,10,none<=10,none<=10,none<=10,none<=10
82,"(move+1,skip(v=0))","(move-1(iff=1),skip(v=1))","p3(0, 1, 'x')",3,1,10,none<=10,none<=10,none<=10,none<=10
82,"(move+1,skip(v=0))","(move-1(iff=1),skip(v=1))","p3(0, 1, 'x')",3,2,10,none<=10,none<=10,none<=10,none<=10
82,"(move+1,skip(v=0))","(move-1(iff=1),skip(v=1))","p3('x', 1, 0)",3,0,10,none<=10,none<=10,none<=10,none<=10
82,"(move+1,skip(v=0))","(move-1(iff=1),skip(v=1))","p3('x', 1, 0)",3,1,10,none<=10,none<=10,none<=10,none<=10
82,"(move+1,skip(v=0))","(move-1(iff=1),skip(v=1))","p3('x', 1, 0)",3,2,10,none<=10,none<=10,none<=10,none<=10
82,"(move+1,skip(v=0))","(move-1(iff=1),skip(v=1))","p3(0, 'x', 1)",3,0,10,none<=10,none<=10,none<=10,none<=10
82,"(move+1,skip(v=0))","(move-1(iff=1),skip(v=1))","p3(0, 'x', 1)",3,1,10,none<=10,none<=10,none<=10,none<=10
82,"(move+1,skip(v=0))","(move-1(iff=1),skip(v=1))","p3(0, 'x', 1)",3,2,10,none<=10,none<=10,none<=10,none<=10
82,"(move+1,skip(v=0))","(move-1(iff=1),skip(v=1))","p3(1, 0, 'x')",3,0,10,none<=10,none<=10,none<=10,none<=10
82,"(move+1,skip(v=0))","(move-1(iff=1),skip(v=1))","p3(1, 0, 'x')",3,1,10,none<=10,none<=10,none<=10,none<=10
82,"(move+1,skip(v=0))","(move-1(iff=1),skip(v=1))","p3(1, 0, 'x')",3,2,10,none<=10,none<=10,none<=10,none<=10
82,"(move+1,skip(v=0))","(move-1(iff=1),skip(v=1))","p3('x', 0, 0)",3,0,10,none<=10,none<=10,none<=10,none<=10
82,"(move+1,skip(v=0))","(move-1(iff=1),skip(v=1))","p3('x', 0, 0)",3,1,10,none<=10,none<=10,none<=10,none<=10
82,"(move+1,skip(v=0))","(move-1(iff=1),skip(v=1))","p3('x', 0, 0)",3,2,10,none<=10,none<=10,none<=10,none<=10
82,"(move+1,skip(v=0))","(move-1(iff=1),skip(v=1))","p3(0, 'x', 0)",3,0,10,none<=10,none<=10,none<=10,none<=10
82,"(move+1,skip(v=0))","(move-1(iff=1),skip(v=1))","p3(0, 'x', 0)",3,1,10,none<=10,none<=10,none<=10,none<=10
82,"(move+1,skip(v=0))","(move-1(iff=1),skip(v=1))","p3(0, 'x', 0)",3,2,10,none<=10,none<=10,none<=10,none<=10
82,"(move+1,skip(v=0))","(move-1(iff=1),skip(v=1))","p3(0, 0, 'x')",3,0,10,none<=10,none<=10,none<=10,none<=10
82,"(move+1,skip(v=0))","(move-1(iff=1),skip(v=1))","p3(0, 0, 'x')",3,1,10,none<=10,none<=10,none<=10,none<=10
82,"(move+1,skip(v=0))","(move-1(iff=1),skip(v=1))","p3(0, 0, 'x')",3,2,10,none<=10,none<=10,none<=10,none<=10
82,"(move+1,skip(v=0))","(move-1(iff=1),skip(v=1))","p3('x', 1, 1)",3,0,10,none<=10,none<=10,none<=10,none<=10
82,"(move+1,skip(v=0))","(move-1(iff=1),skip(v=1))","p3('x', 1, 1)",3,1,10,none<=10,none<=10,none<=10,none<=10
82,"(move+1,skip(v=0))","(move-1(iff=1),skip(v=1))","p3('x', 1, 1)",3,2,10,none<=10,none<=10,none<=10,none<=10
82,"(move+1,skip(v=0))","(move-1(iff=1),skip(v=1))","p3(1, 'x', 1)",3,0,10,none<=10,none<=10,none<=10,none<=10
82,"(move+1,skip(v=0))","(move-1(iff=1),skip(v=1))","p3(1, 'x', 1)",3,1,10,none<=10,none<=10,none<=10,none<=10
82,"(move+1,skip(v=0))","(move-1(iff=1),skip(v=1))","p3(1, 'x', 1)",3,2,10,none<=10,none<=10,none<=10,none<=10
82,"(move+1,skip(v=0))","(move-1(iff=1),skip(v=1))","p3(1, 1, 'x')",3,0,10,none<=10,none<=10,none<=10,none<=10
82,"(move+1,skip(v=0))","(move-1(iff=1),skip(v=1))","p3(1, 1, 'x')",3,1,10,none<=10,none<=10,none<=10,none<=10
82,"(move+1,skip(v=0))","(move-1(iff=1),skip(v=1))","p3(1, 1, 'x')",3,2,10,none<=10,none<=10,none<=10,none<=10
83,"(move+1,skip(v=0))","(skip(v=1),move-1(iff=1))",none,1,0,10,none<=10,none<=10,none<=10,none<=10
83,"(move+1,skip(v=0))","(skip(v=1),move-1(iff=1))","(x,xbar)",2,0,10,none<=10,none<=10,none<=10,none<=10
83,"(move+1,skip(v=0))","(skip(v=1),move-1(iff=1))","(x,xbar)",2,1,10,none<=10,none<=10,none<=10,none<=10
83,"(move+1,skip(v=0))","(skip(v=1),move-1(iff=1))","(xbar,x)",2,0,10,none<=10,none<=10,none<=10,none<=10
83,"(move+1,skip(v=0))","(skip(v=1),move-1(iff=1))","(xbar,x)",2,1,10,none<=10,none<=10,none<=10,none<=10
83,"(move+1,skip(v=0))","(skip(v=1),move-1(iff=1))","(x,1)",2,0,10,none<=10,none<=10,none<=10,none<=10
83,"(move+1,skip(v=0))","(skip(v=1),move-1(iff=1))","(x,1)",2,1,10,none<=10,none<=10,none<=10,none<=10
83,"(move+1,skip(v=0))","(skip(v=1),move-1(iff=1))","(1,x)",2,0,10,none<=10,none<=10,none<=10,none<=10
83,"(move+1,skip(v=0))","(skip(v=1),move-1(iff=1))","(1,x)",2,1,10,none<=10,none<=10,none<=10,none<=10
83,"(move+1,skip(v=0))","(skip(v=1),move-1(iff=1))","(x,0)",2,0,10,none<=10,none<=10,none<=10,none<=10
83,"(move+1,skip(v=0))","(skip(v=1),move-1(iff=1))","(x,0)",2,1,10,none<=10,none<=10,none<=10,none<=10
83,"(move+1,skip(v=0))","(skip(v=1),move-1(iff=1))","(0,x)",2,0,10,none<=10,none<=10,none<=10,none<=10
83,"(move+1,skip(v=0))","(skip(v=1),move-1(iff=1))","(0,x)",2,1,10,none<=10,none<=10,none<=10,none<=10
83,"(move+1,skip(v=0))","(skip(v=1),move-1(iff=1))","p3('x', 0, 1)",3,0,10,none<=10,none<=10,none<=10,none<=10
83,"(move+1,skip(v=0))","(skip(v=1),move-1(iff=1))","p3('x', 0, 1)",3,1,10,none<=10,none<=10,none<=10,none<=10
83,"(move+1,skip(v=0))","(skip(v=1),move-1(iff=1))","p3('x', 0, 1)",3,2,10,none<=10,none<=10,none<=10,none<=10
83,"(move+1,skip(v=0))","(skip(v=1),move-1(iff=1))","p3(1, 'x', 0)",3,0,10,none<=10,none<=10,none<=10,none<=10
83,"(move+1,skip(v=0))","(skip(v=1),move-1(iff=1))","p3(1, 'x', 0)",3,1,10,none<=10,none<=10,none<=10,none<=10
83,"(move+1,skip(v=0))","(skip(v=1),move-1(iff=1))","p3(1, 'x', 0)",3,2,10,none<=10,none<=10,none<=10,none<=10
83,"(move+1,skip(v=0))","(skip(v=1),move-1(iff=1))","p3(0, 1, 'x')",3,0,10,none<=10,none<=10,none<=10,none<=10
83,"(move+1,skip(v=0))","(skip(v=1),move-1(iff=1))","p3(0, 1, 'x')",3,1,10,none<=10,none<=10,none<=10,none<=10
83,"(move+1,skip(v=0))","(skip(v=1),move-1(iff=1))","p3(0, 1, 'x')",3,2,10,none<=10,none<=10,none<=10,none<=10
83,"(move+1,skip(v=0))","(skip(v=1),move-1(iff=1))","p3('x', 1, 0)",3,0,10,none<=10,AABAABB(7),none<=10,none<=10
83,"(move+1,skip(v=0))","(skip(v=1),move-1(iff=1))","p3('x', 1, 0)",3,1,10,none<=10,ABAABBA(7),none<=10,none<=10
83,"(move+1,skip(v=0))","(skip(v=1),move-1(iff=1))","p3('x', 1, 0)",3,2,10,none<=10,none<=10,none<=10,none<=10
83,"(move+1,skip(v=0))","(skip(v=1),move-1(iff=1))","p3(0, 'x', 1)",3,0,10,none<=10,none<=10,none<=10,none<=10
83,"(move+1,skip(v=0))","(skip(v=1),move-1(iff=1))","p3(0, 'x', 1)",3,1,10,none<=10,AABAABB(7),none<=10,none<=10
83,"(move+1,skip(v=0))","(skip(v=1),move-1(iff=1))","p3(0, 'x', 1)",3,2,10,none<=10,ABAABBA(7),none<=10,none<=10
83,"(move+1,skip(v=0))","(skip(v=1),move-1(iff=1))","p3(1, 0, 'x')",3,0,10,none<=10,ABAABBA(7),none<=10,none<=10
83,"(move+1,skip(v=0))","(skip(v=1),move-1(iff=1))","p3(1, 0, 'x')",3,1,10,none<=10,none<=10,none<=10,none<=10
83,"(move+1,skip(v=0))","(skip(v=1),move-1(iff=1))","p3(1, 0, 'x')",3,2,10,none<=10,none<=10,none<=10,none<=10
83,"(move+1,skip(v=0))","(skip(v=1),move-1(iff=1))","p3('x', 0, 0)",3,0,10,none<=10,none<=10,none<=10,none<=10
83,"(move+1,skip(v=0))","(skip(v=1),move-1(iff=1))","p3('x', 0, 0)",3,1,10,none<=10,none<=10,none<=10,none<=10
83,"(move+1,skip(v=0))","(skip(v=1),move-1(iff=1))","p3('x', 0, 0)",3,2,10,none<=10,none<=10,none<=10,none<=10
83,"(move+1,skip(v=0))","(skip(v=1),move-1(iff=1))","p3(0, 'x', 0)",3,0,10,none<=10,none<=10,none<=10,none<=10
83,"(move+1,skip(v=0))","(skip(v=1),move-1(iff=1))","p3(0, 'x', 0)",3,1,10,none<=10,none<=10,none<=10,none<=10
83,"(move+1,skip(v=0))","(skip(v=1),move-1(iff=1))","p3(0, 'x', 0)",3,2,10,none<=10,none<=10,none<=10,none<=10
83,"(move+1,skip(v=0))","(skip(v=1),move-1(iff=1))","p3(0, 0, 'x')",3,0,10,none<=10,none<=10,none<=10,none<=10
83,"(move+1,skip(v=0))","(skip(v=1),move-1(iff=1))","p3(0, 0, 'x')",3,1,10,none<=10,none<=10,none<=10,none<=10
83,"(move+1,skip(v=0))","(skip(v=1),move-1(iff=1))","p3(0, 0, 'x')",3,2,10,none<=10,none<=10,none<=10,none<=10
83,"(move+1,skip(v=0))","(skip(v=1),move-1(iff=1))","p3('x', 1, 1)",3,0,10,none<=10,none<=10,none<=10,none<=10
83,"(move+1,skip(v=0))","(skip(v=1),move-1(iff=1))","p3('x', 1, 1)",3,1,10,none<=10,none<=10,none<=10,none<=10
83,"(move+1,skip(v=0))","(skip(v=1),move-1(iff=1))","p3('x', 1, 1)",3,2,10,none<=10,none<=10,none<=10,none<=10
83,"(move+1,skip(v=0))","(skip(v=1),move-1(iff=1))","p3(1, 'x', 1)",3,0,10,none<=10,none<=10,none<=10,none<=10
83,"(move+1,skip(v=0))","(skip(v=1),move-1(iff=1))","p3(1, 'x', 1)",3,1,10,none<=10,none<=10,none<=10,none<=10
83,"(move+1,skip(v=0))","(skip(v=1),move-1(iff=1))","p3(1, 'x', 1)",3,2,10,none<=10,none<=10,none<=10,none<=10
83,"(move+1,skip(v=0))","(skip(v=1),move-1(iff=1))","p3(1, 1, 'x')",3,0,10,none<=10,none<=10,none<=10,none<=10
83,"(move+1,skip(v=0))","(skip(v=1),move-1(iff=1))","p3(1, 1, 'x')",3,1,10,none<=10,none<=10,none<=10,none<=10
83,"(move+1,skip(v=0))","(skip(v=1),move-1(iff=1))","p3(1, 1, 'x')",3,2,10,none<=10,none<=10,none<=10,none<=10
84,"(move+1,skip(v=0))","(flip,move-1)",none,1,0,10,none<=10,none<=10,none<=10,none<=10
84,"(move+1,skip(v=0))","(flip,move-1)","(x,xbar)",2,0,10,none<=10,none<=10,none<=10,none<=10
84,"(move+1,skip(v=0))","(flip,move-1)","(x,xbar)",2,1,10,none<=10,none<=10,none<=10,none<=10
84,"(move+1,skip(v=0))","(flip,move-1)","(xbar,x)",2,0,10,none<=10,none<=10,none<=10,none<=10
84,"(move+1,skip(v=0))","(flip,move-1)","(xbar,x)",2,1,10,none<=10,none<=10,none<=10,none<=10
84,"(move+1,skip(v=0))","(flip,move-1)","(x,1)",2,0,10,none<=10,none<=10,none<=10,none<=10
84,"(move+1,skip(v=0))","(flip,move-1)","(x,1)",2,1,10,none<=10,none<=10,none<=10,none<=10
84,"(move+1,skip(v=0))","(flip,move-1)","(1,x)",2,0,10,none<=10,none<=10,none<=10,none<=10
84,"(move+1,skip(v=0))","(flip,move-1)","(1,x)",2,1,10,none<=10,none<=10,none<=10,none<=10
84,"(move+1,skip(v=0))","(flip,move-1)","(x,0)",2,0,10,none<=10,none<=10,none<=10,none<=10
84,"(move+1,skip(v=0))","(flip,move-1)","(x,0)",2,1,10,none<=10,none<=10,none<=10,none<=10
84,"(move+1,skip(v=0))","(flip,move-1)","(0,x)",2,0,10,none<=10,none<=10,none<=10,none<=10
84,"(move+1,skip(v=0))","(flip,move-1)","(0,x)",2,1,10,none<=10,none<=10,none<=10,none<=10
84,"(move+1,skip(v=0))","(flip,move-1)","p3('x', 0, 1)",3,0,10,none<=10,none<=10,none<=10,none<=10
84,"(move+1,skip(v=0))","(flip,move-1)","p3('x', 0, 1)",3,1,10,none<=10,none<=10,none<=10,none<=10
84,"(move+1,skip(v=0))","(flip,move-1)","p3('x', 0, 1)",3,2,10,none<=10,none<=10,none<=10,none<=10
84,"(move+1,skip(v=0))","(flip,move-1)","p3(1, 'x', 0)",3,0,10,none<=10,none<=10,none<=10,none<=10
84,"(move+1,skip(v=0))","(flip,move-1)","p3(1, 'x', 0)",3,1,10,none<=10,none<=10,none<=10,none<=10
84,"(move+1,skip(v=0))","(flip,move-1)","p3(1, 'x', 0)",3,2,10,none<=10,none<=10,none<=10,none<=10
84,"(move+1,skip(v=0))","(flip,move-1)","p3(0, 1, 'x')",3,0,10,none<=10,none<=10,none<=10,none<=10
84,"(move+1,skip(v=0))","(flip,move-1)","p3(0, 1, 'x')",3,1,10,none<=10,none<=10,none<=10,none<=10
84,"(move+1,skip(v=0))","(flip,move-1)","p3(0, 1, 'x')",3,2,10,none<=10,none<=10,none<=10,none<=10
84,"(move+1,skip(v=0))","(flip,move-1)","p3('x', 1, 0)",3,0,10,none<=10,none<=10,none<=10,none<=10
84,"(move+1,skip(v=0))","(flip,move-1)","p3('x', 1, 0)",3,1,10,none<=10,none<=10,none<=10,none<=10
84,"(move+1,skip(v=0))","(flip,move-1)","p3('x', 1, 0)",3,2,10,none<=10,none<=10,none<=10,none<=10
84,"(move+1,skip(v=0))","(flip,move-1)","p3(0, 'x', 1)",3,0,10,none<=10,none<=10,none<=10,none<=10
84,"(move+1,skip(v=0))","(flip,move-1)","p3(0, 'x', 1)",3,1,10,none<=10,none<=10,none<=10,none<=10
84,"(move+1,skip(v=0))","(flip,move-1)","p3(0, 'x', 1)",3,2,10,none<=10,none<=10,none<=10,none<=10
84,"(move+1,skip(v=0))","(flip,move-1)","p3(1, 0, 'x')",3,0,10,none<=10,none<=10,none<=10,none<=10
84,"(move+1,skip(v=0))","(flip,move-1)","p3(1, 0, 'x')",3,1,10,none<=10,none<=10,none<=10,none<=10
84,"(move+1,skip(v=0))","(flip,move-1)","p3(1, 0, 'x')",3,2,10,none<=10,none<=10,none<=10,none<=10
84,"(move+1,skip(v=0))","(flip,move-1)","p3('x', 0, 0)",3,0,10,none<=10,none<=10,none<=10,none<=10
84,"(move+1,skip(v=0))","(flip,move-1)","p3('x', 0, 0)",3,1,10,none<=10,none<=10,none<=10,none<=10
84,"(move+1,skip(v=0))","(flip,move-1)","p3('x', 0, 0)",3,2,10,none<=10,none<=10,none<=10,none<=10
84,"(move+1,skip(v=0))","(flip,move-1)","p3(0, 'x', 0)",3,0,10,none<=10,none<=10,none<=10,none<=10
84,"(move+1,skip(v=0))","(flip,move-1)","p3(0, 'x', 0)",3,1,10,none<=10,none<=10,none<=10,none<=10
84,"(move+1,skip(v=0))","(flip,move-1)","p3(0, 'x', 0)",3,2,10,none<=10,none<=10,none<=10,none<=10
84,"(move+1,skip(v=0))","(flip,move-1)","p3(0, 0, 'x')",3,0,10,none<=10,none<=10,none<=10,none<=10
84,"(move+1,skip(v=0))","(flip,move-1)","p3(0, 0, 'x')",3,1,10,none<=10,none<=10,none<=10,none<=10
84,"(move+1,skip(v=0))","(flip,move-1)","p3(0, 0, 'x')",3,2,10,none<=10,none<=10,none<=10,none<=10
84,"(move+1,skip(v=0))","(flip,move-1)","p3('x', 1, 1)",3,0,10,none<=10,none<=10,none<=10,none<=10
84,"(move+1,skip(v=0))","(flip,move-1)","p3('x', 1, 1)",3,1,10,none<=10,none<=10,none<=10,none<=10
84,"(move+1,skip(v=0))","(flip,move-1)","p3('x', 1, 1)",3,2,10,none<=10,none<=10,none<=10,none<=10
84,"(move+1,skip(v=0))","(flip,move-1)","p3(1, 'x', 1)",3,0,10,none<=10,none<=10,none<=10,none<=10
84,"(move+1,skip(v=0))","(flip,move-1)","p3(1, 'x', 1)",3,1,10,none<=10,none<=10,none<=10,none<=10
84,"(move+1,skip(v=0))","(flip,move-1)","p3(1, 'x', 1)",3,2,10,none<=10,none<=10,none<=10,none<=10
84,"(move+1,skip(v=0))","(flip,move-1)","p3(1, 1, 'x')",3,0,10,none<=10,none<=10,none<=10,none<=10
84,"(move+1,skip(v=0))","(flip,move-1)","p3(1, 1, 'x')",3,1,10,none<=10,none<=10,none<=10,none<=10
84,"(move+1,skip(v=0))","(flip,move-1)","p3(1, 1, 'x')",3,2,10,none<=10,none<=10,none<=10,none<=10
85,"(move+1,skip(v=0))","(move-1,flip)",none,1,0,10,none<=10,none<=10,none<=10,none<=10
85,"(move+1,skip(v=0))","(move-1,flip)","(x,xbar)",2,0,10,none<=10,none<=10,none<=10,none<=10
85,"(move+1,skip(v=0))","(move-1,flip)","(x,xbar)",2,1,10,none<=10,none<=10,none<=10,none<=10
85,"(move+1,skip(v=0))","(move-1,flip)","(xbar,x)",2,0,10,none<=10,none<=10,none<=10,none<=10
85,"(move+1,skip(v=0))","(move-1,flip)","(xbar,x)",2,1,10,none<=10,none<=10,none<=10,none<=10
85,"(move+1,skip(v=0))","(move-1,flip)","(x,1)",2,0,10,none<=10,none<=10,none<=10,none<=10
85,"(move+1,skip(v=0))","(move-1,flip)","(x,1)",2,1,10,none<=10,none<=10,none<=10,none<=10
85,"(move+1,skip(v=0))","(move-1,flip)","(1,x)",2,0,10,none<=10,none<=10,none<=10,none<=10
85,"(move+1,skip(v=0))","(move-1,flip)","(1,x)",2,1,10,none<=10,none<=10,none<=10,none<=10
85,"(move+1,skip(v=0))","(move-1,flip)","(x,0)",2,0,10,none<=10,none<=10,none<=10,none<=10
85,"(move+1,skip(v=0))","(move-1,flip)","(x,0)",2,1,10,none<=10,none<=10,none<=10,none<=10
85,"(move+1,skip(v=0))","(move-1,flip)","(0,x)",2,0,10,none<=10,none<=10,none<=10,none<=10
85,"(move+1,skip(v=0))","(move-1,flip)","(0,x)",2,1,10,none<=10,none<=10,none<=10,none<=10
85,"(move+1,skip(v=0))","(move-1,flip)","p3('x', 0, 1)",3,0,10,AAABABB(7),none<=10,none<=10,none<=10
85,"(move+1,skip(v=0))","(move-1,flip)","p3('x', 0, 1)",3,1,10,ABABBAA(7),none<=10,none<=10,none<=10
85,"(move+1,skip(v=0))","(move-1,flip)","p3('x', 0, 1)",3,2,10,none<=10,none<=10,none<=10,none<=10
85,"(move+1,skip(v=0))","(move-1,flip)","p3(1, 'x', 0)",3,0,10,none<=10,none<=10,none<=10,none<=10
85,"(move+1,skip(v=0))","(move-1,flip)","p3(1, 'x', 0)",3,1,10,AAABABB(7),none<=10,none<=10,none<=10
85,"(move+1,skip(v=0))","(move-1,flip)","p3(1, 'x', 0)",3,2,10,ABABBAA(7),none<=10,none<=10,none<=10
85,"(move+1,skip(v=0))","(move-1,flip)","p3(0, 1, 'x')",3,0,10,none<=10,none<=10,none<=10,none<=10
85,"(move+1,skip(v=0))","(move-1,flip)","p3(0, 1, 'x')",3,1,10,none<=10,none<=10,none<=10,none<=10
85,"(move+1,skip(v=0))","(move-1,flip)","p3(0, 1, 'x')",3,2,10,AAABABB(7),none<=10,none<=10,none<=10
85,"(move+1,skip(v=0))","(move-1,flip)","p3('x', 1, 0)",3,0,10,none<=10,none<=10,none<=10,none<=10
85,"(move+1,skip(v=0))","(move-1,flip)","p3('x', 1, 0)",3,1,10,none<=10,none<=10,none<=10,none<=10
85,"(move+1,skip(v=0))","(move-1,flip)","p3('x', 1, 0)",3,2,10,none<=10,none<=10,none<=10,none<=10
85,"(move+1,skip(v=0))","(move-1,flip)","p3(0, 'x', 1)",3,0,10,none<=10,none<=10,none<=10,none<=10
85,"(move+1,skip(v=0))","(move-1,flip)","p3(0, 'x', 1)",3,1,10,none<=10,none<=10,none<=10,none<=10
85,"(move+1,skip(v=0))","(move-1,flip)","p3(0, 'x', 1)",3,2,10,none<=10,none<=10,none<=10,none<=10
85,"(move+1,skip(v=0))","(move-1,flip)","p3(1, 0, 'x')",3,0,10,none<=10,none<=10,none<=10,none<=10
85,"(move+1,skip(v=0))","(move-1,flip)","p3(1, 0, 'x')",3,1,10,none<=10,none<=10,none<=10,none<=10
85,"(move+1,skip(v=0))","(move-1,flip)","p3(1, 0, 'x')",3,2,10,none<=10,none<=10,none<=10,none<=10
85,"(move+1,skip(v=0))","(move-1,flip)","p3('x', 0, 0)",3,0,10,none<=10,none<=10,none<=10,none<=10
85,"(move+1,skip(v=0))","(move-1,flip)","p3('x', 0, 0)",3,1,10,none<=10,none<=10,none<=10,none<=10
85,"(move+1,skip(v=0))","(move-1,flip)","p3('x', 0, 0)",3,2,10,none<=10,none<=10,none<=10,none<=10
85,"(move+1,skip(v=0))","(move-1,flip)","p3(0, 'x', 0)",3,0,10,none<=10,none<=10,none<=10,none<=10
85,"(move+1,skip(v=0))","(move-1,flip)","p3(0, 'x', 0)",3,1,10,none<=10,none<=10,none<=10,none<=10
85,"(move+1,skip(v=0))","(move-1,flip)","p3(0, 'x', 0)",3,2,10,none<=10,none<=10,none<=10,none<=10
85,"(move+1,skip(v=0))","(move-1,flip)","p3(0, 0, 'x')",3,0,10,none<=10,none<=10,none<=10,none<=10
85,"(move+1,skip(v=0))","(move-1,flip)","p3(0, 0, 'x')",3,1,10,none<=10,none<=10,none<=10,none<=10
85,"(move+1,skip(v=0))","(move-1,flip)","p3(0, 0, 'x')",3,2,10,none<=10,none<=10,none<=10,none<=10
85,"(move+1,skip(v=0))","(move-1,flip)","p3('x', 1, 1)",3,0,10,none<=10,none<=10,none<=10,none<=10
85,"(move+1,skip(v=0))","(move-1,flip)","p3('x', 1, 1)",3,1,10,none<=10,none<=10,none<=10,none<=10
85,"(move+1,skip(v=0))","(move-1,flip)","p3('x', 1, 1)",3,2,10,none<=10,none<=10,none<=10,none<=10
85,"(move+1,skip(v=0))","(move-1,flip)","p3(1, 'x', 1)",3,0,10,none<=10,none<=10,none<=10,none<=10
85,"(move+1,skip(v=0))","(move-1,flip)","p3(1, 'x', 1)",3,1,10,none<=10,none<=10,none<=10,none<=10
85,"(move+1,skip(v=0))","(move-1,flip)","p3(1, 'x', 1)",3,2,10,none<=10,none<=10,none<=10,none<=10
85,"(move+1,skip(v=0))","(move-1,flip)","p3(1, 1, 'x')",3,0,10,none<=10,none<=10,none<=10,none<=10
85,"(move+1,skip(v=0))","(move-1,flip)","p3(1, 1, 'x')",3,1,10,none<=10,none<=10,none<=10,none<=10
85,"(move+1,skip(v=0))","(move-1,flip)","p3(1, 1, 'x')",3,2,10,none<=10,none<=10,none<=10,none<=10
86,"(move+1,skip(v=0))","(move-1,flip,skip(v=0))",none,1,0,10,none<=10,none<=10,none<=10,none<=10
86,"(move+1,skip(v=0))","(move-1,flip,skip(v=0))","(x,xbar)",2,0,10,none<=10,none<=10,none<=10,none<=10
86,"(move+1,skip(v=0))","(move-1,flip,skip(v=0))","(x,xbar)",2,1,10,none<=10,none<=10,none<=10,none<=10
86,"(move+1,skip(v=0))","(move-1,flip,skip(v=0))","(xbar,x)",2,0,10,none<=10,none<=10,none<=10,none<=10
86,"(move+1,skip(v=0))","(move-1,flip,skip(v=0))","(xbar,x)",2,1,10,none<=10,none<=10,none<=10,none<=10
86,"(move+1,skip(v=0))","(move-1,flip,skip(v=0))","(x,1)",2,0,10,none<=10,none<=10,none<=10,none<=10
86,"(move+1,skip(v=0))","(move-1,flip,skip(v=0))","(x,1)",2,1,10,none<=10,none<=10,none<=10,none<=10
86,"(move+1,skip(v=0))","(move-1,flip,skip(v=0))","(1,x)",2,0,10,none<=10,none<=10,none<=10,none<=10
86,"(move+1,skip(v=0))","(move-1,flip,skip(v=0))","(1,x)",2,1,10,none<=10,none<=10,none<=10,none<=10
86,"(move+1,skip(v=0))","(move-1,flip,skip(v=0))","(x,0)",2,0,10,none<=10,none<=10,none<=10,none<=10
86,"(move+1,skip(v=0))","(move-1,flip,skip(v=0))","(x,0)",2,1,10,none<=10,none<=10,none<=10,none<=10
86,"(move+1,skip(v=0))","(move-1,flip,skip(v=0))","(0,x)",2,0,10,none<=10,none<=10,none<=10,none<=10
86,"(move+1,skip(v=0))","(move-1,flip,skip(v=0))","(0,x)",2,1,10,none<=10,none<=10,none<=10,none<=10
86,"(move+1,skip(v=0))","(move-1,flip,skip(v=0))","p3('x', 0, 1)",3,0,10,none<=10,none<=10,none<=10,none<=10
86,"(move+1,skip(v=0))","(move-1,flip,skip(v=0))","p3('x', 0, 1)",3,1,10,none<=10,none<=10,none<=10,none<=10
86,"(move+1,skip(v=0))","(move-1,flip,skip(v=0))","p3('x', 0, 1)",3,2,10,none<=10,none<=10,none<=10,none<=10
86,"(move+1,skip(v=0))","(move-1,flip,skip(v=0))","p3(1, 'x', 0)",3,0,10,none<=10,none<=10,none<=10,none<=10
86,"(move+1,skip(v=0))","(move-1,flip,skip(v=0))","p3(1, 'x', 0)",3,1,10,none<=10,none<=10,none<=10,none<=10
86,"(move+1,skip(v=0))","(move-1,flip,skip(v=0))","p3(1, 'x', 0)",3,2,10,none<=10,none<=10,none<=10,none<=10
86,"(move+1,skip(v=0))","(move-1,flip,skip(v=0))","p3(0, 1, 'x')",3,0,10,none<=10,none<=10,none<=10,none<=10
86,"(move+1,skip(v=0))","(move-1,flip,skip(v=0))","p3(0, 1, 'x')",3,1,10,none<=10,none<=10,none<=10,none<=10
86,"(move+1,skip(v=0))","(move-1,flip,skip(v=0))","p3(0, 1, 'x')",3,2,10,none<=10,none<=10,none<=10,none<=10
86,"(move+1,skip(v=0))","(move-1,flip,skip(v=0))","p3('x', 1, 0)",3,0,10,none<=10,none<=10,none<=10,none<=10
86,"(move+1,skip(v=0))","(move-1,flip,skip(v=0))","p3('x', 1, 0)",3,1,10,none<=10,none<=10,none<=10,none<=10
86,"(move+1,skip(v=0))","(move-1,flip,skip(v=0))","p3('x', 1, 0)",3,2,10,none<=10,none<=10,none<=10,none<=10
86,"(move+1,skip(v=0))","(move-1,flip,skip(v=0))","p3(0, 'x', 1)",3,0,10,none<=10,none<=10,none<=10,none<=10
86,"(move+1,skip(v=0))","(move-1,flip,skip(v=0))","p3(0, 'x', 1)",3,1,10,none<=10,none<=10,none<=10,none<=10
86,"(move+1,skip(v=0))","(move-1,flip,skip(v=0))","p3(0, 'x', 1)",3,2,10,none<=10,none<=10,none<=10,none<=10
86,"(move+1,skip(v=0))","(move-1,flip,skip(v=0))","p3(1, 0, 'x')",3,0,10,none<=10,none<=10,none<=10,none<=10
86,"(move+1,skip(v=0))","(move-1,flip,skip(v=0))","p3(1, 0, 'x')",3,1,10,none<=10,none<=10,none<=10,none<=10
86,"(move+1,skip(v=0))","(move-1,flip,skip(v=0))","p3(1, 0, 'x')",3,2,10,none<=10,none<=10,none<=10,none<=10
86,"(move+1,skip(v=0))","(move-1,flip,skip(v=0))","p3('x', 0, 0)",3,0,10,none<=10,none<=10,none<=10,none<=10
86,"(move+1,skip(v=0))","(move-1,flip,skip(v=0))","p3('x', 0, 0)",3,1,10,none<=10,none<=10,none<=10,none<=10
86,"(move+1,skip(v=0))","(move-1,flip,skip(v=0))","p3('x', 0, 0)",3,2,10,none<=10,none<=10,none<=10,none<=10
86,"(move+1,skip(v=0))","(move-1,flip,skip(v=0))","p3(0, 'x', 0)",3,0,10,none<=10,none<=10,none<=10,none<=10
86,"(move+1,skip(v=0))","(move-1,flip,skip(v=0))","p3(0, 'x', 0)",3,1,10,none<=10,none<=10,none<=10,none<=10
86,"(move+1,skip(v=0))","(move-1,flip,skip(v=0))","p3(0, 'x', 0)",3,2,10,none<=10,none<=10,none<=10,none<=10
86,"(move+1,skip(v=0))","(move-1,flip,skip(v=0))","p3(0, 0, 'x')",3,0,10,none<=10,none<=10,none<=10,none<=10
86,"(move+1,skip(v=0))","(move-1,flip,skip(v=0))","p3(0, 0, 'x')",3,1,10,none<=10,none<=10,none<=10,none<=10
86,"(move+1,skip(v=0))","(move-1,flip,skip(v=0))","p3(0, 0, 'x')",3,2,10,none<=10,none<=10,none<=10,none<=10
86,"(move+1,skip(v=0))","(move-1,flip,skip(v=0))","p3('x', 1, 1)",3,0,10,none<=10,none<=10,none<=10,none<=10
86,"(move+1,skip(v=0))","(move-1,flip,skip(v=0))","p3('x', 1, 1)",3,1,10,none<=10,none<=10,none<=10,none<=10
86,"(move+1,skip(v=0))","(move-1,flip,skip(v=0))","p3('x', 1, 1)",3,2,10,none<=10,none<=10,none<=10,none<=10
86,"(move+1,skip(v=0))","(move-1,flip,skip(v=0))","p3(1, 'x', 1)",3,0,10,none<=10,none<=10,none<=10,none<=10
86,"(move+1,skip(v=0))","(move-1,flip,skip(v=0))","p3(1, 'x', 1)",3,1,10,none<=10,none<=10,none<=10,none<=10
86,"(move+1,skip(v=0))","(move-1,flip,skip(v=0))","p3(1, 'x', 1)",3,2,10,none<=10,none<=10,none<=10,none<=10
86,"(move+1,skip(v=0))","(move-1,flip,skip(v=0))","p3(1, 1, 'x')",3,0,10,none<=10,none<=10,none<=10,none<=10
86,"(move+1,skip(v=0))","(move-1,flip,skip(v=0))","p3(1, 1, 'x')",3,1,10,none<=10,none<=10,none<=10,none<=10
86,"(move+1,skip(v=0))","(move-1,flip,skip(v=0))","p3(1, 1, 'x')",3,2,10,none<=10,none<=10,none<=10,none<=10
87,"(move+1,skip(v=0))","(skip(v=0),flip,move-1)",none,1,0,10,none<=10,none<=10,none<=10,none<=10
87,"(move+1,skip(v=0))","(skip(v=0),flip,move-1)","(x,xbar)",2,0,10,none<=10,none<=10,none<=10,none<=10
87,"(move+1,skip(v=0))","(skip(v=0),flip,move-1)","(x,xbar)",2,1,10,none<=10,none<=10,none<=10,none<=10
87,"(move+1,skip(v=0))","(skip(v=0),flip,move-1)","(xbar,x)",2,0,10,none<=10,none<=10,none<=10,none<=10
87,"(move+1,skip(v=0))","(skip(v=0),flip,move-1)","(xbar,x)",2,1,10,none<=10,none<=10,none<=10,none<=10
87,"(move+1,skip(v=0))","(skip(v=0),flip,move-1)","(x,1)",2,0,10,none<=10,none<=10,none<=10,none<=10
87,"(move+1,skip(v=0))","(skip(v=0),flip,move-1)","(x,1)",2,1,10,none<=10,none<=10,none<=10,none<=10
87,"(move+1,skip(v=0))","(skip(v=0),flip,move-1)","(1,x)",2,0,10,none<=10,none<=10,none<=10,none<=10
87,"(move+1,skip(v=0))","(skip(v=0),flip,move-1)","(1,x)",2,1,10,none<=10,none<=10,none<=10,none<=10
87,"(move+1,skip(v=0))","(skip(v=0),flip,move-1)","(x,0)",2,0,10,none<=10,none<=10,none<=10,none<=10
87,"(move+1,skip(v=0))","(skip(v=0),flip,move-1)","(x,0)",2,1,10,none<=10,none<=10,none<=10,none<=10
87,"(move+1,skip(v=0))","(skip(v=0),flip,move-1)","(0,x)",2,0,10,none<=10,none<=10,none<=10,none<=10
87,"(move+1,skip(v=0))","(skip(v=0),flip,move-1)","(0,x)",2,1,10,none<=10,none<=10,none<=10,none<=10
87,"(move+1,skip(v=0))","(skip(v=0),flip,move-1)","p3('x', 0, 1)",3,0,10,none<=10,none<=10,none<=10,none<=10
87,"(move+1,skip(v=0))","(skip(v=0),flip,move-1)","p3('x', 0, 1)",3,1,10,none<=10,none<=10,none<=10,none<=10
87,"(move+1,skip(v=0))","(skip(v=0),flip,move-1)","p3('x', 0, 1)",3,2,10,none<=10,none<=10,none<=10,none<=10
87,"(move+1,skip(v=0))","(skip(v=0),flip,move-1)","p3(1, 'x', 0)",3,0,10,none<=10,none<=10,none<=10,none<=10
87,"(move+1,skip(v=0))","(skip(v=0),flip,move-1)","p3(1, 'x', 0)",3,1,10,none<=10,none<=10,none<=10,none<=10
87,"(move+1,skip(v=0))","(skip(v=0),flip,move-1)","p3(1, 'x', 0)",3,2,10,none<=10,none<=10,none<=10,none<=10
87,"(move+1,skip(v=0))","(skip(v=0),flip,move-1)","p3(0, 1, 'x')",3,0,10,none<=10,none<=10,none<=10,none<=10
87,"(move+1,skip(v=0))","(skip(v=0),flip,move-1)","p3(0, 1, 'x')",3,1,10,none<=10,none<=10,none<=10,none<=10
87,"(move+1,skip(v=0))","(skip(v=0),flip,move-1)","p3(0, 1, 'x')",3,2,10,none<=10,none<=10,none<=10,none<=10
87,"(move+1,skip(v=0))","(skip(v=0),flip,move-1)","p3('x', 1, 0)",3,0,10,none<=10,none<=10,none<=10,none<=10
87,"(move+1,skip(v=0))","(skip(v=0),flip,move-1)","p3('x', 1, 0)",3,1,10,none<=10,none<=10,none<=10,none<=10
87,"(move+1,skip(v=0))","(skip(v=0),flip,move-1)","p3('x', 1, 0)",3,2,10,none<=10,none<=10,none<=10,none<=10
87,"(move+1,skip(v=0))","(skip(v=0),flip,move-1)","p3(0, 'x', 1)",3,0,10,none<=10,none<=10,none<=10,none<=10
87,"(move+1,skip(v=0))","(skip(v=0),flip,move-1)","p3(0, 'x', 1)",3,1,10,none<=10,none<=10,none<=10,none<=10
87,"(move+1,skip(v=0))","(skip(v=0),flip,move-1)","p3(0, 'x', 1)",3,2,10,none<=10,none<=10,none<=10,none<=10
87,"(move+1,skip(v=0))","(skip(v=0),flip,move-1)","p3(1, 0, 'x')",3,0,10,none<=10,none<=10,none<=10,none<=10
87,"(move+1,skip(v=0))","(skip(v=0),flip,move-1)","p3(1, 0, 'x')",3,1,10,none<=10,none<=10,none<=10,none<=10
87,"(move+1,skip(v=0))","(skip(v=0),flip,move-1)","p3(1, 0, 'x')",3,2,10,none<=10,none<=10,none<=10,none<=10
87,"(move+1,skip(v=0))","(skip(v=0),flip,move-1)","p3('x', 0, 0)",3,0,10,none<=10,none<=10,none<=10,none<=10
87,"(move+1,skip(v=0))","(skip(v=0),flip,move-1)","p3('x', 0, 0)",3,1,10,none<=10,none<=10,none<=10,none<=10
87,"(move+1,skip(v=0))","(skip(v=0),flip,move-1)","p3('x', 0, 0)",3,2,10,none<=10,none<=10,none<=10,none<=10
87,"(move+1,skip(v=0))","(skip(v=0),flip,move-1)","p3(0, 'x', 0)",3,0,10,none<=10,none<=10,none<=10,none<=10
87,"(move+1,skip(v=0))","(skip(v=0),flip,move-1)","p3(0, 'x', 0)",3,1,10,none<=10,none<=10,none<=10,none<=10
87,"(move+1,skip(v=0))","(skip(v=0),flip,move-1)","p3(0, 'x', 0)",3,2,10,none<=10,none<=10,none<=10,none<=10
87,"(move+1,skip(v=0))","(skip(v=0),flip,move-1)","p3(0, 0, 'x')",3,0,10,none<=10,none<=10,none<=10,none<=10
87,"(move+1,skip(v=0))","(skip(v=0),flip,move-1)","p3(0, 0, 'x')",3,1,10,none<=10,none<=10,none<=10,none<=10
87,"(move+1,skip(v=0))","(skip(v=0),flip,move-1)","p3(0, 0, 'x')",3,2,10,none<=10,none<=10,none<=10,none<=10
87,"(move+1,skip(v=0))","(skip(v=0),flip,move-1)","p3('x', 1, 1)",3,0,10,none<=10,none<=10,none<=10,none<=10
87,"(move+1,skip(v=0))","(skip(v=0),flip,move-1)","p3('x', 1, 1)",3,1,10,none<=10,none<=10,none<=10,none<=10
87,"(move+1,skip(v=0))","(skip(v=0),flip,move-1)","p3('x', 1, 1)",3,2,10,none<=10,none<=10,none<=10,none<=10
87,"(move+1,skip(v=0))","(skip(v=0),flip,move-1)","p3(1, 'x', 1)",3,0,10,none<=10,none<=10,none<=10,none<=10
87,"(move+1,skip(v=0))","(skip(v=0),flip,move-1)","p3(1, 'x', 1)",3,1,10,none<=10,none<=10,none<=10,none<=10
87,"(move+1,skip(v=0))","(skip(v=0),flip,move-1)","p3(1, 'x', 1)",3,2,10,none<=10,none<=10,none<=10,none<=10
87,"(move+1,skip(v=0))","(skip(v=0),flip,move-1)","p3(1, 1, 'x')",3,0,10,none<=10,none<=10,none<=10,none<=10
87,"(move+1,skip(v=0))","(skip(v=0),flip,move-1)","p3(1, 1, 'x')",3,1,10,none<=10,none<=10,none<=10,none<=10
87,"(move+1,skip(v=0))","(skip(v=0),flip,move-1)","p3(1, 1, 'x')",3,2,10,none<=10,none<=10,none<=10,none<=10
88,"(move+1,skip(v=0))","(skip(v=0),move-1,flip)",none,1,0,10,none<=10,none<=10,none<=10,none<=10
88,"(move+1,skip(v=0))","(skip(v=0),move-1,flip)","(x,xbar)",2,0,10,none<=10,none<=10,none<=10,none<=10
88,"(move+1,skip(v=0))","(skip(v=0),move-1,flip)","(x,xbar)",2,1,10,none<=10,none<=10,none<=10,none<=10
88,"(move+1,skip(v=0))","(skip(v=0),move-1,flip)","(xbar,x)",2,0,10,none<=10,none<=10,none<=10,none<=10
88,"(move+1,skip(v=0))","(skip(v=0),move-1,flip)","(xbar,x)",2,1,10,none<=10,none<=10,none<=10,none<=10
88,"(move+1,skip(v=0))","(skip(v=0),move-1,flip)","(x,1)",2,0,10,none<=10,none<=10,none<=10,none<=10
88,"(move+1,skip(v=0))","(skip(v=0),move-1,flip)","(x,1)",2,1,10,none<=10,none<=10,none<=10,none<=10
88,"(move+1,skip(v=0))","(skip(v=0),move-1,flip)","(1,x)",2,0,10,none<=10,none<=10,none<=10,none<=10
88,"(move+1,skip(v=0))","(skip(v=0),move-1,flip)","(1,x)",2,1,10,none<=10,none<=10,none<=10,none<=10
88,"(move+1,skip(v=0))","(skip(v=0),move-1,flip)","(x,0)",2,0,10,none<=10,none<=10,none<=10,none<=10
88,"(move+1,skip(v=0))","(skip(v=0),move-1,flip)","(x,0)",2,1,10,none<=10,none<=10,none<=10,none<=10
88,"(move+1,skip(v=0))","(skip(v=0),move-1,flip)","(0,x)",2,0,10,none<=10,none<=10,none<=10,none<=10
88,"(move+1,skip(v=0))","(skip(v=0),move-1,flip)","(0,x)",2,1,10,none<=10,none<=10,none<=10,none<=10
88,"(move+1,skip(v=0))","(skip(v=0),move-1,flip)","p3('x', 0, 1)",3,0,10,none<=10,none<=10,none<=10,none<=10
88,"(move+1,skip(v=0))","(skip(v=0),move-1,flip)","p3('x', 0, 1)",3,1,10,none<=10,none<=10,none<=10,none<=10
88,"(move+1,skip(v=0))","(skip(v=0),move-1,flip)","p3('x', 0, 1)",3,2,10,none<=10,none<=10,none<=10,none<=10
88,"(move+1,skip(v=0))","(skip(v=0),move-1,flip)","p3(1, 'x', 0)",3,0,10,none<=10,none<=10,none<=10,none<=10
88,"(move+1,skip(v=0))","(skip(v=0),move-1,flip)","p3(1, 'x', 0)",3,1,10,none<=10,none<=10,none<=10,none<=10
88,"(move+1,skip(v=0))","(skip(v=0),move-1,flip)","p3(1, 'x', 0)",3,2,10,none<=10,none<=10,none<=10,none<=10
88,"(move+1,skip(v=0))","(skip(v=0),move-1,flip)","p3(0, 1, 'x')",3,0,10,none<=10,none<=10,none<=10,none<=10
88,"(move+1,skip(v=0))","(skip(v=0),move-1,flip)","p3(0, 1, 'x')",3,1,10,none<=10,none<=10,none<=10,none<=10
88,"(move+1,skip(v=0))","(skip(v=0),move-1,flip)","p3(0, 1, 'x')",3,2,10,none<=10,none<=10,none<=10,none<=10
88,"(move+1,skip(v=0))","(skip(v=0),move-1,flip)","p3('x', 1, 0)",3,0,10,none<=10,none<=10,none<=10,none<=10
88,"(move+1,skip(v=0))","(skip(v=0),move-1,flip)","p3('x', 1, 0)",3,1,10,none<=10,none<=10,none<=10,none<=10
88,"(move+1,skip(v=0))","(skip(v=0),move-1,flip)","p3('x', 1, 0)",3,2,10,none<=10,none<=10,none<=10,none<=10
88,"(move+1,skip(v=0))","(skip(v=0),move-1,flip)","p3(0, 'x', 1)",3,0,10,none<=10,none<=10,none<=10,none<=10
88,"(move+1,skip(v=0))","(skip(v=0),move-1,flip)","p3(0, 'x', 1)",3,1,10,none<=10,none<=10,none<=10,none<=10
88,"(move+1,skip(v=0))","(skip(v=0),move-1,flip)","p3(0, 'x', 1)",3,2,10,none<=10,none<=10,none<=10,none<=10
88,"(move+1,skip(v=0))","(skip(v=0),move-1,flip)","p3(1, 0, 'x')",3,0,10,none<=10,none<=10,none<=10,none<=10
88,"(move+1,skip(v=0))","(skip(v=0),move-1,flip)","p3(1, 0, 'x')",3,1,10,none<=10,none<=10,none<=10,none<=10
88,"(move+1,skip(v=0))","(skip(v=0),move-1,flip)","p3(1, 0, 'x')",3,2,10,none<=10,none<=10,none<=10,none<=10
88,"(move+1,skip(v=0))","(skip(v=0),move-1,flip)","p3('x', 0, 0)",3,0,10,none<=10,none<=10,none<=10,none<=10
88,"(move+1,skip(v=0))","(skip(v=0),move-1,flip)","p3('x', 0, 0)",3,1,10,none<=10,none<=10,none<=10,none<=10
88,"(move+1,skip(v=0))","(skip(v=0),move-1,flip)","p3('x', 0, 0)",3,2,10,none<=10,none<=10,none<=10,none<=10
88,"(move+1,skip(v=0))","(skip(v=0),move-1,flip)","p3(0, 'x', 0)",3,0,10,none<=10,none<=10,none<=10,none<=10
88,"(move+1,skip(v=0))","(skip(v=0),move-1,flip)","p3(0, 'x', 0)",3,1,10,none<=10,none<=10,none<=10,none<=10
88,"(move+1,skip(v=0))","(skip(v=0),move-1,flip)","p3(0, 'x', 0)",3,2,10,none<=10,none<=10,none<=10,none<=10
88,"(move+1,skip(v=0))","(skip(v=0),move-1,flip)","p3(0, 0, 'x')",3,0,10,none<=10,none<=10,none<=10,none<=10
88,"(move+1,skip(v=0))","(skip(v=0),move-1,flip)","p3(0, 0, 'x')",3,1,10,none<=10,none<=10,none<=10,none<=10
88,"(move+1,skip(v=0))","(skip(v=0),move-1,flip)","p3(0, 0, 'x')",3,2,10,none<=10,none<=10,none<=10,none<=10
88,"(move+1,skip(v=0))","(skip(v=0),move-1,flip)","p3('x', 1, 1)",3,0,10,none<=10,none<=10,none<=10,none<=10
88,"(move+1,skip(v=0))","(skip(v=0),move-1,flip)","p3('x', 1, 1)",3,1,10,none<=10,none<=10,none<=10,none<=10
88,"(move+1,skip(v=0))","(skip(v=0),move-1,flip)","p3('x', 1, 1)",3,2,10,none<=10,none<=10,none<=10,none<=10
88,"(move+1,skip(v=0))","(skip(v=0),move-1,flip)","p3(1, 'x', 1)",3,0,10,none<=10,none<=10,none<=10,none<=10
88,"(move+1,skip(v=0))","(skip(v=0),move-1,flip)","p3(1, 'x', 1)",3,1,10,none<=10,none<=10,none<=10,none<=10
88,"(move+1,skip(v=0))","(skip(v=0),move-1,flip)","p3(1, 'x', 1)",3,2,10,none<=10,none<=10,none<=10,none<=10
88,"(move+1,skip(v=0))","(skip(v=0),move-1,flip)","p3(1, 1, 'x')",3,0,10,none<=10,none<=10,none<=10,none<=10
88,"(move+1,skip(v=0))","(skip(v=0),move-1,flip)","p3(1, 1, 'x')",3,1,10,none<=10,none<=10,none<=10,none<=10
88,"(move+1,skip(v=0))","(skip(v=0),move-1,flip)","p3(1, 1, 'x')",3,2,10,none<=10,none<=10,none<=10,none<=10
89,"(move+1,skip(v=0))","(move-1,skip(v=0),flip)",none,1,0,10,none<=10,none<=10,none<=10,none<=10
89,"(move+1,skip(v=0))","(move-1,skip(v=0),flip)","(x,xbar)",2,0,10,none<=10,none<=10,none<=10,none<=10
89,"(move+1,skip(v=0))","(move-1,skip(v=0),flip)","(x,xbar)",2,1,10,none<=10,none<=10,none<=10,none<=10
89,"(move+1,skip(v=0))","(move-1,skip(v=0),flip)","(xbar,x)",2,0,10,none<=10,none<=10,none<=10,none<=10
89,"(move+1,skip(v=0))","(move-1,skip(v=0),flip)","(xbar,x)",2,1,10,none<=10,none<=10,none<=10,none<=10
89,"(move+1,skip(v=0))","(move-1,skip(v=0),flip)","(x,1)",2,0,10,none<=10,none<=10,none<=10,none<=10
89,"(move+1,skip(v=0))","(move-1,skip(v=0),flip)","(x,1)",2,1,10,none<=10,none<=10,none<=10,none<=10
89,"(move+1,skip(v=0))","(move-1,skip(v=0),flip)","(1,x)",2,0,10,none<=10,none<=10,none<=10,none<=10
89,"(move+1,skip(v=0))","(move-1,skip(v=0),flip)","(1,x)",2,1,10,none<=10,none<=10,none<=10,none<=10
89,"(move+1,skip(v=0))","(move-1,skip(v=0),flip)","(x,0)",2,0,10,none<=10,none<=10,none<=10,none<=10
89,"(move+1,skip(v=0))","(move-1,skip(v=0),flip)","(x,0)",2,1,10,none<=10,none<=10,none<=10,none<=10
89,"(move+1,skip(v=0))","(move-1,skip(v=0),flip)","(0,x)",2,0,10,none<=10,none<=10,none<=10,none<=10
89,"(move+1,skip(v=0))","(move-1,skip(v=0),flip)","(0,x)",2,1,10,none<=10,none<=10,none<=10,none<=10
89,"(move+1,skip(v=0))","(move-1,skip(v=0),flip)","p3('x', 0, 1)",3,0,10,none<=10,none<=10,none<=10,none<=10
89,"(move+1,skip(v=0))","(move-1,skip(v=0),flip)","p3('x', 0, 1)",3,1,10,none<=10,none<=10,none<=10,none<=10
89,"(move+1,skip(v=0))","(move-1,skip(v=0),flip)","p3('x', 0, 1)",3,2,10,none<=10,none<=10,none<=10,none<=10
89,"(move+1,skip(v=0))","(move-1,skip(v=0),flip)","p3(1, 'x', 0)",3,0,10,none<=10,none<=10,none<=10,none<=10
89,"(move+1,skip(v=0))","(move-1,skip(v=0),flip)","p3(1, 'x', 0)",3,1,10,none<=10,none<=10,none<=10,none<=10
89,"(move+1,skip(v=0))","(move-1,skip(v=0),flip)","p3(1, 'x', 0)",3,2,10,none<=10,none<=10,none<=10,none<=10
89,"(move+1,skip(v=0))","(move-1,skip(v=0),flip)","p3(0, 1, 'x')",3,0,10,none<=10,none<=10,none<=10,none<=10
89,"(move+1,skip(v=0))","(move-1,skip(v=0),flip)","p3(0, 1, 'x')",3,1,10,none<=10,none<=10,none<=10,none<=10
89,"(move+1,skip(v=0))","(move-1,skip(v=0),flip)","p3(0, 1, 'x')",3,2,10,none<=10,none<=10,none<=10,none<=10
89,"(move+1,skip(v=0))","(move-1,skip(v=0),flip)","p3('x', 1, 0)",3,0,10,none<=10,none<=10,none<=10,none<=10
89,"(move+1,skip(v=0))","(move-1,skip(v=0),flip)","p3('x', 1, 0)",3,1,10,none<=10,none<=10,none<=10,none<=10
89,"(move+1,skip(v=0))","(move-1,skip(v=0),flip)","p3('x', 1, 0)",3,2,10,none<=10,none<=10,none<=10,none<=10
89,"(move+1,skip(v=0))","(move-1,skip(v=0),flip)","p3(0, 'x', 1)",3,0,10,none<=10,none<=10,none<=10,none<=10
89,"(move+1,skip(v=0))","(move-1,skip(v=0),flip)","p3(0, 'x', 1)",3,1,10,none<=10,none<=10,none<=10,none<=10
89,"(move+1,skip(v=0))","(move-1,skip(v=0),flip)","p3(0, 'x', 1)",3,2,10,none<=10,none<=10,none<=10,none<=10
89,"(move+1,skip(v=0))","(move-1,skip(v=0),flip)","p3(1, 0, 'x')",3,0,10,none<=10,none<=10,none<=10,none<=10
89,"(move+1,skip(v=0))","(move-1,skip(v=0),flip)","p3(1, 0, 'x')",3,1,10,none<=10,none<=10,none<=10,none<=10
89,"(move+1,skip(v=0))","(move-1,skip(v=0),flip)","p3(1, 0, 'x')",3,2,10,none<=10,none<=10,none<=10,none<=10
89,"(move+1,skip(v=0))","(move-1,skip(v=0),flip)","p3('x', 0, 0)",3,0,10,none<=10,none<=10,none<=10,none<=10
89,"(move+1,skip(v=0))","(move-1,skip(v=0),flip)","p3('x', 0, 0)",3,1,10,none<=10,none<=10,none<=10,none<=10
89,"(move+1,skip(v=0))","(move-1,skip(v=0),flip)","p3('x', 0, 0)",3,2,10,none<=10,none<=10,none<=10,none<=10
89,"(move+1,skip(v=0))","(move-1,skip(v=0),flip)","p3(0, 'x', 0)",3,0,10,none<=10,none<=10,none<=10,none<=10
89,"(move+1,skip(v=0))","(move-1,skip(v=0),flip)","p3(0, 'x', 0)",3,1,10,none<=10,none<=10,none<=10,none<=10
89,"(move+1,skip(v=0))","(move-1,skip(v=0),flip)","p3(0, 'x', 0)",3,2,10,none<=10,none<=10,none<=10,none<=10
89,"(move+1,skip(v=0))","(move-1,skip(v=0),flip)","p3(0, 0, 'x')",3,0,10,none<=10,none<=10,none<=10,none<=10
89,"(move+1,skip(v=0))","(move-1,skip(v=0),flip)","p3(0, 0, 'x')",3,1,10,none<=10,none<=10,none<=10,none<=10
89,"(move+1,skip(v=0))","(move-1,skip(v=0),flip)","p3(0, 0, 'x')",3,2,10,none<=10,none<=10,none<=10,none<=10
89,"(move+1,skip(v=0))","(move-1,skip(v=0),flip)","p3('x', 1, 1)",3,0,10,none<=10,none<=10,none<=10,none<=10
89,"(move+1,skip(v=0))","(move-1,skip(v=0),flip)","p3('x', 1, 1)",3,1,10,none<=10,none<=10,none<=10,none<=10
89,"(move+1,skip(v=0))","(move-1,skip(v=0),flip)","p3('x', 1, 1)",3,2,10,none<=10,none<=10,none<=10,none<=10
89,"(move+1,skip(v=0))","(move-1,skip(v=0),flip)","p3(1, 'x', 1)",3,0,10,none<=10,none<=10,none<=10,none<=10
89,"(move+1,skip(v=0))","(move-1,skip(v=0),flip)","p3(1, 'x', 1)",3,1,10,none<=10,none<=10,none<=10,none<=10
89,"(move+1,skip(v=0))","(move-1,skip(v=0),flip)","p3(1, 'x', 1)",3,2,10,none<=10,none<=10,none<=10,none<=10
89,"(move+1,skip(v=0))","(move-1,skip(v=0),flip)","p3(1, 1, 'x')",3,0,10,none<=10,none<=10,none<=10,none<=10
89,"(move+1,skip(v=0))","(move-1,skip(v=0),flip)","p3(1, 1, 'x')",3,1,10,none<=10,none<=10,none<=10,none<=10
89,"(move+1,skip(v=0))","(move-1,skip(v=0),flip)","p3(1, 1, 'x')",3,2,10,none<=10,none<=10,none<=10,none<=10
90,"(move+1,skip(v=0))","(flip,skip(v=0),move-1)",none,1,0,10,none<=10,none<=10,none<=10,none<=10
90,"(move+1,skip(v=0))","(flip,skip(v=0),move-1)","(x,xbar)",2,0,10,none<=10,none<=10,none<=10,none<=10
90,"(move+1,skip(v=0))","(flip,skip(v=0),move-1)","(x,xbar)",2,1,10,none<=10,none<=10,none<=10,none<=10
90,"(move+1,skip(v=0))","(flip,skip(v=0),move-1)","(xbar,x)",2,0,10,none<=10,none<=10,none<=10,none<=10
90,"(move+1,skip(v=0))","(flip,skip(v=0),move-1)","(xbar,x)",2,1,10,none<=10,none<=10,none<=10,none<=10
90,"(move+1,skip(v=0))","(flip,skip(v=0),move-1)","(x,1)",2,0,10,none<=10,none<=10,none<=10,none<=10
90,"(move+1,skip(v=0))","(flip,skip(v=0),move-1)","(x,1)",2,1,10,none<=10,none<=10,none<=10,none<=10
90,"(move+1,skip(v=0))","(flip,skip(v=0),move-1)","(1,x)",2,0,10,none<=10,none<=10,none<=10,none<=10
90,"(move+1,skip(v=0))","(flip,skip(v=0),move-1)","(1,x)",2,1,10,none<=10,none<=10,none<=10,none<=10
90,"(move+1,skip(v=0))","(flip,skip(v=0),move-1)","(x,0)",2,0,10,none<=10,none<=10,none<=10,none<=10
90,"(move+1,skip(v=0))","(flip,skip(v=0),move-1)","(x,0)",2,1,10,none<=10,none<=10,none<=10,none<=10
90,"(move+1,skip(v=0))","(flip,skip(v=0),move-1)","(0,x)",2,0,10,none<=10,none<=10,none<=10,none<=10
90,"(move+1,skip(v=0))","(flip,skip(v=0),move-1)","(0,x)",2,1,10,none<=10,none<=10,none<=10,none<=10
90,"(move+1,skip(v=0))","(flip,skip(v=0),move-1)","p3('x', 0, 1)",3,0,10,none<=10,none<=10,none<=10,none<=10
90,"(move+1,skip(v=0))","(flip,skip(v=0),move-1)","p3('x', 0, 1)",3,1,10,none<=10,none<=10,none<=10,none<=10
90,"(move+1,skip(v=0))","(flip,skip(v=0),move-1)","p3('x', 0, 1)",3,2,10,none<=10,none<=10,none<=10,none<=10
90,"(move+1,skip(v=0))","(flip,skip(v=0),move-1)","p3(1, 'x', 0)",3,0,10,none<=10,none<=10,none<=10,none<=10
90,"(move+1,skip(v=0))","(flip,skip(v=0),move-1)","p3(1, 'x', 0)",3,1,10,none<=10,none<=10,none<=10,none<=10
90,"(move+1,skip(v=0))","(flip,skip(v=0),move-1)","p3(1, 'x', 0)",3,2,10,none<=10,none<=10,none<=10,none<=10
90,"(move+1,skip(v=0))","(flip,skip(v=0),move-1)","p3(0, 1, 'x')",3,0,10,none<=10,none<=10,none<=10,none<=10
90,"(move+1,skip(v=0))","(flip,skip(v=0),move-1)","p3(0, 1, 'x')",3,1,10,none<=10,none<=10,none<=10,none<=10
90,"(move+1,skip(v=0))","(flip,skip(v=0),move-1)","p3(0, 1, 'x')",3,2,10,none<=10,none<=10,none<=10,none<=10
90,"(move+1,skip(v=0))","(flip,skip(v=0),move-1)","p3('x', 1, 0)",3,0,10,none<=10,none<=10,none<=10,none<=10
90,"(move+1,skip(v=0))","(flip,skip(v=0),move-1)","p3('x', 1, 0)",3,1,10,none<=10,none<=10,none<=10,none<=10
90,"(move+1,skip(v=0))","(flip,skip(v=0),move-1)","p3('x', 1, 0)",3,2,10,none<=10,none<=10,none<=10,none<=10
90,"(move+1,skip(v=0))","(flip,skip(v=0),move-1)","p3(0, 'x', 1)",3,0,10,none<=10,none<=10,none<=10,none<=10
90,"(move+1,skip(v=0))","(flip,skip(v=0),move-1)","p3(0, 'x', 1)",3,1,10,none<=10,none<=10,none<=10,none<=10
90,"(move+1,skip(v=0))","(flip,skip(v=0),move-1)","p3(0, 'x', 1)",3,2,10,none<=10,none<=10,none<=10,none<=10
90,"(move+1,skip(v=0))","(flip,skip(v=0),move-1)","p3(1, 0, 'x')",3,0,10,none<=10,none<=10,none<=10,none<=10
90,"(move+1,skip(v=0))","(flip,skip(v=0),move-1)","p3(1, 0, 'x')",3,1,10,none<=10,none<=10,none<=10,none<=10
90,"(move+1,skip(v=0))","(flip,skip(v=0),move-1)","p3(1, 0, 'x')",3,2,10,none<=10,none<=10,none<=10,none<=10
90,"(move+1,skip(v=0))","(flip,skip(v=0),move-1)","p3('x', 0, 0)",3,0,10,none<=10,none<=10,none<=10,none<=10
90,"(move+1,skip(v=0))","(flip,skip(v=0),move-1)","p3('x', 0, 0)",3,1,10,none<=10,none<=10,none<=10,none<=10
90,"(move+1,skip(v=0))","(flip,skip(v=0),move-1)","p3('x', 0, 0)",3,2,10,none<=10,none<=10,none<=10,none<=10
90,"(move+1,skip(v=0))","(flip,skip(v=0),move-1)","p3(0, 'x', 0)",3,0,10,none<=10,none<=10,none<=10,none<=10
90,"(move+1,skip(v=0))","(flip,skip(v=0),move-1)","p3(0, 'x', 0)",3,1,10,none<=10,none<=10,none<=10,none<=10
90,"(move+1,skip(v=0))","(flip,skip(v=0),move-1)","p3(0, 'x', 0)",3,2,10,none<=10,none<=10,none<=10,none<=10
90,"(move+1,skip(v=0))","(flip,skip(v=0),move-1)","p3(0, 0, 'x')",3,0,10,none<=10,none<=10,none<=10,none<=10
90,"(move+1,skip(v=0))","(flip,skip(v=0),move-1)","p3(0, 0, 'x')",3,1,10,none<=10,none<=10,none<=10,none<=10
90,"(move+1,skip(v=0))","(flip,skip(v=0),move-1)","p3(0, 0, 'x')",3,2,10,none<=10,none<=10,none<=10,none<=10
90,"(move+1,skip(v=0))","(flip,skip(v=0),move-1)","p3('x', 1, 1)",3,0,10,none<=10,none<=10,none<=10,none<=10
90,"(move+1,skip(v=0))","(flip,skip(v=0),move-1)","p3('x', 1, 1)",3,1,10,none<=10,none<=10,none<=10,none<=10
90,"(move+1,skip(v=0))","(flip,skip(v=0),move-1)","p3('x', 1, 1)",3,2,10,none<=10,none<=10,none<=10,none<=10
90,"(move+1,skip(v=0))","(flip,skip(v=0),move-1)","p3(1, 'x', 1)",3,0,10,none<=10,none<=10,none<=10,none<=10
90,"(move+1,skip(v=0))","(flip,skip(v=0),move-1)","p3(1, 'x', 1)",3,1,10,none<=10,none<=10,none<=10,none<=10
90,"(move+1,skip(v=0))","(flip,skip(v=0),move-1)","p3(1, 'x', 1)",3,2,10,none<=10,none<=10,none<=10,none<=10
90,"(move+1,skip(v=0))","(flip,skip(v=0),move-1)","p3(1, 1, 'x')",3,0,10,none<=10,none<=10,none<=10,none<=10
90,"(move+1,skip(v=0))","(flip,skip(v=0),move-1)","p3(1, 1, 'x')",3,1,10,none<=10,none<=10,none<=10,none<=10
90,"(move+1,skip(v=0))","(flip,skip(v=0),move-1)","p3(1, 1, 'x')",3,2,10,none<=10,none<=10,none<=10,none<=10
91,"(move+1,skip(v=0))","(flip,move-1,skip(v=0))",none,1,0,10,none<=10,none<=10,none<=10,none<=10
91,"(move+1,skip(v=0))","(flip,move-1,skip(v=0))","(x,xbar)",2,0,10,none<=10,none<=10,none<=10,none<=10
91,"(move+1,skip(v=0))","(flip,move-1,skip(v=0))","(x,xbar)",2,1,10,none<=10,none<=10,none<=10,none<=10
91,"(move+1,skip(v=0))","(flip,move-1,skip(v=0))","(xbar,x)",2,0,10,none<=10,none<=10,none<=10,none<=10
91,"(move+1,skip(v=0))","(flip,move-1,skip(v=0))","(xbar,x)",2,1,10,none<=10,none<=10,none<=10,none<=10
91,"(move+1,skip(v=0))","(flip,move-1,skip(v=0))","(x,1)",2,0,10,none<=10,none<=10,none<=10,none<=10
91,"(move+1,skip(v=0))","(flip,move-1,skip(v=0))","(x,1)",2,1,10,none<=10,none<=10,none<=10,none<=10
91,"(move+1,skip(v=0))","(flip,move-1,skip(v=0))","(1,x)",2,0,10,none<=10,none<=10,none<=10,none<=10
91,"(move+1,skip(v=0))","(flip,move-1,skip(v=0))","(1,x)",2,1,10,none<=10,none<=10,none<=10,none<=10
91,"(move+1,skip(v=0))","(flip,move-1,skip(v=0))","(x,0)",2,0,10,none<=10,none<=10,none<=10,none<=10
91,"(move+1,skip(v=0))","(flip,move-1,skip(v=0))","(x,0)",2,1,10,none<=10,none<=10,none<=10,none<=10
91,"(move+1,skip(v=0))","(flip,move-1,skip(v=0))","(0,x)",2,0,10,none<=10,none<=10,none<=10,none<=10
91,"(move+1,skip(v=0))","(flip,move-1,skip(v=0))","(0,x)",2,1,10,none<=10,none<=10,none<=10,none<=10
91,"(move+1,skip(v=0))","(flip,move-1,skip(v=0))","p3('x', 0, 1)",3,0,10,none<=10,none<=10,none<=10,none<=10
91,"(move+1,skip(v=0))","(flip,move-1,skip(v=0))","p3('x', 0, 1)",3,1,10,none<=10,none<=10,none<=10,none<=10
91,"(move+1,skip(v=0))","(flip,move-1,skip(v=0))","p3('x', 0, 1)",3,2,10,none<=10,none<=10,none<=10,none<=10
91,"(move+1,skip(v=0))","(flip,move-1,skip(v=0))","p3(1, 'x', 0)",3,0,10,none<=10,none<=10,none<=10,none<=10
91,"(move+1,skip(v=0))","(flip,move-1,skip(v=0))","p3(1, 'x', 0)",3,1,10,none<=10,none<=10,none<=10,none<=10
91,"(move+1,skip(v=0))","(flip,move-1,skip(v=0))","p3(1, 'x', 0)",3,2,10,none<=10,none<=10,none<=10,none<=10
91,"(move+1,skip(v=0))","(flip,move-1,skip(v=0))","p3(0, 1, 'x')",3,0,10,none<=10,none<=10,none<=10,none<=10
91,"(move+1,skip(v=0))","(flip,move-1,skip(v=0))","p3(0, 1, 'x')",3,1,10,none<=10,none<=10,none<=10,none<=10
91,"(move+1,skip(v=0))","(flip,move-1,skip(v=0))","p3(0, 1, 'x')",3,2,10,none<=10,none<=10,none<=10,none<=10
91,"(move+1,skip(v=0))","(flip,move-1,skip(v=0))","p3('x', 1, 0)",3,0,10,none<=10,none<=10,none<=10,none<=10
91,"(move+1,skip(v=0))","(flip,move-1,skip(v=0))","p3('x', 1, 0)",3,1,10,none<=10,none<=10,none<=10,none<=10
91,"(move+1,skip(v=0))","(flip,move-1,skip(v=0))","p3('x', 1, 0)",3,2,10,none<=10,none<=10,none<=10,none<=10
91,"(move+1,skip(v=0))","(flip,move-1,skip(v=0))","p3(0, 'x', 1)",3,0,10,none<=10,none<=10,none<=10,none<=10
91,"(move+1,skip(v=0))","(flip,move-1,skip(v=0))","p3(0, 'x', 1)",3,1,10,none<=10,none<=10,none<=10,none<=10
91,"(move+1,skip(v=0))","(flip,move-1,skip(v=0))","p3(0, 'x', 1)",3,2,10,none<=10,none<=10,none<=10,none<=10
91,"(move+1,skip(v=0))","(flip,move-1,skip(v=0))","p3(1, 0, 'x')",3,0,10,none<=10,none<=10,none<=10,none<=10
91,"(move+1,skip(v=0))","(flip,move-1,skip(v=0))","p3(1, 0, 'x')",3,1,10,none<=10,none<=10,none<=10,none<=10
91,"(move+1,skip(v=0))","(flip,move-1,skip(v=0))","p3(1, 0, 'x')",3,2,10,none<=10,none<=10,none<=10,none<=10
91,"(move+1,skip(v=0))","(flip,move-1,skip(v=0))","p3('x', 0, 0)",3,0,10,none<=10,none<=10,none<=10,none<=10
91,"(move+1,skip(v=0))","(flip,move-1,skip(v=0))","p3('x', 0, 0)",3,1,10,none<=10,none<=10,none<=10,none<=10
91,"(move+1,skip(v=0))","(flip,move-1,skip(v=0))","p3('x', 0, 0)",3,2,10,none<=10,none<=10,none<=10,none<=10
91,"(move+1,skip(v=0))","(flip,move-1,skip(v=0))","p3(0, 'x', 0)",3,0,10,none<=10,none<=10,none<=10,none<=10
91,"(move+1,skip(v=0))","(flip,move-1,skip(v=0))","p3(0, 'x', 0)",3,1,10,none<=10,none<=10,none<=10,none<=10
91,"(move+1,skip(v=0))","(flip,move-1,skip(v=0))","p3(0, 'x', 0)",3,2,10,none<=10,none<=10,none<=10,none<=10
91,"(move+1,skip(v=0))","(flip,move-1,skip(v=0))","p3(0, 0, 'x')",3,0,10,none<=10,none<=10,none<=10,none<=10
91,"(move+1,skip(v=0))","(flip,move-1,skip(v=0))","p3(0, 0, 'x')",3,1,10,none<=10,none<=10,none<=10,none<=10
91,"(move+1,skip(v=0))","(flip,move-1,skip(v=0))","p3(0, 0, 'x')",3,2,10,none<=10,none<=10,none<=10,none<=10
91,"(move+1,skip(v=0))","(flip,move-1,skip(v=0))","p3('x', 1, 1)",3,0,10,none<=10,none<=10,none<=10,none<=10
91,"(move+1,skip(v=0))","(flip,move-1,skip(v=0))","p3('x', 1, 1)",3,1,10,none<=10,none<=10,none<=10,none<=10
91,"(move+1,skip(v=0))","(flip,move-1,skip(v=0))","p3('x', 1, 1)",3,2,10,none<=10,none<=10,none<=10,none<=10
91,"(move+1,skip(v=0))","(flip,move-1,skip(v=0))","p3(1, 'x', 1)",3,0,10,none<=10,none<=10,none<=10,none<=10
91,"(move+1,skip(v=0))","(flip,move-1,skip(v=0))","p3(1, 'x', 1)",3,1,10,none<=10,none<=10,none<=10,none<=10
91,"(move+1,skip(v=0))","(flip,move-1,skip(v=0))","p3(1, 'x', 1)",3,2,10,none<=10,none<=10,none<=10,none<=10
91,"(move+1,skip(v=0))","(flip,move-1,skip(v=0))","p3(1, 1, 'x')",3,0,10,none<=10,none<=10,none<=10,none<=10
91,"(move+1,skip(v=0))","(flip,move-1,skip(v=0))","p3(1, 1, 'x')",3,1,10,none<=10,none<=10,none<=10,none<=10
91,"(move+1,skip(v=0))","(flip,move-1,skip(v=0))","p3(1, 1, 'x')",3,2,10,none<=10,none<=10,none<=10,none<=10
92,"(move+1,skip(v=0))","(skip(v=1),move-1,flip)",none,1,0,10,none<=10,none<=10,none<=10,none<=10
92,"(move+1,skip(v=0))","(skip(v=1),move-1,flip)","(x,xbar)",2,0,10,none<=10,none<=10,none<=10,none<=10
92,"(move+1,skip(v=0))","(skip(v=1),move-1,flip)","(x,xbar)",2,1,10,none<=10,none<=10,none<=10,none<=10
92,"(move+1,skip(v=0))","(skip(v=1),move-1,flip)","(xbar,x)",2,0,10,none<=10,none<=10,none<=10,none<=10
92,"(move+1,skip(v=0))","(skip(v=1),move-1,flip)","(xbar,x)",2,1,10,none<=10,none<=10,none<=10,none<=10
92,"(move+1,skip(v=0))","(skip(v=1),move-1,flip)","(x,1)",2,0,10,none<=10,none<=10,none<=10,none<=10
92,"(move+1,skip(v=0))","(skip(v=1),move-1,flip)","(x,1)",2,1,10,none<=10,none<=10,none<=10,none<=10
92,"(move+1,skip(v=0))","(skip(v=1),move-1,flip)","(1,x)",2,0,10,none<=10,none<=10,none<=10,none<=10
92,"(move+1,skip(v=0))","(skip(v=1),move-1,flip)","(1,x)",2,1,10,none<=10,none<=10,none<=10,none<=10
92,"(move+1,skip(v=0))","(skip(v=1),move-1,flip)","(x,0)",2,0,10,none<=10,none<=10,none<=10,none<=10
92,"(move+1,skip(v=0))","(skip(v=1),move-1,flip)","(x,0)",2,1,10,none<=10,none<=10,none<=10,none<=10
92,"(move+1,skip(v=0))","(skip(v=1),move-1,flip)","(0,x)",2,0,10,none<=10,none<=10,none<=10,none<=10
92,"(move+1,skip(v=0))","(skip(v=1),move-1,flip)","(0,x)",2,1,10,none<=10,none<=10,none<=10,none<=10
92,"(move+1,skip(v=0))","(skip(v=1),move-1,flip)","p3('x', 0, 1)",3,0,10,none<=10,none<=10,none<=10,none<=10
92,"(move+1,skip(v=0))","(skip(v=1),move-1,flip)","p3('x', 0, 1)",3,1,10,none<=10,none<=10,none<=10,none<=10
92,"(move+1,skip(v=0))","(skip(v=1),move-1,flip)","p3('x', 0, 1)",3,2,10,none<=10,none<=10,none<=10,none<=10
92,"(move+1,skip(v=0))","(skip(v=1),move-1,flip)","p3(1, 'x', 0)",3,0,10,none<=10,none<=10,none<=10,none<=10
92,"(move+1,skip(v=0))","(skip(v=1),move-1,flip)","p3(1, 'x', 0)",3,1,10,none<=10,none<=10,none<=10,none<=10
92,"(move+1,skip(v=0))","(skip(v=1),move-1,flip)","p3(1, 'x', 0)",3,2,10,none<=10,none<=10,none<=10,none<=10
92,"(move+1,skip(v=0))","(skip(v=1),move-1,flip)","p3(0, 1, 'x')",3,0,10,none<=10,none<=10,none<=10,none<=10
92,"(move+1,skip(v=0))","(skip(v=1),move-1,flip)","p3(0, 1, 'x')",3,1,10,none<=10,none<=10,none<=10,none<=10
92,"(move+1,skip(v=0))","(skip(v=1),move-1,flip)","p3(0, 1, 'x')",3,2,10,none<=10,none<=10,none<=10,none<=10
92,"(move+1,skip(v=0))","(skip(v=1),move-1,flip)","p3('x', 1, 0)",3,0,10,none<=10,none<=10,none<=10,none<=10
92,"(move+1,skip(v=0))","(skip(v=1),move-1,flip)","p3('x', 1, 0)",3,1,10,none<=10,none<=10,none<=10,none<=10
92,"(move+1,skip(v=0))","(skip(v=1),move-1,flip)","p3('x', 1, 0)",3,2,10,none<=10,none<=10,none<=10,none<=10
92,"(move+1,skip(v=0))","(skip(v=1),move-1,flip)","p3(0, 'x', 1)",3,0,10,none<=10,none<=10,none<=10,none<=10
92,"(move+1,skip(v=0))","(skip(v=1),move-1,flip)","p3(0, 'x', 1)",3,1,10,none<=10,none<=10,none<=10,none<=10
92,"(move+1,skip(v=0))","(skip(v=1),move-1,flip)","p3(0, 'x', 1)",3,2,10,none<=10,none<=10,none<=10,none<=10
92,"(move+1,skip(v=0))","(skip(v=1),move-1,flip)","p3(1, 0, 'x')",3,0,10,none<=10,none<=10,none<=10,none<=10
92,"(move+1,skip(v=0))","(skip(v=1),move-1,flip)","p3(1, 0, 'x')",3,1,10,none<=10,none<=10,none<=10,none<=10
92,"(move+1,skip(v=0))","(skip(v=1),move-1,flip)","p3(1, 0, 'x')",3,2,10,none<=10,none<=10,none<=10,none<=10
92,"(move+1,skip(v=0))","(skip(v=1),move-1,flip)","p3('x', 0, 0)",3,0,10,none<=10,none<=10,none<=10,none<=10
92,"(move+1,skip(v=0))","(skip(v=1),move-1,flip)","p3('x', 0, 0)",3,1,10,none<=10,none<=10,none<=10,none<=10
92,"(move+1,skip(v=0))","(skip(v=1),move-1,flip)","p3('x', 0, 0)",3,2,10,none<=10,none<=10,none<=10,none<=10
92,"(move+1,skip(v=0))","(skip(v=1),move-1,flip)","p3(0, 'x', 0)",3,0,10,none<=10,none<=10,none<=10,none<=10
92,"(move+1,skip(v=0))","(skip(v=1),move-1,flip)","p3(0, 'x', 0)",3,1,10,none<=10,none<=10,none<=10,none<=10
92,"(move+1,skip(v=0))","(skip(v=1),move-1,flip)","p3(0, 'x', 0)",3,2,10,none<=10,none<=10,none<=10,none<=10
92,"(move+1,skip(v=0))","(skip(v=1),move-1,flip)","p3(0, 0, 'x')",3,0,10,none<=10,none<=10,none<=10,none<=10
92,"(move+1,skip(v=0))","(skip(v=1),move-1,flip)","p3(0, 0, 'x')",3,1,10,none<=10,none<=10,none<=10,none<=10
92,"(move+1,skip(v=0))","(skip(v=1),move-1,flip)","p3(0, 0, 'x')",3,2,10,none<=10,none<=10,none<=10,none<=10
92,"(move+1,skip(v=0))","(skip(v=1),move-1,flip)","p3('x', 1, 1)",3,0,10,none<=10,none<=10,none<=10,none<=10
92,"(move+1,skip(v=0))","(skip(v=1),move-1,flip)","p3('x', 1, 1)",3,1,10,none<=10,none<=10,none<=10,none<=10
92,"(move+1,skip(v=0))","(skip(v=1),move-1,flip)","p3('x', 1, 1)",3,2,10,none<=10,none<=10,none<=10,none<=10
92,"(move+1,skip(v=0))","(skip(v=1),move-1,flip)","p3(1, 'x', 1)",3,0,10,none<=10,none<=10,none<=10,none<=10
92,"(move+1,skip(v=0))","(skip(v=1),move-1,flip)","p3(1, 'x', 1)",3,1,10,none<=10,none<=10,none<=10,none<=10
92,"(move+1,skip(v=0))","(skip(v=1),move-1,flip)","p3(1, 'x', 1)",3,2,10,none<=10,none<=10,none<=10,none<=10
92,"(move+1,skip(v=0))","(skip(v=1),move-1,flip)","p3(1, 1, 'x')",3,0,10,none<=10,none<=10,none<=10,none<=10
92,"(move+1,skip(v=0))","(skip(v=1),move-1,flip)","p3(1, 1, 'x')",3,1,10,none<=10,none<=10,none<=10,none<=10
92,"(move+1,skip(v=0))","(skip(v=1),move-1,flip)","p3(1, 1, 'x')",3,2,10,none<=10,none<=10,none<=10,none<=10
93,"(move+1,skip(v=0))","(flip,move-1,skip(v=1))",none,1,0,10,none<=10,none<=10,none<=10,none<=10
93,"(move+1,skip(v=0))","(flip,move-1,skip(v=1))","(x,xbar)",2,0,10,none<=10,none<=10,none<=10,none<=10
93,"(move+1,skip(v=0))","(flip,move-1,skip(v=1))","(x,xbar)",2,1,10,none<=10,none<=10,none<=10,none<=10
93,"(move+1,skip(v=0))","(flip,move-1,skip(v=1))","(xbar,x)",2,0,10,none<=10,none<=10,none<=10,none<=10
93,"(move+1,skip(v=0))","(flip,move-1,skip(v=1))","(xbar,x)",2,1,10,none<=10,none<=10,none<=10,none<=10
93,"(move+1,skip(v=0))","(flip,move-1,skip(v=1))","(x,1)",2,0,10,none<=10,none<=10,none<=10,none<=10
93,"(move+1,skip(v=0))","(flip,move-1,skip(v=1))","(x,1)",2,1,10,none<=10,none<=10,none<=10,none<=10
93,"(move+1,skip(v=0))","(flip,move-1,skip(v=1))","(1,x)",2,0,10,none<=10,none<=10,none<=10,none<=10
93,"(move+1,skip(v=0))","(flip,move-1,skip(v=1))","(1,x)",2,1,10,none<=10,none<=10,none<=10,none<=10
93,"(move+1,skip(v=0))","(flip,move-1,skip(v=1))","(x,0)",2,0,10,none<=10,none<=10,none<=10,none<=10
93,"(move+1,skip(v=0))","(flip,move-1,skip(v=1))","(x,0)",2,1,10,none<=10,none<=10,none<=10,none<=10
93,"(move+1,skip(v=0))","(flip,move-1,skip(v=1))","(0,x)",2,0,10,none<=10,none<=10,none<=10,none<=10
93,"(move+1,skip(v=0))","(flip,move-1,skip(v=1))","(0,x)",2,1,10,none<=10,none<=10,none<=10,none<=10
93,"(move+1,skip(v=0))","(flip,move-1,skip(v=1))","p3('x', 0, 1)",3,0,10,none<=10,none<=10,none<=10,none<=10
93,"(move+1,skip(v=0))","(flip,move-1,skip(v=1))","p3('x', 0, 1)",3,1,10,none<=10,none<=10,none<=10,none<=10
93,"(move+1,skip(v=0))","(flip,move-1,skip(v=1))","p3('x', 0, 1)",3,2,10,none<=10,none<=10,none<=10,none<=10
93,"(move+1,skip(v=0))","(flip,move-1,skip(v=1))","p3(1, 'x', 0)",3,0,10,none<=10,none<=10,none<=10,none<=10
93,"(move+1,skip(v=0))","(flip,move-1,skip(v=1))","p3(1, 'x', 0)",3,1,10,none<=10,none<=10,none<=10,none<=10
93,"(move+1,skip(v=0))","(flip,move-1,skip(v=1))","p3(1, 'x', 0)",3,2,10,none<=10,none<=10,none<=10,none<=10
93,"(move+1,skip(v=0))","(flip,move-1,skip(v=1))","p3(0, 1, 'x')",3,0,10,none<=10,none<=10,none<=10,none<=10
93,"(move+1,skip(v=0))","(flip,move-1,skip(v=1))","p3(0, 1, 'x')",3,1,10,none<=10,none<=10,none<=10,none<=10
93,"(move+1,skip(v=0))","(flip,move-1,skip(v=1))","p3(0, 1, 'x')",3,2,10,none<=10,none<=10,none<=10,none<=10
93,"(move+1,skip(v=0))","(flip,move-1,skip(v=1))","p3('x', 1, 0)",3,0,10,none<=10,none<=10,none<=10,none<=10
93,"(move+1,skip(v=0))","(flip,move-1,skip(v=1))","p3('x', 1, 0)",3,1,10,none<=10,none<=10,none<=10,none<=10
93,"(move+1,skip(v=0))","(flip,move-1,skip(v=1))","p3('x', 1, 0)",3,2,10,none<=10,none<=10,none<=10,none<=10
93,"(move+1,skip(v=0))","(flip,move-1,skip(v=1))","p3(0, 'x', 1)",3,0,10,none<=10,none<=10,none<=10,none<=10
93,"(move+1,skip(v=0))","(flip,move-1,skip(v=1))","p3(0, 'x', 1)",3,1,10,none<=10,none<=10,none<=10,none<=10
93,"(move+1,skip(v=0))","(flip,move-1,skip(v=1))","p3(0, 'x', 1)",3,2,10,none<=10,none<=10,none<=10,none<=10
93,"(move+1,skip(v=0))","(flip,move-1,skip(v=1))","p3(1, 0, 'x')",3,0,10,none<=10,none<=10,none<=10,none<=10
93,"(move+1,skip(v=0))","(flip,move-1,skip(v=1))","p3(1, 0, 'x')",3,1,10,none<=10,none<=10,none<=10,none<=10
93,"(move+1,skip(v=0))","(flip,move-1,skip(v=1))","p3(1, 0, 'x')",3,2,10,none<=10,none<=10,none<=10,none<=10
93,"(move+1,skip(v=0))","(flip,move-1,skip(v=1))","p3('x', 0, 0)",3,0,10,none<=10,none<=10,none<=10,none<=10
93,"(move+1,skip(v=0))","(flip,move-1,skip(v=1))","p3('x', 0, 0)",3,1,10,none<=10,none<=10,none<=10,none<=10
93,"(move+1,skip(v=0))","(flip,move-1,skip(v=1))","p3('x', 0, 0)",3,2,10,none<=10,none<=10,none<=10,none<=10
93,"(move+1,skip(v=0))","(flip,move-1,skip(v=1))","p3(0, 'x', 0)",3,0,10,none<=10,none<=10,none<=10,none<=10
93,"(move+1,skip(v=0))","(flip,move-1,skip(v=1))","p3(0, 'x', 0)",3,1,10,none<=10,none<=10,none<=10,none<=10
93,"(move+1,skip(v=0))","(flip,move-1,skip(v=1))","p3(0, 'x', 0)",3,2,10,none<=10,none<=10,none<=10,none<=10
93,"(move+1,skip(v=0))","(flip,move-1,skip(v=1))","p3(0, 0, 'x')",3,0,10,none<=10,none<=10,none<=10,none<=10
93,"(move+1,skip(v=0))","(flip,move-1,skip(v=1))","p3(0, 0, 'x')",3,1,10,none<=10,none<=10,none<=10,none<=10
93,"(move+1,skip(v=0))","(flip,move-1,skip(v=1))","p3(0, 0, 'x')",3,2,10,none<=10,none<=10,none<=10,none<=10
93,"(move+1,skip(v=0))","(flip,move-1,skip(v=1))","p3('x', 1, 1)",3,0,10,none<=10,none<=10,none<=10,none<=10
93,"(move+1,skip(v=0))","(flip,move-1,skip(v=1))","p3('x', 1, 1)",3,1,10,none<=10,none<=10,none<=10,none<=10
93,"(move+1,skip(v=0))","(flip,move-1,skip(v=1))","p3('x', 1, 1)",3,2,10,none<=10,none<=10,none<=10,none<=10
93,"(move+1,skip(v=0))","(flip,move-1,skip(v=1))","p3(1, 'x', 1)",3,0,10,none<=10,none<=10,none<=10,none<=10
93,"(move+1,skip(v=0))","(flip,move-1,skip(v=1))","p3(1, 'x', 1)",3,1,10,none<=10,none<=10,none<=10,none<=10
93,"(move+1,skip(v=0))","(flip,move-1,skip(v=1))","p3(1, 'x', 1)",3,2,10,none<=10,none<=10,none<=10,none<=10
93,"(move+1,skip(v=0))","(flip,move-1,skip(v=1))","p3(1, 1, 'x')",3,0,10,none<=10,none<=10,none<=10,none<=10
93,"(move+1,skip(v=0))","(flip,move-1,skip(v=1))","p3(1, 1, 'x')",3,1,10,none<=10,none<=10,none<=10,none<=10
93,"(move+1,skip(v=0))","(flip,move-1,skip(v=1))","p3(1, 1, 'x')",3,2,10,none<=10,none<=10,none<=10,none<=10
94,"(move+1,skip(v=0))","(move-1(iff=0),flip)",none,1,0,10,none<=10,none<=10,none<=10,none<=10
94,"(move+1,skip(v=0))","(move-1(iff=0),flip)","(x,xbar)",2,0,10,none<=10,none<=10,none<=10,none<=10
94,"(move+1,skip(v=0))","(move-1(iff=0),flip)","(x,xbar)",2,1,10,none<=10,none<=10,none<=10,none<=10
94,"(move+1,skip(v=0))","(move-1(iff=0),flip)","(xbar,x)",2,0,10,none<=10,none<=10,none<=10,none<=10
94,"(move+1,skip(v=0))","(move-1(iff=0),flip)","(xbar,x)",2,1,10,none<=10,none<=10,none<=10,none<=10
94,"(move+1,skip(v=0))","(move-1(iff=0),flip)","(x,1)",2,0,10,none<=10,none<=10,none<=10,none<=10
94,"(move+1,skip(v=0))","(move-1(iff=0),flip)","(x,1)",2,1,10,none<=10,none<=10,none<=10,none<=10
94,"(move+1,skip(v=0))","(move-1(iff=0),flip)","(1,x)",2,0,10,none<=10,none<=10,none<=10,none<=10
94,"(move+1,skip(v=0))","(move-1(iff=0),flip)","(1,x)",2,1,10,none<=10,none<=10,none<=10,none<=10
94,"(move+1,skip(v=0))","(move-1(iff=0),flip)","(x,0)",2,0,10,none<=10,none<=10,none<=10,none<=10
94,"(move+1,skip(v=0))","(move-1(iff=0),flip)","(x,0)",2,1,10,none<=10,none<=10,none<=10,none<=10
94,"(move+1,skip(v=0))","(move-1(iff=0),flip)","(0,x)",2,0,10,none<=10,none<=10,none<=10,none<=10
94,"(move+1,skip(v=0))","(move-1(iff=0),flip)","(0,x)",2,1,10,none<=10,none<=10,none<=10,none<=10
94,"(move+1,skip(v=0))","(move-1(iff=0),flip)","p3('x', 0, 1)",3,0,10,none<=10,none<=10,none<=10,none<=10
94,"(move+1,skip(v=0))","(move-1(iff=0),flip)","p3('x', 0, 1)",3,1,10,none<=10,none<=10,none<=10,none<=10
94,"(move+1,skip(v=0))","(move-1(iff=0),flip)","p3('x', 0, 1)",3,2,10,none<=10,none<=10,none<=10,none<=10
94,"(move+1,skip(v=0))","(move-1(iff=0),flip)","p3(1, 'x', 0)",3,0,10,none<=10,none<=10,none<=10,none<=10
94,"(move+1,skip(v=0))","(move-1(iff=0),flip)","p3(1, 'x', 0)",3,1,10,none<=10,none<=10,none<=10,none<=10
94,"(move+1,skip(v=0))","(move-1(iff=0),flip)","p3(1, 'x', 0)",3,2,10,none<=10,none<=10,none<=10,none<=10
94,"(move+1,skip(v=0))","(move-1(iff=0),flip)","p3(0, 1, 'x')",3,0,10,none<=10,none<=10,none<=10,none<=10
94,"(move+1,skip(v=0))","(move-1(iff=0),flip)","p3(0, 1, 'x')",3,1,10,none<=10,none<=10,none<=10,none<=10
94,"(move+1,skip(v=0))","(move-1(iff=0),flip)","p3(0, 1, 'x')",3,2,10,none<=10,none<=10,none<=10,none<=10
94,"(move+1,skip(v=0))","(move-1(iff=0),flip)","p3('x', 1, 0)",3,0,10,none<=10,none<=10,none<=10,none<=10
94,"(move+1,skip(v=0))","(move-1(iff=0),flip)","p3('x', 1, 0)",3,1,10,none<=10,none<=10,none<=10,none<=10
94,"(move+1,skip(v=0))","(move-1(iff=0),flip)","p3('x', 1, 0)",3,2,10,none<=10,none<=10,none<=10,none<=10
94,"(move+1,skip(v=0))","(move-1(iff=0),flip)","p3(0, 'x', 1)",3,0,10,none<=10,none<=10,none<=10,none<=10
94,"(move+1,skip(v=0))","(move-1(iff=0),flip)","p3(0, 'x', 1)",3,1,10,none<=10,none<=10,none<=10,none<=10
94,"(move+1,skip(v=0))","(move-1(iff=0),flip)","p3(0, 'x', 1)",3,2,10,none<=10,none<=10,none<=10,none<=10
94,"(move+1,skip(v=0))","(move-1(iff=0),flip)","p3(1, 0, 'x')",3,0,10,none<=10,none<=10,none<=10,none<=10
94,"(move+1,skip(v=0))","(move-1(iff=0),flip)","p3(1, 0, 'x')",3,1,10,none<=10,none<=10,none<=10,none<=10
94,"(move+1,skip(v=0))","(move-1(iff=0),flip)","p3(1, 0, 'x')",3,2,10,none<=10,none<=10,none<=10,none<=10
94,"(move+1,skip(v=0))","(move-1(iff=0),flip)","p3('x', 0, 0)",3,0,10,none<=10,none<=10,none<=10,none<=10
94,"(move+1,skip(v=0))","(move-1(iff=0),flip)","p3('x', 0, 0)",3,1,10,none<=10,none<=10,none<=10,none<=10
94,"(move+1,skip(v=0))","(move-1(iff=0),flip)","p3('x', 0, 0)",3,2,10,none<=10,none<=10,none<=10,none<=10
94,"(move+1,skip(v=0))","(move-1(iff=0),flip)","p3(0, 'x', 0)",3,0,10,none<=10,none<=10,none<=10,none<=10
94,"(move+1,skip(v=0))","(move-1(iff=0),flip)","p3(0, 'x', 0)",3,1,10,none<=10,none<=10,none<=10,none<=10
94,"(move+1,skip(v=0))","(move-1(iff=0),flip)","p3(0, 'x', 0)",3,2,10,none<=10,none<=10,none<=10,none<=10
94,"(move+1,skip(v=0))","(move-1(iff=0),flip)","p3(0, 0, 'x')",3,0,10,none<=10,none<=10,none<=10,none<=10
94,"(move+1,skip(v=0))","(move-1(iff=0),flip)","p3(0, 0, 'x')",3,1,10,none<=10,none<=10,none<=10,none<=10
94,"(move+1,skip(v=0))","(move-1(iff=0),flip)","p3(0, 0, 'x')",3,2,10,none<=10,none<=10,none<=10,none<=10
94,"(move+1,skip(v=0))","(move-1(iff=0),flip)","p3('x', 1, 1)",3,0,10,none<=10,none<=10,none<=10,none<=10
94,"(move+1,skip(v=0))","(move-1(iff=0),flip)","p3('x', 1, 1)",3,1,10,none<=10,none<=10,none<=10,none<=10
94,"(move+1,skip(v=0))","(move-1(iff=0),flip)","p3('x', 1, 1)",3,2,10,none<=10,none<=10,none<=10,none<=10
94,"(move+1,skip(v=0))","(move-1(iff=0),flip)","p3(1, 'x', 1)",3,0,10,none<=10,none<=10,none<=10,none<=10
94,"(move+1,skip(v=0))","(move-1(iff=0),flip)","p3(1, 'x', 1)",3,1,10,none<=10,none<=10,none<=10,none<=10
94,"(move+1,skip(v=0))","(move-1(iff=0),flip)","p3(1, 'x', 1)",3,2,10,none<=10,none<=10,none<=10,none<=10
94,"(move+1,skip(v=0))","(move-1(iff=0),flip)","p3(1, 1, 'x')",3,0,10,none<=10,none<=10,none<=10,none<=10
94,"(move+1,skip(v=0))","(move-1(iff=0),flip)","p3(1, 1, 'x')",3,1,10,none<=10,none<=10,none<=10,none<=10
94,"(move+1,skip(v=0))","(move-1(iff=0),flip)","p3(1, 1, 'x')",3,2,10,none<=10,none<=10,none<=10,none<=10
95,"(move+1,skip(v=0))","(flip,move-1(iff=0))",none,1,0,10,none<=10,none<=10,none<=10,none<=10
95,"(move+1,skip(v=0))","(flip,move-1(iff=0))","(x,xbar)",2,0,10,none<=10,none<=10,none<=10,none<=10
95,"(move+1,skip(v=0))","(flip,move-1(iff=0))","(x,xbar)",2,1,10,none<=10,none<=10,none<=10,none<=10
95,"(move+1,skip(v=0))","(flip,move-1(iff=0))","(xbar,x)",2,0,10,none<=10,none<=10,none<=10,none<=10
95,"(move+1,skip(v=0))","(flip,move-1(iff=0))","(xbar,x)",2,1,10,none<=10,none<=10,none<=10,none<=10
95,"(move+1,skip(v=0))","(flip,move-1(iff=0))","(x,1)",2,0,10,none<=10,none<=10,none<=10,none<=10
95,"(move+1,skip(v=0))","(flip,move-1(iff=0))","(x,1)",2,1,10,none<=10,none<=10,none<=10,none<=10
95,"(move+1,skip(v=0))","(flip,move-1(iff=0))","(1,x)",2,0,10,none<=10,none<=10,none<=10,none<=10
95,"(move+1,skip(v=0))","(flip,move-1(iff=0))","(1,x)",2,1,10,none<=10,none<=10,none<=10,none<=10
95,"(move+1,skip(v=0))","(flip,move-1(iff=0))","(x,0)",2,0,10,none<=10,none<=10,none<=10,none<=10
95,"(move+1,skip(v=0))","(flip,move-1(iff=0))","(x,0)",2,1,10,none<=10,none<=10,none<=10,none<=10
95,"(move+1,skip(v=0))","(flip,move-1(iff=0))","(0,x)",2,0,10,none<=10,none<=10,none<=10,none<=10
95,"(move+1,skip(v=0))","(flip,move-1(iff=0))","(0,x)",2,1,10,none<=10,none<=10,none<=10,none<=10
95,"(move+1,skip(v=0))","(flip,move-1(iff=0))","p3('x', 0, 1)",3,0,10,none<=10,none<=10,none<=10,none<=10
95,"(move+1,skip(v=0))","(flip,move-1(iff=0))","p3('x', 0, 1)",3,1,10,none<=10,none<=10,none<=10,none<=10
95,"(move+1,skip(v=0))","(flip,move-1(iff=0))","p3('x', 0, 1)",3,2,10,none<=10,none<=10,none<=10,none<=10
95,"(move+1,skip(v=0))","(flip,move-1(iff=0))","p3(1, 'x', 0)",3,0,10,none<=10,none<=10,none<=10,none<=10
95,"(move+1,skip(v=0))","(flip,move-1(iff=0))","p3(1, 'x', 0)",3,1,10,none<=10,none<=10,none<=10,none<=10
95,"(move+1,skip(v=0))","(flip,move-1(iff=0))","p3(1, 'x', 0)",3,2,10,none<=10,none<=10,none<=10,none<=10
95,"(move+1,skip(v=0))","(flip,move-1(iff=0))","p3(0, 1, 'x')",3,0,10,none<=10,none<=10,none<=10,none<=10
95,"(move+1,skip(v=0))","(flip,move-1(iff=0))","p3(0, 1, 'x')",3,1,10,none<=10,none<=10,none<=10,none<=10
95,"(move+1,skip(v=0))","(flip,move-1(iff=0))","p3(0, 1, 'x')",3,2,10,none<=10,none<=10,none<=10,none<=10
95,"(move+1,skip(v=0))","(flip,move-1(iff=0))","p3('x', 1, 0)",3,0,10,none<=10,none<=10,none<=10,none<=10
95,"(move+1,skip(v=0))","(flip,move-1(iff=0))","p3('x', 1, 0)",3,1,10,none<=10,none<=10,none<=10,none<=10
95,"(move+1,skip(v=0))","(flip,move-1(iff=0))","p3('x', 1, 0)",3,2,10,none<=10,none<=10,none<=10,none<=10
95,"(move+1,skip(v=0))","(flip,move-1(iff=0))","p3(0, 'x', 1)",3,0,10,none<=10,none<=10,none<=10,none<=10
95,"(move+1,skip(v=0))","(flip,move-1(iff=0))","p3(0, 'x', 1)",3,1,10,none<=10,none<=10,none<=10,none<=10
95,"(move+1,skip(v=0))","(flip,move-1(iff=0))","p3(0, 'x', 1)",3,2,10,none<=10,none<=10,none<=10,none<=10
95,"(move+1,skip(v=0))","(flip,move-1(iff=0))","p3(1, 0, 'x')",3,0,10,none<=10,none<=10,none<=10,none<=10
95,"(move+1,skip(v=0))","(flip,move-1(iff=0))","p3(1, 0, 'x')",3,1,10,none<=10,none<=10,none<=10,none<=10
95,"(move+1,skip(v=0))","(flip,move-1(iff=0))","p3(1, 0, 'x')",3,2,10,none<=10,none<=10,none<=10,none<=10
95,"(move+1,skip(v=0))","(flip,move-1(iff=0))","p3('x', 0, 0)",3,0,10,none<=10,none<=10,none<=10,none<=10
95,"(move+1,skip(v=0))","(flip,move-1(iff=0))","p3('x', 0, 0)",3,1,10,none<=10,none<=10,none<=10,none<=10
95,"(move+1,skip(v=0))","(flip,move-1(iff=0))","p3('x', 0, 0)",3,2,10,none<=10,none<=10,none<=10,none<=10
95,"(move+1,skip(v=0))","(flip,move-1(iff=0))","p3(0, 'x', 0)",3,0,10,none<=10,none<=10,none<=10,none<=10
95,"(move+1,skip(v=0))","(flip,move-1(iff=0))","p3(0, 'x', 0)",3,1,10,none<=10,none<=10,none<=10,none<=10
95,"(move+1,skip(v=0))","(flip,move-1(iff=0))","p3(0, 'x', 0)",3,2,10,none<=10,none<=10,none<=10,none<=10
95,"(move+1,skip(v=0))","(flip,move-1(iff=0))","p3(0, 0, 'x')",3,0,10,none<=10,none<=10,none<=10,none<=10
95,"(move+1,skip(v=0))","(flip,move-1(iff=0))","p3(0, 0, 'x')",3,1,10,none<=10,none<=10,none<=10,none<=10
95,"(move+1,skip(v=0))","(flip,move-1(iff=0))","p3(0, 0, 'x')",3,2,10,none<=10,none<=10,none<=10,none<=10
95,"(move+1,skip(v=0))","(flip,move-1(iff=0))","p3('x', 1, 1)",3,0,10,none<=10,none<=10,none<=10,none<=10
95,"(move+1,skip(v=0))","(flip,move-1(iff=0))","p3('x', 1, 1)",3,1,10,none<=10,none<=10,none<=10,none<=10
95,"(move+1,skip(v=0))","(flip,move-1(iff=0))","p3('x', 1, 1)",3,2,10,none<=10,none<=10,none<=10,none<=10
95,"(move+1,skip(v=0))","(flip,move-1(iff=0))","p3(1, 'x', 1)",3,0,10,none<=10,none<=10,none<=10,none<=10
95,"(move+1,skip(v=0))","(flip,move-1(iff=0))","p3(1, 'x', 1)",3,1,10,none<=10,none<=10,none<=10,none<=10
95,"(move+1,skip(v=0))","(flip,move-1(iff=0))","p3(1, 'x', 1)",3,2,10,none<=10,none<=10,none<=10,none<=10
95,"(move+1,skip(v=0))","(flip,move-1(iff=0))","p3(1, 1, 'x')",3,0,10,none<=10,none<=10,none<=10,none<=10
95,"(move+1,skip(v=0))","(flip,move-1(iff=0))","p3(1, 1, 'x')",3,1,10,none<=10,none<=10,none<=10,none<=10
95,"(move+1,skip(v=0))","(flip,move-1(iff=0))","p3(1, 1, 'x')",3,2,10,none<=10,none<=10,none<=10,none<=10
96,"(move+1,skip(v=0))","(flip,move-1(iff=0),skip(v=0))",none,1,0,10,none<=10,none<=10,none<=10,none<=10
96,"(move+1,skip(v=0))","(flip,move-1(iff=0),skip(v=0))","(x,xbar)",2,0,10,none<=10,none<=10,none<=10,none<=10
96,"(move+1,skip(v=0))","(flip,move-1(iff=0),skip(v=0))","(x,xbar)",2,1,10,none<=10,none<=10,none<=10,none<=10
96,"(move+1,skip(v=0))","(flip,move-1(iff=0),skip(v=0))","(xbar,x)",2,0,10,none<=10,none<=10,none<=10,none<=10
96,"(move+1,skip(v=0))","(flip,move-1(iff=0),skip(v=0))","(xbar,x)",2,1,10,none<=10,none<=10,none<=10,none<=10
96,"(move+1,skip(v=0))","(flip,move-1(iff=0),skip(v=0))","(x,1)",2,0,10,none<=10,none<=10,none<=10,none<=10
96,"(move+1,skip(v=0))","(flip,move-1(iff=0),skip(v=0))","(x,1)",2,1,10,none<=10,none<=10,none<=10,none<=10
96,"(move+1,skip(v=0))","(flip,move-1(iff=0),skip(v=0))","(1,x)",2,0,10,none<=10,none<=10,none<=10,none<=10
96,"(move+1,skip(v=0))","(flip,move-1(iff=0),skip(v=0))","(1,x)",2,1,10,none<=10,none<=10,none<=10,none<=10
96,"(move+1,skip(v=0))","(flip,move-1(iff=0),skip(v=0))","(x,0)",2,0,10,none<=10,none<=10,none<=10,none<=10
96,"(move+1,skip(v=0))","(flip,move-1(iff=0),skip(v=0))","(x,0)",2,1,10,none<=10,none<=10,none<=10,none<=10
96,"(move+1,skip(v=0))","(flip,move-1(iff=0),skip(v=0))","(0,x)",2,0,10,none<=10,none<=10,none<=10,none<=10
96,"(move+1,skip(v=0))","(flip,move-1(iff=0),skip(v=0))","(0,x)",2,1,10,none<=10,none<=10,none<=10,none<=10
96,"(move+1,skip(v=0))","(flip,move-1(iff=0),skip(v=0))","p3('x', 0, 1)",3,0,10,none<=10,none<=10,none<=10,none<=10
96,"(move+1,skip(v=0))","(flip,move-1(iff=0),skip(v=0))","p3('x', 0, 1)",3,1,10,none<=10,none<=10,none<=10,none<=10
96,"(move+1,skip(v=0))","(flip,move-1(iff=0),skip(v=0))","p3('x', 0, 1)",3,2,10,none<=10,none<=10,none<=10,none<=10
96,"(move+1,skip(v=0))","(flip,move-1(iff=0),skip(v=0))","p3(1, 'x', 0)",3,0,10,none<=10,none<=10,none<=10,none<=10
96,"(move+1,skip(v=0))","(flip,move-1(iff=0),skip(v=0))","p3(1, 'x', 0)",3,1,10,none<=10,none<=10,none<=10,none<=10
96,"(move+1,skip(v=0))","(flip,move-1(iff=0),skip(v=0))","p3(1, 'x', 0)",3,2,10,none<=10,none<=10,none<=10,none<=10
96,"(move+1,skip(v=0))","(flip,move-1(iff=0),skip(v=0))","p3(0, 1, 'x')",3,0,10,none<=10,none<=10,none<=10,none<=10
96,"(move+1,skip(v=0))","(flip,move-1(iff=0),skip(v=0))","p3(0, 1, 'x')",3,1,10,none<=10,none<=10,none<=10,none<=10
96,"(move+1,skip(v=0))","(flip,move-1(iff=0),skip(v=0))","p3(0, 1, 'x')",3,2,10,none<=10,none<=10,none<=10,none<=10
96,"(move+1,skip(v=0))","(flip,move-1(iff=0),skip(v=0))","p3('x', 1, 0)",3,0,10,none<=10,none<=10,none<=10,none<=10
96,"(move+1,skip(v=0))","(flip,move-1(iff=0),skip(v=0))","p3('x', 1, 0)",3,1,10,none<=10,none<=10,none<=10,none<=10
96,"(move+1,skip(v=0))","(flip,move-1(iff=0),skip(v=0))","p3('x', 1, 0)",3,2,10,none<=10,none<=10,none<=10,none<=10
96,"(move+1,skip(v=0))","(flip,move-1(iff=0),skip(v=0))","p3(0, 'x', 1)",3,0,10,none<=10,none<=10,none<=10,none<=10
96,"(move+1,skip(v=0))","(flip,move-1(iff=0),skip(v=0))","p3(0, 'x', 1)",3,1,10,none<=10,none<=10,none<=10,none<=10
96,"(move+1,skip(v=0))","(flip,move-1(iff=0),skip(v=0))","p3(0, 'x', 1)",3,2,10,none<=10,none<=10,none<=10,none<=10
96,"(move+1,skip(v=0))","(flip,move-1(iff=0),skip(v=0))","p3(1, 0, 'x')",3,0,10,none<=10,none<=10,none<=10,none<=10
96,"(move+1,skip(v=0))","(flip,move-1(iff=0),skip(v=0))","p3(1, 0, 'x')",3,1,10,none<=10,none<=10,none<=10,none<=10
96,"(move+1,skip(v=0))","(flip,move-1(iff=0),skip(v=0))","p3(1, 0, 'x')",3,2,10,none<=10,none<=10,none<=10,none<=10
96,"(move+1,skip(v=0))","(flip,move-1(iff=0),skip(v=0))","p3('x', 0, 0)",3,0,10,none<=10,none<=10,none<=10,none<=10
96,"(move+1,skip(v=0))","(flip,move-1(iff=0),skip(v=0))","p3('x', 0, 0)",3,1,10,none<=10,none<=10,none<=10,none<=10
96,"(move+1,skip(v=0))","(flip,move-1(iff=0),skip(v=0))","p3('x', 0, 0)",3,2,10,none<=10,none<=10,none<=10,none<=10
96,"(move+1,skip(v=0))","(flip,move-1(iff=0),skip(v=0))","p3(0, 'x', 0)",3,0,10,none<=10,none<=10,none<=10,none<=10
96,"(move+1,skip(v=0))","(flip,move-1(iff=0),skip(v=0))","p3(0, 'x', 0)",3,1,10,none<=10,none<=10,none<=10,none<=10
96,"(move+1,skip(v=0))","(flip,move-1(iff=0),skip(v=0))","p3(0, 'x', 0)",3,2,10,none<=10,none<=10,none<=10,none<=10
96,"(move+1,skip(v=0))","(flip,move-1(iff=0),skip(v=0))","p3(0, 0, 'x')",3,0,10,none<=10,none<=10,none<=10,none<=10
96,"(move+1,skip(v=0))","(flip,move-1(iff=0),skip(v=0))","p3(0, 0, 'x')",3,1,10,none<=10,none<=10,none<=10,none<=10
96,"(move+1,skip(v=0))","(flip,move-1(iff=0),skip(v=0))","p3(0, 0, 'x')",3,2,10,none<=10,none<=10,none<=10,none<=10
96,"(move+1,skip(v=0))","(flip,move-1(iff=0),skip(v=0))","p3('x', 1, 1)",3,0,10,none<=10,none<=10,none<=10,none<=10
96,"(move+1,skip(v=0))","(flip,move-1(iff=0),skip(v=0))","p3('x', 1, 1)",3,1,10,none<=10,none<=10,none<=10,none<=10
96,"(move+1,skip(v=0))","(flip,move-1(iff=0),skip(v=0))","p3('x', 1, 1)",3,2,10,none<=10,none<=10,none<=10,none<=10
96,"(move+1,skip(v=0))","(flip,move-1(iff=0),skip(v=0))","p3(1, 'x', 1)",3,0,10,none<=10,none<=10,none<=10,none<=10
96,"(move+1,skip(v=0))","(flip,move-1(iff=0),skip(v=0))","p3(1, 'x', 1)",3,1,10,none<=10,none<=10,none<=10,none<=10
96,"(move+1,skip(v=0))","(flip,move-1(iff=0),skip(v=0))","p3(1, 'x', 1)",3,2,10,none<=10,none<=10,none<=10,none<=10
96,"(move+1,skip(v=0))","(flip,move-1(iff=0),skip(v=0))","p3(1, 1, 'x')",3,0,10,none<=10,none<=10,none<=10,none<=10
96,"(move+1,skip(v=0))","(flip,move-1(iff=0),skip(v=0))","p3(1, 1, 'x')",3,1,10,none<=10,none<=10,none<=10,none<=10
96,"(move+1,skip(v=0))","(flip,move-1(iff=0),skip(v=0))","p3(1, 1, 'x')",3,2,10,none<=10,none<=10,none<=10,none<=10
97,"(move+1,skip(v=0))","(flip,skip(v=0),move-1(iff=0))",none,1,0,10,none<=10,none<=10,none<=10,none<=10
97,"(move+1,skip(v=0))","(flip,skip(v=0),move-1(iff=0))","(x,xbar)",2,0,10,none<=10,none<=10,none<=10,none<=10
97,"(move+1,skip(v=0))","(flip,skip(v=0),move-1(iff=0))","(x,xbar)",2,1,10,none<=10,none<=10,none<=10,none<=10
97,"(move+1,skip(v=0))","(flip,skip(v=0),move-1(iff=0))","(xbar,x)",2,0,10,none<=10,none<=10,none<=10,none<=10
97,"(move+1,skip(v=0))","(flip,skip(v=0),move-1(iff=0))","(xbar,x)",2,1,10,none<=10,none<=10,none<=10,none<=10
97,"(move+1,skip(v=0))","(flip,skip(v=0),move-1(iff=0))","(x,1)",2,0,10,none<=10,none<=10,none<=10,none<=10
97,"(move+1,skip(v=0))","(flip,skip(v=0),move-1(iff=0))","(x,1)",2,1,10,none<=10,none<=10,none<=10,none<=10
97,"(move+1,skip(v=0))","(flip,skip(v=0),move-1(iff=0))","(1,x)",2,0,10,none<=10,none<=10,none<=10,none<=10
97,"(move+1,skip(v=0))","(flip,skip(v=0),move-1(iff=0))","(1,x)",2,1,10,none<=10,none<=10,none<=10,none<=10
97,"(move+1,skip(v=0))","(flip,skip(v=0),move-1(iff=0))","(x,0)",2,0,10,none<=10,none<=10,none<=10,none<=10
97,"(move+1,skip(v=0))","(flip,skip(v=0),move-1(iff=0))","(x,0)",2,1,10,none<=10,none<=10,none<=10,none<=10
97,"(move+1,skip(v=0))","(flip,skip(v=0),move-1(iff=0))","(0,x)",2,0,10,none<=10,none<=10,none<=10,none<=10
97,"(move+1,skip(v=0))","(flip,skip(v=0),move-1(iff=0))","(0,x)",2,1,10,none<=10,none<=10,none<=10,none<=10
97,"(move+1,skip(v=0))","(flip,skip(v=0),move-1(iff=0))","p3('x', 0, 1)",3,0,10,none<=10,none<=10,none<=10,none<=10
97,"(move+1,skip(v=0))","(flip,skip(v=0),move-1(iff=0))","p3('x', 0, 1)",3,1,10,none<=10,none<=10,none<=10,none<=10
97,"(move+1,skip(v=0))","(flip,skip(v=0),move-1(iff=0))","p3('x', 0, 1)",3,2,10,none<=10,none<=10,none<=10,none<=10
97,"(move+1,skip(v=0))","(flip,skip(v=0),move-1(iff=0))","p3(1, 'x', 0)",3,0,10,none<=10,none<=10,none<=10,none<=10
97,"(move+1,skip(v=0))","(flip,skip(v=0),move-1(iff=0))","p3(1, 'x', 0)",3,1,10,none<=10,none<=10,none<=10,none<=10
97,"(move+1,skip(v=0))","(flip,skip(v=0),move-1(iff=0))","p3(1, 'x', 0)",3,2,10,none<=10,none<=10,none<=10,none<=10
97,"(move+1,skip(v=0))","(flip,skip(v=0),move-1(iff=0))","p3(0, 1, 'x')",3,0,10,none<=10,none<=10,none<=10,none<=10
97,"(move+1,skip(v=0))","(flip,skip(v=0),move-1(iff=0))","p3(0, 1, 'x')",3,1,10,none<=10,none<=10,none<=10,none<=10
97,"(move+1,skip(v=0))","(flip,skip(v=0),move-1(iff=0))","p3(0, 1, 'x')",3,2,10,none<=10,none<=10,none<=10,none<=10
97,"(move+1,skip(v=0))","(flip,skip(v=0),move-1(iff=0))","p3('x', 1, 0)",3,0,10,none<=10,none<=10,none<=10,none<=10
97,"(move+1,skip(v=0))","(flip,skip(v=0),move-1(iff=0))","p3('x', 1, 0)",3,1,10,none<=10,none<=10,none<=10,none<=10
97,"(move+1,skip(v=0))","(flip,skip(v=0),move-1(iff=0))","p3('x', 1, 0)",3,2,10,none<=10,none<=10,none<=10,none<=10
97,"(move+1,skip(v=0))","(flip,skip(v=0),move-1(iff=0))","p3(0, 'x', 1)",3,0,10,none<=10,none<=10,none<=10,none<=10
97,"(move+1,skip(v=0))","(flip,skip(v=0),move-1(iff=0))","p3(0, 'x', 1)",3,1,10,none<=10,none<=10,none<=10,none<=10
97,"(move+1,skip(v=0))","(flip,skip(v=0),move-1(iff=0))","p3(0, 'x', 1)",3,2,10,none<=10,none<=10,none<=10,none<=10
97,"(move+1,skip(v=0))","(flip,skip(v=0),move-1(iff=0))","p3(1, 0, 'x')",3,0,10,none<=10,none<=10,none<=10,none<=10
97,"(move+1,skip(v=0))","(flip,skip(v=0),move-1(iff=0))","p3(1, 0, 'x')",3,1,10,none<=10,none<=10,none<=10,none<=10
97,"(move+1,skip(v=0))","(flip,skip(v=0),move-1(iff=0))","p3(1, 0, 'x')",3,2,10,none<=10,none<=10,none<=10,none<=10
97,"(move+1,skip(v=0))","(flip,skip(v=0),move-1(iff=0))","p3('x', 0, 0)",3,0,10,none<=10,none<=10,none<=10,none<=10
97,"(move+1,skip(v=0))","(flip,skip(v=0),move-1(iff=0))","p3('x', 0, 0)",3,1,10,none<=10,none<=10,none<=10,none<=10
97,"(move+1,skip(v=0))","(flip,skip(v=0),move-1(iff=0))","p3('x', 0, 0)",3,2,10,none<=10,none<=10,none<=10,none<=10
97,"(move+1,skip(v=0))","(flip,skip(v=0),move-1(iff=0))","p3(0, 'x', 0)",3,0,10,none<=10,none<=10,none<=10,none<=10
97,"(move+1,skip(v=0))","(flip,skip(v=0),move-1(iff=0))","p3(0, 'x', 0)",3,1,10,none<=10,none<=10,none<=10,none<=10
97,"(move+1,skip(v=0))","(flip,skip(v=0),move-1(iff=0))","p3(0, 'x', 0)",3,2,10,none<=10,none<=10,none<=10,none<=10
97,"(move+1,skip(v=0))","(flip,skip(v=0),move-1(iff=0))","p3(0, 0, 'x')",3,0,10,none<=10,none<=10,none<=10,none<=10
97,"(move+1,skip(v=0))","(flip,skip(v=0),move-1(iff=0))","p3(0, 0, 'x')",3,1,10,none<=10,none<=10,none<=10,none<=10
97,"(move+1,skip(v=0))","(flip,skip(v=0),move-1(iff=0))","p3(0, 0, 'x')",3,2,10,none<=10,none<=10,none<=10,none<=10
97,"(move+1,skip(v=0))","(flip,skip(v=0),move-1(iff=0))","p3('x', 1, 1)",3,0,10,none<=10,none<=10,none<=10,none<=10
97,"(move+1,skip(v=0))","(flip,skip(v=0),move-1(iff=0))","p3('x', 1, 1)",3,1,10,none<=10,none<=10,none<=10,none<=10
97,"(move+1,skip(v=0))","(flip,skip(v=0),move-1(iff=0))","p3('x', 1, 1)",3,2,10,none<=10,none<=10,none<=10,none<=10
97,"(move+1,skip(v=0))","(flip,skip(v=0),move-1(iff=0))","p3(1, 'x', 1)",3,0,10,none<=10,none<=10,none<=10,none<=10
97,"(move+1,skip(v=0))","(flip,skip(v=0),move-1(iff=0))","p3(1, 'x', 1)",3,1,10,none<=10,none<=10,none<=10,none<=10
97,"(move+1,skip(v=0))","(flip,skip(v=0),move-1(iff=0))","p3(1, 'x', 1)",3,2,10,none<=10,none<=10,none<=10,none<=10
97,"(move+1,skip(v=0))","(flip,skip(v=0),move-1(iff=0))","p3(1, 1, 'x')",3,0,10,none<=10,none<=10,none<=10,none<=10
97,"(move+1,skip(v=0))","(flip,skip(v=0),move-1(iff=0))","p3(1, 1, 'x')",3,1,10,none<=10,none<=10,none<=10,none<=10
97,"(move+1,skip(v=0))","(flip,skip(v=0),move-1(iff=0))","p3(1, 1, 'x')",3,2,10,none<=10,none<=10,none<=10,none<=10
98,"(move+1,skip(v=0))","(skip(v=0),move-1(iff=0),flip)",none,1,0,10,none<=10,none<=10,none<=10,none<=10
98,"(move+1,skip(v=0))","(skip(v=0),move-1(iff=0),flip)","(x,xbar)",2,0,10,none<=10,none<=10,none<=10,none<=10
98,"(move+1,skip(v=0))","(skip(v=0),move-1(iff=0),flip)","(x,xbar)",2,1,10,none<=10,none<=10,none<=10,none<=10
98,"(move+1,skip(v=0))","(skip(v=0),move-1(iff=0),flip)","(xbar,x)",2,0,10,none<=10,none<=10,none<=10,none<=10
98,"(move+1,skip(v=0))","(skip(v=0),move-1(iff=0),flip)","(xbar,x)",2,1,10,none<=10,none<=10,none<=10,none<=10
98,"(move+1,skip(v=0))","(skip(v=0),move-1(iff=0),flip)","(x,1)",2,0,10,none<=10,none<=10,none<=10,none<=10
98,"(move+1,skip(v=0))","(skip(v=0),move-1(iff=0),flip)","(x,1)",2,1,10,none<=10,none<=10,none<=10,none<=10
98,"(move+1,skip(v=0))","(skip(v=0),move-1(iff=0),flip)","(1,x)",2,0,10,none<=10,none<=10,none<=10,none<=10
98,"(move+1,skip(v=0))","(skip(v=0),move-1(iff=0),flip)","(1,x)",2,1,10,none<=10,none<=10,none<=10,none<=10
98,"(move+1,skip(v=0))","(skip(v=0),move-1(iff=0),flip)","(x,0)",2,0,10,none<=10,none<=10,none<=10,none<=10
98,"(move+1,skip(v=0))","(skip(v=0),move-1(iff=0),flip)","(x,0)",2,1,10,none<=10,none<=10,none<=10,none<=10
98,"(move+1,skip(v=0))","(skip(v=0),move-1(iff=0),flip)","(0,x)",2,0,10,none<=10,none<=10,none<=10,none<=10
98,"(move+1,skip(v=0))","(skip(v=0),move-1(iff=0),flip)","(0,x)",2,1,10,none<=10,none<=10,none<=10,none<=10
98,"(move+1,skip(v=0))","(skip(v=0),move-1(iff=0),flip)","p3('x', 0, 1)",3,0,10,none<=10,none<=10,none<=10,none<=10
98,"(move+1,skip(v=0))","(skip(v=0),move-1(iff=0),flip)","p3('x', 0, 1)",3,1,10,none<=10,none<=10,none<=10,none<=10
98,"(move+1,skip(v=0))","(skip(v=0),move-1(iff=0),flip)","p3('x', 0, 1)",3,2,10,none<=10,none<=10,none<=10,none<=10
98,"(move+1,skip(v=0))","(skip(v=0),move-1(iff=0),flip)","p3(1, 'x', 0)",3,0,10,none<=10,none<=10,none<=10,none<=10
98,"(move+1,skip(v=0))","(skip(v=0),move-1(iff=0),flip)","p3(1, 'x', 0)",3,1,10,none<=10,none<=10,none<=10,none<=10
98,"(move+1,skip(v=0))","(skip(v=0),move-1(iff=0),flip)","p3(1, 'x', 0)",3,2,10,none<=10,none<=10,none<=10,none<=10
98,"(move+1,skip(v=0))","(skip(v=0),move-1(iff=0),flip)","p3(0, 1, 'x')",3,0,10,none<=10,none<=10,none<=10,none<=10
98,"(move+1,skip(v=0))","(skip(v=0),move-1(iff=0),flip)","p3(0, 1, 'x')",3,1,10,none<=10,none<=10,none<=10,none<=10
98,"(move+1,skip(v=0))","(skip(v=0),move-1(iff=0),flip)","p3(0, 1, 'x')",3,2,10,none<=10,none<=10,none<=10,none<=10
98,"(move+1,skip(v=0))","(skip(v=0),move-1(iff=0),flip)","p3('x', 1, 0)",3,0,10,none<=10,none<=10,none<=10,none<=10
98,"(move+1,skip(v=0))","(skip(v=0),move-1(iff=0),flip)","p3('x', 1, 0)",3,1,10,none<=10,none<=10,none<=10,none<=10
98,"(move+1,skip(v=0))","(skip(v=0),move-1(iff=0),flip)","p3('x', 1, 0)",3,2,10,none<=10,none<=10,none<=10,none<=10
98,"(move+1,skip(v=0))","(skip(v=0),move-1(iff=0),flip)","p3(0, 'x', 1)",3,0,10,none<=10,none<=10,none<=10,none<=10
98,"(move+1,skip(v=0))","(skip(v=0),move-1(iff=0),flip)","p3(0, 'x', 1)",3,1,10,none<=10,none<=10,none<=10,none<=10
98,"(move+1,skip(v=0))","(skip(v=0),move-1(iff=0),flip)","p3(0, 'x', 1)",3,2,10,none<=10,none<=10,none<=10,none<=10
98,"(move+1,skip(v=0))","(skip(v=0),move-1(iff=0),flip)","p3(1, 0, 'x')",3,0,10,none<=10,none<=10,none<=10,none<=10
98,"(move+1,skip(v=0))","(skip(v=0),move-1(iff=0),flip)","p3(1, 0, 'x')",3,1,10,none<=10,none<=10,none<=10,none<=10
98,"(move+1,skip(v=0))","(skip(v=0),move-1(iff=0),flip)","p3(1, 0, 'x')",3,2,10,none<=10,none<=10,none<=10,none<=10
98,"(move+1,skip(v=0))","(skip(v=0),move-1(iff=0),flip)","p3('x', 0, 0)",3,0,10,AAABBABBA(9),none<=10,none<=10,none<=10
98,"(move+1,skip(v=0))","(skip(v=0),move-1(iff=0),flip)","p3('x', 0, 0)",3,1,10,ABBABBAAA(9),none<=10,none<=10,none<=10
98,"(move+1,skip(v=0))","(skip(v=0),move-1(iff=0),flip)","p3('x', 0, 0)",3,2,10,none<=10,none<=10,none<=10,none<=10
98,"(move+1,skip(v=0))","(skip(v=0),move-1(iff=0),flip)","p3(0, 'x', 0)",3,0,10,none<=10,none<=10,none<=10,none<=10
98,"(move+1,skip(v=0))","(skip(v=0),move-1(iff=0),flip)","p3(0, 'x', 0)",3,1,10,AAABBABBA(9),none<=10,none<=10,none<=10
98,"(move+1,skip(v=0))","(skip(v=0),move-1(iff=0),flip)","p3(0, 'x', 0)",3,2,10,ABBABBAAA(9),none<=10,none<=10,none<=10
98,"(move+1,skip(v=0))","(skip(v=0),move-1(iff=0),flip)","p3(0, 0, 'x')",3,0,10,none<=10,none<=10,none<=10,none<=10
98,"(move+1,skip(v=0))","(skip(v=0),move-1(iff=0),flip)","p3(0, 0, 'x')",3,1,10,none<=10,none<=10,none<=10,none<=10
98,"(move+1,skip(v=0))","(skip(v=0),move-1(iff=0),flip)","p3(0, 0, 'x')",3,2,10,AAABBABBA(9),none<=10,none<=10,none<=10
98,"(move+1,skip(v=0))","(skip(v=0),move-1(iff=0),flip)","p3('x', 1, 1)",3,0,10,none<=10,none<=10,none<=10,none<=10
98,"(move+1,skip(v=0))","(skip(v=0),move-1(iff=0),flip)","p3('x', 1, 1)",3,1,10,none<=10,none<=10,none<=10,none<=10
98,"(move+1,skip(v=0))","(skip(v=0),move-1(iff=0),flip)","p3('x', 1, 1)",3,2,10,none<=10,none<=10,none<=10,none<=10
98,"(move+1,skip(v=0))","(skip(v=0),move-1(iff=0),flip)","p3(1, 'x', 1)",3,0,10,none<=10,none<=10,none<=10,none<=10
98,"(move+1,skip(v=0))","(skip(v=0),move-1(iff=0),flip)","p3(1, 'x', 1)",3,1,10,none<=10,none<=10,none<=10,none<=10
98,"(move+1,skip(v=0))","(skip(v=0),move-1(iff=0),flip)","p3(1, 'x', 1)",3,2,10,none<=10,none<=10,none<=10,none<=10
98,"(move+1,skip(v=0))","(skip(v=0),move-1(iff=0),flip)","p3(1, 1, 'x')",3,0,10,none<=10,none<=10,none<=10,none<=10
98,"(move+1,skip(v=0))","(skip(v=0),move-1(iff=0),flip)","p3(1, 1, 'x')",3,1,10,none<=10,none<=10,none<=10,none<=10
98,"(move+1,skip(v=0))","(skip(v=0),move-1(iff=0),flip)","p3(1, 1, 'x')",3,2,10,none<=10,none<=10,none<=10,none<=10
99,"(move+1,skip(v=0))","(skip(v=0),flip,move-1(iff=0))",none,1,0,10,none<=10,none<=10,none<=10,none<=10
99,"(move+1,skip(v=0))","(skip(v=0),flip,move-1(iff=0))","(x,xbar)",2,0,10,none<=10,none<=10,none<=10,none<=10
99,"(move+1,skip(v=0))","(skip(v=0),flip,move-1(iff=0))","(x,xbar)",2,1,10,none<=10,none<=10,none<=10,none<=10
99,"(move+1,skip(v=0))","(skip(v=0),flip,move-1(iff=0))","(xbar,x)",2,0,10,none<=10,none<=10,none<=10,none<=10
99,"(move+1,skip(v=0))","(skip(v=0),flip,move-1(iff=0))","(xbar,x)",2,1,10,none<=10,none<=10,none<=10,none<=10
99,"(move+1,skip(v=0))","(skip(v=0),flip,move-1(iff=0))","(x,1)",2,0,10,none<=10,none<=10,none<=10,none<=10
99,"(move+1,skip(v=0))","(skip(v=0),flip,move-1(iff=0))","(x,1)",2,1,10,none<=10,none<=10,none<=10,none<=10
99,"(move+1,skip(v=0))","(skip(v=0),flip,move-1(iff=0))","(1,x)",2,0,10,none<=10,none<=10,none<=10,none<=10
99,"(move+1,skip(v=0))","(skip(v=0),flip,move-1(iff=0))","(1,x)",2,1,10,none<=10,none<=10,none<=10,none<=10
99,"(move+1,skip(v=0))","(skip(v=0),flip,move-1(iff=0))","(x,0)",2,0,10,none<=10,none<=10,none<=10,none<=10
99,"(move+1,skip(v=0))","(skip(v=0),flip,move-1(iff=0))","(x,0)",2,1,10,none<=10,none<=10,none<=10,none<=10
99,"(move+1,skip(v=0))","(skip(v=0),flip,move-1(iff=0))","(0,x)",2,0,10,none<=10,none<=10,none<=10,none<=10
99,"(move+1,skip(v=0))","(skip(v=0),flip,move-1(iff=0))","(0,x)",2,1,10,none<=10,none<=10,none<=10,none<=10
99,"(move+1,skip(v=0))","(skip(v=0),flip,move-1(iff=0))","p3('x', 0, 1)",3,0,10,none<=10,none<=10,none<=10,none<=10
99,"(move+1,skip(v=0))","(skip(v=0),flip,move-1(iff=0))","p3('x', 0, 1)",3,1,10,none<=10,none<=10,none<=10,none<=10
99,"(move+1,skip(v=0))","(skip(v=0),flip,move-1(iff=0))","p3('x', 0, 1)",3,2,10,none<=10,none<=10,none<=10,none<=10
99,"(move+1,skip(v=0))","(skip(v=0),flip,move-1(iff=0))","p3(1, 'x', 0)",3,0,10,none<=10,none<=10,none<=10,none<=10
99,"(move+1,skip(v=0))","(skip(v=0),flip,move-1(iff=0))","p3(1, 'x', 0)",3,1,10,none<=10,none<=10,none<=10,none<=10
99,"(move+1,skip(v=0))","(skip(v=0),flip,move-1(iff=0))","p3(1, 'x', 0)",3,2,10,none<=10,none<=10,none<=10,none<=10
99,"(move+1,skip(v=0))","(skip(v=0),flip,move-1(iff=0))","p3(0, 1, 'x')",3,0,10,none<=10,none<=10,none<=10,none<=10
99,"(move+1,skip(v=0))","(skip(v=0),flip,move-1(iff=0))","p3(0, 1, 'x')",3,1,10,none<=10,none<=10,none<=10,none<=10
99,"(move+1,skip(v=0))","(skip(v=0),flip,move-1(iff=0))","p3(0, 1, 'x')",3,2,10,none<=10,none<=10,none<=10,none<=10
99,"(move+1,skip(v=0))","(skip(v=0),flip,move-1(iff=0))","p3('x', 1, 0)",3,0,10,none<=10,none<=10,none<=10,none<=10
99,"(move+1,skip(v=0))","(skip(v=0),flip,move-1(iff=0))","p3('x', 1, 0)",3,1,10,none<=10,none<=10,none<=10,none<=10
99,"(move+1,skip(v=0))","(skip(v=0),flip,move-1(iff=0))","p3('x', 1, 0)",3,2,10,none<=10,none<=10,none<=10,none<=10
99,"(move+1,skip(v=0))","(skip(v=0),flip,move-1(iff=0))","p3(0, 'x', 1)",3,0,10,none<=10,none<=10,none<=10,none<=10
99,"(move+1,skip(v=0))","(skip(v=0),flip,move-1(iff=0))","p3(0, 'x', 1)",3,1,10,none<=10,none<=10,none<=10,none<=10
99,"(move+1,skip(v=0))","(skip(v=0),flip,move-1(iff=0))","p3(0, 'x', 1)",3,2,10,none<=10,none<=10,none<=10,none<=10
99,"(move+1,skip(v=0))","(skip(v=0),flip,move-1(iff=0))","p3(1, 0, 'x')",3,0,10,none<=10,none<=10,none<=10,none<=10
99,"(move+1,skip(v=0))","(skip(v=0),flip,move-1(iff=0))","p3(1, 0, 'x')",3,1,10,none<=10,none<=10,none<=10,none<=10
99,"(move+1,skip(v=0))","(skip(v=0),flip,move-1(iff=0))","p3(1, 0, 'x')",3,2,10,none<=10,none<=10,none<=10,none<=10
99,"(move+1,skip(v=0))","(skip(v=0),flip,move-1(iff=0))","p3('x', 0, 0)",3,0,10,none<=10,none<=10,none<=10,none<=10
99,"(move+1,skip(v=0))","(skip(v=0),flip,move-1(iff=0))","p3('x', 0, 0)",3,1,10,none<=10,none<=10,none<=10,none<=10
99,"(move+1,skip(v=0))","(skip(v=0),flip,move-1(iff=0))","p3('x', 0, 0)",3,2,10,none<=10,none<=10,none<=10,none<=10
99,"(move+1,skip(v=0))","(skip(v=0),flip,move-1(iff=0))","p3(0, 'x', 0)",3,0,10,none<=10,none<=10,none<=10,none<=10
99,"(move+1,skip(v=0))","(skip(v=0),flip,move-1(iff=0))","p3(0, 'x', 0)",3,1,10,none<=10,none<=10,none<=10,none<=10
99,"(move+1,skip(v=0))","(skip(v=0),flip,move-1(iff=0))","p3(0, 'x', 0)",3,2,10,none<=10,none<=10,none<=10,none<=10
99,"(move+1,skip(v=0))","(skip(v=0),flip,move-1(iff=0))","p3(0, 0, 'x')",3,0,10,none<=10,none<=10,none<=10,none<=10
99,"(move+1,skip(v=0))","(skip(v=0),flip,move-1(iff=0))","p3(0, 0, 'x')",3,1,10,none<=10,none<=10,none<=10,none<=10
99,"(move+1,skip(v=0))","(skip(v=0),flip,move-1(iff=0))","p3(0, 0, 'x')",3,2,10,none<=10,none<=10,none<=10,none<=10
99,"(move+1,skip(v=0))","(skip(v=0),flip,move-1(iff=0))","p3('x', 1, 1)",3,0,10,none<=10,none<=10,none<=10,none<=10
99,"(move+1,skip(v=0))","(skip(v=0),flip,move-1(iff=0))","p3('x', 1, 1)",3,1,10,none<=10,none<=10,none<=10,none<=10
99,"(move+1,skip(v=0))","(skip(v=0),flip,move-1(iff=0))","p3('x', 1, 1)",3,2,10,none<=10,none<=10,none<=10,none<=10
99,"(move+1,skip(v=0))","(skip(v=0),flip,move-1(iff=0))","p3(1, 'x', 1)",3,0,10,none<=10,none<=10,none<=10,none<=10
99,"(move+1,skip(v=0))","(skip(v=0),flip,move-1(iff=0))","p3(1, 'x', 1)",3,1,10,none<=10,none<=10,none<=10,none<=10
99,"(move+1,skip(v=0))","(skip(v=0),flip,move-1(iff=0))","p3(1, 'x', 1)",3,2,10,none<=10,none<=10,none<=10,none<=10
99,"(move+1,skip(v=0))","(skip(v=0),flip,move-1(iff=0))","p3(1, 1, 'x')",3,0,10,none<=10,none<=10,none<=10,none<=10
99,"(move+1,skip(v=0))","(skip(v=0),flip,move-1(iff=0))","p3(1, 1, 'x')",3,1,10,none<=10,none<=10,none<=10,none<=10
99,"(move+1,skip(v=0))","(skip(v=0),flip,move-1(iff=0))","p3(1, 1, 'x')",3,2,10,none<=10,none<=10,none<=10,none<=10
100,"(move+1,skip(v=0))","(move-1(iff=0),skip(v=0),flip)",none,1,0,10,none<=10,none<=10,none<=10,none<=10
100,"(move+1,skip(v=0))","(move-1(iff=0),skip(v=0),flip)","(x,xbar)",2,0,10,none<=10,none<=10,none<=10,none<=10
100,"(move+1,skip(v=0))","(move-1(iff=0),skip(v=0),flip)","(x,xbar)",2,1,10,none<=10,none<=10,none<=10,none<=10
100,"(move+1,skip(v=0))","(move-1(iff=0),skip(v=0),flip)","(xbar,x)",2,0,10,none<=10,none<=10,none<=10,none<=10
100,"(move+1,skip(v=0))","(move-1(iff=0),skip(v=0),flip)","(xbar,x)",2,1,10,none<=10,none<=10,none<=10,none<=10
100,"(move+1,skip(v=0))","(move-1(iff=0),skip(v=0),flip)","(x,1)",2,0,10,none<=10,none<=10,none<=10,none<=10
100,"(move+1,skip(v=0))","(move-1(iff=0),skip(v=0),flip)","(x,1)",2,1,10,none<=10,none<=10,none<=10,none<=10
100,"(move+1,skip(v=0))","(move-1(iff=0),skip(v=0),flip)","(1,x)",2,0,10,none<=10,none<=10,none<=10,none<=10
100,"(move+1,skip(v=0))","(move-1(iff=0),skip(v=0),flip)","(1,x)",2,1,10,none<=10,none<=10,none<=10,none<=10
100,"(move+1,skip(v=0))","(move-1(iff=0),skip(v=0),flip)","(x,0)",2,0,10,none<=10,none<=10,none<=10,none<=10
100,"(move+1,skip(v=0))","(move-1(iff=0),skip(v=0),flip)","(x,0)",2,1,10,none<=10,none<=10,none<=10,none<=10
100,"(move+1,skip(v=0))","(move-1(iff=0),skip(v=0),flip)","(0,x)",2,0,10,none<=10,none<=10,none<=10,none<=10
100,"(move+1,skip(v=0))","(move-1(iff=0),skip(v=0),flip)","(0,x)",2,1,10,none<=10,none<=10,none<=10,none<=10
100,"(move+1,skip(v=0))","(move-1(iff=0),skip(v=0),flip)","p3('x', 0, 1)",3,0,10,none<=10,none<=10,none<=10,none<=10
100,"(move+1,skip(v=0))","(move-1(iff=0),skip(v=0),flip)","p3('x', 0, 1)",3,1,10,none<=10,none<=10,none<=10,none<=10
100,"(move+1,skip(v=0))","(move-1(iff=0),skip(v=0),flip)","p3('x', 0, 1)",3,2,10,none<=10,none<=10,none<=10,none<=10
100,"(move+1,skip(v=0))","(move-1(iff=0),skip(v=0),flip)","p3(1, 'x', 0)",3,0,10,none<=10,none<=10,none<=10,none<=10
100,"(move+1,skip(v=0))","(move-1(iff=0),skip(v=0),flip)","p3(1, 'x', 0)",3,1,10,none<=10,none<=10,none<=10,none<=10
100,"(move+1,skip(v=0))","(move-1(iff=0),skip(v=0),flip)","p3(1, 'x', 0)",3,2,10,none<=10,none<=10,none<=10,none<=10
100,"(move+1,skip(v=0))","(move-1(iff=0),skip(v=0),flip)","p3(0, 1, 'x')",3,0,10,none<=10,none<=10,none<=10,none<=10
100,"(move+1,skip(v=0))","(move-1(iff=0),skip(v=0),flip)","p3(0, 1, 'x')",3,1,10,none<=10,none<=10,none<=10,none<=10
100,"(move+1,skip(v=0))","(move-1(iff=0),skip(v=0),flip)","p3(0, 1, 'x')",3,2,10,none<=10,none<=10,none<=10,none<=10
100,"(move+1,skip(v=0))","(move-1(iff=0),skip(v=0),flip)","p3('x', 1, 0)",3,0,10,none<=10,none<=10,none<=10,none<=10
100,"(move+1,skip(v=0))","(move-1(iff=0),skip(v=0),flip)","p3('x', 1, 0)",3,1,10,none<=10,none<=10,none<=10,none<=10
100,"(move+1,skip(v=0))","(move-1(iff=0),skip(v=0),flip)","p3('x', 1, 0)",3,2,10,none<=10,none<=10,none<=10,none<=10
100,"(move+1,skip(v=0))","(move-1(iff=0),skip(v=0),flip)","p3(0, 'x', 1)",3,0,10,none<=10,none<=10,none<=10,none<=10
100,"(move+1,skip(v=0))","(move-1(iff=0),skip(v=0),flip)","p3(0, 'x', 1)",3,1,10,none<=10,none<=10,none<=10,none<=10
100,"(move+1,skip(v=0))","(move-1(iff=0),skip(v=0),flip)","p3(0, 'x', 1)",3,2,10,none<=10,none<=10,none<=10,none<=10
100,"(move+1,skip(v=0))","(move-1(iff=0),skip(v=0),flip)","p3(1, 0, 'x')",3,0,10,none<=10,none<=10,none<=10,none<=10
100,"(move+1,skip(v=0))","(move-1(iff=0),skip(v=0),flip)","p3(1, 0, 'x')",3,1,10,none<=10,none<=10,none<=10,none<=10
100,"(move+1,skip(v=0))","(move-1(iff=0),skip(v=0),flip)","p3(1, 0, 'x')",3,2,10,none<=10,none<=10,none<=10,none<=10
100,"(move+1,skip(v=0))","(move-1(iff=0),skip(v=0),flip)","p3('x', 0, 0)",3,0,10,none<=10,none<=10,none<=10,none<=10
100,"(move+1,skip(v=0))","(move-1(iff=0),skip(v=0),flip)","p3('x', 0, 0)",3,1,10,none<=10,none<=10,none<=10,none<=10
100,"(move+1,skip(v=0))","(move-1(iff=0),skip(v=0),flip)","p3('x', 0, 0)",3,2,10,none<=10,none<=10,none<=10,none<=10
100,"(move+1,skip(v=0))","(move-1(iff=0),skip(v=0),flip)","p3(0, 'x', 0)",3,0,10,none<=10,none<=10,none<=10,none<=10
100,"(move+1,skip(v=0))","(move-1(iff=0),skip(v=0),flip)","p3(0, 'x', 0)",3,1,10,none<=10,none<=10,none<=10,none<=10
100,"(move+1,skip(v=0))","(move-1(iff=0),skip(v=0),flip)","p3(0, 'x', 0)",3,2,10,none<=10,none<=10,none<=10,none<=10
100,"(move+1,skip(v=0))","(move-1(iff=0),skip(v=0),flip)","p3(0, 0, 'x')",3,0,10,none<=10,none<=10,none<=10,none<=10
100,"(move+1,skip(v=0))","(move-1(iff=0),skip(v=0),flip)","p3(0, 0, 'x')",3,1,10,none<=10,none<=10,none<=10,none<=10
100,"(move+1,skip(v=0))","(move-1(iff=0),skip(v=0),flip)","p3(0, 0, 'x')",3,2,10,none<=10,none<=10,none<=10,none<=10
100,"(move+1,skip(v=0))","(move-1(iff=0),skip(v=0),flip)","p3('x', 1, 1)",3,0,10,none<=10,none<=10,none<=10,none<=10
100,"(move+1,skip(v=0))","(move-1(iff=0),skip(v=0),flip)","p3('x', 1, 1)",3,1,10,none<=10,none<=10,none<=10,none<=10
100,"(move+1,skip(v=0))","(move-1(iff=0),skip(v=0),flip)","p3('x', 1, 1)",3,2,10,none<=10,none<=10,none<=10,none<=10
100,"(move+1,skip(v=0))","(move-1(iff=0),skip(v=0),flip)","p3(1, 'x', 1)",3,0,10,none<=10,none<=10,none<=10,none<=10
100,"(move+1,skip(v=0))","(move-1(iff=0),skip(v=0),flip)","p3(1, 'x', 1)",3,1,10,none<=10,none<=10,none<=10,none<=10
100,"(move+1,skip(v=0))","(move-1(iff=0),skip(v=0),flip)","p3(1, 'x', 1)",3,2,10,none<=10,none<=10,none<=10,none<=10
100,"(move+1,skip(v=0))","(move-1(iff=0),skip(v=0),flip)","p3(1, 1, 'x')",3,0,10,none<=10,none<=10,none<=10,none<=10
100,"(move+1,skip(v=0))","(move-1(iff=0),skip(v=0),flip)","p3(1, 1, 'x')",3,1,10,none<=10,none<=10,none<=10,none<=10
100,"(move+1,skip(v=0))","(move-1(iff=0),skip(v=0),flip)","p3(1, 1, 'x')",3,2,10,none<=10,none<=10,none<=10,none<=10
101,"(move+1,skip(v=0))","(move-1(iff=0),flip,skip(v=0))",none,1,0,10,none<=10,none<=10,none<=10,none<=10
101,"(move+1,skip(v=0))","(move-1(iff=0),flip,skip(v=0))","(x,xbar)",2,0,10,none<=10,none<=10,none<=10,none<=10
101,"(move+1,skip(v=0))","(move-1(iff=0),flip,skip(v=0))","(x,xbar)",2,1,10,none<=10,none<=10,none<=10,none<=10
101,"(move+1,skip(v=0))","(move-1(iff=0),flip,skip(v=0))","(xbar,x)",2,0,10,none<=10,none<=10,none<=10,none<=10
101,"(move+1,skip(v=0))","(move-1(iff=0),flip,skip(v=0))","(xbar,x)",2,1,10,none<=10,none<=10,none<=10,none<=10
101,"(move+1,skip(v=0))","(move-1(iff=0),flip,skip(v=0))","(x,1)",2,0,10,none<=10,none<=10,none<=10,none<=10
101,"(move+1,skip(v=0))","(move-1(iff=0),flip,skip(v=0))","(x,1)",2,1,10,none<=10,none<=10,none<=10,none<=10
101,"(move+1,skip(v=0))","(move-1(iff=0),flip,skip(v=0))","(1,x)",2,0,10,none<=10,none<=10,none<=10,none<=10
101,"(move+1,skip(v=0))","(move-1(iff=0),flip,skip(v=0))","(1,x)",2,1,10,none<=10,none<=10,none<=10,none<=10
101,"(move+1,skip(v=0))","(move-1(iff=0),flip,skip(v=0))","(x,0)",2,0,10,none<=10,none<=10,none<=10,none<=10
101,"(move+1,skip(v=0))","(move-1(iff=0),flip,skip(v=0))","(x,0)",2,1,10,none<=10,none<=10,none<=10,none<=10
101,"(move+1,skip(v=0))","(move-1(iff=0),flip,skip(v=0))","(0,x)",2,0,10,none<=10,none<=10,none<=10,none<=10
101,"(move+1,skip(v=0))","(move-1(iff=0),flip,skip(v=0))","(0,x)",2,1,10,none<=10,none<=10,none<=10,none<=10
101,"(move+1,skip(v=0))","(move-1(iff=0),flip,skip(v=0))","p3('x', 0, 1)",3,0,10,none<=10,none<=10,none<=10,none<=10
101,"(move+1,skip(v=0))","(move-1(iff=0),flip,skip(v=0))","p3('x', 0, 1)",3,1,10,none<=10,none<=10,none<=10,none<=10
101,"(move+1,skip(v=0))","(move-1(iff=0),flip,skip(v=0))","p3('x', 0, 1)",3,2,10,none<=10,none<=10,none<=10,none<=10
101,"(move+1,skip(v=0))","(move-1(iff=0),flip,skip(v=0))","p3(1, 'x', 0)",3,0,10,none<=10,none<=10,none<=10,none<=10
101,"(move+1,skip(v=0))","(move-1(iff=0),flip,skip(v=0))","p3(1, 'x', 0)",3,1,10,none<=10,none<=10,none<=10,none<=10
101,"(move+1,skip(v=0))","(move-1(iff=0),flip,skip(v=0))","p3(1, 'x', 0)",3,2,10,none<=10,none<=10,none<=10,none<=10
101,"(move+1,skip(v=0))","(move-1(iff=0),flip,skip(v=0))","p3(0, 1, 'x')",3,0,10,none<=10,none<=10,none<=10,none<=10
101,"(move+1,skip(v=0))","(move-1(iff=0),flip,skip(v=0))","p3(0, 1, 'x')",3,1,10,none<=10,none<=10,none<=10,none<=10
101,"(move+1,skip(v=0))","(move-1(iff=0),flip,skip(v=0))","p3(0, 1, 'x')",3,2,10,none<=10,none<=10,none<=10,none<=10
101,"(move+1,skip(v=0))","(move-1(iff=0),flip,skip(v=0))","p3('x', 1, 0)",3,0,10,none<=10,none<=10,none<=10,none<=10
101,"(move+1,skip(v=0))","(move-1(iff=0),flip,skip(v=0))","p3('x', 1, 0)",3,1,10,none<=10,none<=10,none<=10,none<=10
101,"(move+1,skip(v=0))","(move-1(iff=0),flip,skip(v=0))","p3('x', 1, 0)",3,2,10,none<=10,none<=10,none<=10,none<=10
101,"(move+1,skip(v=0))","(move-1(iff=0),flip,skip(v=0))","p3(0, 'x', 1)",3,0,10,none<=10,none<=10,none<=10,none<=10
101,"(move+1,skip(v=0))","(move-1(iff=0),flip,skip(v=0))","p3(0, 'x', 1)",3,1,10,none<=10,none<=10,none<=10,none<=10
101,"(move+1,skip(v=0))","(move-1(iff=0),flip,skip(v=0))","p3(0, 'x', 1)",3,2,10,none<=10,none<=10,none<=10,none<=10
101,"(move+1,skip(v=0))","(move-1(iff=0),flip,skip(v=0))","p3(1, 0, 'x')",3,0,10,none<=10,none<=10,none<=10,none<=10
101,"(move+1,skip(v=0))","(move-1(iff=0),flip,skip(v=0))","p3(1, 0, 'x')",3,1,10,none<=10,none<=10,none<=10,none<=10
101,"(move+1,skip(v=0))","(move-1(iff=0),flip,skip(v=0))","p3(1, 0, 'x')",3,2,10,none<=10,none<=10,none<=10,none<=10
101,"(move+1,skip(v=0))","(move-1(iff=0),flip,skip(v=0))","p3('x', 0, 0)",3,0,10,none<=10,none<=10,none<=10,none<=10
101,"(move+1,skip(v=0))","(move-1(iff=0),flip,skip(v=0))","p3('x', 0, 0)",3,1,10,none<=10,none<=10,none<=10,none<=10
101,"(move+1,skip(v=0))","(move-1(iff=0),flip,skip(v=0))","p3('x', 0, 0)",3,2,10,none<=10,none<=10,none<=10,none<=10
101,"(move+1,skip(v=0))","(move-1(iff=0),flip,skip(v=0))","p3(0, 'x', 0)",3,0,10,none<=10,none<=10,none<=10,none<=10
101,"(move+1,skip(v=0))","(move-1(iff=0),flip,skip(v=0))","p3(0, 'x', 0)",3,1,10,none<=10,none<=10,none<=10,none<=10
101,"(move+1,skip(v=0))","(move-1(iff=0),flip,skip(v=0))","p3(0, 'x', 0)",3,2,10,none<=10,none<=10,none<=10,none<=10
101,"(move+1,skip(v=0))","(move-1(iff=0),flip,skip(v=0))","p3(0, 0, 'x')",3,0,10,none<=10,none<=10,none<=10,none<=10
101,"(move+1,skip(v=0))","(move-1(iff=0),flip,skip(v=0))","p3(0, 0, 'x')",3,1,10,none<=10,none<=10,none<=10,none<=10
101,"(move+1,skip(v=0))","(move-1(iff=0),flip,skip(v=0))","p3(0, 0, 'x')",3,2,10,none<=10,none<=10,none<=10,none<=10
101,"(move+1,skip(v=0))","(move-1(iff=0),flip,skip(v=0))","p3('x', 1, 1)",3,0,10,none<=10,none<=10,none<=10,none<=10
101,"(move+1,skip(v=0))","(move-1(iff=0),flip,skip(v=0))","p3('x', 1, 1)",3,1,10,none<=10,none<=10,none<=10,none<=10
101,"(move+1,skip(v=0))","(move-1(iff=0),flip,skip(v=0))","p3('x', 1, 1)",3,2,10,none<=10,none<=10,none<=10,none<=10
101,"(move+1,skip(v=0))","(move-1(iff=0),flip,skip(v=0))","p3(1, 'x', 1)",3,0,10,none<=10,none<=10,none<=10,none<=10
101,"(move+1,skip(v=0))","(move-1(iff=0),flip,skip(v=0))","p3(1, 'x', 1)",3,1,10,none<=10,none<=10,none<=10,none<=10
101,"(move+1,skip(v=0))","(move-1(iff=0),flip,skip(v=0))","p3(1, 'x', 1)",3,2,10,none<=10,none<=10,none<=10,none<=10
101,"(move+1,skip(v=0))","(move-1(iff=0),flip,skip(v=0))","p3(1, 1, 'x')",3,0,10,none<=10,none<=10,none<=10,none<=10
101,"(move+1,skip(v=0))","(move-1(iff=0),flip,skip(v=0))","p3(1, 1, 'x')",3,1,10,none<=10,none<=10,none<=10,none<=10
101,"(move+1,skip(v=0))","(move-1(iff=0),flip,skip(v=0))","p3(1, 1, 'x')",3,2,10,none<=10,none<=10,none<=10,none<=10
102,"(move+1,skip(v=0))","(flip,move-1(iff=0),skip(v=1))",none,1,0,10,none<=10,none<=10,none<=10,none<=10
102,"(move+1,skip(v=0))","(flip,move-1(iff=0),skip(v=1))","(x,xbar)",2,0,10,none<=10,none<=10,none<=10,none<=10
102,"(move+1,skip(v=0))","(flip,move-1(iff=0),skip(v=1))","(x,xbar)",2,1,10,none<=10,none<=10,none<=10,none<=10
102,"(move+1,skip(v=0))","(flip,move-1(iff=0),skip(v=1))","(xbar,x)",2,0,10,none<=10,none<=10,none<=10,none<=10
102,"(move+1,skip(v=0))","(flip,move-1(iff=0),skip(v=1))","(xbar,x)",2,1,10,none<=10,none<=10,none<=10,none<=10
102,"(move+1,skip(v=0))","(flip,move-1(iff=0),skip(v=1))","(x,1)",2,0,10,none<=10,none<=10,none<=10,none<=10
102,"(move+1,skip(v=0))","(flip,move-1(iff=0),skip(v=1))","(x,1)",2,1,10,none<=10,none<=10,none<=10,none<=10
102,"(move+1,skip(v=0))","(flip,move-1(iff=0),skip(v=1))","(1,x)",2,0,10,none<=10,none<=10,none<=10,none<=10
102,"(move+1,skip(v=0))","(flip,move-1(iff=0),skip(v=1))","(1,x)",2,1,10,none<=10,none<=10,none<=10,none<=10
102,"(move+1,skip(v=0))","(flip,move-1(iff=0),skip(v=1))","(x,0)",2,0,10,none<=10,none<=10,none<=10,none<=10
102,"(move+1,skip(v=0))","(flip,move-1(iff=0),skip(v=1))","(x,0)",2,1,10,none<=10,none<=10,none<=10,none<=10
102,"(move+1,skip(v=0))","(flip,move-1(iff=0),skip(v=1))","(0,x)",2,0,10,none<=10,none<=10,none<=10,none<=10
102,"(move+1,skip(v=0))","(flip,move-1(iff=0),skip(v=1))","(0,x)",2,1,10,none<=10,none<=10,none<=10,none<=10
102,"(move+1,skip(v=0))","(flip,move-1(iff=0),skip(v=1))","p3('x', 0, 1)",3,0,10,none<=10,none<=10,none<=10,none<=10
102,"(move+1,skip(v=0))","(flip,move-1(iff=0),skip(v=1))","p3('x', 0, 1)",3,1,10,none<=10,none<=10,none<=10,none<=10
102,"(move+1,skip(v=0))","(flip,move-1(iff=0),skip(v=1))","p3('x', 0, 1)",3,2,10,none<=10,none<=10,none<=10,none<=10
102,"(move+1,skip(v=0))","(flip,move-1(iff=0),skip(v=1))","p3(1, 'x', 0)",3,0,10,none<=10,none<=10,none<=10,none<=10
102,"(move+1,skip(v=0))","(flip,move-1(iff=0),skip(v=1))","p3(1, 'x', 0)",3,1,10,none<=10,none<=10,none<=10,none<=10
102,"(move+1,skip(v=0))","(flip,move-1(iff=0),skip(v=1))","p3(1, 'x', 0)",3,2,10,none<=10,none<=10,none<=10,none<=10
102,"(move+1,skip(v=0))","(flip,move-1(iff=0),skip(v=1))","p3(0, 1, 'x')",3,0,10,none<=10,none<=10,none<=10,none<=10
102,"(move+1,skip(v=0))","(flip,move-1(iff=0),skip(v=1))","p3(0, 1, 'x')",3,1,10,none<=10,none<=10,none<=10,none<=10
102,"(move+1,skip(v=0))","(flip,move-1(iff=0),skip(v=1))","p3(0, 1, 'x')",3,2,10,none<=10,none<=10,none<=10,none<=10
102,"(move+1,skip(v=0))","(flip,move-1(iff=0),skip(v=1))","p3('x', 1, 0)",3,0,10,none<=10,none<=10,none<=10,none<=10
102,"(move+1,skip(v=0))","(flip,move-1(iff=0),skip(v=1))","p3('x', 1, 0)",3,1,10,none<=10,none<=10,none<=10,none<=10
102,"(move+1,skip(v=0))","(flip,move-1(iff=0),skip(v=1))","p3('x', 1, 0)",3,2,10,none<=10,none<=10,none<=10,none<=10
102,"(move+1,skip(v=0))","(flip,move-1(iff=0),skip(v=1))","p3(0, 'x', 1)",3,0,10,none<=10,none<=10,none<=10,none<=10
102,"(move+1,skip(v=0))","(flip,move-1(iff=0),skip(v=1))","p3(0, 'x', 1)",3,1,10,none<=10,none<=10,none<=10,none<=10
102,"(move+1,skip(v=0))","(flip,move-1(iff=0),skip(v=1))","p3(0, 'x', 1)",3,2,10,none<=10,none<=10,none<=10,none<=10
102,"(move+1,skip(v=0))","(flip,move-1(iff=0),skip(v=1))","p3(1, 0, 'x')",3,0,10,none<=10,none<=10,none<=10,none<=10
102,"(move+1,skip(v=0))","(flip,move-1(iff=0),skip(v=1))","p3(1, 0, 'x')",3,1,10,none<=10,none<=10,none<=10,none<=10
102,"(move+1,skip(v=0))","(flip,move-1(iff=0),skip(v=1))","p3(1, 0, 'x')",3,2,10,none<=10,none<=10,none<=10,none<=10
102,"(move+1,skip(v=0))","(flip,move-1(iff=0),skip(v=1))","p3('x', 0, 0)",3,0,10,none<=10,none<=10,none<=10,none<=10
102,"(move+1,skip(v=0))","(flip,move-1(iff=0),skip(v=1))","p3('x', 0, 0)",3,1,10,none<=10,none<=10,none<=10,none<=10
102,"(move+1,skip(v=0))","(flip,move-1(iff=0),skip(v=1))","p3('x', 0, 0)",3,2,10,none<=10,none<=10,none<=10,none<=10
102,"(move+1,skip(v=0))","(flip,move-1(iff=0),skip(v=1))","p3(0, 'x', 0)",3,0,10,none<=10,none<=10,none<=10,none<=10
102,"(move+1,skip(v=0))","(flip,move-1(iff=0),skip(v=1))","p3(0, 'x', 0)",3,1,10,none<=10,none<=10,none<=10,none<=10
102,"(move+1,skip(v=0))","(flip,move-1(iff=0),skip(v=1))","p3(0, 'x', 0)",3,2,10,none<=10,none<=10,none<=10,none<=10
102,"(move+1,skip(v=0))","(flip,move-1(iff=0),skip(v=1))","p3(0, 0, 'x')",3,0,10,none<=10,none<=10,none<=10,none<=10
102,"(move+1,skip(v=0))","(flip,move-1(iff=0),skip(v=1))","p3(0, 0, 'x')",3,1,10,none<=10,none<=10,none<=10,none<=10
102,"(move+1,skip(v=0))","(flip,move-1(iff=0),skip(v=1))","p3(0, 0, 'x')",3,2,10,none<=10,none<=10,none<=10,none<=10
102,"(move+1,skip(v=0))","(flip,move-1(iff=0),skip(v=1))","p3('x', 1, 1)",3,0,10,none<=10,none<=10,none<=10,none<=10
102,"(move+1,skip(v=0))","(flip,move-1(iff=0),skip(v=1))","p3('x', 1, 1)",3,1,10,none<=10,none<=10,none<=10,none<=10
102,"(move+1,skip(v=0))","(flip,move-1(iff=0),skip(v=1))","p3('x', 1, 1)",3,2,10,none<=10,none<=10,none<=10,none<=10
102,"(move+1,skip(v=0))","(flip,move-1(iff=0),skip(v=1))","p3(1, 'x', 1)",3,0,10,none<=10,none<=10,none<=10,none<=10
102,"(move+1,skip(v=0))","(flip,move-1(iff=0),skip(v=1))","p3(1, 'x', 1)",3,1,10,none<=10,none<=10,none<=10,none<=10
102,"(move+1,skip(v=0))","(flip,move-1(iff=0),skip(v=1))","p3(1, 'x', 1)",3,2,10,none<=10,none<=10,none<=10,none<=10
102,"(move+1,skip(v=0))","(flip,move-1(iff=0),skip(v=1))","p3(1, 1, 'x')",3,0,10,none<=10,none<=10,none<=10,none<=10
102,"(move+1,skip(v=0))","(flip,move-1(iff=0),skip(v=1))","p3(1, 1, 'x')",3,1,10,none<=10,none<=10,none<=10,none<=10
102,"(move+1,skip(v=0))","(flip,move-1(iff=0),skip(v=1))","p3(1, 1, 'x')",3,2,10,none<=10,none<=10,none<=10,none<=10
103,"(move+1,skip(v=0))","(skip(v=1),move-1(iff=0),flip)",none,1,0,10,none<=10,none<=10,none<=10,none<=10
103,"(move+1,skip(v=0))","(skip(v=1),move-1(iff=0),flip)","(x,xbar)",2,0,10,none<=10,none<=10,none<=10,none<=10
103,"(move+1,skip(v=0))","(skip(v=1),move-1(iff=0),flip)","(x,xbar)",2,1,10,none<=10,none<=10,none<=10,none<=10
103,"(move+1,skip(v=0))","(skip(v=1),move-1(iff=0),flip)","(xbar,x)",2,0,10,none<=10,none<=10,none<=10,none<=10
103,"(move+1,skip(v=0))","(skip(v=1),move-1(iff=0),flip)","(xbar,x)",2,1,10,none<=10,none<=10,none<=10,none<=10
103,"(move+1,skip(v=0))","(skip(v=1),move-1(iff=0),flip)","(x,1)",2,0,10,none<=10,none<=10,none<=10,none<=10
103,"(move+1,skip(v=0))","(skip(v=1),move-1(iff=0),flip)","(x,1)",2,1,10,none<=10,none<=10,none<=10,none<=10
103,"(move+1,skip(v=0))","(skip(v=1),move-1(iff=0),flip)","(1,x)",2,0,10,none<=10,none<=10,none<=10,none<=10
103,"(move+1,skip(v=0))","(skip(v=1),move-1(iff=0),flip)","(1,x)",2,1,10,none<=10,none<=10,none<=10,none<=10
103,"(move+1,skip(v=0))","(skip(v=1),move-1(iff=0),flip)","(x,0)",2,0,10,none<=10,none<=10,none<=10,none<=10
103,"(move+1,skip(v=0))","(skip(v=1),move-1(iff=0),flip)","(x,0)",2,1,10,none<=10,none<=10,none<=10,none<=10
103,"(move+1,skip(v=0))","(skip(v=1),move-1(iff=0),flip)","(0,x)",2,0,10,none<=10,none<=10,none<=10,none<=10
103,"(move+1,skip(v=0))","(skip(v=1),move-1(iff=0),flip)","(0,x)",2,1,10,none<=10,none<=10,none<=10,none<=10
103,"(move+1,skip(v=0))","(skip(v=1),move-1(iff=0),flip)","p3('x', 0, 1)",3,0,10,none<=10,none<=10,none<=10,none<=10
103,"(move+1,skip(v=0))","(skip(v=1),move-1(iff=0),flip)","p3('x', 0, 1)",3,1,10,none<=10,none<=10,none<=10,none<=10
103,"(move+1,skip(v=0))","(skip(v=1),move-1(iff=0),flip)","p3('x', 0, 1)",3,2,10,none<=10,none<=10,none<=10,none<=10
103,"(move+1,skip(v=0))","(skip(v=1),move-1(iff=0),flip)","p3(1, 'x', 0)",3,0,10,none<=10,none<=10,none<=10,none<=10
103,"(move+1,skip(v=0))","(skip(v=1),move-1(iff=0),flip)","p3(1, 'x', 0)",3,1,10,none<=10,none<=10,none<=10,none<=10
103,"(move+1,skip(v=0))","(skip(v=1),move-1(iff=0),flip)","p3(1, 'x', 0)",3,2,10,none<=10,none<=10,none<=10,none<=10
103,"(move+1,skip(v=0))","(skip(v=1),move-1(iff=0),flip)","p3(0, 1, 'x')",3,0,10,none<=10,none<=10,none<=10,none<=10
103,"(move+1,skip(v=0))","(skip(v=1),move-1(iff=0),flip)","p3(0, 1, 'x')",3,1,10,none<=10,none<=10,none<=10,none<=10
103,"(move+1,skip(v=0))","(skip(v=1),move-1(iff=0),flip)","p3(0, 1, 'x')",3,2,10,none<=10,none<=10,none<=10,none<=10
103,"(move+1,skip(v=0))","(skip(v=1),move-1(iff=0),flip)","p3('x', 1, 0)",3,0,10,none<=10,none<=10,none<=10,none<=10
103,"(move+1,skip(v=0))","(skip(v=1),move-1(iff=0),flip)","p3('x', 1, 0)",3,1,10,none<=10,none<=10,none<=10,none<=10
103,"(move+1,skip(v=0))","(skip(v=1),move-1(iff=0),flip)","p3('x', 1, 0)",3,2,10,none<=10,none<=10,none<=10,none<=10
103,"(move+1,skip(v=0))","(skip(v=1),move-1(iff=0),flip)","p3(0, 'x', 1)",3,0,10,none<=10,none<=10,none<=10,none<=10
103,"(move+1,skip(v=0))","(skip(v=1),move-1(iff=0),flip)","p3(0, 'x', 1)",3,1,10,none<=10,none<=10,none<=10,none<=10
103,"(move+1,skip(v=0))","(skip(v=1),move-1(iff=0),flip)","p3(0, 'x', 1)",3,2,10,none<=10,none<=10,none<=10,none<=10
103,"(move+1,skip(v=0))","(skip(v=1),move-1(iff=0),flip)","p3(1, 0, 'x')",3,0,10,none<=10,none<=10,none<=10,none<=10
103,"(move+1,skip(v=0))","(skip(v=1),move-1(iff=0),flip)","p3(1, 0, 'x')",3,1,10,none<=10,none<=10,none<=10,none<=10
103,"(move+1,skip(v=0))","(skip(v=1),move-1(iff=0),flip)","p3(1, 0, 'x')",3,2,10,none<=10,none<=10,none<=10,none<=10
103,"(move+1,skip(v=0))","(skip(v=1),move-1(iff=0),flip)","p3('x', 0, 0)",3,0,10,none<=10,none<=10,none<=10,none<=10
103,"(move+1,skip(v=0))","(skip(v=1),move-1(iff=0),flip)","p3('x', 0, 0)",3,1,10,none<=10,none<=10,none<=10,none<=10
103,"(move+1,skip(v=0))","(skip(v=1),move-1(iff=0),flip)","p3('x', 0, 0)",3,2,10,none<=10,none<=10,none<=10,none<=10
103,"(move+1,skip(v=0))","(skip(v=1),move-1(iff=0),flip)","p3(0, 'x', 0)",3,0,10,none<=10,none<=10,none<=10,none<=10
103,"(move+1,skip(v=0))","(skip(v=1),move-1(iff=0),flip)","p3(0, 'x', 0)",3,1,10,none<=10,none<=10,none<=10,none<=10
103,"(move+1,skip(v=0))","(skip(v=1),move-1(iff=0),flip)","p3(0, 'x', 0)",3,2,10,none<=10,none<=10,none<=10,none<=10
103,"(move+1,skip(v=0))","(skip(v=1),move-1(iff=0),flip)","p3(0, 0, 'x')",3,0,10,none<=10,none<=10,none<=10,none<=10
103,"(move+1,skip(v=0))","(skip(v=1),move-1(iff=0),flip)","p3(0, 0, 'x')",3,1,10,none<=10,none<=10,none<=10,none<=10
103,"(move+1,skip(v=0))","(skip(v=1),move-1(iff=0),flip)","p3(0, 0, 'x')",3,2,10,none<=10,none<=10,none<=10,none<=10
103,"(move+1,skip(v=0))","(skip(v=1),move-1(iff=0),flip)","p3('x', 1, 1)",3,0,10,none<=10,none<=10,none<=10,none<=10
103,"(move+1,skip(v=0))","(skip(v=1),move-1(iff=0),flip)","p3('x', 1, 1)",3,1,10,none<=10,none<=10,none<=10,none<=10
103,"(move+1,skip(v=0))","(skip(v=1),move-1(iff=0),flip)","p3('x', 1, 1)",3,2,10,none<=10,none<=10,none<=10,none<=10
103,"(move+1,skip(v=0))","(skip(v=1),move-1(iff=0),flip)","p3(1, 'x', 1)",3,0,10,none<=10,none<=10,none<=10,none<=10
103,"(move+1,skip(v=0))","(skip(v=1),move-1(iff=0),flip)","p3(1, 'x', 1)",3,1,10,none<=10,none<=10,none<=10,none<=10
103,"(move+1,skip(v=0))","(skip(v=1),move-1(iff=0),flip)","p3(1, 'x', 1)",3,2,10,none<=10,none<=10,none<=10,none<=10
103,"(move+1,skip(v=0))","(skip(v=1),move-1(iff=0),flip)","p3(1, 1, 'x')",3,0,10,none<=10,none<=10,none<=10,none<=10
103,"(move+1,skip(v=0))","(skip(v=1),move-1(iff=0),flip)","p3(1, 1, 'x')",3,1,10,none<=10,none<=10,none<=10,none<=10
103,"(move+1,skip(v=0))","(skip(v=1),move-1(iff=0),flip)","p3(1, 1, 'x')",3,2,10,none<=10,none<=10,none<=10,none<=10
104,"(move+1,skip(v=0))","(move-1(iff=1),flip)",none,1,0,10,none<=10,none<=10,none<=10,none<=10
104,"(move+1,skip(v=0))","(move-1(iff=1),flip)","(x,xbar)",2,0,10,none<=10,none<=10,none<=10,none<=10
104,"(move+1,skip(v=0))","(move-1(iff=1),flip)","(x,xbar)",2,1,10,none<=10,none<=10,none<=10,none<=10
104,"(move+1,skip(v=0))","(move-1(iff=1),flip)","(xbar,x)",2,0,10,none<=10,none<=10,none<=10,none<=10
104,"(move+1,skip(v=0))","(move-1(iff=1),flip)","(xbar,x)",2,1,10,none<=10,none<=10,none<=10,none<=10
104,"(move+1,skip(v=0))","(move-1(iff=1),flip)","(x,1)",2,0,10,none<=10,none<=10,none<=10,none<=10
104,"(move+1,skip(v=0))","(move-1(iff=1),flip)","(x,1)",2,1,10,none<=10,none<=10,none<=10,none<=10
104,"(move+1,skip(v=0))","(move-1(iff=1),flip)","(1,x)",2,0,10,none<=10,none<=10,none<=10,none<=10
104,"(move+1,skip(v=0))","(move-1(iff=1),flip)","(1,x)",2,1,10,none<=10,none<=10,none<=10,none<=10
104,"(move+1,skip(v=0))","(move-1(iff=1),flip)","(x,0)",2,0,10,none<=10,none<=10,none<=10,none<=10
104,"(move+1,skip(v=0))","(move-1(iff=1),flip)","(x,0)",2,1,10,none<=10,none<=10,none<=10,none<=10
104,"(move+1,skip(v=0))","(move-1(iff=1),flip)","(0,x)",2,0,10,none<=10,none<=10,none<=10,none<=10
104,"(move+1,skip(v=0))","(move-1(iff=1),flip)","(0,x)",2,1,10,none<=10,none<=10,none<=10,none<=10
104,"(move+1,skip(v=0))","(move-1(iff=1),flip)","p3('x', 0, 1)",3,0,10,none<=10,none<=10,none<=10,none<=10
104,"(move+1,skip(v=0))","(move-1(iff=1),flip)","p3('x', 0, 1)",3,1,10,none<=10,none<=10,none<=10,none<=10
104,"(move+1,skip(v=0))","(move-1(iff=1),flip)","p3('x', 0, 1)",3,2,10,none<=10,none<=10,none<=10,none<=10
104,"(move+1,skip(v=0))","(move-1(iff=1),flip)","p3(1, 'x', 0)",3,0,10,none<=10,none<=10,none<=10,none<=10
104,"(move+1,skip(v=0))","(move-1(iff=1),flip)","p3(1, 'x', 0)",3,1,10,none<=10,none<=10,none<=10,none<=10
104,"(move+1,skip(v=0))","(move-1(iff=1),flip)","p3(1, 'x', 0)",3,2,10,none<=10,none<=10,none<=10,none<=10
104,"(move+1,skip(v=0))","(move-1(iff=1),flip)","p3(0, 1, 'x')",3,0,10,none<=10,none<=10,none<=10,none<=10
104,"(move+1,skip(v=0))","(move-1(iff=1),flip)","p3(0, 1, 'x')",3,1,10,none<=10,none<=10,none<=10,none<=10
104,"(move+1,skip(v=0))","(move-1(iff=1),flip)","p3(0, 1, 'x')",3,2,10,none<=10,none<=10,none<=10,none<=10
104,"(move+1,skip(v=0))","(move-1(iff=1),flip)","p3('x', 1, 0)",3,0,10,none<=10,none<=10,none<=10,none<=10
104,"(move+1,skip(v=0))","(move-1(iff=1),flip)","p3('x', 1, 0)",3,1,10,none<=10,none<=10,none<=10,none<=10
104,"(move+1,skip(v=0))","(move-1(iff=1),flip)","p3('x', 1, 0)",3,2,10,none<=10,none<=10,none<=10,none<=10
104,"(move+1,skip(v=0))","(move-1(iff=1),flip)","p3(0, 'x', 1)",3,0,10,none<=10,none<=10,none<=10,none<=10
104,"(move+1,skip(v=0))","(move-1(iff=1),flip)","p3(0, 'x', 1)",3,1,10,none<=10,none<=10,none<=10,none<=10
104,"(move+1,skip(v=0))","(move-1(iff=1),flip)","p3(0, 'x', 1)",3,2,10,none<=10,none<=10,none<=10,none<=10
104,"(move+1,skip(v=0))","(move-1(iff=1),flip)","p3(1, 0, 'x')",3,0,10,none<=10,none<=10,none<=10,none<=10
104,"(move+1,skip(v=0))","(move-1(iff=1),flip)","p3(1, 0, 'x')",3,1,10,none<=10,none<=10,none<=10,none<=10
104,"(move+1,skip(v=0))","(move-1(iff=1),flip)","p3(1, 0, 'x')",3,2,10,none<=10,none<=10,none<=10,none<=10
104,"(move+1,skip(v=0))","(move-1(iff=1),flip)","p3('x', 0, 0)",3,0,10,none<=10,none<=10,none<=10,none<=10
104,"(move+1,skip(v=0))","(move-1(iff=1),flip)","p3('x', 0, 0)",3,1,10,none<=10,none<=10,none<=10,none<=10
104,"(move+1,skip(v=0))","(move-1(iff=1),flip)","p3('x', 0, 0)",3,2,10,none<=10,none<=10,none<=10,none<=10
104,"(move+1,skip(v=0))","(move-1(iff=1),flip)","p3(0, 'x', 0)",3,0,10,none<=10,none<=10,none<=10,none<=10
104,"(move+1,skip(v=0))","(move-1(iff=1),flip)","p3(0, 'x', 0)",3,1,10,none<=10,none<=10,none<=10,none<=10
104,"(move+1,skip(v=0))","(move-1(iff=1),flip)","p3(0, 'x', 0)",3,2,10,none<=10,none<=10,none<=10,none<=10
104,"(move+1,skip(v=0))","(move-1(iff=1),flip)","p3(0, 0, 'x')",3,0,10,none<=10,none<=10,none<=10,none<=10
104,"(move+1,skip(v=0))","(move-1(iff=1),flip)","p3(0, 0, 'x')",3,1,10,none<=10,none<=10,none<=10,none<=10
104,"(move+1,skip(v=0))","(move-1(iff=1),flip)","p3(0, 0, 'x')",3,2,10,none<=10,none<=10,none<=10,none<=10
104,"(move+1,skip(v=0))","(move-1(iff=1),flip)","p3('x', 1, 1)",3,0,10,none<=10,none<=10,none<=10,none<=10
104,"(move+1,skip(v=0))","(move-1(iff=1),flip)","p3('x', 1, 1)",3,1,10,none<=10,none<=10,none<=10,none<=10
104,"(move+1,skip(v=0))","(move-1(iff=1),flip)","p3('x', 1, 1)",3,2,10,none<=10,none<=10,none<=10,none<=10
104,"(move+1,skip(v=0))","(move-1(iff=1),flip)","p3(1, 'x', 1)",3,0,10,none<=10,none<=10,none<=10,none<=10
104,"(move+1,skip(v=0))","(move-1(iff=1),flip)","p3(1, 'x', 1)",3,1,10,none<=10,none<=10,none<=10,none<=10
104,"(move+1,skip(v=0))","(move-1(iff=1),flip)","p3(1, 'x', 1)",3,2,10,none<=10,none<=10,none<=10,none<=10
104,"(move+1,skip(v=0))","(move-1(iff=1),flip)","p3(1, 1, 'x')",3,0,10,none<=10,none<=10,none<=10,none<=10
104,"(move+1,skip(v=0))","(move-1(iff=1),flip)","p3(1, 1, 'x')",3,1,10,none<=10,none<=10,none<=10,none<=10
104,"(move+1,skip(v=0))","(move-1(iff=1),flip)","p3(1, 1, 'x')",3,2,10,none<=10,none<=10,none<=10,none<=10
105,"(move+1,skip(v=0))","(flip,move-1(iff=1))",none,1,0,10,none<=10,none<=10,none<=10,none<=10
105,"(move+1,skip(v=0))","(flip,move-1(iff=1))","(x,xbar)",2,0,10,none<=10,none<=10,none<=10,none<=10
105,"(move+1,skip(v=0))","(flip,move-1(iff=1))","(x,xbar)",2,1,10,none<=10,none<=10,none<=10,none<=10
105,"(move+1,skip(v=0))","(flip,move-1(iff=1))","(xbar,x)",2,0,10,none<=10,none<=10,none<=10,none<=10
105,"(move+1,skip(v=0))","(flip,move-1(iff=1))","(xbar,x)",2,1,10,none<=10,none<=10,none<=10,none<=10
105,"(move+1,skip(v=0))","(flip,move-1(iff=1))","(x,1)",2,0,10,none<=10,none<=10,none<=10,none<=10
105,"(move+1,skip(v=0))","(flip,move-1(iff=1))","(x,1)",2,1,10,none<=10,none<=10,none<=10,none<=10
105,"(move+1,skip(v=0))","(flip,move-1(iff=1))","(1,x)",2,0,10,none<=10,none<=10,none<=10,none<=10
105,"(move+1,skip(v=0))","(flip,move-1(iff=1))","(1,x)",2,1,10,none<=10,none<=10,none<=10,none<=10
105,"(move+1,skip(v=0))","(flip,move-1(iff=1))","(x,0)",2,0,10,none<=10,none<=10,none<=10,none<=10
105,"(move+1,skip(v=0))","(flip,move-1(iff=1))","(x,0)",2,1,10,none<=10,none<=10,none<=10,none<=10
105,"(move+1,skip(v=0))","(flip,move-1(iff=1))","(0,x)",2,0,10,none<=10,none<=10,none<=10,none<=10
105,"(move+1,skip(v=0))","(flip,move-1(iff=1))","(0,x)",2,1,10,none<=10,none<=10,none<=10,none<=10
105,"(move+1,skip(v=0))","(flip,move-1(iff=1))","p3('x', 0, 1)",3,0,10,none<=10,none<=10,none<=10,none<=10
105,"(move+1,skip(v=0))","(flip,move-1(iff=1))","p3('x', 0, 1)",3,1,10,none<=10,none<=10,none<=10,none<=10
105,"(move+1,skip(v=0))","(flip,move-1(iff=1))","p3('x', 0, 1)",3,2,10,none<=10,none<=10,none<=10,none<=10
105,"(move+1,skip(v=0))","(flip,move-1(iff=1))","p3(1, 'x', 0)",3,0,10,none<=10,none<=10,none<=10,none<=10
105,"(move+1,skip(v=0))","(flip,move-1(iff=1))","p3(1, 'x', 0)",3,1,10,none<=10,none<=10,none<=10,none<=10
105,"(move+1,skip(v=0))","(flip,move-1(iff=1))","p3(1, 'x', 0)",3,2,10,none<=10,none<=10,none<=10,none<=10
105,"(move+1,skip(v=0))","(flip,move-1(iff=1))","p3(0, 1, 'x')",3,0,10,none<=10,none<=10,none<=10,none<=10
105,"(move+1,skip(v=0))","(flip,move-1(iff=1))","p3(0, 1, 'x')",3,1,10,none<=10,none<=10,none<=10,none<=10
105,"(move+1,skip(v=0))","(flip,move-1(iff=1))","p3(0, 1, 'x')",3,2,10,none<=10,none<=10,none<=10,none<=10
105,"(move+1,skip(v=0))","(flip,move-1(iff=1))","p3('x', 1, 0)",3,0,10,none<=10,none<=10,none<=10,none<=10
105,"(move+1,skip(v=0))","(flip,move-1(iff=1))","p3('x', 1, 0)",3,1,10,none<=10,none<=10,none<=10,none<=10
105,"(move+1,skip(v=0))","(flip,move-1(iff=1))","p3('x', 1, 0)",3,2,10,none<=10,none<=10,none<=10,none<=10
105,"(move+1,skip(v=0))","(flip,move-1(iff=1))","p3(0, 'x', 1)",3,0,10,none<=10,none<=10,none<=10,none<=10
105,"(move+1,skip(v=0))","(flip,move-1(iff=1))","p3(0, 'x', 1)",3,1,10,none<=10,none<=10,none<=10,none<=10
105,"(move+1,skip(v=0))","(flip,move-1(iff=1))","p3(0, 'x', 1)",3,2,10,none<=10,none<=10,none<=10,none<=10
105,"(move+1,skip(v=0))","(flip,move-1(iff=1))","p3(1, 0, 'x')",3,0,10,none<=10,none<=10,none<=10,none<=10
105,"(move+1,skip(v=0))","(flip,move-1(iff=1))","p3(1, 0, 'x')",3,1,10,none<=10,none<=10,none<=10,none<=10
105,"(move+1,skip(v=0))","(flip,move-1(iff=1))","p3(1, 0, 'x')",3,2,10,none<=10,none<=10,none<=10,none<=10
105,"(move+1,skip(v=0))","(flip,move-1(iff=1))","p3('x', 0, 0)",3,0,10,none<=10,none<=10,none<=10,none<=10
105,"(move+1,skip(v=0))","(flip,move-1(iff=1))","p3('x', 0, 0)",3,1,10,none<=10,none<=10,none<=10,none<=10
105,"(move+1,skip(v=0))","(flip,move-1(iff=1))","p3('x', 0, 0)",3,2,10,none<=10,none<=10,none<=10,none<=10
105,"(move+1,skip(v=0))","(flip,move-1(iff=1))","p3(0, 'x', 0)",3,0,10,none<=10,none<=10,none<=10,none<=10
105,"(move+1,skip(v=0))","(flip,move-1(iff=1))","p3(0, 'x', 0)",3,1,10,none<=10,none<=10,none<=10,none<=10
105,"(move+1,skip(v=0))","(flip,move-1(iff=1))","p3(0, 'x', 0)",3,2,10,none<=10,none<=10,none<=10,none<=10
105,"(move+1,skip(v=0))","(flip,move-1(iff=1))","p3(0, 0, 'x')",3,0,10,none<=10,none<=10,none<=10,none<=10
105,"(move+1,skip(v=0))","(flip,move-1(iff=1))","p3(0, 0, 'x')",3,1,10,none<=10,none<=10,none<=10,none<=10
105,"(move+1,skip(v=0))","(flip,move-1(iff=1))","p3(0, 0, 'x')",3,2,10,none<=10,none<=10,none<=10,none<=10
105,"(move+1,skip(v=0))","(flip,move-1(iff=1))","p3('x', 1, 1)",3,0,10,none<=10,none<=10,none<=10,none<=10
105,"(move+1,skip(v=0))","(flip,move-1(iff=1))","p3('x', 1, 1)",3,1,10,none<=10,none<=10,none<=10,none<=10
105,"(move+1,skip(v=0))","(flip,move-1(iff=1))","p3('x', 1, 1)",3,2,10,none<=10,none<=10,none<=10,none<=10
105,"(move+1,skip(v=0))","(flip,move-1(iff=1))","p3(1, 'x', 1)",3,0,10,none<=10,none<=10,none<=10,none<=10
105,"(move+1,skip(v=0))","(flip,move-1(iff=1))","p3(1, 'x', 1)",3,1,10,none<=10,none<=10,none<=10,none<=10
105,"(move+1,skip(v=0))","(flip,move-1(iff=1))","p3(1, 'x', 1)",3,2,10,none<=10,none<=10,none<=10,none<=10
105,"(move+1,skip(v=0))","(flip,move-1(iff=1))","p3(1, 1, 'x')",3,0,10,none<=10,none<=10,none<=10,none<=10
105,"(move+1,skip(v=0))","(flip,move-1(iff=1))","p3(1, 1, 'x')",3,1,10,none<=10,none<=10,none<=10,none<=10
105,"(move+1,skip(v=0))","(flip,move-1(iff=1))","p3(1, 1, 'x')",3,2,10,none<=10,none<=10,none<=10,none<=10
106,"(move+1,skip(v=0))","(move-1(iff=1),flip,skip(v=0))",none,1,0,10,none<=10,none<=10,none<=10,none<=10
106,"(move+1,skip(v=0))","(move-1(iff=1),flip,skip(v=0))","(x,xbar)",2,0,10,none<=10,none<=10,none<=10,none<=10
106,"(move+1,skip(v=0))","(move-1(iff=1),flip,skip(v=0))","(x,xbar)",2,1,10,none<=10,none<=10,none<=10,none<=10
106,"(move+1,skip(v=0))","(move-1(iff=1),flip,skip(v=0))","(xbar,x)",2,0,10,none<=10,none<=10,none<=10,none<=10
106,"(move+1,skip(v=0))","(move-1(iff=1),flip,skip(v=0))","(xbar,x)",2,1,10,none<=10,none<=10,none<=10,none<=10
106,"(move+1,skip(v=0))","(move-1(iff=1),flip,skip(v=0))","(x,1)",2,0,10,none<=10,none<=10,none<=10,none<=10
106,"(move+1,skip(v=0))","(move-1(iff=1),flip,skip(v=0))","(x,1)",2,1,10,none<=10,none<=10,none<=10,none<=10
106,"(move+1,skip(v=0))","(move-1(iff=1),flip,skip(v=0))","(1,x)",2,0,10,none<=10,none<=10,none<=10,none<=10
106,"(move+1,skip(v=0))","(move-1(iff=1),flip,skip(v=0))","(1,x)",2,1,10,none<=10,none<=10,none<=10,none<=10
106,"(move+1,skip(v=0))","(move-1(iff=1),flip,skip(v=0))","(x,0)",2,0,10,none<=10,none<=10,none<=10,none<=10
106,"(move+1,skip(v=0))","(move-1(iff=1),flip,skip(v=0))","(x,0)",2,1,10,none<=10,none<=10,none<=10,none<=10
106,"(move+1,skip(v=0))","(move-1(iff=1),flip,skip(v=0))","(0,x)",2,0,10,none<=10,none<=10,none<=10,none<=10
106,"(move+1,skip(v=0))","(move-1(iff=1),flip,skip(v=0))","(0,x)",2,1,10,none<=10,none<=10,none<=10,none<=10
106,"(move+1,skip(v=0))","(move-1(iff=1),flip,skip(v=0))","p3('x', 0, 1)",3,0,10,none<=10,none<=10,none<=10,none<=10
106,"(move+1,skip(v=0))","(move-1(iff=1),flip,skip(v=0))","p3('x', 0, 1)",3,1,10,none<=10,none<=10,none<=10,none<=10
106,"(move+1,skip(v=0))","(move-1(iff=1),flip,skip(v=0))","p3('x', 0, 1)",3,2,10,none<=10,none<=10,none<=10,none<=10
106,"(move+1,skip(v=0))","(move-1(iff=1),flip,skip(v=0))","p3(1, 'x', 0)",3,0,10,none<=10,none<=10,none<=10,none<=10
106,"(move+1,skip(v=0))","(move-1(iff=1),flip,skip(v=0))","p3(1, 'x', 0)",3,1,10,none<=10,none<=10,none<=10,none<=10
106,"(move+1,skip(v=0))","(move-1(iff=1),flip,skip(v=0))","p3(1, 'x', 0)",3,2,10,none<=10,none<=10,none<=10,none<=10
106,"(move+1,skip(v=0))","(move-1(iff=1),flip,skip(v=0))","p3(0, 1, 'x')",3,0,10,none<=10,none<=10,none<=10,none<=10
106,"(move+1,skip(v=0))","(move-1(iff=1),flip,skip(v=0))","p3(0, 1, 'x')",3,1,10,none<=10,none<=10,none<=10,none<=10
106,"(move+1,skip(v=0))","(move-1(iff=1),flip,skip(v=0))","p3(0, 1, 'x')",3,2,10,none<=10,none<=10,none<=10,none<=10
106,"(move+1,skip(v=0))","(move-1(iff=1),flip,skip(v=0))","p3('x', 1, 0)",3,0,10,none<=10,none<=10,none<=10,none<=10
106,"(move+1,skip(v=0))","(move-1(iff=1),flip,skip(v=0))","p3('x', 1, 0)",3,1,10,none<=10,none<=10,none<=10,none<=10
106,"(move+1,skip(v=0))","(move-1(iff=1),flip,skip(v=0))","p3('x', 1, 0)",3,2,10,none<=10,none<=10,none<=10,none<=10
106,"(move+1,skip(v=0))","(move-1(iff=1),flip,skip(v=0))","p3(0, 'x', 1)",3,0,10,none<=10,none<=10,none<=10,none<=10
106,"(move+1,skip(v=0))","(move-1(iff=1),flip,skip(v=0))","p3(0, 'x', 1)",3,1,10,none<=10,none<=10,none<=10,none<=10
106,"(move+1,skip(v=0))","(move-1(iff=1),flip,skip(v=0))","p3(0, 'x', 1)",3,2,10,none<=10,none<=10,none<=10,none<=10
106,"(move+1,skip(v=0))","(move-1(iff=1),flip,skip(v=0))","p3(1, 0, 'x')",3,0,10,none<=10,none<=10,none<=10,none<=10
106,"(move+1,skip(v=0))","(move-1(iff=1),flip,skip(v=0))","p3(1, 0, 'x')",3,1,10,none<=10,none<=10,none<=10,none<=10
106,"(move+1,skip(v=0))","(move-1(iff=1),flip,skip(v=0))","p3(1, 0, 'x')",3,2,10,none<=10,none<=10,none<=10,none<=10
106,"(move+1,skip(v=0))","(move-1(iff=1),flip,skip(v=0))","p3('x', 0, 0)",3,0,10,none<=10,none<=10,none<=10,none<=10
106,"(move+1,skip(v=0))","(move-1(iff=1),flip,skip(v=0))","p3('x', 0, 0)",3,1,10,none<=10,none<=10,none<=10,none<=10
106,"(move+1,skip(v=0))","(move-1(iff=1),flip,skip(v=0))","p3('x', 0, 0)",3,2,10,none<=10,none<=10,none<=10,none<=10
106,"(move+1,skip(v=0))","(move-1(iff=1),flip,skip(v=0))","p3(0, 'x', 0)",3,0,10,none<=10,none<=10,none<=10,none<=10
106,"(move+1,skip(v=0))","(move-1(iff=1),flip,skip(v=0))","p3(0, 'x', 0)",3,1,10,none<=10,none<=10,none<=10,none<=10
106,"(move+1,skip(v=0))","(move-1(iff=1),flip,skip(v=0))","p3(0, 'x', 0)",3,2,10,none<=10,none<=10,none<=10,none<=10
106,"(move+1,skip(v=0))","(move-1(iff=1),flip,skip(v=0))","p3(0, 0, 'x')",3,0,10,none<=10,none<=10,none<=10,none<=10
106,"(move+1,skip(v=0))","(move-1(iff=1),flip,skip(v=0))","p3(0, 0, 'x')",3,1,10,none<=10,none<=10,none<=10,none<=10
106,"(move+1,skip(v=0))","(move-1(iff=1),flip,skip(v=0))","p3(0, 0, 'x')",3,2,10,none<=10,none<=10,none<=10,none<=10
106,"(move+1,skip(v=0))","(move-1(iff=1),flip,skip(v=0))","p3('x', 1, 1)",3,0,10,none<=10,none<=10,none<=10,none<=10
106,"(move+1,skip(v=0))","(move-1(iff=1),flip,skip(v=0))","p3('x', 1, 1)",3,1,10,none<=10,none<=10,none<=10,none<=10
106,"(move+1,skip(v=0))","(move-1(iff=1),flip,skip(v=0))","p3('x', 1, 1)",3,2,10,none<=10,none<=10,none<=10,none<=10
106,"(move+1,skip(v=0))","(move-1(iff=1),flip,skip(v=0))","p3(1, 'x', 1)",3,0,10,none<=10,none<=10,none<=10,none<=10
106,"(move+1,skip(v=0))","(move-1(iff=1),flip,skip(v=0))","p3(1, 'x', 1)",3,1,10,none<=10,none<=10,none<=10,none<=10
106,"(move+1,skip(v=0))","(move-1(iff=1),flip,skip(v=0))","p3(1, 'x', 1)",3,2,10,none<=10,none<=10,none<=10,none<=10
106,"(move+1,skip(v=0))","(move-1(iff=1),flip,skip(v=0))","p3(1, 1, 'x')",3,0,10,none<=10,none<=10,none<=10,none<=10
106,"(move+1,skip(v=0))","(move-1(iff=1),flip,skip(v=0))","p3(1, 1, 'x')",3,1,10,none<=10,none<=10,none<=10,none<=10
106,"(move+1,skip(v=0))","(move-1(iff=1),flip,skip(v=0))","p3(1, 1, 'x')",3,2,10,none<=10,none<=10,none<=10,none<=10
107,"(move+1,skip(v=0))","(move-1(iff=1),skip(v=0),flip)",none,1,0,10,none<=10,none<=10,none<=10,none<=10
107,"(move+1,skip(v=0))","(move-1(iff=1),skip(v=0),flip)","(x,xbar)",2,0,10,none<=10,none<=10,none<=10,none<=10
107,"(move+1,skip(v=0))","(move-1(iff=1),skip(v=0),flip)","(x,xbar)",2,1,10,none<=10,none<=10,none<=10,none<=10
107,"(move+1,skip(v=0))","(move-1(iff=1),skip(v=0),flip)","(xbar,x)",2,0,10,none<=10,none<=10,none<=10,none<=10
107,"(move+1,skip(v=0))","(move-1(iff=1),skip(v=0),flip)","(xbar,x)",2,1,10,none<=10,none<=10,none<=10,none<=10
107,"(move+1,skip(v=0))","(move-1(iff=1),skip(v=0),flip)","(x,1)",2,0,10,none<=10,none<=10,none<=10,none<=10
107,"(move+1,skip(v=0))","(move-1(iff=1),skip(v=0),flip)","(x,1)",2,1,10,none<=10,none<=10,none<=10,none<=10
107,"(move+1,skip(v=0))","(move-1(iff=1),skip(v=0),flip)","(1,x)",2,0,10,none<=10,none<=10,none<=10,none<=10
107,"(move+1,skip(v=0))","(move-1(iff=1),skip(v=0),flip)","(1,x)",2,1,10,none<=10,none<=10,none<=10,none<=10
107,"(move+1,skip(v=0))","(move-1(iff=1),skip(v=0),flip)","(x,0)",2,0,10,none<=10,none<=10,none<=10,none<=10
107,"(move+1,skip(v=0))","(move-1(iff=1),skip(v=0),flip)","(x,0)",2,1,10,none<=10,none<=10,none<=10,none<=10
107,"(move+1,skip(v=0))","(move-1(iff=1),skip(v=0),flip)","(0,x)",2,0,10,none<=10,none<=10,none<=10,none<=10
107,"(move+1,skip(v=0))","(move-1(iff=1),skip(v=0),flip)","(0,x)",2,1,10,none<=10,none<=10,none<=10,none<=10
107,"(move+1,skip(v=0))","(move-1(iff=1),skip(v=0),flip)","p3('x', 0, 1)",3,0,10,none<=10,none<=10,none<=10,none<=10
107,"(move+1,skip(v=0))","(move-1(iff=1),skip(v=0),flip)","p3('x', 0, 1)",3,1,10,none<=10,none<=10,none<=10,none<=10
107,"(move+1,skip(v=0))","(move-1(iff=1),skip(v=0),flip)","p3('x', 0, 1)",3,2,10,none<=10,none<=10,none<=10,none<=10
107,"(move+1,skip(v=0))","(move-1(iff=1),skip(v=0),flip)","p3(1, 'x', 0)",3,0,10,none<=10,none<=10,none<=10,none<=10
107,"(move+1,skip(v=0))","(move-1(iff=1),skip(v=0),flip)","p3(1, 'x', 0)",3,1,10,none<=10,none<=10,none<=10,none<=10
107,"(move+1,skip(v=0))","(move-1(iff=1),skip(v=0),flip)","p3(1, 'x', 0)",3,2,10,none<=10,none<=10,none<=10,none<=10
107,"(move+1,skip(v=0))","(move-1(iff=1),skip(v=0),flip)","p3(0, 1, 'x')",3,0,10,none<=10,none<=10,none<=10,none<=10
107,"(move+1,skip(v=0))","(move-1(iff=1),skip(v=0),flip)","p3(0, 1, 'x')",3,1,10,none<=10,none<=10,none<=10,none<=10
107,"(move+1,skip(v=0))","(move-1(iff=1),skip(v=0),flip)","p3(0, 1, 'x')",3,2,10,none<=10,none<=10,none<=10,none<=10
107,"(move+1,skip(v=0))","(move-1(iff=1),skip(v=0),flip)","p3('x', 1, 0)",3,0,10,none<=10,none<=10,none<=10,none<=10
107,"(move+1,skip(v=0))","(move-1(iff=1),skip(v=0),flip)","p3('x', 1, 0)",3,1,10,none<=10,none<=10,none<=10,none<=10
107,"(move+1,skip(v=0))","(move-1(iff=1),skip(v=0),flip)","p3('x', 1, 0)",3,2,10,none<=10,none<=10,none<=10,none<=10
107,"(move+1,skip(v=0))","(move-1(iff=1),skip(v=0),flip)","p3(0, 'x', 1)",3,0,10,none<=10,none<=10,none<=10,none<=10
107,"(move+1,skip(v=0))","(move-1(iff=1),skip(v=0),flip)","p3(0, 'x', 1)",3,1,10,none<=10,none<=10,none<=10,none<=10
107,"(move+1,skip(v=0))","(move-1(iff=1),skip(v=0),flip)","p3(0, 'x', 1)",3,2,10,none<=10,none<=10,none<=10,none<=10
107,"(move+1,skip(v=0))","(move-1(iff=1),skip(v=0),flip)","p3(1, 0, 'x')",3,0,10,none<=10,none<=10,none<=10,none<=10
107,"(move+1,skip(v=0))","(move-1(iff=1),skip(v=0),flip)","p3(1, 0, 'x')",3,1,10,none<=10,none<=10,none<=10,none<=10
107,"(move+1,skip(v=0))","(move-1(iff=1),skip(v=0),flip)","p3(1, 0, 'x')",3,2,10,none<=10,none<=10,none<=10,none<=10
107,"(move+1,skip(v=0))","(move-1(iff=1),skip(v=0),flip)","p3('x', 0, 0)",3,0,10,none<=10,none<=10,none<=10,none<=10
107,"(move+1,skip(v=0))","(move-1(iff=1),skip(v=0),flip)","p3('x', 0, 0)",3,1,10,none<=10,none<=10,none<=10,none<=10
107,"(move+1,skip(v=0))","(move-1(iff=1),skip(v=0),flip)","p3('x', 0, 0)",3,2,10,none<=10,none<=10,none<=10,none<=10
107,"(move+1,skip(v=0))","(move-1(iff=1),skip(v=0),flip)","p3(0, 'x', 0)",3,0,10,none<=10,none<=10,none<=10,none<=10
107,"(move+1,skip(v=0))","(move-1(iff=1),skip(v=0),flip)","p3(0, 'x', 0)",3,1,10,none<=10,none<=10,none<=10,none<=10
107,"(move+1,skip(v=0))","(move-1(iff=1),skip(v=0),flip)","p3(0, 'x', 0)",3,2,10,none<=10,none<=10,none<=10,none<=10
107,"(move+1,skip(v=0))","(move-1(iff=1),skip(v=0),flip)","p3(0, 0, 'x')",3,0,10,none<=10,none<=10,none<=10,none<=10
107,"(move+1,skip(v=0))","(move-1(iff=1),skip(v=0),flip)","p3(0, 0, 'x')",3,1,10,none<=10,none<=10,none<=10,none<=10
107,"(move+1,skip(v=0))","(move-1(iff=1),skip(v=0),flip)","p3(0, 0, 'x')",3,2,10,none<=10,none<=10,none<=10,none<=10
107,"(move+1,skip(v=0))","(move-1(iff=1),skip(v=0),flip)","p3('x', 1, 1)",3,0,10,none<=10,none<=10,none<=10,none<=10
107,"(move+1,skip(v=0))","(move-1(iff=1),skip(v=0),flip)","p3('x', 1, 1)",3,1,10,none<=10,none<=10,none<=10,none<=10
107,"(move+1,skip(v=0))","(move-1(iff=1),skip(v=0),flip)","p3('x', 1, 1)",3,2,10,none<=10,none<=10,none<=10,none<=10
107,"(move+1,skip(v=0))","(move-1(iff=1),skip(v=0),flip)","p3(1, 'x', 1)",3,0,10,none<=10,none<=10,none<=10,none<=10
107,"(move+1,skip(v=0))","(move-1(iff=1),skip(v=0),flip)","p3(1, 'x', 1)",3,1,10,none<=10,none<=10,none<=10,none<=10
107,"(move+1,skip(v=0))","(move-1(iff=1),skip(v=0),flip)","p3(1, 'x', 1)",3,2,10,none<=10,none<=10,none<=10,none<=10
107,"(move+1,skip(v=0))","(move-1(iff=1),skip(v=0),flip)","p3(1, 1, 'x')",3,0,10,none<=10,none<=10,none<=10,none<=10
107,"(move+1,skip(v=0))","(move-1(iff=1),skip(v=0),flip)","p3(1, 1, 'x')",3,1,10,none<=10,none<=10,none<=10,none<=10
107,"(move+1,skip(v=0))","(move-1(iff=1),skip(v=0),flip)","p3(1, 1, 'x')",3,2,10,none<=10,none<=10,none<=10,none<=10
108,"(move+1,skip(v=0))","(flip,skip(v=0),move-1(iff=1))",none,1,0,10,none<=10,none<=10,none<=10,none<=10
108,"(move+1,skip(v=0))","(flip,skip(v=0),move-1(iff=1))","(x,xbar)",2,0,10,none<=10,none<=10,none<=10,none<=10
108,"(move+1,skip(v=0))","(flip,skip(v=0),move-1(iff=1))","(x,xbar)",2,1,10,none<=10,none<=10,none<=10,none<=10
108,"(move+1,skip(v=0))","(flip,skip(v=0),move-1(iff=1))","(xbar,x)",2,0,10,none<=10,none<=10,none<=10,none<=10
108,"(move+1,skip(v=0))","(flip,skip(v=0),move-1(iff=1))","(xbar,x)",2,1,10,none<=10,none<=10,none<=10,none<=10
108,"(move+1,skip(v=0))","(flip,skip(v=0),move-1(iff=1))","(x,1)",2,0,10,none<=10,none<=10,none<=10,none<=10
108,"(move+1,skip(v=0))","(flip,skip(v=0),move-1(iff=1))","(x,1)",2,1,10,none<=10,none<=10,none<=10,none<=10
108,"(move+1,skip(v=0))","(flip,skip(v=0),move-1(iff=1))","(1,x)",2,0,10,none<=10,none<=10,none<=10,none<=10
108,"(move+1,skip(v=0))","(flip,skip(v=0),move-1(iff=1))","(1,x)",2,1,10,none<=10,none<=10,none<=10,none<=10
108,"(move+1,skip(v=0))","(flip,skip(v=0),move-1(iff=1))","(x,0)",2,0,10,none<=10,none<=10,none<=10,none<=10
108,"(move+1,skip(v=0))","(flip,skip(v=0),move-1(iff=1))","(x,0)",2,1,10,none<=10,none<=10,none<=10,none<=10
108,"(move+1,skip(v=0))","(flip,skip(v=0),move-1(iff=1))","(0,x)",2,0,10,none<=10,none<=10,none<=10,none<=10
108,"(move+1,skip(v=0))","(flip,skip(v=0),move-1(iff=1))","(0,x)",2,1,10,none<=10,none<=10,none<=10,none<=10
108,"(move+1,skip(v=0))","(flip,skip(v=0),move-1(iff=1))","p3('x', 0, 1)",3,0,10,none<=10,none<=10,none<=10,none<=10
108,"(move+1,skip(v=0))","(flip,skip(v=0),move-1(iff=1))","p3('x', 0, 1)",3,1,10,none<=10,none<=10,none<=10,none<=10
108,"(move+1,skip(v=0))","(flip,skip(v=0),move-1(iff=1))","p3('x', 0, 1)",3,2,10,none<=10,none<=10,none<=10,none<=10
108,"(move+1,skip(v=0))","(flip,skip(v=0),move-1(iff=1))","p3(1, 'x', 0)",3,0,10,none<=10,none<=10,none<=10,none<=10
108,"(move+1,skip(v=0))","(flip,skip(v=0),move-1(iff=1))","p3(1, 'x', 0)",3,1,10,none<=10,none<=10,none<=10,none<=10
108,"(move+1,skip(v=0))","(flip,skip(v=0),move-1(iff=1))","p3(1, 'x', 0)",3,2,10,none<=10,none<=10,none<=10,none<=10
108,"(move+1,skip(v=0))","(flip,skip(v=0),move-1(iff=1))","p3(0, 1, 'x')",3,0,10,none<=10,none<=10,none<=10,none<=10
108,"(move+1,skip(v=0))","(flip,skip(v=0),move-1(iff=1))","p3(0, 1, 'x')",3,1,10,none<=10,none<=10,none<=10,none<=10
108,"(move+1,skip(v=0))","(flip,skip(v=0),move-1(iff=1))","p3(0, 1, 'x')",3,2,10,none<=10,none<=10,none<=10,none<=10
108,"(move+1,skip(v=0))","(flip,skip(v=0),move-1(iff=1))","p3('x', 1, 0)",3,0,10,none<=10,none<=10,none<=10,none<=10
108,"(move+1,skip(v=0))","(flip,skip(v=0),move-1(iff=1))","p3('x', 1, 0)",3,1,10,none<=10,none<=10,none<=10,none<=10
108,"(move+1,skip(v=0))","(flip,skip(v=0),move-1(iff=1))","p3('x', 1, 0)",3,2,10,none<=10,none<=10,none<=10,none<=10
108,"(move+1,skip(v=0))","(flip,skip(v=0),move-1(iff=1))","p3(0, 'x', 1)",3,0,10,none<=10,none<=10,none<=10,none<=10
108,"(move+1,skip(v=0))","(flip,skip(v=0),move-1(iff=1))","p3(0, 'x', 1)",3,1,10,none<=10,none<=10,none<=10,none<=10
108,"(move+1,skip(v=0))","(flip,skip(v=0),move-1(iff=1))","p3(0, 'x', 1)",3,2,10,none<=10,none<=10,none<=10,none<=10
108,"(move+1,skip(v=0))","(flip,skip(v=0),move-1(iff=1))","p3(1, 0, 'x')",3,0,10,none<=10,none<=10,none<=10,none<=10
108,"(move+1,skip(v=0))","(flip,skip(v=0),move-1(iff=1))","p3(1, 0, 'x')",3,1,10,none<=10,none<=10,none<=10,none<=10
108,"(move+1,skip(v=0))","(flip,skip(v=0),move-1(iff=1))","p3(1, 0, 'x')",3,2,10,none<=10,none<=10,none<=10,none<=10
108,"(move+1,skip(v=0))","(flip,skip(v=0),move-1(iff=1))","p3('x', 0, 0)",3,0,10,none<=10,none<=10,none<=10,none<=10
108,"(move+1,skip(v=0))","(flip,skip(v=0),move-1(iff=1))","p3('x', 0, 0)",3,1,10,none<=10,none<=10,none<=10,none<=10
108,"(move+1,skip(v=0))","(flip,skip(v=0),move-1(iff=1))","p3('x', 0, 0)",3,2,10,none<=10,none<=10,none<=10,none<=10
108,"(move+1,skip(v=0))","(flip,skip(v=0),move-1(iff=1))","p3(0, 'x', 0)",3,0,10,none<=10,none<=10,none<=10,none<=10
108,"(move+1,skip(v=0))","(flip,skip(v=0),move-1(iff=1))","p3(0, 'x', 0)",3,1,10,none<=10,none<=10,none<=10,none<=10
108,"(move+1,skip(v=0))","(flip,skip(v=0),move-1(iff=1))","p3(0, 'x', 0)",3,2,10,none<=10,none<=10,none<=10,none<=10
108,"(move+1,skip(v=0))","(flip,skip(v=0),move-1(iff=1))","p3(0, 0, 'x')",3,0,10,none<=10,none<=10,none<=10,none<=10
108,"(move+1,skip(v=0))","(flip,skip(v=0),move-1(iff=1))","p3(0, 0, 'x')",3,1,10,none<=10,none<=10,none<=10,none<=10
108,"(move+1,skip(v=0))","(flip,skip(v=0),move-1(iff=1))","p3(0, 0, 'x')",3,2,10,none<=10,none<=10,none<=10,none<=10
108,"(move+1,skip(v=0))","(flip,skip(v=0),move-1(iff=1))","p3('x', 1, 1)",3,0,10,none<=10,none<=10,none<=10,none<=10
108,"(move+1,skip(v=0))","(flip,skip(v=0),move-1(iff=1))","p3('x', 1, 1)",3,1,10,none<=10,none<=10,none<=10,none<=10
108,"(move+1,skip(v=0))","(flip,skip(v=0),move-1(iff=1))","p3('x', 1, 1)",3,2,10,none<=10,none<=10,none<=10,none<=10
108,"(move+1,skip(v=0))","(flip,skip(v=0),move-1(iff=1))","p3(1, 'x', 1)",3,0,10,none<=10,none<=10,none<=10,none<=10
108,"(move+1,skip(v=0))","(flip,skip(v=0),move-1(iff=1))","p3(1, 'x', 1)",3,1,10,none<=10,none<=10,none<=10,none<=10
108,"(move+1,skip(v=0))","(flip,skip(v=0),move-1(iff=1))","p3(1, 'x', 1)",3,2,10,none<=10,none<=10,none<=10,none<=10
108,"(move+1,skip(v=0))","(flip,skip(v=0),move-1(iff=1))","p3(1, 1, 'x')",3,0,10,none<=10,none<=10,none<=10,none<=10
108,"(move+1,skip(v=0))","(flip,skip(v=0),move-1(iff=1))","p3(1, 1, 'x')",3,1,10,none<=10,none<=10,none<=10,none<=10
108,"(move+1,skip(v=0))","(flip,skip(v=0),move-1(iff=1))","p3(1, 1, 'x')",3,2,10,none<=10,none<=10,none<=10,none<=10
109,"(move+1,skip(v=0))","(skip(v=0),flip,move-1(iff=1))",none,1,0,10,none<=10,none<=10,none<=10,none<=10
109,"(move+1,skip(v=0))","(skip(v=0),flip,move-1(iff=1))","(x,xbar)",2,0,10,none<=10,none<=10,none<=10,none<=10
109,"(move+1,skip(v=0))","(skip(v=0),flip,move-1(iff=1))","(x,xbar)",2,1,10,none<=10,none<=10,none<=10,none<=10
109,"(move+1,skip(v=0))","(skip(v=0),flip,move-1(iff=1))","(xbar,x)",2,0,10,none<=10,none<=10,none<=10,none<=10
109,"(move+1,skip(v=0))","(skip(v=0),flip,move-1(iff=1))","(xbar,x)",2,1,10,none<=10,none<=10,none<=10,none<=10
109,"(move+1,skip(v=0))","(skip(v=0),flip,move-1(iff=1))","(x,1)",2,0,10,none<=10,none<=10,none<=10,none<=10
109,"(move+1,skip(v=0))","(skip(v=0),flip,move-1(iff=1))","(x,1)",2,1,10,none<=10,none<=10,none<=10,none<=10
109,"(move+1,skip(v=0))","(skip(v=0),flip,move-1(iff=1))","(1,x)",2,0,10,none<=10,none<=10,none<=10,none<=10
109,"(move+1,skip(v=0))","(skip(v=0),flip,move-1(iff=1))","(1,x)",2,1,10,none<=10,none<=10,none<=10,none<=10
109,"(move+1,skip(v=0))","(skip(v=0),flip,move-1(iff=1))","(x,0)",2,0,10,none<=10,none<=10,none<=10,none<=10
109,"(move+1,skip(v=0))","(skip(v=0),flip,move-1(iff=1))","(x,0)",2,1,10,none<=10,none<=10,none<=10,none<=10
109,"(move+1,skip(v=0))","(skip(v=0),flip,move-1(iff=1))","(0,x)",2,0,10,none<=10,none<=10,none<=10,none<=10
109,"(move+1,skip(v=0))","(skip(v=0),flip,move-1(iff=1))","(0,x)",2,1,10,none<=10,none<=10,none<=10,none<=10
109,"(move+1,skip(v=0))","(skip(v=0),flip,move-1(iff=1))","p3('x', 0, 1)",3,0,10,none<=10,none<=10,none<=10,none<=10
109,"(move+1,skip(v=0))","(skip(v=0),flip,move-1(iff=1))","p3('x', 0, 1)",3,1,10,none<=10,none<=10,none<=10,none<=10
109,"(move+1,skip(v=0))","(skip(v=0),flip,move-1(iff=1))","p3('x', 0, 1)",3,2,10,none<=10,none<=10,none<=10,none<=10
109,"(move+1,skip(v=0))","(skip(v=0),flip,move-1(iff=1))","p3(1, 'x', 0)",3,0,10,none<=10,none<=10,none<=10,none<=10
109,"(move+1,skip(v=0))","(skip(v=0),flip,move-1(iff=1))","p3(1, 'x', 0)",3,1,10,none<=10,none<=10,none<=10,none<=10
109,"(move+1,skip(v=0))","(skip(v=0),flip,move-1(iff=1))","p3(1, 'x', 0)",3,2,10,none<=10,none<=10,none<=10,none<=10
109,"(move+1,skip(v=0))","(skip(v=0),flip,move-1(iff=1))","p3(0, 1, 'x')",3,0,10,none<=10,none<=10,none<=10,none<=10
109,"(move+1,skip(v=0))","(skip(v=0),flip,move-1(iff=1))","p3(0, 1, 'x')",3,1,10,none<=10,none<=10,none<=10,none<=10
109,"(move+1,skip(v=0))","(skip(v=0),flip,move-1(iff=1))","p3(0, 1, 'x')",3,2,10,none<=10,none<=10,none<=10,none<=10
109,"(move+1,skip(v=0))","(skip(v=0),flip,move-1(iff=1))","p3('x', 1, 0)",3,0,10,none<=10,none<=10,none<=10,none<=10
109,"(move+1,skip(v=0))","(skip(v=0),flip,move-1(iff=1))","p3('x', 1, 0)",3,1,10,none<=10,none<=10,none<=10,none<=10
109,"(move+1,skip(v=0))","(skip(v=0),flip,move-1(iff=1))","p3('x', 1, 0)",3,2,10,none<=10,none<=10,none<=10,none<=10
109,"(move+1,skip(v=0))","(skip(v=0),flip,move-1(iff=1))","p3(0, 'x', 1)",3,0,10,none<=10,none<=10,none<=10,none<=10
109,"(move+1,skip(v=0))","(skip(v=0),flip,move-1(iff=1))","p3(0, 'x', 1)",3,1,10,none<=10,none<=10,none<=10,none<=10
109,"(move+1,skip(v=0))","(skip(v=0),flip,move-1(iff=1))","p3(0, 'x', 1)",3,2,10,none<=10,none<=10,none<=10,none<=10
109,"(move+1,skip(v=0))","(skip(v=0),flip,move-1(iff=1))","p3(1, 0, 'x')",3,0,10,none<=10,none<=10,none<=10,none<=10
109,"(move+1,skip(v=0))","(skip(v=0),flip,move-1(iff=1))","p3(1, 0, 'x')",3,1,10,none<=10,none<=10,none<=10,none<=10
109,"(move+1,skip(v=0))","(skip(v=0),flip,move-1(iff=1))","p3(1, 0, 'x')",3,2,10,none<=10,none<=10,none<=10,none<=10
109,"(move+1,skip(v=0))","(skip(v=0),flip,move-1(iff=1))","p3('x', 0, 0)",3,0,10,none<=10,none<=10,none<=10,none<=10
109,"(move+1,skip(v=0))","(skip(v=0),flip,move-1(iff=1))","p3('x', 0, 0)",3,1,10,none<=10,none<=10,none<=10,none<=10
109,"(move+1,skip(v=0))","(skip(v=0),flip,move-1(iff=1))","p3('x', 0, 0)",3,2,10,none<=10,none<=10,none<=10,none<=10
109,"(move+1,skip(v=0))","(skip(v=0),flip,move-1(iff=1))","p3(0, 'x', 0)",3,0,10,none<=10,none<=10,none<=10,none<=10
109,"(move+1,skip(v=0))","(skip(v=0),flip,move-1(iff=1))","p3(0, 'x', 0)",3,1,10,none<=10,none<=10,none<=10,none<=10
109,"(move+1,skip(v=0))","(skip(v=0),flip,move-1(iff=1))","p3(0, 'x', 0)",3,2,10,none<=10,none<=10,none<=10,none<=10
109,"(move+1,skip(v=0))","(skip(v=0),flip,move-1(iff=1))","p3(0, 0, 'x')",3,0,10,none<=10,none<=10,none<=10,none<=10
109,"(move+1,skip(v=0))","(skip(v=0),flip,move-1(iff=1))","p3(0, 0, 'x')",3,1,10,none<=10,none<=10,none<=10,none<=10
109,"(move+1,skip(v=0))","(skip(v=0),flip,move-1(iff=1))","p3(0, 0, 'x')",3,2,10,none<=10,none<=10,none<=10,none<=10
109,"(move+1,skip(v=0))","(skip(v=0),flip,move-1(iff=1))","p3('x', 1, 1)",3,0,10,none<=10,none<=10,none<=10,none<=10
109,"(move+1,skip(v=0))","(skip(v=0),flip,move-1(iff=1))","p3('x', 1, 1)",3,1,10,none<=10,none<=10,none<=10,none<=10
109,"(move+1,skip(v=0))","(skip(v=0),flip,move-1(iff=1))","p3('x', 1, 1)",3,2,10,none<=10,none<=10,none<=10,none<=10
109,"(move+1,skip(v=0))","(skip(v=0),flip,move-1(iff=1))","p3(1, 'x', 1)",3,0,10,none<=10,none<=10,none<=10,none<=10
109,"(move+1,skip(v=0))","(skip(v=0),flip,move-1(iff=1))","p3(1, 'x', 1)",3,1,10,none<=10,none<=10,none<=10,none<=10
109,"(move+1,skip(v=0))","(skip(v=0),flip,move-1(iff=1))","p3(1, 'x', 1)",3,2,10,none<=10,none<=10,none<=10,none<=10
109,"(move+1,skip(v=0))","(skip(v=0),flip,move-1(iff=1))","p3(1, 1, 'x')",3,0,10,none<=10,none<=10,none<=10,none<=10
109,"(move+1,skip(v=0))","(skip(v=0),flip,move-1(iff=1))","p3(1, 1, 'x')",3,1,10,none<=10,none<=10,none<=10,none<=10
109,"(move+1,skip(v=0))","(skip(v=0),flip,move-1(iff=1))","p3(1, 1, 'x')",3,2,10,none<=10,none<=10,none<=10,none<=10
110,"(move+1,skip(v=0))","(flip,move-1(iff=1),skip(v=0))",none,1,0,10,none<=10,none<=10,none<=10,none<=10
110,"(move+1,skip(v=0))","(flip,move-1(iff=1),skip(v=0))","(x,xbar)",2,0,10,none<=10,none<=10,none<=10,none<=10
110,"(move+1,skip(v=0))","(flip,move-1(iff=1),skip(v=0))","(x,xbar)",2,1,10,none<=10,none<=10,none<=10,none<=10
110,"(move+1,skip(v=0))","(flip,move-1(iff=1),skip(v=0))","(xbar,x)",2,0,10,none<=10,none<=10,none<=10,none<=10
110,"(move+1,skip(v=0))","(flip,move-1(iff=1),skip(v=0))","(xbar,x)",2,1,10,none<=10,none<=10,none<=10,none<=10
110,"(move+1,skip(v=0))","(flip,move-1(iff=1),skip(v=0))","(x,1)",2,0,10,none<=10,none<=10,none<=10,none<=10
110,"(move+1,skip(v=0))","(flip,move-1(iff=1),skip(v=0))","(x,1)",2,1,10,none<=10,none<=10,none<=10,none<=10
110,"(move+1,skip(v=0))","(flip,move-1(iff=1),skip(v=0))","(1,x)",2,0,10,none<=10,none<=10,none<=10,none<=10
110,"(move+1,skip(v=0))","(flip,move-1(iff=1),skip(v=0))","(1,x)",2,1,10,none<=10,none<=10,none<=10,none<=10
110,"(move+1,skip(v=0))","(flip,move-1(iff=1),skip(v=0))","(x,0)",2,0,10,none<=10,none<=10,none<=10,none<=10
110,"(move+1,skip(v=0))","(flip,move-1(iff=1),skip(v=0))","(x,0)",2,1,10,none<=10,none<=10,none<=10,none<=10
110,"(move+1,skip(v=0))","(flip,move-1(iff=1),skip(v=0))","(0,x)",2,0,10,none<=10,none<=10,none<=10,none<=10
110,"(move+1,skip(v=0))","(flip,move-1(iff=1),skip(v=0))","(0,x)",2,1,10,none<=10,none<=10,none<=10,none<=10
110,"(move+1,skip(v=0))","(flip,move-1(iff=1),skip(v=0))","p3('x', 0, 1)",3,0,10,none<=10,none<=10,none<=10,none<=10
110,"(move+1,skip(v=0))","(flip,move-1(iff=1),skip(v=0))","p3('x', 0, 1)",3,1,10,none<=10,none<=10,none<=10,none<=10
110,"(move+1,skip(v=0))","(flip,move-1(iff=1),skip(v=0))","p3('x', 0, 1)",3,2,10,none<=10,none<=10,none<=10,none<=10
110,"(move+1,skip(v=0))","(flip,move-1(iff=1),skip(v=0))","p3(1, 'x', 0)",3,0,10,none<=10,none<=10,none<=10,none<=10
110,"(move+1,skip(v=0))","(flip,move-1(iff=1),skip(v=0))","p3(1, 'x', 0)",3,1,10,none<=10,none<=10,none<=10,none<=10
110,"(move+1,skip(v=0))","(flip,move-1(iff=1),skip(v=0))","p3(1, 'x', 0)",3,2,10,none<=10,none<=10,none<=10,none<=10
110,"(move+1,skip(v=0))","(flip,move-1(iff=1),skip(v=0))","p3(0, 1, 'x')",3,0,10,none<=10,none<=10,none<=10,none<=10
110,"(move+1,skip(v=0))","(flip,move-1(iff=1),skip(v=0))","p3(0, 1, 'x')",3,1,10,none<=10,none<=10,none<=10,none<=10
110,"(move+1,skip(v=0))","(flip,move-1(iff=1),skip(v=0))","p3(0, 1, 'x')",3,2,10,none<=10,none<=10,none<=10,none<=10
110,"(move+1,skip(v=0))","(flip,move-1(iff=1),skip(v=0))","p3('x', 1, 0)",3,0,10,none<=10,none<=10,none<=10,none<=10
110,"(move+1,skip(v=0))","(flip,move-1(iff=1),skip(v=0))","p3('x', 1, 0)",3,1,10,none<=10,none<=10,none<=10,none<=10
110,"(move+1,skip(v=0))","(flip,move-1(iff=1),skip(v=0))","p3('x', 1, 0)",3,2,10,none<=10,none<=10,none<=10,none<=10
110,"(move+1,skip(v=0))","(flip,move-1(iff=1),skip(v=0))","p3(0, 'x', 1)",3,0,10,none<=10,none<=10,none<=10,none<=10
110,"(move+1,skip(v=0))","(flip,move-1(iff=1),skip(v=0))","p3(0, 'x', 1)",3,1,10,none<=10,none<=10,none<=10,none<=10
110,"(move+1,skip(v=0))","(flip,move-1(iff=1),skip(v=0))","p3(0, 'x', 1)",3,2,10,none<=10,none<=10,none<=10,none<=10
110,"(move+1,skip(v=0))","(flip,move-1(iff=1),skip(v=0))","p3(1, 0, 'x')",3,0,10,none<=10,none<=10,none<=10,none<=10
110,"(move+1,skip(v=0))","(flip,move-1(iff=1),skip(v=0))","p3(1, 0, 'x')",3,1,10,none<=10,none<=10,none<=10,none<=10
110,"(move+1,skip(v=0))","(flip,move-1(iff=1),skip(v=0))","p3(1, 0, 'x')",3,2,10,none<=10,none<=10,none<=10,none<=10
110,"(move+1,skip(v=0))","(flip,move-1(iff=1),skip(v=0))","p3('x', 0, 0)",3,0,10,none<=10,none<=10,none<=10,none<=10
110,"(move+1,skip(v=0))","(flip,move-1(iff=1),skip(v=0))","p3('x', 0, 0)",3,1,10,none<=10,none<=10,none<=10,none<=10
110,"(move+1,skip(v=0))","(flip,move-1(iff=1),skip(v=0))","p3('x', 0, 0)",3,2,10,none<=10,none<=10,none<=10,none<=10
110,"(move+1,skip(v=0))","(flip,move-1(iff=1),skip(v=0))","p3(0, 'x', 0)",3,0,10,none<=10,none<=10,none<=10,none<=10
110,"(move+1,skip(v=0))","(flip,move-1(iff=1),skip(v=0))","p3(0, 'x', 0)",3,1,10,none<=10,none<=10,none<=10,none<=10
110,"(move+1,skip(v=0))","(flip,move-1(iff=1),skip(v=0))","p3(0, 'x', 0)",3,2,10,none<=10,none<=10,none<=10,none<=10
110,"(move+1,skip(v=0))","(flip,move-1(iff=1),skip(v=0))","p3(0, 0, 'x')",3,0,10,none<=10,none<=10,none<=10,none<=10
110,"(move+1,skip(v=0))","(flip,move-1(iff=1),skip(v=0))","p3(0, 0, 'x')",3,1,10,none<=10,none<=10,none<=10,none<=10
110,"(move+1,skip(v=0))","(flip,move-1(iff=1),skip(v=0))","p3(0, 0, 'x')",3,2,10,none<=10,none<=10,none<=10,none<=10
110,"(move+1,skip(v=0))","(flip,move-1(iff=1),skip(v=0))","p3('x', 1, 1)",3,0,10,none<=10,none<=10,none<=10,none<=10
110,"(move+1,skip(v=0))","(flip,move-1(iff=1),skip(v=0))","p3('x', 1, 1)",3,1,10,none<=10,none<=10,none<=10,none<=10
110,"(move+1,skip(v=0))","(flip,move-1(iff=1),skip(v=0))","p3('x', 1, 1)",3,2,10,none<=10,none<=10,none<=10,none<=10
110,"(move+1,skip(v=0))","(flip,move-1(iff=1),skip(v=0))","p3(1, 'x', 1)",3,0,10,none<=10,none<=10,none<=10,none<=10
110,"(move+1,skip(v=0))","(flip,move-1(iff=1),skip(v=0))","p3(1, 'x', 1)",3,1,10,none<=10,none<=10,none<=10,none<=10
110,"(move+1,skip(v=0))","(flip,move-1(iff=1),skip(v=0))","p3(1, 'x', 1)",3,2,10,none<=10,none<=10,none<=10,none<=10
110,"(move+1,skip(v=0))","(flip,move-1(iff=1),skip(v=0))","p3(1, 1, 'x')",3,0,10,none<=10,none<=10,none<=10,none<=10
110,"(move+1,skip(v=0))","(flip,move-1(iff=1),skip(v=0))","p3(1, 1, 'x')",3,1,10,none<=10,none<=10,none<=10,none<=10
110,"(move+1,skip(v=0))","(flip,move-1(iff=1),skip(v=0))","p3(1, 1, 'x')",3,2,10,none<=10,none<=10,none<=10,none<=10
111,"(move+1,skip(v=0))","(skip(v=0),move-1(iff=1),flip)",none,1,0,10,none<=10,none<=10,none<=10,none<=10
111,"(move+1,skip(v=0))","(skip(v=0),move-1(iff=1),flip)","(x,xbar)",2,0,10,none<=10,none<=10,none<=10,none<=10
111,"(move+1,skip(v=0))","(skip(v=0),move-1(iff=1),flip)","(x,xbar)",2,1,10,none<=10,none<=10,none<=10,none<=10
111,"(move+1,skip(v=0))","(skip(v=0),move-1(iff=1),flip)","(xbar,x)",2,0,10,none<=10,none<=10,none<=10,none<=10
111,"(move+1,skip(v=0))","(skip(v=0),move-1(iff=1),flip)","(xbar,x)",2,1,10,none<=10,none<=10,none<=10,none<=10
111,"(move+1,skip(v=0))","(skip(v=0),move-1(iff=1),flip)","(x,1)",2,0,10,none<=10,none<=10,none<=10,none<=10
111,"(move+1,skip(v=0))","(skip(v=0),move-1(iff=1),flip)","(x,1)",2,1,10,none<=10,none<=10,none<=10,none<=10
111,"(move+1,skip(v=0))","(skip(v=0),move-1(iff=1),flip)","(1,x)",2,0,10,none<=10,none<=10,none<=10,none<=10
111,"(move+1,skip(v=0))","(skip(v=0),move-1(iff=1),flip)","(1,x)",2,1,10,none<=10,none<=10,none<=10,none<=10
111,"(move+1,skip(v=0))","(skip(v=0),move-1(iff=1),flip)","(x,0)",2,0,10,none<=10,none<=10,none<=10,none<=10
111,"(move+1,skip(v=0))","(skip(v=0),move-1(iff=1),flip)","(x,0)",2,1,10,none<=10,none<=10,none<=10,none<=10
111,"(move+1,skip(v=0))","(skip(v=0),move-1(iff=1),flip)","(0,x)",2,0,10,none<=10,none<=10,none<=10,none<=10
111,"(move+1,skip(v=0))","(skip(v=0),move-1(iff=1),flip)","(0,x)",2,1,10,none<=10,none<=10,none<=10,none<=10
111,"(move+1,skip(v=0))","(skip(v=0),move-1(iff=1),flip)","p3('x', 0, 1)",3,0,10,none<=10,none<=10,none<=10,none<=10
111,"(move+1,skip(v=0))","(skip(v=0),move-1(iff=1),flip)","p3('x', 0, 1)",3,1,10,none<=10,none<=10,none<=10,none<=10
111,"(move+1,skip(v=0))","(skip(v=0),move-1(iff=1),flip)","p3('x', 0, 1)",3,2,10,none<=10,none<=10,none<=10,none<=10
111,"(move+1,skip(v=0))","(skip(v=0),move-1(iff=1),flip)","p3(1, 'x', 0)",3,0,10,none<=10,none<=10,none<=10,none<=10
111,"(move+1,skip(v=0))","(skip(v=0),move-1(iff=1),flip)","p3(1, 'x', 0)",3,1,10,none<=10,none<=10,none<=10,none<=10
111,"(move+1,skip(v=0))","(skip(v=0),move-1(iff=1),flip)","p3(1, 'x', 0)",3,2,10,none<=10,none<=10,none<=10,none<=10
111,"(move+1,skip(v=0))","(skip(v=0),move-1(iff=1),flip)","p3(0, 1, 'x')",3,0,10,none<=10,none<=10,none<=10,none<=10
111,"(move+1,skip(v=0))","(skip(v=0),move-1(iff=1),flip)","p3(0, 1, 'x')",3,1,10,none<=10,none<=10,none<=10,none<=10
111,"(move+1,skip(v=0))","(skip(v=0),move-1(iff=1),flip)","p3(0, 1, 'x')",3,2,10,none<=10,none<=10,none<=10,none<=10
111,"(move+1,skip(v=0))","(skip(v=0),move-1(iff=1),flip)","p3('x', 1, 0)",3,0,10,none<=10,none<=10,none<=10,none<=10
111,"(move+1,skip(v=0))","(skip(v=0),move-1(iff=1),flip)","p3('x', 1, 0)",3,1,10,none<=10,none<=10,none<=10,none<=10
111,"(move+1,skip(v=0))","(skip(v=0),move-1(iff=1),flip)","p3('x', 1, 0)",3,2,10,none<=10,none<=10,none<=10,none<=10
111,"(move+1,skip(v=0))","(skip(v=0),move-1(iff=1),flip)","p3(0, 'x', 1)",3,0,10,none<=10,none<=10,none<=10,none<=10
111,"(move+1,skip(v=0))","(skip(v=0),move-1(iff=1),flip)","p3(0, 'x', 1)",3,1,10,none<=10,none<=10,none<=10,none<=10
111,"(move+1,skip(v=0))","(skip(v=0),move-1(iff=1),flip)","p3(0, 'x', 1)",3,2,10,none<=10,none<=10,none<=10,none<=10
111,"(move+1,skip(v=0))","(skip(v=0),move-1(iff=1),flip)","p3(1, 0, 'x')",3,0,10,none<=10,none<=10,none<=10,none<=10
111,"(move+1,skip(v=0))","(skip(v=0),move-1(iff=1),flip)","p3(1, 0, 'x')",3,1,10,none<=10,none<=10,none<=10,none<=10
111,"(move+1,skip(v=0))","(skip(v=0),move-1(iff=1),flip)","p3(1, 0, 'x')",3,2,10,none<=10,none<=10,none<=10,none<=10
111,"(move+1,skip(v=0))","(skip(v=0),move-1(iff=1),flip)","p3('x', 0, 0)",3,0,10,none<=10,none<=10,none<=10,none<=10
111,"(move+1,skip(v=0))","(skip(v=0),move-1(iff=1),flip)","p3('x', 0, 0)",3,1,10,none<=10,none<=10,none<=10,none<=10
111,"(move+1,skip(v=0))","(skip(v=0),move-1(iff=1),flip)","p3('x', 0, 0)",3,2,10,none<=10,none<=10,none<=10,none<=10
111,"(move+1,skip(v=0))","(skip(v=0),move-1(iff=1),flip)","p3(0, 'x', 0)",3,0,10,none<=10,none<=10,none<=10,none<=10
111,"(move+1,skip(v=0))","(skip(v=0),move-1(iff=1),flip)","p3(0, 'x', 0)",3,1,10,none<=10,none<=10,none<=10,none<=10
111,"(move+1,skip(v=0))","(skip(v=0),move-1(iff=1),flip)","p3(0, 'x', 0)",3,2,10,none<=10,none<=10,none<=10,none<=10
111,"(move+1,skip(v=0))","(skip(v=0),move-1(iff=1),flip)","p3(0, 0, 'x')",3,0,10,none<=10,none<=10,none<=10,none<=10
111,"(move+1,skip(v=0))","(skip(v=0),move-1(iff=1),flip)","p3(0, 0, 'x')",3,1,10,none<=10,none<=10,none<=10,none<=10
111,"(move+1,skip(v=0))","(skip(v=0),move-1(iff=1),flip)","p3(0, 0, 'x')",3,2,10,none<=10,none<=10,none<=10,none<=10
111,"(move+1,skip(v=0))","(skip(v=0),move-1(iff=1),flip)","p3('x', 1, 1)",3,0,10,none<=10,none<=10,none<=10,none<=10
111,"(move+1,skip(v=0))","(skip(v=0),move-1(iff=1),flip)","p3('x', 1, 1)",3,1,10,none<=10,none<=10,none<=10,none<=10
111,"(move+1,skip(v=0))","(skip(v=0),move-1(iff=1),flip)","p3('x', 1, 1)",3,2,10,none<=10,none<=10,none<=10,none<=10
111,"(move+1,skip(v=0))","(skip(v=0),move-1(iff=1),flip)","p3(1, 'x', 1)",3,0,10,none<=10,none<=10,none<=10,none<=10
111,"(move+1,skip(v=0))","(skip(v=0),move-1(iff=1),flip)","p3(1, 'x', 1)",3,1,10,none<=10,none<=10,none<=10,none<=10
111,"(move+1,skip(v=0))","(skip(v=0),move-1(iff=1),flip)","p3(1, 'x', 1)",3,2,10,none<=10,none<=10,none<=10,none<=10
111,"(move+1,skip(v=0))","(skip(v=0),move-1(iff=1),flip)","p3(1, 1, 'x')",3,0,10,none<=10,none<=10,none<=10,none<=10
111,"(move+1,skip(v=0))","(skip(v=0),move-1(iff=1),flip)","p3(1, 1, 'x')",3,1,10,none<=10,none<=10,none<=10,none<=10
111,"(move+1,skip(v=0))","(skip(v=0),move-1(iff=1),flip)","p3(1, 1, 'x')",3,2,10,none<=10,none<=10,none<=10,none<=10
112,"(move+1,skip(v=0))","(flip,move-1(iff=1),skip(v=1))",none,1,0,10,none<=10,none<=10,none<=10,none<=10
112,"(move+1,skip(v=0))","(flip,move-1(iff=1),skip(v=1))","(x,xbar)",2,0,10,none<=10,none<=10,none<=10,none<=10
112,"(move+1,skip(v=0))","(flip,move-1(iff=1),skip(v=1))","(x,xbar)",2,1,10,none<=10,none<=10,none<=10,none<=10
112,"(move+1,skip(v=0))","(flip,move-1(iff=1),skip(v=1))","(xbar,x)",2,0,10,none<=10,none<=10,none<=10,none<=10
112,"(move+1,skip(v=0))","(flip,move-1(iff=1),skip(v=1))","(xbar,x)",2,1,10,none<=10,none<=10,none<=10,none<=10
112,"(move+1,skip(v=0))","(flip,move-1(iff=1),skip(v=1))","(x,1)",2,0,10,none<=10,none<=10,none<=10,none<=10
112,"(move+1,skip(v=0))","(flip,move-1(iff=1),skip(v=1))","(x,1)",2,1,10,none<=10,none<=10,none<=10,none<=10
112,"(move+1,skip(v=0))","(flip,move-1(iff=1),skip(v=1))","(1,x)",2,0,10,none<=10,none<=10,none<=10,none<=10
112,"(move+1,skip(v=0))","(flip,move-1(iff=1),skip(v=1))","(1,x)",2,1,10,none<=10,none<=10,none<=10,none<=10
112,"(move+1,skip(v=0))","(flip,move-1(iff=1),skip(v=1))","(x,0)",2,0,10,none<=10,none<=10,none<=10,none<=10
112,"(move+1,skip(v=0))","(flip,move-1(iff=1),skip(v=1))","(x,0)",2,1,10,none<=10,none<=10,none<=10,none<=10
112,"(move+1,skip(v=0))","(flip,move-1(iff=1),skip(v=1))","(0,x)",2,0,10,none<=10,none<=10,none<=10,none<=10
112,"(move+1,skip(v=0))","(flip,move-1(iff=1),skip(v=1))","(0,x)",2,1,10,none<=10,none<=10,none<=10,none<=10
112,"(move+1,skip(v=0))","(flip,move-1(iff=1),skip(v=1))","p3('x', 0, 1)",3,0,10,none<=10,none<=10,none<=10,none<=10
112,"(move+1,skip(v=0))","(flip,move-1(iff=1),skip(v=1))","p3('x', 0, 1)",3,1,10,none<=10,none<=10,none<=10,none<=10
112,"(move+1,skip(v=0))","(flip,move-1(iff=1),skip(v=1))","p3('x', 0, 1)",3,2,10,none<=10,none<=10,none<=10,none<=10
112,"(move+1,skip(v=0))","(flip,move-1(iff=1),skip(v=1))","p3(1, 'x', 0)",3,0,10,none<=10,none<=10,none<=10,none<=10
112,"(move+1,skip(v=0))","(flip,move-1(iff=1),skip(v=1))","p3(1, 'x', 0)",3,1,10,none<=10,none<=10,none<=10,none<=10
112,"(move+1,skip(v=0))","(flip,move-1(iff=1),skip(v=1))","p3(1, 'x', 0)",3,2,10,none<=10,none<=10,none<=10,none<=10
112,"(move+1,skip(v=0))","(flip,move-1(iff=1),skip(v=1))","p3(0, 1, 'x')",3,0,10,none<=10,none<=10,none<=10,none<=10
112,"(move+1,skip(v=0))","(flip,move-1(iff=1),skip(v=1))","p3(0, 1, 'x')",3,1,10,none<=10,none<=10,none<=10,none<=10
112,"(move+1,skip(v=0))","(flip,move-1(iff=1),skip(v=1))","p3(0, 1, 'x')",3,2,10,none<=10,none<=10,none<=10,none<=10
112,"(move+1,skip(v=0))","(flip,move-1(iff=1),skip(v=1))","p3('x', 1, 0)",3,0,10,none<=10,none<=10,none<=10,none<=10
112,"(move+1,skip(v=0))","(flip,move-1(iff=1),skip(v=1))","p3('x', 1, 0)",3,1,10,none<=10,none<=10,none<=10,none<=10
112,"(move+1,skip(v=0))","(flip,move-1(iff=1),skip(v=1))","p3('x', 1, 0)",3,2,10,none<=10,none<=10,none<=10,none<=10
112,"(move+1,skip(v=0))","(flip,move-1(iff=1),skip(v=1))","p3(0, 'x', 1)",3,0,10,none<=10,none<=10,none<=10,none<=10
112,"(move+1,skip(v=0))","(flip,move-1(iff=1),skip(v=1))","p3(0, 'x', 1)",3,1,10,none<=10,none<=10,none<=10,none<=10
112,"(move+1,skip(v=0))","(flip,move-1(iff=1),skip(v=1))","p3(0, 'x', 1)",3,2,10,none<=10,none<=10,none<=10,none<=10
112,"(move+1,skip(v=0))","(flip,move-1(iff=1),skip(v=1))","p3(1, 0, 'x')",3,0,10,none<=10,none<=10,none<=10,none<=10
112,"(move+1,skip(v=0))","(flip,move-1(iff=1),skip(v=1))","p3(1, 0, 'x')",3,1,10,none<=10,none<=10,none<=10,none<=10
112,"(move+1,skip(v=0))","(flip,move-1(iff=1),skip(v=1))","p3(1, 0, 'x')",3,2,10,none<=10,none<=10,none<=10,none<=10
112,"(move+1,skip(v=0))","(flip,move-1(iff=1),skip(v=1))","p3('x', 0, 0)",3,0,10,none<=10,none<=10,none<=10,none<=10
112,"(move+1,skip(v=0))","(flip,move-1(iff=1),skip(v=1))","p3('x', 0, 0)",3,1,10,none<=10,none<=10,none<=10,none<=10
112,"(move+1,skip(v=0))","(flip,move-1(iff=1),skip(v=1))","p3('x', 0, 0)",3,2,10,none<=10,none<=10,none<=10,none<=10
112,"(move+1,skip(v=0))","(flip,move-1(iff=1),skip(v=1))","p3(0, 'x', 0)",3,0,10,none<=10,none<=10,none<=10,none<=10
112,"(move+1,skip(v=0))","(flip,move-1(iff=1),skip(v=1))","p3(0, 'x', 0)",3,1,10,none<=10,none<=10,none<=10,none<=10
112,"(move+1,skip(v=0))","(flip,move-1(iff=1),skip(v=1))","p3(0, 'x', 0)",3,2,10,none<=10,none<=10,none<=10,none<=10
112,"(move+1,skip(v=0))","(flip,move-1(iff=1),skip(v=1))","p3(0, 0, 'x')",3,0,10,none<=10,none<=10,none<=10,none<=10
112,"(move+1,skip(v=0))","(flip,move-1(iff=1),skip(v=1))","p3(0, 0, 'x')",3,1,10,none<=10,none<=10,none<=10,none<=10
112,"(move+1,skip(v=0))","(flip,move-1(iff=1),skip(v=1))","p3(0, 0, 'x')",3,2,10,none<=10,none<=10,none<=10,none<=10
112,"(move+1,skip(v=0))","(flip,move-1(iff=1),skip(v=1))","p3('x', 1, 1)",3,0,10,none<=10,none<=10,none<=10,none<=10
112,"(move+1,skip(v=0))","(flip,move-1(iff=1),skip(v=1))","p3('x', 1, 1)",3,1,10,none<=10,none<=10,none<=10,none<=10
112,"(move+1,skip(v=0))","(flip,move-1(iff=1),skip(v=1))","p3('x', 1, 1)",3,2,10,none<=10,none<=10,none<=10,none<=10
112,"(move+1,skip(v=0))","(flip,move-1(iff=1),skip(v=1))","p3(1, 'x', 1)",3,0,10,none<=10,none<=10,none<=10,none<=10
112,"(move+1,skip(v=0))","(flip,move-1(iff=1),skip(v=1))","p3(1, 'x', 1)",3,1,10,none<=10,none<=10,none<=10,none<=10
112,"(move+1,skip(v=0))","(flip,move-1(iff=1),skip(v=1))","p3(1, 'x', 1)",3,2,10,none<=10,none<=10,none<=10,none<=10
112,"(move+1,skip(v=0))","(flip,move-1(iff=1),skip(v=1))","p3(1, 1, 'x')",3,0,10,none<=10,none<=10,none<=10,none<=10
112,"(move+1,skip(v=0))","(flip,move-1(iff=1),skip(v=1))","p3(1, 1, 'x')",3,1,10,none<=10,none<=10,none<=10,none<=10
112,"(move+1,skip(v=0))","(flip,move-1(iff=1),skip(v=1))","p3(1, 1, 'x')",3,2,10,none<=10,none<=10,none<=10,none<=10
113,"(move+1,skip(v=0))","(skip(v=1),move-1(iff=1),flip)",none,1,0,10,none<=10,none<=10,none<=10,none<=10
113,"(move+1,skip(v=0))","(skip(v=1),move-1(iff=1),flip)","(x,xbar)",2,0,10,none<=10,none<=10,none<=10,none<=10
113,"(move+1,skip(v=0))","(skip(v=1),move-1(iff=1),flip)","(x,xbar)",2,1,10,none<=10,none<=10,none<=10,none<=10
113,"(move+1,skip(v=0))","(skip(v=1),move-1(iff=1),flip)","(xbar,x)",2,0,10,none<=10,none<=10,none<=10,none<=10
113,"(move+1,skip(v=0))","(skip(v=1),move-1(iff=1),flip)","(xbar,x)",2,1,10,none<=10,none<=10,none<=10,none<=10
113,"(move+1,skip(v=0))","(skip(v=1),move-1(iff=1),flip)","(x,1)",2,0,10,BABAABA(7),none<=10,none<=10,none<=10
113,"(move+1,skip(v=0))","(skip(v=1),move-1(iff=1),flip)","(x,1)",2,1,10,BBBABAA(7),none<=10,none<=10,none<=10
113,"(move+1,skip(v=0))","(skip(v=1),move-1(iff=1),flip)","(1,x)",2,0,10,none<=10,none<=10,none<=10,none<=10
113,"(move+1,skip(v=0))","(skip(v=1),move-1(iff=1),flip)","(1,x)",2,1,10,BABAABA(7),none<=10,none<=10,none<=10
113,"(move+1,skip(v=0))","(skip(v=1),move-1(iff=1),flip)","(x,0)",2,0,10,none<=10,none<=10,none<=10,none<=10
113,"(move+1,skip(v=0))","(skip(v=1),move-1(iff=1),flip)","(x,0)",2,1,10,none<=10,none<=10,none<=10,none<=10
113,"(move+1,skip(v=0))","(skip(v=1),move-1(iff=1),flip)","(0,x)",2,0,10,none<=10,none<=10,none<=10,none<=10
113,"(move+1,skip(v=0))","(skip(v=1),move-1(iff=1),flip)","(0,x)",2,1,10,none<=10,none<=10,none<=10,none<=10
113,"(move+1,skip(v=0))","(skip(v=1),move-1(iff=1),flip)","p3('x', 0, 1)",3,0,10,none<=10,none<=10,none<=10,none<=10
113,"(move+1,skip(v=0))","(skip(v=1),move-1(iff=1),flip)","p3('x', 0, 1)",3,1,10,none<=10,none<=10,none<=10,none<=10
113,"(move+1,skip(v=0))","(skip(v=1),move-1(iff=1),flip)","p3('x', 0, 1)",3,2,10,none<=10,none<=10,none<=10,none<=10
113,"(move+1,skip(v=0))","(skip(v=1),move-1(iff=1),flip)","p3(1, 'x', 0)",3,0,10,none<=10,none<=10,none<=10,none<=10
113,"(move+1,skip(v=0))","(skip(v=1),move-1(iff=1),flip)","p3(1, 'x', 0)",3,1,10,none<=10,none<=10,none<=10,none<=10
113,"(move+1,skip(v=0))","(skip(v=1),move-1(iff=1),flip)","p3(1, 'x', 0)",3,2,10,none<=10,none<=10,none<=10,none<=10
113,"(move+1,skip(v=0))","(skip(v=1),move-1(iff=1),flip)","p3(0, 1, 'x')",3,0,10,none<=10,none<=10,none<=10,none<=10
113,"(move+1,skip(v=0))","(skip(v=1),move-1(iff=1),flip)","p3(0, 1, 'x')",3,1,10,none<=10,none<=10,none<=10,none<=10
113,"(move+1,skip(v=0))","(skip(v=1),move-1(iff=1),flip)","p3(0, 1, 'x')",3,2,10,none<=10,none<=10,none<=10,none<=10
113,"(move+1,skip(v=0))","(skip(v=1),move-1(iff=1),flip)","p3('x', 1, 0)",3,0,10,none<=10,none<=10,none<=10,none<=10
113,"(move+1,skip(v=0))","(skip(v=1),move-1(iff=1),flip)","p3('x', 1, 0)",3,1,10,none<=10,none<=10,none<=10,none<=10
113,"(move+1,skip(v=0))","(skip(v=1),move-1(iff=1),flip)","p3('x', 1, 0)",3,2,10,none<=10,none<=10,none<=10,none<=10
113,"(move+1,skip(v=0))","(skip(v=1),move-1(iff=1),flip)","p3(0, 'x', 1)",3,0,10,none<=10,none<=10,none<=10,none<=10
113,"(move+1,skip(v=0))","(skip(v=1),move-1(iff=1),flip)","p3(0, 'x', 1)",3,1,10,none<=10,none<=10,none<=10,none<=10
113,"(move+1,skip(v=0))","(skip(v=1),move-1(iff=1),flip)","p3(0, 'x', 1)",3,2,10,none<=10,none<=10,none<=10,none<=10
113,"(move+1,skip(v=0))","(skip(v=1),move-1(iff=1),flip)","p3(1, 0, 'x')",3,0,10,none<=10,none<=10,none<=10,none<=10
113,"(move+1,skip(v=0))","(skip(v=1),move-1(iff=1),flip)","p3(1, 0, 'x')",3,1,10,none<=10,none<=10,none<=10,none<=10
113,"(move+1,skip(v=0))","(skip(v=1),move-1(iff=1),flip)","p3(1, 0, 'x')",3,2,10,none<=10,none<=10,none<=10,none<=10
113,"(move+1,skip(v=0))","(skip(v=1),move-1(iff=1),flip)","p3('x', 0, 0)",3,0,10,none<=10,none<=10,none<=10,none<=10
113,"(move+1,skip(v=0))","(skip(v=1),move-1(iff=1),flip)","p3('x', 0, 0)",3,1,10,none<=10,none<=10,none<=10,none<=10
113,"(move+1,skip(v=0))","(skip(v=1),move-1(iff=1),flip)","p3('x', 0, 0)",3,2,10,none<=10,none<=10,none<=10,none<=10
113,"(move+1,skip(v=0))","(skip(v=1),move-1(iff=1),flip)","p3(0, 'x', 0)",3,0,10,none<=10,none<=10,none<=10,none<=10
113,"(move+1,skip(v=0))","(skip(v=1),move-1(iff=1),flip)","p3(0, 'x', 0)",3,1,10,none<=10,none<=10,none<=10,none<=10
113,"(move+1,skip(v=0))","(skip(v=1),move-1(iff=1),flip)","p3(0, 'x', 0)",3,2,10,none<=10,none<=10,none<=10,none<=10
113,"(move+1,skip(v=0))","(skip(v=1),move-1(iff=1),flip)","p3(0, 0, 'x')",3,0,10,none<=10,none<=10,none<=10,none<=10
113,"(move+1,skip(v=0))","(skip(v=1),move-1(iff=1),flip)","p3(0, 0, 'x')",3,1,10,none<=10,none<=10,none<=10,none<=10
113,"(move+1,skip(v=0))","(skip(v=1),move-1(iff=1),flip)","p3(0, 0, 'x')",3,2,10,none<=10,none<=10,none<=10,none<=10
113,"(move+1,skip(v=0))","(skip(v=1),move-1(iff=1),flip)","p3('x', 1, 1)",3,0,10,BABAABA(7),none<=10,none<=10,none<=10
113,"(move+1,skip(v=0))","(skip(v=1),move-1(iff=1),flip)","p3('x', 1, 1)",3,1,10,BBBABAA(7),none<=10,none<=10,none<=10
113,"(move+1,skip(v=0))","(skip(v=1),move-1(iff=1),flip)","p3('x', 1, 1)",3,2,10,none<=10,none<=10,none<=10,none<=10
113,"(move+1,skip(v=0))","(skip(v=1),move-1(iff=1),flip)","p3(1, 'x', 1)",3,0,10,none<=10,none<=10,none<=10,none<=10
113,"(move+1,skip(v=0))","(skip(v=1),move-1(iff=1),flip)","p3(1, 'x', 1)",3,1,10,BABAABA(7),none<=10,none<=10,none<=10
113,"(move+1,skip(v=0))","(skip(v=1),move-1(iff=1),flip)","p3(1, 'x', 1)",3,2,10,BBBABAA(7),none<=10,none<=10,none<=10
113,"(move+1,skip(v=0))","(skip(v=1),move-1(iff=1),flip)","p3(1, 1, 'x')",3,0,10,none<=10,none<=10,none<=10,none<=10
113,"(move+1,skip(v=0))","(skip(v=1),move-1(iff=1),flip)","p3(1, 1, 'x')",3,1,10,none<=10,none<=10,none<=10,none<=10
113,"(move+1,skip(v=0))","(skip(v=1),move-1(iff=1),flip)","p3(1, 1, 'x')",3,2,10,BABAABA(7),none<=10,none<=10,none<=10
114,(move+1(iff=0)),(move-1),none,1,0,10,none<=10,none<=10,none<=10,B(1)
114,(move+1(iff=0)),(move-1),"(x,xbar)",2,0,10,none<=10,none<=10,none<=10,BB(2)
114,(move+1(iff=0)),(move-1),"(x,xbar)",2,1,10,none<=10,none<=10,none<=10,BB(2)
114,(move+1(iff=0)),(move-1),"(xbar,x)",2,0,10,none<=10,none<=10,none<=10,BB(2)
114,(move+1(iff=0)),(move-1),"(xbar,x)",2,1,10,none<=10,none<=10,none<=10,BB(2)
114,(move+1(iff=0)),(move-1),"(x,1)",2,0,10,none<=10,none<=10,none<=10,BB(2)
114,(move+1(iff=0)),(move-1),"(x,1)",2,1,10,none<=10,none<=10,none<=10,BB(2)
114,(move+1(iff=0)),(move-1),"(1,x)",2,0,10,none<=10,none<=10,none<=10,BB(2)
114,(move+1(iff=0)),(move-1),"(1,x)",2,1,10,none<=10,none<=10,none<=10,BB(2)
114,(move+1(iff=0)),(move-1),"(x,0)",2,0,10,none<=10,none<=10,none<=10,BB(2)
114,(move+1(iff=0)),(move-1),"(x,0)",2,1,10,none<=10,none<=10,none<=10,BB(2)
114,(move+1(iff=0)),(move-1),"(0,x)",2,0,10,none<=10,none<=10,none<=10,BB(2)
114,(move+1(iff=0)),(move-1),"(0,x)",2,1,10,none<=10,none<=10,none<=10,BB(2)
114,(move+1(iff=0)),(move-1),"p3('x', 0, 1)",3,0,10,none<=10,none<=10,none<=10,BBB(3)
114,(move+1(iff=0)),(move-1),"p3('x', 0, 1)",3,1,10,none<=10,none<=10,none<=10,BBB(3)
114,(move+1(iff=0)),(move-1),"p3('x', 0, 1)",3,2,10,none<=10,none<=10,none<=10,BBB(3)
114,(move+1(iff=0)),(move-1),"p3(1, 'x', 0)",3,0,10,none<=10,none<=10,none<=10,BBB(3)
114,(move+1(iff=0)),(move-1),"p3(1, 'x', 0)",3,1,10,none<=10,none<=10,none<=10,BBB(3)
114,(move+1(iff=0)),(move-1),"p3(1, 'x', 0)",3,2,10,none<=10,none<=10,none<=10,BBB(3)
114,(move+1(iff=0)),(move-1),"p3(0, 1, 'x')",3,0,10,none<=10,none<=10,none<=10,BBB(3)
114,(move+1(iff=0)),(move-1),"p3(0, 1, 'x')",3,1,10,none<=10,none<=10,none<=10,BBB(3)
114,(move+1(iff=0)),(move-1),"p3(0, 1, 'x')",3,2,10,none<=10,none<=10,none<=10,BBB(3)
114,(move+1(iff=0)),(move-1),"p3('x', 1, 0)",3,0,10,none<=10,none<=10,none<=10,BBB(3)
114,(move+1(iff=0)),(move-1),"p3('x', 1, 0)",3,1,10,none<=10,none<=10,none<=10,BBB(3)
114,(move+1(iff=0)),(move-1),"p3('x', 1, 0)",3,2,10,none<=10,none<=10,none<=10,BBB(3)
114,(move+1(iff=0)),(move-1),"p3(0, 'x', 1)",3,0,10,none<=10,none<=10,none<=10,BBB(3)
114,(move+1(iff=0)),(move-1),"p3(0, 'x', 1)",3,1,10,none<=10,none<=10,none<=10,BBB(3)
114,(move+1(iff=0)),(move-1),"p3(0, 'x', 1)",3,2,10,none<=10,none<=10,none<=10,BBB(3)
114,(move+1(iff=0)),(move-1),"p3(1, 0, 'x')",3,0,10,none<=10,none<=10,none<=10,BBB(3)
114,(move+1(iff=0)),(move-1),"p3(1, 0, 'x')",3,1,10,none<=10,none<=10,none<=10,BBB(3)
114,(move+1(iff=0)),(move-1),"p3(1, 0, 'x')",3,2,10,none<=10,none<=10,none<=10,BBB(3)
114,(move+1(iff=0)),(move-1),"p3('x', 0, 0)",3,0,10,none<=10,none<=10,none<=10,BBB(3)
114,(move+1(iff=0)),(move-1),"p3('x', 0, 0)",3,1,10,none<=10,none<=10,none<=10,BBB(3)
114,(move+1(iff=0)),(move-1),"p3('x', 0, 0)",3,2,10,none<=10,none<=10,none<=10,BBB(3)
114,(move+1(iff=0)),(move-1),"p3(0, 'x', 0)",3,0,10,none<=10,none<=10,none<=10,BBB(3)
114,(move+1(iff=0)),(move-1),"p3(0, 'x', 0)",3,1,10,none<=10,none<=10,none<=10,BBB(3)
114,(move+1(iff=0)),(move-1),"p3(0, 'x', 0)",3,2,10,none<=10,none<=10,none<=10,BBB(3)
114,(move+1(iff=0)),(move-1),"p3(0, 0, 'x')",3,0,10,none<=10,none<=10,none<=10,BBB(3)
114,(move+1(iff=0)),(move-1),"p3(0, 0, 'x')",3,1,10,none<=10,none<=10,none<=10,BBB(3)
114,(move+1(iff=0)),(move-1),"p3(0, 0, 'x')",3,2,10,none<=10,none<=10,none<=10,BBB(3)
114,(move+1(iff=0)),(move-1),"p3('x', 1, 1)",3,0,10,none<=10,none<=10,none<=10,BBB(3)
114,(move+1(iff=0)),(move-1),"p3('x', 1, 1)",3,1,10,none<=10,none<=10,none<=10,BBB(3)
114,(move+1(iff=0)),(move-1),"p3('x', 1, 1)",3,2,10,none<=10,none<=10,none<=10,BBB(3)
114,(move+1(iff=0)),(move-1),"p3(1, 'x', 1)",3,0,10,none<=10,none<=10,none<=10,BBB(3)
114,(move+1(iff=0)),(move-1),"p3(1, 'x', 1)",3,1,10,none<=10,none<=10,none<=10,BBB(3)
114,(move+1(iff=0)),(move-1),"p3(1, 'x', 1)",3,2,10,none<=10,none<=10,none<=10,BBB(3)
114,(move+1(iff=0)),(move-1),"p3(1, 1, 'x')",3,0,10,none<=10,none<=10,none<=10,BBB(3)
114,(move+1(iff=0)),(move-1),"p3(1, 1, 'x')",3,1,10,none<=10,none<=10,none<=10,BBB(3)
114,(move+1(iff=0)),(move-1),"p3(1, 1, 'x')",3,2,10,none<=10,none<=10,none<=10,BBB(3)
115,(move+1(iff=0)),"(skip(v=0),move-1)",none,1,0,10,none<=10,none<=10,none<=10,none<=10
115,(move+1(iff=0)),"(skip(v=0),move-1)","(x,xbar)",2,0,10,none<=10,none<=10,none<=10,none<=10
115,(move+1(iff=0)),"(skip(v=0),move-1)","(x,xbar)",2,1,10,none<=10,none<=10,none<=10,none<=10
115,(move+1(iff=0)),"(skip(v=0),move-1)","(xbar,x)",2,0,10,none<=10,none<=10,none<=10,none<=10
115,(move+1(iff=0)),"(skip(v=0),move-1)","(xbar,x)",2,1,10,none<=10,none<=10,none<=10,none<=10
115,(move+1(iff=0)),"(skip(v=0),move-1)","(x,1)",2,0,10,none<=10,none<=10,none<=10,none<=10
115,(move+1(iff=0)),"(skip(v=0),move-1)","(x,1)",2,1,10,none<=10,none<=10,none<=10,none<=10
115,(move+1(iff=0)),"(skip(v=0),move-1)","(1,x)",2,0,10,none<=10,none<=10,none<=10,none<=10
115,(move+1(iff=0)),"(skip(v=0),move-1)","(1,x)",2,1,10,none<=10,none<=10,none<=10,none<=10
115,(move+1(iff=0)),"(skip(v=0),move-1)","(x,0)",2,0,10,none<=10,none<=10,none<=10,none<=10
115,(move+1(iff=0)),"(skip(v=0),move-1)","(x,0)",2,1,10,none<=10,none<=10,none<=10,none<=10
115,(move+1(iff=0)),"(skip(v=0),move-1)","(0,x)",2,0,10,none<=10,none<=10,none<=10,none<=10
115,(move+1(iff=0)),"(skip(v=0),move-1)","(0,x)",2,1,10,none<=10,none<=10,none<=10,none<=10
115,(move+1(iff=0)),"(skip(v=0),move-1)","p3('x', 0, 1)",3,0,10,none<=10,none<=10,none<=10,none<=10
115,(move+1(iff=0)),"(skip(v=0),move-1)","p3('x', 0, 1)",3,1,10,none<=10,none<=10,none<=10,BABAB(5)
115,(move+1(iff=0)),"(skip(v=0),move-1)","p3('x', 0, 1)",3,2,10,none<=10,none<=10,none<=10,BBABA(5)
115,(move+1(iff=0)),"(skip(v=0),move-1)","p3(1, 'x', 0)",3,0,10,none<=10,none<=10,none<=10,BBABA(5)
115,(move+1(iff=0)),"(skip(v=0),move-1)","p3(1, 'x', 0)",3,1,10,none<=10,none<=10,none<=10,none<=10
115,(move+1(iff=0)),"(skip(v=0),move-1)","p3(1, 'x', 0)",3,2,10,none<=10,none<=10,none<=10,BABAB(5)
115,(move+1(iff=0)),"(skip(v=0),move-1)","p3(0, 1, 'x')",3,0,10,none<=10,none<=10,none<=10,BABAB(5)
115,(move+1(iff=0)),"(skip(v=0),move-1)","p3(0, 1, 'x')",3,1,10,none<=10,none<=10,none<=10,BBABA(5)
115,(move+1(iff=0)),"(skip(v=0),move-1)","p3(0, 1, 'x')",3,2,10,none<=10,none<=10,none<=10,none<=10
115,(move+1(iff=0)),"(skip(v=0),move-1)","p3('x', 1, 0)",3,0,10,none<=10,none<=10,none<=10,none<=10
115,(move+1(iff=0)),"(skip(v=0),move-1)","p3('x', 1, 0)",3,1,10,none<=10,none<=10,none<=10,none<=10
115,(move+1(iff=0)),"(skip(v=0),move-1)","p3('x', 1, 0)",3,2,10,none<=10,none<=10,none<=10,none<=10
115,(move+1(iff=0)),"(skip(v=0),move-1)","p3(0, 'x', 1)",3,0,10,none<=10,none<=10,none<=10,none<=10
115,(move+1(iff=0)),"(skip(v=0),move-1)","p3(0, 'x', 1)",3,1,10,none<=10,none<=10,none<=10,none<=10
115,(move+1(iff=0)),"(skip(v=0),move-1)","p3(0, 'x', 1)",3,2,10,none<=10,none<=10,none<=10,none<=10
115,(move+1(iff=0)),"(skip(v=0),move-1)","p3(1, 0, 'x')",3,0,10,none<=10,none<=10,none<=10,none<=10
115,(move+1(iff=0)),"(skip(v=0),move-1)","p3(1, 0, 'x')",3,1,10,none<=10,none<=10,none<=10,none<=10
115,(move+1(iff=0)),"(skip(v=0),move-1)","p3(1, 0, 'x')",3,2,10,none<=10,none<=10,none<=10,none<=10
115,(move+1(iff=0)),"(skip(v=0),move-1)","p3('x', 0, 0)",3,0,10,none<=10,none<=10,none<=10,none<=10
115,(move+1(iff=0)),"(skip(v=0),move-1)","p3('x', 0, 0)",3,1,10,none<=10,none<=10,none<=10,none<=10
115,(move+1(iff=0)),"(skip(v=0),move-1)","p3('x', 0, 0)",3,2,10,none<=10,none<=10,none<=10,none<=10
115,(move+1(iff=0)),"(skip(v=0),move-1)","p3(0, 'x', 0)",3,0,10,none<=10,none<=10,none<=10,none<=10
115,(move+1(iff=0)),"(skip(v=0),move-1)","p3(0, 'x', 0)",3,1,10,none<=10,none<=10,none<=10,none<=10
115,(move+1(iff=0)),"(skip(v=0),move-1)","p3(0, 'x', 0)",3,2,10,none<=10,none<=10,none<=10,none<=10
115,(move+1(iff=0)),"(skip(v=0),move-1)","p3(0, 0, 'x')",3,0,10,none<=10,none<=10,none<=10,none<=10
115,(move+1(iff=0)),"(skip(v=0),move-1)","p3(0, 0, 'x')",3,1,10,none<=10,none<=10,none<=10,none<=10
115,(move+1(iff=0)),"(skip(v=0),move-1)","p3(0, 0, 'x')",3,2,10,none<=10,none<=10,none<=10,none<=10
115,(move+1(iff=0)),"(skip(v=0),move-1)","p3('x', 1, 1)",3,0,10,none<=10,none<=10,none<=10,none<=10
115,(move+1(iff=0)),"(skip(v=0),move-1)","p3('x', 1, 1)",3,1,10,none<=10,none<=10,none<=10,none<=10
115,(move+1(iff=0)),"(skip(v=0),move-1)","p3('x', 1, 1)",3,2,10,none<=10,none<=10,none<=10,none<=10
115,(move+1(iff=0)),"(skip(v=0),move-1)","p3(1, 'x', 1)",3,0,10,none<=10,none<=10,none<=10,none<=10
115,(move+1(iff=0)),"(skip(v=0),move-1)","p3(1, 'x', 1)",3,1,10,none<=10,none<=10,none<=10,none<=10
115,(move+1(iff=0)),"(skip(v=0),move-1)","p3(1, 'x', 1)",3,2,10,none<=10,none<=10,none<=10,none<=10
115,(move+1(iff=0)),"(skip(v=0),move-1)","p3(1, 1, 'x')",3,0,10,none<=10,none<=10,none<=10,none<=10
115,(move+1(iff=0)),"(skip(v=0),move-1)","p3(1, 1, 'x')",3,1,10,none<=10,none<=10,none<=10,none<=10
115,(move+1(iff=0)),"(skip(v=0),move-1)","p3(1, 1, 'x')",3,2,10,none<=10,none<=10,none<=10,none<=10
116,(move+1(iff=0)),"(move-1,skip(v=0))",none,1,0,10,none<=10,none<=10,none<=10,none<=10
116,(move+1(iff=0)),"(move-1,skip(v=0))","(x,xbar)",2,0,10,none<=10,none<=10,none<=10,none<=10
116,(move+1(iff=0)),"(move-1,skip(v=0))","(x,xbar)",2,1,10,none<=10,none<=10,none<=10,none<=10
116,(move+1(iff=0)),"(move-1,skip(v=0))","(xbar,x)",2,0,10,none<=10,none<=10,none<=10,none<=10
116,(move+1(iff=0)),"(move-1,skip(v=0))","(xbar,x)",2,1,10,none<=10,none<=10,none<=10,none<=10
116,(move+1(iff=0)),"(move-1,skip(v=0))","(x,1)",2,0,10,none<=10,none<=10,none<=10,none<=10
116,(move+1(iff=0)),"(move-1,skip(v=0))","(x,1)",2,1,10,none<=10,none<=10,none<=10,none<=10
116,(move+1(iff=0)),"(move-1,skip(v=0))","(1,x)",2,0,10,none<=10,none<=10,none<=10,none<=10
116,(move+1(iff=0)),"(move-1,skip(v=0))","(1,x)",2,1,10,none<=10,none<=10,none<=10,none<=10
116,(move+1(iff=0)),"(move-1,skip(v=0))","(x,0)",2,0,10,none<=10,none<=10,none<=10,BBBA(4)
116,(move+1(iff=0)),"(move-1,skip(v=0))","(x,0)",2,1,10,none<=10,none<=10,none<=10,BABA(4)
116,(move+1(iff=0)),"(move-1,skip(v=0))","(0,x)",2,0,10,none<=10,none<=10,none<=10,BABA(4)
116,(move+1(iff=0)),"(move-1,skip(v=0))","(0,x)",2,1,10,none<=10,none<=10,none<=10,BBBA(4)
116,(move+1(iff=0)),"(move-1,skip(v=0))","p3('x', 0, 1)",3,0,10,none<=10,none<=10,none<=10,none<=10
116,(move+1(iff=0)),"(move-1,skip(v=0))","p3('x', 0, 1)",3,1,10,none<=10,none<=10,none<=10,BABAABA(7)
116,(move+1(iff=0)),"(move-1,skip(v=0))","p3('x', 0, 1)",3,2,10,none<=10,none<=10,none<=10,BBBABAA(7)
116,(move+1(iff=0)),"(move-1,skip(v=0))","p3(1, 'x', 0)",3,0,10,none<=10,none<=10,none<=10,BBBABAA(7)
116,(move+1(iff=0)),"(move-1,skip(v=0))","p3(1, 'x', 0)",3,1,10,none<=10,none<=10,none<=10,none<=10
116,(move+1(iff=0)),"(move-1,skip(v=0))","p3(1, 'x', 0)",3,2,10,none<=10,none<=10,none<=10,BABAABA(7)
116,(move+1(iff=0)),"(move-1,skip(v=0))","p3(0, 1, 'x')",3,0,10,none<=10,none<=10,none<=10,BABAABA(7)
116,(move+1(iff=0)),"(move-1,skip(v=0))","p3(0, 1, 'x')",3,1,10,none<=10,none<=10,none<=10,BBBABAA(7)
116,(move+1(iff=0)),"(move-1,skip(v=0))","p3(0, 1, 'x')",3,2,10,none<=10,none<=10,none<=10,none<=10
116,(move+1(iff=0)),"(move-1,skip(v=0))","p3('x', 1, 0)",3,0,10,none<=10,none<=10,none<=10,none<=10
116,(move+1(iff=0)),"(move-1,skip(v=0))","p3('x', 1, 0)",3,1,10,none<=10,none<=10,none<=10,none<=10
116,(move+1(iff=0)),"(move-1,skip(v=0))","p3('x', 1, 0)",3,2,10,none<=10,none<=10,none<=10,none<=10
116,(move+1(iff=0)),"(move-1,skip(v=0))","p3(0, 'x', 1)",3,0,10,none<=10,none<=10,none<=10,none<=10
116,(move+1(iff=0)),"(move-1,skip(v=0))","p3(0, 'x', 1)",3,1,10,none<=10,none<=10,none<=10,none<=10
116,(move+1(iff=0)),"(move-1,skip(v=0))","p3(0, 'x', 1)",3,2,10,none<=10,none<=10,none<=10,none<=10
116,(move+1(iff=0)),"(move-1,skip(v=0))","p3(1, 0, 'x')",3,0,10,none<=10,none<=10,none<=10,none<=10
116,(move+1(iff=0)),"(move-1,skip(v=0))","p3(1, 0, 'x')",3,1,10,none<=10,none<=10,none<=10,none<=10
116,(move+1(iff=0)),"(move-1,skip(v=0))","p3(1, 0, 'x')",3,2,10,none<=10,none<=10,none<=10,none<=10
116,(move+1(iff=0)),"(move-1,skip(v=0))","p3('x', 0, 0)",3,0,10,none<=10,none<=10,none<=10,none<=10
116,(move+1(iff=0)),"(move-1,skip(v=0))","p3('x', 0, 0)",3,1,10,none<=10,none<=10,none<=10,none<=10
116,(move+1(iff=0)),"(move-1,skip(v=0))","p3('x', 0, 0)",3,2,10,none<=10,none<=10,none<=10,none<=10
116,(move+1(iff=0)),"(move-1,skip(v=0))","p3(0, 'x', 0)",3,0,10,none<=10,none<=10,none<=10,none<=10
116,(move+1(iff=0)),"(move-1,skip(v=0))","p3(0, 'x', 0)",3,1,10,none<=10,none<=10,none<=10,none<=10
116,(move+1(iff=0)),"(move-1,skip(v=0))","p3(0, 'x', 0)",3,2,10,none<=10,none<=10,none<=10,none<=10
116,(move+1(iff=0)),"(move-1,skip(v=0))","p3(0, 0, 'x')",3,0,10,none<=10,none<=10,none<=10,none<=10
116,(move+1(iff=0)),"(move-1,skip(v=0))","p3(0, 0, 'x')",3,1,10,none<=10,none<=10,none<=10,none<=10
116,(move+1(iff=0)),"(move-1,skip(v=0))","p3(0, 0, 'x')",3,2,10,none<=10,none<=10,none<=10,none<=10
116,(move+1(iff=0)),"(move-1,skip(v=0))","p3('x', 1, 1)",3,0,10,none<=10,none<=10,none<=10,none<=10
116,(move+1(iff=0)),"(move-1,skip(v=0))","p3('x', 1, 1)",3,1,10,none<=10,none<=10,none<=10,none<=10
116,(move+1(iff=0)),"(move-1,skip(v=0))","p3('x', 1, 1)",3,2,10,none<=10,none<=10,none<=10,none<=10
116,(move+1(iff=0)),"(move-1,skip(v=0))","p3(1, 'x', 1)",3,0,10,none<=10,none<=10,none<=10,none<=10
116,(move+1(iff=0)),"(move-1,skip(v=0))","p3(1, 'x', 1)",3,1,10,none<=10,none<=10,none<=10,none<=10
116,(move+1(iff=0)),"(move-1,skip(v=0))","p3(1, 'x', 1)",3,2,10,none<=10,none<=10,none<=10,none<=10
116,(move+1(iff=0)),"(move-1,skip(v=0))","p3(1, 1, 'x')",3,0,10,none<=10,none<=10,none<=10,none<=10
116,(move+1(iff=0)),"(move-1,skip(v=0))","p3(1, 1, 'x')",3,1,10,none<=10,none<=10,none<=10,none<=10
116,(move+1(iff=0)),"(move-1,skip(v=0))","p3(1, 1, 'x')",3,2,10,none<=10,none<=10,none<=10,none<=10
117,(move+1(iff=0)),"(skip(v=1),move-1)",none,1,0,10,none<=10,none<=10,none<=10,none<=10
117,(move+1(iff=0)),"(skip(v=1),move-1)","(x,xbar)",2,0,10,none<=10,none<=10,none<=10,none<=10
117,(move+1(iff=0)),"(skip(v=1),move-1)","(x,xbar)",2,1,10,none<=10,none<=10,none<=10,none<=10
117,(move+1(iff=0)),"(skip(v=1),move-1)","(xbar,x)",2,0,10,none<=10,none<=10,none<=10,none<=10
117,(move+1(iff=0)),"(skip(v=1),move-1)","(xbar,x)",2,1,10,none<=10,none<=10,none<=10,none<=10
117,(move+1(iff=0)),"(skip(v=1),move-1)","(x,1)",2,0,10,none<=10,none<=10,none<=10,none<=10
117,(move+1(iff=0)),"(skip(v=1),move-1)","(x,1)",2,1,10,none<=10,none<=10,none<=10,none<=10
117,(move+1(iff=0)),"(skip(v=1),move-1)","(1,x)",2,0,10,none<=10,none<=10,none<=10,none<=10
117,(move+1(iff=0)),"(skip(v=1),move-1)","(1,x)",2,1,10,none<=10,none<=10,none<=10,none<=10
117,(move+1(iff=0)),"(skip(v=1),move-1)","(x,0)",2,0,10,none<=10,none<=10,none<=10,none<=10
117,(move+1(iff=0)),"(skip(v=1),move-1)","(x,0)",2,1,10,none<=10,none<=10,none<=10,none<=10
117,(move+1(iff=0)),"(skip(v=1),move-1)","(0,x)",2,0,10,none<=10,none<=10,none<=10,none<=10
117,(move+1(iff=0)),"(skip(v=1),move-1)","(0,x)",2,1,10,none<=10,none<=10,none<=10,none<=10
117,(move+1(iff=0)),"(skip(v=1),move-1)","p3('x', 0, 1)",3,0,10,none<=10,none<=10,none<=10,none<=10
117,(move+1(iff=0)),"(skip(v=1),move-1)","p3('x', 0, 1)",3,1,10,none<=10,none<=10,none<=10,BABBABA(7)
117,(move+1(iff=0)),"(skip(v=1),move-1)","p3('x', 0, 1)",3,2,10,none<=10,none<=10,none<=10,BABBA(5)
117,(move+1(iff=0)),"(skip(v=1),move-1)","p3(1, 'x', 0)",3,0,10,none<=10,none<=10,none<=10,BABBA(5)
117,(move+1(iff=0)),"(skip(v=1),move-1)","p3(1, 'x', 0)",3,1,10,none<=10,none<=10,none<=10,none<=10
117,(move+1(iff=0)),"(skip(v=1),move-1)","p3(1, 'x', 0)",3,2,10,none<=10,none<=10,none<=10,BABBABA(7)
117,(move+1(iff=0)),"(skip(v=1),move-1)","p3(0, 1, 'x')",3,0,10,none<=10,none<=10,none<=10,BABBABA(7)
117,(move+1(iff=0)),"(skip(v=1),move-1)","p3(0, 1, 'x')",3,1,10,none<=10,none<=10,none<=10,BABBA(5)
117,(move+1(iff=0)),"(skip(v=1),move-1)","p3(0, 1, 'x')",3,2,10,none<=10,none<=10,none<=10,none<=10
117,(move+1(iff=0)),"(skip(v=1),move-1)","p3('x', 1, 0)",3,0,10,none<=10,none<=10,none<=10,none<=10
117,(move+1(iff=0)),"(skip(v=1),move-1)","p3('x', 1, 0)",3,1,10,none<=10,none<=10,none<=10,none<=10
117,(move+1(iff=0)),"(skip(v=1),move-1)","p3('x', 1, 0)",3,2,10,none<=10,none<=10,none<=10,none<=10
117,(move+1(iff=0)),"(skip(v=1),move-1)","p3(0, 'x', 1)",3,0,10,none<=10,none<=10,none<=10,none<=10
117,(move+1(iff=0)),"(skip(v=1),move-1)","p3(0, 'x', 1)",3,1,10,none<=10,none<=10,none<=10,none<=10
117,(move+1(iff=0)),"(skip(v=1),move-1)","p3(0, 'x', 1)",3,2,10,none<=10,none<=10,none<=10,none<=10
117,(move+1(iff=0)),"(skip(v=1),move-1)","p3(1, 0, 'x')",3,0,10,none<=10,none<=10,none<=10,none<=10
117,(move+1(iff=0)),"(skip(v=1),move-1)","p3(1, 0, 'x')",3,1,10,none<=10,none<=10,none<=10,none<=10
117,(move+1(iff=0)),"(skip(v=1),move-1)","p3(1, 0, 'x')",3,2,10,none<=10,none<=10,none<=10,none<=10
117,(move+1(iff=0)),"(skip(v=1),move-1)","p3('x', 0, 0)",3,0,10,none<=10,none<=10,none<=10,none<=10
117,(move+1(iff=0)),"(skip(v=1),move-1)","p3('x', 0, 0)",3,1,10,none<=10,none<=10,none<=10,none<=10
117,(move+1(iff=0)),"(skip(v=1),move-1)","p3('x', 0, 0)",3,2,10,none<=10,none<=10,none<=10,none<=10
117,(move+1(iff=0)),"(skip(v=1),move-1)","p3(0, 'x', 0)",3,0,10,none<=10,none<=10,none<=10,none<=10
117,(move+1(iff=0)),"(skip(v=1),move-1)","p3(0, 'x', 0)",3,1,10,none<=10,none<=10,none<=10,none<=10
117,(move+1(iff=0)),"(skip(v=1),move-1)","p3(0, 'x', 0)",3,2,10,none<=10,none<=10,none<=10,none<=10
117,(move+1(iff=0)),"(skip(v=1),move-1)","p3(0, 0, 'x')",3,0,10,none<=10,none<=10,none<=10,none<=10
117,(move+1(iff=0)),"(skip(v=1),move-1)","p3(0, 0, 'x')",3,1,10,none<=10,none<=10,none<=10,none<=10
117,(move+1(iff=0)),"(skip(v=1),move-1)","p3(0, 0, 'x')",3,2,10,none<=10,none<=10,none<=10,none<=10
117,(move+1(iff=0)),"(skip(v=1),move-1)","p3('x', 1, 1)",3,0,10,none<=10,none<=10,none<=10,none<=10
117,(move+1(iff=0)),"(skip(v=1),move-1)","p3('x', 1, 1)",3,1,10,none<=10,none<=10,none<=10,none<=10
117,(move+1(iff=0)),"(skip(v=1),move-1)","p3('x', 1, 1)",3,2,10,none<=10,none<=10,none<=10,none<=10
117,(move+1(iff=0)),"(skip(v=1),move-1)","p3(1, 'x', 1)",3,0,10,none<=10,none<=10,none<=10,none<=10
117,(move+1(iff=0)),"(skip(v=1),move-1)","p3(1, 'x', 1)",3,1,10,none<=10,none<=10,none<=10,none<=10
117,(move+1(iff=0)),"(skip(v=1),move-1)","p3(1, 'x', 1)",3,2,10,none<=10,none<=10,none<=10,none<=10
117,(move+1(iff=0)),"(skip(v=1),move-1)","p3(1, 1, 'x')",3,0,10,none<=10,none<=10,none<=10,none<=10
117,(move+1(iff=0)),"(skip(v=1),move-1)","p3(1, 1, 'x')",3,1,10,none<=10,none<=10,none<=10,none<=10
117,(move+1(iff=0)),"(skip(v=1),move-1)","p3(1, 1, 'x')",3,2,10,none<=10,none<=10,none<=10,none<=10
118,(move+1(iff=0)),"(move-1,skip(v=1))",none,1,0,10,none<=10,none<=10,none<=10,none<=10
118,(move+1(iff=0)),"(move-1,skip(v=1))","(x,xbar)",2,0,10,none<=10,none<=10,none<=10,none<=10
118,(move+1(iff=0)),"(move-1,skip(v=1))","(x,xbar)",2,1,10,none<=10,none<=10,none<=10,none<=10
118,(move+1(iff=0)),"(move-1,skip(v=1))","(xbar,x)",2,0,10,none<=10,none<=10,none<=10,none<=10
118,(move+1(iff=0)),"(move-1,skip(v=1))","(xbar,x)",2,1,10,none<=10,none<=10,none<=10,none<=10
118,(move+1(iff=0)),"(move-1,skip(v=1))","(x,1)",2,0,10,none<=10,none<=10,none<=10,none<=10
118,(move+1(iff=0)),"(move-1,skip(v=1))","(x,1)",2,1,10,none<=10,none<=10,none<=10,none<=10
118,(move+1(iff=0)),"(move-1,skip(v=1))","(1,x)",2,0,10,none<=10,none<=10,none<=10,none<=10
118,(move+1(iff=0)),"(move-1,skip(v=1))","(1,x)",2,1,10,none<=10,none<=10,none<=10,none<=10
118,(move+1(iff=0)),"(move-1,skip(v=1))","(x,0)",2,0,10,none<=10,none<=10,none<=10,none<=10
118,(move+1(iff=0)),"(move-1,skip(v=1))","(x,0)",2,1,10,none<=10,none<=10,none<=10,none<=10
118,(move+1(iff=0)),"(move-1,skip(v=1))","(0,x)",2,0,10,none<=10,none<=10,none<=10,none<=10
118,(move+1(iff=0)),"(move-1,skip(v=1))","(0,x)",2,1,10,none<=10,none<=10,none<=10,none<=10
118,(move+1(iff=0)),"(move-1,skip(v=1))","p3('x', 0, 1)",3,0,10,none<=10,none<=10,none<=10,none<=10
118,(move+1(iff=0)),"(move-1,skip(v=1))","p3('x', 0, 1)",3,1,10,none<=10,none<=10,none<=10,none<=10
118,(move+1(iff=0)),"(move-1,skip(v=1))","p3('x', 0, 1)",3,2,10,none<=10,none<=10,none<=10,none<=10
118,(move+1(iff=0)),"(move-1,skip(v=1))","p3(1, 'x', 0)",3,0,10,none<=10,none<=10,none<=10,none<=10
118,(move+1(iff=0)),"(move-1,skip(v=1))","p3(1, 'x', 0)",3,1,10,none<=10,none<=10,none<=10,none<=10
118,(move+1(iff=0)),"(move-1,skip(v=1))","p3(1, 'x', 0)",3,2,10,none<=10,none<=10,none<=10,none<=10
118,(move+1(iff=0)),"(move-1,skip(v=1))","p3(0, 1, 'x')",3,0,10,none<=10,none<=10,none<=10,none<=10
118,(move+1(iff=0)),"(move-1,skip(v=1))","p3(0, 1, 'x')",3,1,10,none<=10,none<=10,none<=10,none<=10
118,(move+1(iff=0)),"(move-1,skip(v=1))","p3(0, 1, 'x')",3,2,10,none<=10,none<=10,none<=10,none<=10
118,(move+1(iff=0)),"(move-1,skip(v=1))","p3('x', 1, 0)",3,0,10,none<=10,none<=10,none<=10,none<=10
118,(move+1(iff=0)),"(move-1,skip(v=1))","p3('x', 1, 0)",3,1,10,none<=10,none<=10,none<=10,none<=10
118,(move+1(iff=0)),"(move-1,skip(v=1))","p3('x', 1, 0)",3,2,10,none<=10,none<=10,none<=10,none<=10
118,(move+1(iff=0)),"(move-1,skip(v=1))","p3(0, 'x', 1)",3,0,10,none<=10,none<=10,none<=10,none<=10
118,(move+1(iff=0)),"(move-1,skip(v=1))","p3(0, 'x', 1)",3,1,10,none<=10,none<=10,none<=10,none<=10
118,(move+1(iff=0)),"(move-1,skip(v=1))","p3(0, 'x', 1)",3,2,10,none<=10,none<=10,none<=10,none<=10
118,(move+1(iff=0)),"(move-1,skip(v=1))","p3(1, 0, 'x')",3,0,10,none<=10,none<=10,none<=10,none<=10
118,(move+1(iff=0)),"(move-1,skip(v=1))","p3(1, 0, 'x')",3,1,10,none<=10,none<=10,none<=10,none<=10
118,(move+1(iff=0)),"(move-1,skip(v=1))","p3(1, 0, 'x')",3,2,10,none<=10,none<=10,none<=10,none<=10
118,(move+1(iff=0)),"(move-1,skip(v=1))","p3('x', 0, 0)",3,0,10,none<=10,none<=10,none<=10,none<=10
118,(move+1(iff=0)),"(move-1,skip(v=1))","p3('x', 0, 0)",3,1,10,none<=10,none<=10,none<=10,none<=10
118,(move+1(iff=0)),"(move-1,skip(v=1))","p3('x', 0, 0)",3,2,10,none<=10,none<=10,none<=10,none<=10
118,(move+1(iff=0)),"(move-1,skip(v=1))","p3(0, 'x', 0)",3,0,10,none<=10,none<=10,none<=10,none<=10
118,(move+1(iff=0)),"(move-1,skip(v=1))","p3(0, 'x', 0)",3,1,10,none<=10,none<=10,none<=10,none<=10
118,(move+1(iff=0)),"(move-1,skip(v=1))","p3(0, 'x', 0)",3,2,10,none<=10,none<=10,none<=10,none<=10
118,(move+1(iff=0)),"(move-1,skip(v=1))","p3(0, 0, 'x')",3,0,10,none<=10,none<=10,none<=10,none<=10
118,(move+1(iff=0)),"(move-1,skip(v=1))","p3(0, 0, 'x')",3,1,10,none<=10,none<=10,none<=10,none<=10
118,(move+1(iff=0)),"(move-1,skip(v=1))","p3(0, 0, 'x')",3,2,10,none<=10,none<=10,none<=10,none<=10
118,(move+1(iff=0)),"(move-1,skip(v=1))","p3('x', 1, 1)",3,0,10,none<=10,none<=10,none<=10,none<=10
118,(move+1(iff=0)),"(move-1,skip(v=1))","p3('x', 1, 1)",3,1,10,none<=10,none<=10,none<=10,none<=10
118,(move+1(iff=0)),"(move-1,skip(v=1))","p3('x', 1, 1)",3,2,10,none<=10,none<=10,none<=10,none<=10
118,(move+1(iff=0)),"(move-1,skip(v=1))","p3(1, 'x', 1)",3,0,10,none<=10,none<=10,none<=10,none<=10
118,(move+1(iff=0)),"(move-1,skip(v=1))","p3(1, 'x', 1)",3,1,10,none<=10,none<=10,none<=10,none<=10
118,(move+1(iff=0)),"(move-1,skip(v=1))","p3(1, 'x', 1)",3,2,10,none<=10,none<=10,none<=10,none<=10
118,(move+1(iff=0)),"(move-1,skip(v=1))","p3(1, 1, 'x')",3,0,10,none<=10,none<=10,none<=10,none<=10
118,(move+1(iff=0)),"(move-1,skip(v=1))","p3(1, 1, 'x')",3,1,10,none<=10,none<=10,none<=10,none<=10
118,(move+1(iff=0)),"(move-1,skip(v=1))","p3(1, 1, 'x')",3,2,10,none<=10,none<=10,none<=10,none<=10
119,(move+1(iff=0)),(move-1(iff=0)),none,1,0,10,none<=10,none<=10,none<=10,none<=10
119,(move+1(iff=0)),(move-1(iff=0)),"(x,xbar)",2,0,10,none<=10,none<=10,none<=10,none<=10
119,(move+1(iff=0)),(move-1(iff=0)),"(x,xbar)",2,1,10,none<=10,none<=10,none<=10,none<=10
119,(move+1(iff=0)),(move-1(iff=0)),"(xbar,x)",2,0,10,none<=10,none<=10,none<=10,none<=10
119,(move+1(iff=0)),(move-1(iff=0)),"(xbar,x)",2,1,10,none<=10,none<=10,none<=10,none<=10
119,(move+1(iff=0)),(move-1(iff=0)),"(x,1)",2,0,10,none<=10,none<=10,none<=10,none<=10
119,(move+1(iff=0)),(move-1(iff=0)),"(x,1)",2,1,10,none<=10,none<=10,none<=10,none<=10
119,(move+1(iff=0)),(move-1(iff=0)),"(1,x)",2,0,10,none<=10,none<=10,none<=10,none<=10
119,(move+1(iff=0)),(move-1(iff=0)),"(1,x)",2,1,10,none<=10,none<=10,none<=10,none<=10
119,(move+1(iff=0)),(move-1(iff=0)),"(x,0)",2,0,10,none<=10,none<=10,none<=10,none<=10
119,(move+1(iff=0)),(move-1(iff=0)),"(x,0)",2,1,10,none<=10,none<=10,none<=10,none<=10
119,(move+1(iff=0)),(move-1(iff=0)),"(0,x)",2,0,10,none<=10,none<=10,none<=10,none<=10
119,(move+1(iff=0)),(move-1(iff=0)),"(0,x)",2,1,10,none<=10,none<=10,none<=10,none<=10
119,(move+1(iff=0)),(move-1(iff=0)),"p3('x', 0, 1)",3,0,10,none<=10,none<=10,none<=10,none<=10
119,(move+1(iff=0)),(move-1(iff=0)),"p3('x', 0, 1)",3,1,10,none<=10,none<=10,none<=10,none<=10
119,(move+1(iff=0)),(move-1(iff=0)),"p3('x', 0, 1)",3,2,10,none<=10,none<=10,none<=10,none<=10
119,(move+1(iff=0)),(move-1(iff=0)),"p3(1, 'x', 0)",3,0,10,none<=10,none<=10,none<=10,none<=10
119,(move+1(iff=0)),(move-1(iff=0)),"p3(1, 'x', 0)",3,1,10,none<=10,none<=10,none<=10,none<=10
119,(move+1(iff=0)),(move-1(iff=0)),"p3(1, 'x', 0)",3,2,10,none<=10,none<=10,none<=10,none<=10
119,(move+1(iff=0)),(move-1(iff=0)),"p3(0, 1, 'x')",3,0,10,none<=10,none<=10,none<=10,none<=10
119,(move+1(iff=0)),(move-1(iff=0)),"p3(0, 1, 'x')",3,1,10,none<=10,none<=10,none<=10,none<=10
119,(move+1(iff=0)),(move-1(iff=0)),"p3(0, 1, 'x')",3,2,10,none<=10,none<=10,none<=10,none<=10
119,(move+1(iff=0)),(move-1(iff=0)),"p3('x', 1, 0)",3,0,10,none<=10,none<=10,none<=10,none<=10
119,(move+1(iff=0)),(move-1(iff=0)),"p3('x', 1, 0)",3,1,10,none<=10,none<=10,none<=10,none<=10
119,(move+1(iff=0)),(move-1(iff=0)),"p3('x', 1, 0)",3,2,10,none<=10,none<=10,none<=10,none<=10
119,(move+1(iff=0)),(move-1(iff=0)),"p3(0, 'x', 1)",3,0,10,none<=10,none<=10,none<=10,none<=10
119,(move+1(iff=0)),(move-1(iff=0)),"p3(0, 'x', 1)",3,1,10,none<=10,none<=10,none<=10,none<=10
119,(move+1(iff=0)),(move-1(iff=0)),"p3(0, 'x', 1)",3,2,10,none<=10,none<=10,none<=10,none<=10
119,(move+1(iff=0)),(move-1(iff=0)),"p3(1, 0, 'x')",3,0,10,none<=10,none<=10,none<=10,none<=10
119,(move+1(iff=0)),(move-1(iff=0)),"p3(1, 0, 'x')",3,1,10,none<=10,none<=10,none<=10,none<=10
