pair_idx,A,B,pair_label,family,encoding,g,rest,target,macro,length
0,+1,flip;-1?0,A=(+1) B=(flip;-1?0),none,(x),1,0,FLIP,none<=12,
0,+1,flip;-1?0,A=(+1) B=(flip;-1?0),none,(x),1,0,NEXT,A,1
0,+1,flip;-1?0,A=(+1) B=(flip;-1?0),none,(x),1,0,PREV,none<=12,
0,+1,flip;-1?0,A=(+1) B=(flip;-1?0),none,(x),1,0,CFLIP,none<=12,
0,+1,flip;-1?0,A=(+1) B=(flip;-1?0),none,(x),1,0,CNEXT,none<=12,
0,+1,flip;-1?0,A=(+1) B=(flip;-1?0),none,(x),1,0,CPREV,none<=12,
0,+1,flip;-1?0,A=(+1) B=(flip;-1?0),dual,(x,n),2,0,FLIP,none<=12,
0,+1,flip;-1?0,A=(+1) B=(flip;-1?0),dual,(x,n),2,0,NEXT,AA,2
0,+1,flip;-1?0,A=(+1) B=(flip;-1?0),dual,(x,n),2,0,PREV,none<=12,
0,+1,flip;-1?0,A=(+1) B=(flip;-1?0),dual,(x,n),2,0,CFLIP,none<=12,
0,+1,flip;-1?0,A=(+1) B=(flip;-1?0),dual,(x,n),2,0,CNEXT,none<=12,
0,+1,flip;-1?0,A=(+1) B=(flip;-1?0),dual,(x,n),2,0,CPREV,none<=12,
0,+1,flip;-1?0,A=(+1) B=(flip;-1?0),dual,(x,n),2,1,FLIP,none<=12,
0,+1,flip;-1?0,A=(+1) B=(flip;-1?0),dual,(x,n),2,1,NEXT,AA,2
0,+1,flip;-1?0,A=(+1) B=(flip;-1?0),dual,(x,n),2,1,PREV,none<=12,
0,+1,flip;-1?0,A=(+1) B=(flip;-1?0),dual,(x,n),2,1,CFLIP,BBBAAB,6
0,+1,flip;-1?0,A=(+1) B=(flip;-1?0),dual,(x,n),2,1,CNEXT,none<=12,
0,+1,flip;-1?0,A=(+1) B=(flip;-1?0),dual,(x,n),2,1,CPREV,none<=12,
0,+1,flip;-1?0,A=(+1) B=(flip;-1?0),dual,(n,x),2,0,FLIP,none<=12,
0,+1,flip;-1?0,A=(+1) B=(flip;-1?0),dual,(n,x),2,0,NEXT,AA,2
0,+1,flip;-1?0,A=(+1) B=(flip;-1?0),dual,(n,x),2,0,PREV,none<=12,
0,+1,flip;-1?0,A=(+1) B=(flip;-1?0),dual,(n,x),2,0,CFLIP,ABB,3
0,+1,flip;-1?0,A=(+1) B=(flip;-1?0),dual,(n,x),2,0,CNEXT,none<=12,
0,+1,flip;-1?0,A=(+1) B=(flip;-1?0),dual,(n,x),2,0,CPREV,none<=12,
0,+1,flip;-1?0,A=(+1) B=(flip;-1?0),dual,(n,x),2,1,FLIP,none<=12,
0,+1,flip;-1?0,A=(+1) B=(flip;-1?0),dual,(n,x),2,1,NEXT,AA,2
0,+1,flip;-1?0,A=(+1) B=(flip;-1?0),dual,(n,x),2,1,PREV,none<=12,
0,+1,flip;-1?0,A=(+1) B=(flip;-1?0),dual,(n,x),2,1,CFLIP,BBA,3
0,+1,flip;-1?0,A=(+1) B=(flip;-1?0),dual,(n,x),2,1,CNEXT,none<=12,
0,+1,flip;-1?0,A=(+1) B=(flip;-1?0),dual,(n,x),2,1,CPREV,none<=12,
0,+1,flip;-1?0,A=(+1) B=(flip;-1?0),scratch,(x,1),2,0,FLIP,none<=12,
0,+1,flip;-1?0,A=(+1) B=(flip;-1?0),scratch,(x,1),2,0,NEXT,AA,2
0,+1,flip;-1?0,A=(+1) B=(flip;-1?0),scratch,(x,1),2,0,PREV,none<=12,
0,+1,flip;-1?0,A=(+1) B=(flip;-1?0),scratch,(x,1),2,0,CFLIP,none<=12,
0,+1,flip;-1?0,A=(+1) B=(flip;-1?0),scratch,(x,1),2,0,CNEXT,none<=12,
0,+1,flip;-1?0,A=(+1) B=(flip;-1?0),scratch,(x,1),2,0,CPREV,none<=12,
0,+1,flip;-1?0,A=(+1) B=(flip;-1?0),scratch,(x,1),2,1,FLIP,none<=12,
0,+1,flip;-1?0,A=(+1) B=(flip;-1?0),scratch,(x,1),2,1,NEXT,AA,2
0,+1,flip;-1?0,A=(+1) B=(flip;-1?0),scratch,(x,1),2,1,PREV,none<=12,
0,+1,flip;-1?0,A=(+1) B=(flip;-1?0),scratch,(x,1),2,1,CFLIP,none<=12,
0,+1,flip;-1?0,A=(+1) B=(flip;-1?0),scratch,(x,1),2,1,CNEXT,none<=12,
0,+1,flip;-1?0,A=(+1) B=(flip;-1?0),scratch,(x,1),2,1,CPREV,none<=12,
0,+1,flip;-1?0,A=(+1) B=(flip;-1?0),scratch,(1,x),2,0,FLIP,none<=12,
0,+1,flip;-1?0,A=(+1) B=(flip;-1?0),scratch,(1,x),2,0,NEXT,AA,2
0,+1,flip;-1?0,A=(+1) B=(flip;-1?0),scratch,(1,x),2,0,PREV,none<=12,
0,+1,flip;-1?0,A=(+1) B=(flip;-1?0),scratch,(1,x),2,0,CFLIP,none<=12,
0,+1,flip;-1?0,A=(+1) B=(flip;-1?0),scratch,(1,x),2,0,CNEXT,none<=12,
0,+1,flip;-1?0,A=(+1) B=(flip;-1?0),scratch,(1,x),2,0,CPREV,none<=12,
0,+1,flip;-1?0,A=(+1) B=(flip;-1?0),scratch,(1,x),2,1,FLIP,none<=12,
0,+1,flip;-1?0,A=(+1) B=(flip;-1?0),scratch,(1,x),2,1,NEXT,AA,2
0,+1,flip;-1?0,A=(+1) B=(flip;-1?0),scratch,(1,x),2,1,PREV,none<=12,
0,+1,flip;-1?0,A=(+1) B=(flip;-1?0),scratch,(1,x),2,1,CFLIP,none<=12,
0,+1,flip;-1?0,A=(+1) B=(flip;-1?0),scratch,(1,x),2,1,CNEXT,none<=12,
0,+1,flip;-1?0,A=(+1) B=(flip;-1?0),scratch,(1,x),2,1,CPREV,none<=12,
0,+1,flip;-1?0,A=(+1) B=(flip;-1?0),scratch,(x,0),2,0,FLIP,none<=12,
0,+1,flip;-1?0,A=(+1) B=(flip;-1?0),scratch,(x,0),2,0,NEXT,AA,2
0,+1,flip;-1?0,A=(+1) B=(flip;-1?0),scratch,(x,0),2,0,PREV,none<=12,
0,+1,flip;-1?0,A=(+1) B=(flip;-1?0),scratch,(x,0),2,0,CFLIP,none<=12,
0,+1,flip;-1?0,A=(+1) B=(flip;-1?0),scratch,(x,0),2,0,CNEXT,none<=12,
0,+1,flip;-1?0,A=(+1) B=(flip;-1?0),scratch,(x,0),2,0,CPREV,none<=12,
0,+1,flip;-1?0,A=(+1) B=(flip;-1?0),scratch,(x,0),2,1,FLIP,none<=12,
0,+1,flip;-1?0,A=(+1) B=(flip;-1?0),scratch,(x,0),2,1,NEXT,AA,2
0,+1,flip;-1?0,A=(+1) B=(flip;-1?0),scratch,(x,0),2,1,PREV,none<=12,
0,+1,flip;-1?0,A=(+1) B=(flip;-1?0),scratch,(x,0),2,1,CFLIP,none<=12,
0,+1,flip;-1?0,A=(+1) B=(flip;-1?0),scratch,(x,0),2,1,CNEXT,none<=12,
0,+1,flip;-1?0,A=(+1) B=(flip;-1?0),scratch,(x,0),2,1,CPREV,none<=12,
0,+1,flip;-1?0,A=(+1) B=(flip;-1?0),scratch,(0,x),2,0,FLIP,none<=12,
0,+1,flip;-1?0,A=(+1) B=(flip;-1?0),scratch,(0,x),2,0,NEXT,AA,2
0,+1,flip;-1?0,A=(+1) B=(flip;-1?0),scratch,(0,x),2,0,PREV,none<=12,
0,+1,flip;-1?0,A=(+1) B=(flip;-1?0),scratch,(0,x),2,0,CFLIP,none<=12,
0,+1,flip;-1?0,A=(+1) B=(flip;-1?0),scratch,(0,x),2,0,CNEXT,none<=12,
0,+1,flip;-1?0,A=(+1) B=(flip;-1?0),scratch,(0,x),2,0,CPREV,none<=12,
0,+1,flip;-1?0,A=(+1) B=(flip;-1?0),scratch,(0,x),2,1,FLIP,none<=12,
0,+1,flip;-1?0,A=(+1) B=(flip;-1?0),scratch,(0,x),2,1,NEXT,AA,2
0,+1,flip;-1?0,A=(+1) B=(flip;-1?0),scratch,(0,x),2,1,PREV,none<=12,
0,+1,flip;-1?0,A=(+1) B=(flip;-1?0),scratch,(0,x),2,1,CFLIP,none<=12,
0,+1,flip;-1?0,A=(+1) B=(flip;-1?0),scratch,(0,x),2,1,CNEXT,none<=12,
0,+1,flip;-1?0,A=(+1) B=(flip;-1?0),scratch,(0,x),2,1,CPREV,none<=12,
0,+1,flip;-1?0,A=(+1) B=(flip;-1?0),period3,(x,0,1),3,0,FLIP,none<=12,
0,+1,flip;-1?0,A=(+1) B=(flip;-1?0),period3,(x,0,1),3,0,NEXT,AAA,3
0,+1,flip;-1?0,A=(+1) B=(flip;-1?0),period3,(x,0,1),3,0,PREV,none<=12,
0,+1,flip;-1?0,A=(+1) B=(flip;-1?0),period3,(x,0,1),3,0,CFLIP,none<=12,
0,+1,flip;-1?0,A=(+1) B=(flip;-1?0),period3,(x,0,1),3,0,CNEXT,none<=12,
0,+1,flip;-1?0,A=(+1) B=(flip;-1?0),period3,(x,0,1),3,0,CPREV,none<=12,
0,+1,flip;-1?0,A=(+1) B=(flip;-1?0),period3,(x,0,1),3,1,FLIP,none<=12,
0,+1,flip;-1?0,A=(+1) B=(flip;-1?0),period3,(x,0,1),3,1,NEXT,AAA,3
0,+1,flip;-1?0,A=(+1) B=(flip;-1?0),period3,(x,0,1),3,1,PREV,none<=12,
0,+1,flip;-1?0,A=(+1) B=(flip;-1?0),period3,(x,0,1),3,1,CFLIP,none<=12,
0,+1,flip;-1?0,A=(+1) B=(flip;-1?0),period3,(x,0,1),3,1,CNEXT,none<=12,
0,+1,flip;-1?0,A=(+1) B=(flip;-1?0),period3,(x,0,1),3,1,CPREV,none<=12,
0,+1,flip;-1?0,A=(+1) B=(flip;-1?0),period3,(x,0,1),3,2,FLIP,none<=12,
0,+1,flip;-1?0,A=(+1) B=(flip;-1?0),period3,(x,0,1),3,2,NEXT,AAA,3
0,+1,flip;-1?0,A=(+1) B=(flip;-1?0),period3,(x,0,1),3,2,PREV,none<=12,
0,+1,flip;-1?0,A=(+1) B=(flip;-1?0),period3,(x,0,1),3,2,CFLIP,none<=12,
0,+1,flip;-1?0,A=(+1) B=(flip;-1?0),period3,(x,0,1),3,2,CNEXT,none<=12,
0,+1,flip;-1?0,A=(+1) B=(flip;-1?0),period3,(x,0,1),3,2,CPREV,none<=12,
0,+1,flip;-1?0,A=(+1) B=(flip;-1?0),period3,(0,1,x),3,0,FLIP,none<=12,
0,+1,flip;-1?0,A=(+1) B=(flip;-1?0),period3,(0,1,x),3,0,NEXT,AAA,3
0,+1,flip;-1?0,A=(+1) B=(flip;-1?0),period3,(0,1,x),3,0,PREV,none<=12,
0,+1,flip;-1?0,A=(+1) B=(flip;-1?0),period3,(0,1,x),3,0,CFLIP,none<=12,
0,+1,flip;-1?0,A=(+1) B=(flip;-1?0),period3,(0,1,x),3,0,CNEXT,none<=12,
0,+1,flip;-1?0,A=(+1) B=(flip;-1?0),period3,(0,1,x),3,0,CPREV,none<=12,
0,+1,flip;-1?0,A=(+1) B=(flip;-1?0),period3,(0,1,x),3,1,FLIP,none<=12,
0,+1,flip;-1?0,A=(+1) B=(flip;-1?0),period3,(0,1,x),3,1,NEXT,AAA,3
0,+1,flip;-1?0,A=(+1) B=(flip;-1?0),period3,(0,1,x),3,1,PREV,none<=12,
0,+1,flip;-1?0,A=(+1) B=(flip;-1?0),period3,(0,1,x),3,1,CFLIP,none<=12,
0,+1,flip;-1?0,A=(+1) B=(flip;-1?0),period3,(0,1,x),3,1,CNEXT,none<=12,
0,+1,flip;-1?0,A=(+1) B=(flip;-1?0),period3,(0,1,x),3,1,CPREV,none<=12,
0,+1,flip;-1?0,A=(+1) B=(flip;-1?0),period3,(0,1,x),3,2,FLIP,none<=12,
0,+1,flip;-1?0,A=(+1) B=(flip;-1?0),period3,(0,1,x),3,2,NEXT,AAA,3
0,+1,flip;-1?0,A=(+1) B=(flip;-1?0),period3,(0,1,x),3,2,PREV,none<=12,
0,+1,flip;-1?0,A=(+1) B=(flip;-1?0),period3,(0,1,x),3,2,CFLIP,none<=12,
0,+1,flip;-1?0,A=(+1) B=(flip;-1?0),period3,(0,1,x),3,2,CNEXT,none<=12,
0,+1,flip;-1?0,A=(+1) B=(flip;-1?0),period3,(0,1,x),3,2,CPREV,none<=12,
0,+1,flip;-1?0,A=(+1) B=(flip;-1?0),period3,(1,x,0),3,0,FLIP,none<=12,
0,+1,flip;-1?0,A=(+1) B=(flip;-1?0),period3,(1,x,0),3,0,NEXT,AAA,3
0,+1,flip;-1?0,A=(+1) B=(flip;-1?0),period3,(1,x,0),3,0,PREV,none<=12,
0,+1,flip;-1?0,A=(+1) B=(flip;-1?0),period3,(1,x,0),3,0,CFLIP,none<=12,
0,+1,flip;-1?0,A=(+1) B=(flip;-1?0),period3,(1,x,0),3,0,CNEXT,none<=12,
0,+1,flip;-1?0,A=(+1) B=(flip;-1?0),period3,(1,x,0),3,0,CPREV,none<=12,
0,+1,flip;-1?0,A=(+1) B=(flip;-1?0),period3,(1,x,0),3,1,FLIP,none<=12,
0,+1,flip;-1?0,A=(+1) B=(flip;-1?0),period3,(1,x,0),3,1,NEXT,AAA,3
0,+1,flip;-1?0,A=(+1) B=(flip;-1?0),period3,(1,x,0),3,1,PREV,none<=12,
0,+1,flip;-1?0,A=(+1) B=(flip;-1?0),period3,(1,x,0),3,1,CFLIP,none<=12,
0,+1,flip;-1?0,A=(+1) B=(flip;-1?0),period3,(1,x,0),3,1,CNEXT,none<=12,
0,+1,flip;-1?0,A=(+1) B=(flip;-1?0),period3,(1,x,0),3,1,CPREV,none<=12,
0,+1,flip;-1?0,A=(+1) B=(flip;-1?0),period3,(1,x,0),3,2,FLIP,none<=12,
0,+1,flip;-1?0,A=(+1) B=(flip;-1?0),period3,(1,x,0),3,2,NEXT,AAA,3
0,+1,flip;-1?0,A=(+1) B=(flip;-1?0),period3,(1,x,0),3,2,PREV,none<=12,
0,+1,flip;-1?0,A=(+1) B=(flip;-1?0),period3,(1,x,0),3,2,CFLIP,none<=12,
0,+1,flip;-1?0,A=(+1) B=(flip;-1?0),period3,(1,x,0),3,2,CNEXT,none<=12,
0,+1,flip;-1?0,A=(+1) B=(flip;-1?0),period3,(1,x,0),3,2,CPREV,none<=12,
0,+1,flip;-1?0,A=(+1) B=(flip;-1?0),period3,(x,1,0),3,0,FLIP,none<=12,
0,+1,flip;-1?0,A=(+1) B=(flip;-1?0),period3,(x,1,0),3,0,NEXT,AAA,3
0,+1,flip;-1?0,A=(+1) B=(flip;-1?0),period3,(x,1,0),3,0,PREV,none<=12,
0,+1,flip;-1?0,A=(+1) B=(flip;-1?0),period3,(x,1,0),3,0,CFLIP,none<=12,
0,+1,flip;-1?0,A=(+1) B=(flip;-1?0),period3,(x,1,0),3,0,CNEXT,none<=12,
0,+1,flip;-1?0,A=(+1) B=(flip;-1?0),period3,(x,1,0),3,0,CPREV,none<=12,
0,+1,flip;-1?0,A=(+1) B=(flip;-1?0),period3,(x,1,0),3,1,FLIP,none<=12,
0,+1,flip;-1?0,A=(+1) B=(flip;-1?0),period3,(x,1,0),3,1,NEXT,AAA,3
0,+1,flip;-1?0,A=(+1) B=(flip;-1?0),period3,(x,1,0),3,1,PREV,none<=12,
0,+1,flip;-1?0,A=(+1) B=(flip;-1?0),period3,(x,1,0),3,1,CFLIP,none<=12,
0,+1,flip;-1?0,A=(+1) B=(flip;-1?0),period3,(x,1,0),3,1,CNEXT,none<=12,
0,+1,flip;-1?0,A=(+1) B=(flip;-1?0),period3,(x,1,0),3,1,CPREV,none<=12,
0,+1,flip;-1?0,A=(+1) B=(flip;-1?0),period3,(x,1,0),3,2,FLIP,none<=12,
0,+1,flip;-1?0,A=(+1) B=(flip;-1?0),period3,(x,1,0),3,2,NEXT,AAA,3
0,+1,flip;-1?0,A=(+1) B=(flip;-1?0),period3,(x,1,0),3,2,PREV,none<=12,
0,+1,flip;-1?0,A=(+1) B=(flip;-1?0),period3,(x,1,0),3,2,CFLIP,none<=12,
0,+1,flip;-1?0,A=(+1) B=(flip;-1?0),period3,(x,1,0),3,2,CNEXT,none<=12,
0,+1,flip;-1?0,A=(+1) B=(flip;-1?0),period3,(x,1,0),3,2,CPREV,none<=12,
0,+1,flip;-1?0,A=(+1) B=(flip;-1?0),period3,(1,0,x),3,0,FLIP,none<=12,
0,+1,flip;-1?0,A=(+1) B=(flip;-1?0),period3,(1,0,x),3,0,NEXT,AAA,3
0,+1,flip;-1?0,A=(+1) B=(flip;-1?0),period3,(1,0,x),3,0,PREV,none<=12,
0,+1,flip;-1?0,A=(+1) B=(flip;-1?0),period3,(1,0,x),3,0,CFLIP,none<=12,
0,+1,flip;-1?0,A=(+1) B=(flip;-1?0),period3,(1,0,x),3,0,CNEXT,none<=12,
0,+1,flip;-1?0,A=(+1) B=(flip;-1?0),period3,(1,0,x),3,0,CPREV,none<=12,
0,+1,flip;-1?0,A=(+1) B=(flip;-1?0),period3,(1,0,x),3,1,FLIP,none<=12,
0,+1,flip;-1?0,A=(+1) B=(flip;-1?0),period3,(1,0,x),3,1,NEXT,AAA,3
0,+1,flip;-1?0,A=(+1) B=(flip;-1?0),period3,(1,0,x),3,1,PREV,none<=12,
0,+1,flip;-1?0,A=(+1) B=(flip;-1?0),period3,(1,0,x),3,1,CFLIP,none<=12,
0,+1,flip;-1?0,A=(+1) B=(flip;-1?0),period3,(1,0,x),3,1,CNEXT,none<=12,
0,+1,flip;-1?0,A=(+1) B=(flip;-1?0),period3,(1,0,x),3,1,CPREV,none<=12,
0,+1,flip;-1?0,A=(+1) B=(flip;-1?0),period3,(1,0,x),3,2,FLIP,none<=12,
0,+1,flip;-1?0,A=(+1) B=(flip;-1?0),period3,(1,0,x),3,2,NEXT,AAA,3
0,+1,flip;-1?0,A=(+1) B=(flip;-1?0),period3,(1,0,x),3,2,PREV,none<=12,
0,+1,flip;-1?0,A=(+1) B=(flip;-1?0),period3,(1,0,x),3,2,CFLIP,none<=12,
0,+1,flip;-1?0,A=(+1) B=(flip;-1?0),period3,(1,0,x),3,2,CNEXT,none<=12,
0,+1,flip;-1?0,A=(+1) B=(flip;-1?0),period3,(1,0,x),3,2,CPREV,none<=12,
0,+1,flip;-1?0,A=(+1) B=(flip;-1?0),period3,(0,x,1),3,0,FLIP,none<=12,
0,+1,flip;-1?0,A=(+1) B=(flip;-1?0),period3,(0,x,1),3,0,NEXT,AAA,3
0,+1,flip;-1?0,A=(+1) B=(flip;-1?0),period3,(0,x,1),3,0,PREV,none<=12,
0,+1,flip;-1?0,A=(+1) B=(flip;-1?0),period3,(0,x,1),3,0,CFLIP,none<=12,
0,+1,flip;-1?0,A=(+1) B=(flip;-1?0),period3,(0,x,1),3,0,CNEXT,none<=12,
0,+1,flip;-1?0,A=(+1) B=(flip;-1?0),period3,(0,x,1),3,0,CPREV,none<=12,
0,+1,flip;-1?0,A=(+1) B=(flip;-1?0),period3,(0,x,1),3,1,FLIP,none<=12,
0,+1,flip;-1?0,A=(+1) B=(flip;-1?0),period3,(0,x,1),3,1,NEXT,AAA,3
0,+1,flip;-1?0,A=(+1) B=(flip;-1?0),period3,(0,x,1),3,1,PREV,none<=12,
0,+1,flip;-1?0,A=(+1) B=(flip;-1?0),period3,(0,x,1),3,1,CFLIP,none<=12,
0,+1,flip;-1?0,A=(+1) B=(flip;-1?0),period3,(0,x,1),3,1,CNEXT,none<=12,
0,+1,flip;-1?0,A=(+1) B=(flip;-1?0),period3,(0,x,1),3,1,CPREV,none<=12,
0,+1,flip;-1?0,A=(+1) B=(flip;-1?0),period3,(0,x,1),3,2,FLIP,none<=12,
0,+1,flip;-1?0,A=(+1) B=(flip;-1?0),period3,(0,x,1),3,2,NEXT,AAA,3
0,+1,flip;-1?0,A=(+1) B=(flip;-1?0),period3,(0,x,1),3,2,PREV,none<=12,
0,+1,flip;-1?0,A=(+1) B=(flip;-1?0),period3,(0,x,1),3,2,CFLIP,none<=12,
0,+1,flip;-1?0,A=(+1) B=(flip;-1?0),period3,(0,x,1),3,2,CNEXT,none<=12,
0,+1,flip;-1?0,A=(+1) B=(flip;-1?0),period3,(0,x,1),3,2,CPREV,none<=12,
0,+1,flip;-1?0,A=(+1) B=(flip;-1?0),period3,(x,0,0),3,0,FLIP,none<=12,
0,+1,flip;-1?0,A=(+1) B=(flip;-1?0),period3,(x,0,0),3,0,NEXT,AAA,3
0,+1,flip;-1?0,A=(+1) B=(flip;-1?0),period3,(x,0,0),3,0,PREV,none<=12,
0,+1,flip;-1?0,A=(+1) B=(flip;-1?0),period3,(x,0,0),3,0,CFLIP,none<=12,
0,+1,flip;-1?0,A=(+1) B=(flip;-1?0),period3,(x,0,0),3,0,CNEXT,none<=12,
0,+1,flip;-1?0,A=(+1) B=(flip;-1?0),period3,(x,0,0),3,0,CPREV,none<=12,
0,+1,flip;-1?0,A=(+1) B=(flip;-1?0),period3,(x,0,0),3,1,FLIP,none<=12,
0,+1,flip;-1?0,A=(+1) B=(flip;-1?0),period3,(x,0,0),3,1,NEXT,AAA,3
0,+1,flip;-1?0,A=(+1) B=(flip;-1?0),period3,(x,0,0),3,1,PREV,none<=12,
0,+1,flip;-1?0,A=(+1) B=(flip;-1?0),period3,(x,0,0),3,1,CFLIP,none<=12,
0,+1,flip;-1?0,A=(+1) B=(flip;-1?0),period3,(x,0,0),3,1,CNEXT,none<=12,
0,+1,flip;-1?0,A=(+1) B=(flip;-1?0),period3,(x,0,0),3,1,CPREV,none<=12,
0,+1,flip;-1?0,A=(+1) B=(flip;-1?0),period3,(x,0,0),3,2,FLIP,none<=12,
0,+1,flip;-1?0,A=(+1) B=(flip;-1?0),period3,(x,0,0),3,2,NEXT,AAA,3
0,+1,flip;-1?0,A=(+1) B=(flip;-1?0),period3,(x,0,0),3,2,PREV,none<=12,
0,+1,flip;-1?0,A=(+1) B=(flip;-1?0),period3,(x,0,0),3,2,CFLIP,none<=12,
0,+1,flip;-1?0,A=(+1) B=(flip;-1?0),period3,(x,0,0),3,2,CNEXT,none<=12,
0,+1,flip;-1?0,A=(+1) B=(flip;-1?0),period3,(x,0,0),3,2,CPREV,none<=12,
0,+1,flip;-1?0,A=(+1) B=(flip;-1?0),period3,(0,0,x),3,0,FLIP,none<=12,
0,+1,flip;-1?0,A=(+1) B=(flip;-1?0),period3,(0,0,x),3,0,NEXT,AAA,3
0,+1,flip;-1?0,A=(+1) B=(flip;-1?0),period3,(0,0,x),3,0,PREV,none<=12,
0,+1,flip;-1?0,A=(+1) B=(flip;-1?0),period3,(0,0,x),3,0,CFLIP,none<=12,
0,+1,flip;-1?0,A=(+1) B=(flip;-1?0),period3,(0,0,x),3,0,CNEXT,none<=12,
0,+1,flip;-1?0,A=(+1) B=(flip;-1?0),period3,(0,0,x),3,0,CPREV,none<=12,
0,+1,flip;-1?0,A=(+1) B=(flip;-1?0),period3,(0,0,x),3,1,FLIP,none<=12,
0,+1,flip;-1?0,A=(+1) B=(flip;-1?0),period3,(0,0,x),3,1,NEXT,AAA,3
0,+1,flip;-1?0,A=(+1) B=(flip;-1?0),period3,(0,0,x),3,1,PREV,none<=12,
0,+1,flip;-1?0,A=(+1) B=(flip;-1?0),period3,(0,0,x),3,1,CFLIP,none<=12,
0,+1,flip;-1?0,A=(+1) B=(flip;-1?0),period3,(0,0,x),3,1,CNEXT,none<=12,
0,+1,flip;-1?0,A=(+1) B=(flip;-1?0),period3,(0,0,x),3,1,CPREV,none<=12,
0,+1,flip;-1?0,A=(+1) B=(flip;-1?0),period3,(0,0,x),3,2,FLIP,none<=12,
0,+1,flip;-1?0,A=(+1) B=(flip;-1?0),period3,(0,0,x),3,2,NEXT,AAA,3
0,+1,flip;-1?0,A=(+1) B=(flip;-1?0),period3,(0,0,x),3,2,PREV,none<=12,
0,+1,flip;-1?0,A=(+1) B=(flip;-1?0),period3,(0,0,x),3,2,CFLIP,none<=12,
0,+1,flip;-1?0,A=(+1) B=(flip;-1?0),period3,(0,0,x),3,2,CNEXT,none<=12,
0,+1,flip;-1?0,A=(+1) B=(flip;-1?0),period3,(0,0,x),3,2,CPREV,none<=12,
0,+1,flip;-1?0,A=(+1) B=(flip;-1?0),period3,(0,x,0),3,0,FLIP,none<=12,
0,+1,flip;-1?0,A=(+1) B=(flip;-1?0),period3,(0,x,0),3,0,NEXT,AAA,3
0,+1,flip;-1?0,A=(+1) B=(flip;-1?0),period3,(0,x,0),3,0,PREV,none<=12,
0,+1,flip;-1?0,A=(+1) B=(flip;-1?0),period3,(0,x,0),3,0,CFLIP,none<=12,
0,+1,flip;-1?0,A=(+1) B=(flip;-1?0),period3,(0,x,0),3,0,CNEXT,none<=12,
0,+1,flip;-1?0,A=(+1) B=(flip;-1?0),period3,(0,x,0),3,0,CPREV,none<=12,
0,+1,flip;-1?0,A=(+1) B=(flip;-1?0),period3,(0,x,0),3,1,FLIP,none<=12,
0,+1,flip;-1?0,A=(+1) B=(flip;-1?0),period3,(0,x,0),3,1,NEXT,AAA,3
0,+1,flip;-1?0,A=(+1) B=(flip;-1?0),period3,(0,x,0),3,1,PREV,none<=12,
0,+1,flip;-1?0,A=(+1) B=(flip;-1?0),period3,(0,x,0),3,1,CFLIP,none<=12,
0,+1,flip;-1?0,A=(+1) B=(flip;-1?0),period3,(0,x,0),3,1,CNEXT,none<=12,
0,+1,flip;-1?0,A=(+1) B=(flip;-1?0),period3,(0,x,0),3,1,CPREV,none<=12,
0,+1,flip;-1?0,A=(+1) B=(flip;-1?0),period3,(0,x,0),3,2,FLIP,none<=12,
0,+1,flip;-1?0,A=(+1) B=(flip;-1?0),period3,(0,x,0),3,2,NEXT,AAA,3
0,+1,flip;-1?0,A=(+1) B=(flip;-1?0),period3,(0,x,0),3,2,PREV,none<=12,
0,+1,flip;-1?0,A=(+1) B=(flip;-1?0),period3,(0,x,0),3,2,CFLIP,none<=12,
0,+1,flip;-1?0,A=(+1) B=(flip;-1?0),period3,(0,x,0),3,2,CNEXT,none<=12,
0,+1,flip;-1?0,A=(+1) B=(flip;-1?0),period3,(0,x,0),3,2,CPREV,none<=12,
0,+1,flip;-1?0,A=(+1) B=(flip;-1?0),period3,(x,1,1),3,0,FLIP,none<=12,
0,+1,flip;-1?0,A=(+1) B=(flip;-1?0),period3,(x,1,1),3,0,NEXT,AAA,3
0,+1,flip;-1?0,A=(+1) B=(flip;-1?0),period3,(x,1,1),3,0,PREV,none<=12,
0,+1,flip;-1?0,A=(+1) B=(flip;-1?0),period3,(x,1,1),3,0,CFLIP,none<=12,
0,+1,flip;-1?0,A=(+1) B=(flip;-1?0),period3,(x,1,1),3,0,CNEXT,none<=12,
0,+1,flip;-1?0,A=(+1) B=(flip;-1?0),period3,(x,1,1),3,0,CPREV,none<=12,
0,+1,flip;-1?0,A=(+1) B=(flip;-1?0),period3,(x,1,1),3,1,FLIP,none<=12,
0,+1,flip;-1?0,A=(+1) B=(flip;-1?0),period3,(x,1,1),3,1,NEXT,AAA,3
0,+1,flip;-1?0,A=(+1) B=(flip;-1?0),period3,(x,1,1),3,1,PREV,none<=12,
0,+1,flip;-1?0,A=(+1) B=(flip;-1?0),period3,(x,1,1),3,1,CFLIP,none<=12,
0,+1,flip;-1?0,A=(+1) B=(flip;-1?0),period3,(x,1,1),3,1,CNEXT,none<=12,
0,+1,flip;-1?0,A=(+1) B=(flip;-1?0),period3,(x,1,1),3,1,CPREV,none<=12,
0,+1,flip;-1?0,A=(+1) B=(flip;-1?0),period3,(x,1,1),3,2,FLIP,none<=12,
0,+1,flip;-1?0,A=(+1) B=(flip;-1?0),period3,(x,1,1),3,2,NEXT,AAA,3
0,+1,flip;-1?0,A=(+1) B=(flip;-1?0),period3,(x,1,1),3,2,PREV,none<=12,
0,+1,flip;-1?0,A=(+1) B=(flip;-1?0),period3,(x,1,1),3,2,CFLIP,none<=12,
0,+1,flip;-1?0,A=(+1) B=(flip;-1?0),period3,(x,1,1),3,2,CNEXT,none<=12,
0,+1,flip;-1?0,A=(+1) B=(flip;-1?0),period3,(x,1,1),3,2,CPREV,none<=12,
0,+1,flip;-1?0,A=(+1) B=(flip;-1?0),period3,(1,1,x),3,0,FLIP,none<=12,
0,+1,flip;-1?0,A=(+1) B=(flip;-1?0),period3,(1,1,x),3,0,NEXT,AAA,3
0,+1,flip;-1?0,A=(+1) B=(flip;-1?0),period3,(1,1,x),3,0,PREV,none<=12,
0,+1,flip;-1?0,A=(+1) B=(flip;-1?0),period3,(1,1,x),3,0,CFLIP,none<=12,
0,+1,flip;-1?0,A=(+1) B=(flip;-1?0),period3,(1,1,x),3,0,CNEXT,none<=12,
0,+1,flip;-1?0,A=(+1) B=(flip;-1?0),period3,(1,1,x),3,0,CPREV,none<=12,
0,+1,flip;-1?0,A=(+1) B=(flip;-1?0),period3,(1,1,x),3,1,FLIP,none<=12,
0,+1,flip;-1?0,A=(+1) B=(flip;-1?0),period3,(1,1,x),3,1,NEXT,AAA,3
0,+1,flip;-1?0,A=(+1) B=(flip;-1?0),period3,(1,1,x),3,1,PREV,none<=12,
0,+1,flip;-1?0,A=(+1) B=(flip;-1?0),period3,(1,1,x),3,1,CFLIP,none<=12,
0,+1,flip;-1?0,A=(+1) B=(flip;-1?0),period3,(1,1,x),3,1,CNEXT,none<=12,
0,+1,flip;-1?0,A=(+1) B=(flip;-1?0),period3,(1,1,x),3,1,CPREV,none<=12,
0,+1,flip;-1?0,A=(+1) B=(flip;-1?0),period3,(1,1,x),3,2,FLIP,none<=12,
0,+1,flip;-1?0,A=(+1) B=(flip;-1?0),period3,(1,1,x),3,2,NEXT,AAA,3
0,+1,flip;-1?0,A=(+1) B=(flip;-1?0),period3,(1,1,x),3,2,PREV,none<=12,
0,+1,flip;-1?0,A=(+1) B=(flip;-1?0),period3,(1,1,x),3,2,CFLIP,none<=12,
0,+1,flip;-1?0,A=(+1) B=(flip;-1?0),period3,(1,1,x),3,2,CNEXT,none<=12,
0,+1,flip;-1?0,A=(+1) B=(flip;-1?0),period3,(1,1,x),3,2,CPREV,none<=12,
0,+1,flip;-1?0,A=(+1) B=(flip;-1?0),period3,(1,x,1),3,0,FLIP,none<=12,
0,+1,flip;-1?0,A=(+1) B=(flip;-1?0),period3,(1,x,1),3,0,NEXT,AAA,3
0,+1,flip;-1?0,A=(+1) B=(flip;-1?0),period3,(1,x,1),3,0,PREV,none<=12,
0,+1,flip;-1?0,A=(+1) B=(flip;-1?0),period3,(1,x,1),3,0,CFLIP,none<=12,
0,+1,flip;-1?0,A=(+1) B=(flip;-1?0),period3,(1,x,1),3,0,CNEXT,none<=12,
0,+1,flip;-1?0,A=(+1) B=(flip;-1?0),period3,(1,x,1),3,0,CPREV,none<=12,
0,+1,flip;-1?0,A=(+1) B=(flip;-1?0),period3,(1,x,1),3,1,FLIP,none<=12,
0,+1,flip;-1?0,A=(+1) B=(flip;-1?0),period3,(1,x,1),3,1,NEXT,AAA,3
0,+1,flip;-1?0,A=(+1) B=(flip;-1?0),period3,(1,x,1),3,1,PREV,none<=12,
0,+1,flip;-1?0,A=(+1) B=(flip;-1?0),period3,(1,x,1),3,1,CFLIP,none<=12,
0,+1,flip;-1?0,A=(+1) B=(flip;-1?0),period3,(1,x,1),3,1,CNEXT,none<=12,
0,+1,flip;-1?0,A=(+1) B=(flip;-1?0),period3,(1,x,1),3,1,CPREV,none<=12,
0,+1,flip;-1?0,A=(+1) B=(flip;-1?0),period3,(1,x,1),3,2,FLIP,none<=12,
0,+1,flip;-1?0,A=(+1) B=(flip;-1?0),period3,(1,x,1),3,2,NEXT,AAA,3
0,+1,flip;-1?0,A=(+1) B=(flip;-1?0),period3,(1,x,1),3,2,PREV,none<=12,
0,+1,flip;-1?0,A=(+1) B=(flip;-1?0),period3,(1,x,1),3,2,CFLIP,none<=12,
0,+1,flip;-1?0,A=(+1) B=(flip;-1?0),period3,(1,x,1),3,2,CNEXT,none<=12,
0,+1,flip;-1?0,A=(+1) B=(flip;-1?0),period3,(1,x,1),3,2,CPREV,none<=12,
1,+1,-1?0;flip,A=(+1) B=(-1?0;flip),none,(x),1,0,FLIP,none<=12,
1,+1,-1?0;flip,A=(+1) B=(-1?0;flip),none,(x),1,0,NEXT,A,1
1,+1,-1?0;flip,A=(+1) B=(-1?0;flip),none,(x),1,0,PREV,none<=12,
1,+1,-1?0;flip,A=(+1) B=(-1?0;flip),none,(x),1,0,CFLIP,none<=12,
1,+1,-1?0;flip,A=(+1) B=(-1?0;flip),none,(x),1,0,CNEXT,none<=12,
1,+1,-1?0;flip,A=(+1) B=(-1?0;flip),none,(x),1,0,CPREV,none<=12,
1,+1,-1?0;flip,A=(+1) B=(-1?0;flip),dual,(x,n),2,0,FLIP,none<=12,
1,+1,-1?0;flip,A=(+1) B=(-1?0;flip),dual,(x,n),2,0,NEXT,AA,2
1,+1,-1?0;flip,A=(+1) B=(-1?0;flip),dual,(x,n),2,0,PREV,none<=12,
1,+1,-1?0;flip,A=(+1) B=(-1?0;flip),dual,(x,n),2,0,CFLIP,none<=12,
1,+1,-1?0;flip,A=(+1) B=(-1?0;flip),dual,(x,n),2,0,CNEXT,none<=12,
1,+1,-1?0;flip,A=(+1) B=(-1?0;flip),dual,(x,n),2,0,CPREV,none<=12,
1,+1,-1?0;flip,A=(+1) B=(-1?0;flip),dual,(x,n),2,1,FLIP,none<=12,
1,+1,-1?0;flip,A=(+1) B=(-1?0;flip),dual,(x,n),2,1,NEXT,AA,2
1,+1,-1?0;flip,A=(+1) B=(-1?0;flip),dual,(x,n),2,1,PREV,none<=12,
1,+1,-1?0;flip,A=(+1) B=(-1?0;flip),dual,(x,n),2,1,CFLIP,none<=12,
1,+1,-1?0;flip,A=(+1) B=(-1?0;flip),dual,(x,n),2,1,CNEXT,none<=12,
1,+1,-1?0;flip,A=(+1) B=(-1?0;flip),dual,(x,n),2,1,CPREV,none<=12,
1,+1,-1?0;flip,A=(+1) B=(-1?0;flip),dual,(n,x),2,0,FLIP,none<=12,
1,+1,-1?0;flip,A=(+1) B=(-1?0;flip),dual,(n,x),2,0,NEXT,AA,2
1,+1,-1?0;flip,A=(+1) B=(-1?0;flip),dual,(n,x),2,0,PREV,none<=12,
1,+1,-1?0;flip,A=(+1) B=(-1?0;flip),dual,(n,x),2,0,CFLIP,none<=12,
1,+1,-1?0;flip,A=(+1) B=(-1?0;flip),dual,(n,x),2,0,CNEXT,none<=12,
1,+1,-1?0;flip,A=(+1) B=(-1?0;flip),dual,(n,x),2,0,CPREV,none<=12,
1,+1,-1?0;flip,A=(+1) B=(-1?0;flip),dual,(n,x),2,1,FLIP,none<=12,
1,+1,-1?0;flip,A=(+1) B=(-1?0;flip),dual,(n,x),2,1,NEXT,AA,2
1,+1,-1?0;flip,A=(+1) B=(-1?0;flip),dual,(n,x),2,1,PREV,none<=12,
1,+1,-1?0;flip,A=(+1) B=(-1?0;flip),dual,(n,x),2,1,CFLIP,none<=12,
1,+1,-1?0;flip,A=(+1) B=(-1?0;flip),dual,(n,x),2,1,CNEXT,none<=12,
1,+1,-1?0;flip,A=(+1) B=(-1?0;flip),dual,(n,x),2,1,CPREV,none<=12,
1,+1,-1?0;flip,A=(+1) B=(-1?0;flip),scratch,(x,1),2,0,FLIP,none<=12,
1,+1,-1?0;flip,A=(+1) B=(-1?0;flip),scratch,(x,1),2,0,NEXT,AA,2
1,+1,-1?0;flip,A=(+1) B=(-1?0;flip),scratch,(x,1),2,0,PREV,none<=12,
1,+1,-1?0;flip,A=(+1) B=(-1?0;flip),scratch,(x,1),2,0,CFLIP,none<=12,
1,+1,-1?0;flip,A=(+1) B=(-1?0;flip),scratch,(x,1),2,0,CNEXT,none<=12,
1,+1,-1?0;flip,A=(+1) B=(-1?0;flip),scratch,(x,1),2,0,CPREV,none<=12,
1,+1,-1?0;flip,A=(+1) B=(-1?0;flip),scratch,(x,1),2,1,FLIP,none<=12,
1,+1,-1?0;flip,A=(+1) B=(-1?0;flip),scratch,(x,1),2,1,NEXT,AA,2
1,+1,-1?0;flip,A=(+1) B=(-1?0;flip),scratch,(x,1),2,1,PREV,none<=12,
1,+1,-1?0;flip,A=(+1) B=(-1?0;flip),scratch,(x,1),2,1,CFLIP,none<=12,
1,+1,-1?0;flip,A=(+1) B=(-1?0;flip),scratch,(x,1),2,1,CNEXT,none<=12,
1,+1,-1?0;flip,A=(+1) B=(-1?0;flip),scratch,(x,1),2,1,CPREV,none<=12,
1,+1,-1?0;flip,A=(+1) B=(-1?0;flip),scratch,(1,x),2,0,FLIP,none<=12,
1,+1,-1?0;flip,A=(+1) B=(-1?0;flip),scratch,(1,x),2,0,NEXT,AA,2
1,+1,-1?0;flip,A=(+1) B=(-1?0;flip),scratch,(1,x),2,0,PREV,none<=12,
1,+1,-1?0;flip,A=(+1) B=(-1?0;flip),scratch,(1,x),2,0,CFLIP,none<=12,
1,+1,-1?0;flip,A=(+1) B=(-1?0;flip),scratch,(1,x),2,0,CNEXT,none<=12,
1,+1,-1?0;flip,A=(+1) B=(-1?0;flip),scratch,(1,x),2,0,CPREV,none<=12,
1,+1,-1?0;flip,A=(+1) B=(-1?0;flip),scratch,(1,x),2,1,FLIP,none<=12,
1,+1,-1?0;flip,A=(+1) B=(-1?0;flip),scratch,(1,x),2,1,NEXT,AA,2
1,+1,-1?0;flip,A=(+1) B=(-1?0;flip),scratch,(1,x),2,1,PREV,none<=12,
1,+1,-1?0;flip,A=(+1) B=(-1?0;flip),scratch,(1,x),2,1,CFLIP,none<=12,
1,+1,-1?0;flip,A=(+1) B=(-1?0;flip),scratch,(1,x),2,1,CNEXT,none<=12,
1,+1,-1?0;flip,A=(+1) B=(-1?0;flip),scratch,(1,x),2,1,CPREV,none<=12,
1,+1,-1?0;flip,A=(+1) B=(-1?0;flip),scratch,(x,0),2,0,FLIP,AB,2
1,+1,-1?0;flip,A=(+1) B=(-1?0;flip),scratch,(x,0),2,0,NEXT,AA,2
1,+1,-1?0;flip,A=(+1) B=(-1?0;flip),scratch,(x,0),2,0,PREV,none<=12,
1,+1,-1?0;flip,A=(+1) B=(-1?0;flip),scratch,(x,0),2,0,CFLIP,none<=12,
1,+1,-1?0;flip,A=(+1) B=(-1?0;flip),scratch,(x,0),2,0,CNEXT,BABBABAA,8
1,+1,-1?0;flip,A=(+1) B=(-1?0;flip),scratch,(x,0),2,0,CPREV,none<=12,
1,+1,-1?0;flip,A=(+1) B=(-1?0;flip),scratch,(x,0),2,1,FLIP,BA,2
1,+1,-1?0;flip,A=(+1) B=(-1?0;flip),scratch,(x,0),2,1,NEXT,AA,2
1,+1,-1?0;flip,A=(+1) B=(-1?0;flip),scratch,(x,0),2,1,PREV,none<=12,
1,+1,-1?0;flip,A=(+1) B=(-1?0;flip),scratch,(x,0),2,1,CFLIP,none<=12,
1,+1,-1?0;flip,A=(+1) B=(-1?0;flip),scratch,(x,0),2,1,CNEXT,BABBABBABAAA,12
1,+1,-1?0;flip,A=(+1) B=(-1?0;flip),scratch,(x,0),2,1,CPREV,none<=12,
1,+1,-1?0;flip,A=(+1) B=(-1?0;flip),scratch,(0,x),2,0,FLIP,none<=12,
1,+1,-1?0;flip,A=(+1) B=(-1?0;flip),scratch,(0,x),2,0,NEXT,AA,2
1,+1,-1?0;flip,A=(+1) B=(-1?0;flip),scratch,(0,x),2,0,PREV,none<=12,
1,+1,-1?0;flip,A=(+1) B=(-1?0;flip),scratch,(0,x),2,0,CFLIP,none<=12,
1,+1,-1?0;flip,A=(+1) B=(-1?0;flip),scratch,(0,x),2,0,CNEXT,ABABBABA,8
1,+1,-1?0;flip,A=(+1) B=(-1?0;flip),scratch,(0,x),2,0,CPREV,none<=12,
1,+1,-1?0;flip,A=(+1) B=(-1?0;flip),scratch,(0,x),2,1,FLIP,AB,2
1,+1,-1?0;flip,A=(+1) B=(-1?0;flip),scratch,(0,x),2,1,NEXT,AA,2
1,+1,-1?0;flip,A=(+1) B=(-1?0;flip),scratch,(0,x),2,1,PREV,none<=12,
1,+1,-1?0;flip,A=(+1) B=(-1?0;flip),scratch,(0,x),2,1,CFLIP,none<=12,
1,+1,-1?0;flip,A=(+1) B=(-1?0;flip),scratch,(0,x),2,1,CNEXT,BABBABAA,8
1,+1,-1?0;flip,A=(+1) B=(-1?0;flip),scratch,(0,x),2,1,CPREV,none<=12,
1,+1,-1?0;flip,A=(+1) B=(-1?0;flip),period3,(x,0,1),3,0,FLIP,AB,2
1,+1,-1?0;flip,A=(+1) B=(-1?0;flip),period3,(x,0,1),3,0,NEXT,AAA,3
1,+1,-1?0;flip,A=(+1) B=(-1?0;flip),period3,(x,0,1),3,0,PREV,none<=12,
1,+1,-1?0;flip,A=(+1) B=(-1?0;flip),period3,(x,0,1),3,0,CFLIP,none<=12,
1,+1,-1?0;flip,A=(+1) B=(-1?0;flip),period3,(x,0,1),3,0,CNEXT,none<=12,
1,+1,-1?0;flip,A=(+1) B=(-1?0;flip),period3,(x,0,1),3,0,CPREV,none<=12,
1,+1,-1?0;flip,A=(+1) B=(-1?0;flip),period3,(x,0,1),3,1,FLIP,BA,2
1,+1,-1?0;flip,A=(+1) B=(-1?0;flip),period3,(x,0,1),3,1,NEXT,AAA,3
1,+1,-1?0;flip,A=(+1) B=(-1?0;flip),period3,(x,0,1),3,1,PREV,none<=12,
1,+1,-1?0;flip,A=(+1) B=(-1?0;flip),period3,(x,0,1),3,1,CFLIP,none<=12,
1,+1,-1?0;flip,A=(+1) B=(-1?0;flip),period3,(x,0,1),3,1,CNEXT,none<=12,
1,+1,-1?0;flip,A=(+1) B=(-1?0;flip),period3,(x,0,1),3,1,CPREV,none<=12,
1,+1,-1?0;flip,A=(+1) B=(-1?0;flip),period3,(x,0,1),3,2,FLIP,none<=12,
1,+1,-1?0;flip,A=(+1) B=(-1?0;flip),period3,(x,0,1),3,2,NEXT,AAA,3
1,+1,-1?0;flip,A=(+1) B=(-1?0;flip),period3,(x,0,1),3,2,PREV,none<=12,
1,+1,-1?0;flip,A=(+1) B=(-1?0;flip),period3,(x,0,1),3,2,CFLIP,none<=12,
1,+1,-1?0;flip,A=(+1) B=(-1?0;flip),period3,(x,0,1),3,2,CNEXT,none<=12,
1,+1,-1?0;flip,A=(+1) B=(-1?0;flip),period3,(x,0,1),3,2,CPREV,none<=12,
1,+1,-1?0;flip,A=(+1) B=(-1?0;flip),period3,(0,1,x),3,0,FLIP,none<=12,
1,+1,-1?0;flip,A=(+1) B=(-1?0;flip),period3,(0,1,x),3,0,NEXT,AAA,3
1,+1,-1?0;flip,A=(+1) B=(-1?0;flip),period3,(0,1,x),3,0,PREV,none<=12,
1,+1,-1?0;flip,A=(+1) B=(-1?0;flip),period3,(0,1,x),3,0,CFLIP,none<=12,
1,+1,-1?0;flip,A=(+1) B=(-1?0;flip),period3,(0,1,x),3,0,CNEXT,none<=12,
1,+1,-1?0;flip,A=(+1) B=(-1?0;flip),period3,(0,1,x),3,0,CPREV,none<=12,
1,+1,-1?0;flip,A=(+1) B=(-1?0;flip),period3,(0,1,x),3,1,FLIP,none<=12,
1,+1,-1?0;flip,A=(+1) B=(-1?0;flip),period3,(0,1,x),3,1,NEXT,AAA,3
1,+1,-1?0;flip,A=(+1) B=(-1?0;flip),period3,(0,1,x),3,1,PREV,none<=12,
1,+1,-1?0;flip,A=(+1) B=(-1?0;flip),period3,(0,1,x),3,1,CFLIP,none<=12,
1,+1,-1?0;flip,A=(+1) B=(-1?0;flip),period3,(0,1,x),3,1,CNEXT,none<=12,
1,+1,-1?0;flip,A=(+1) B=(-1?0;flip),period3,(0,1,x),3,1,CPREV,none<=12,
1,+1,-1?0;flip,A=(+1) B=(-1?0;flip),period3,(0,1,x),3,2,FLIP,AB,2
1,+1,-1?0;flip,A=(+1) B=(-1?0;flip),period3,(0,1,x),3,2,NEXT,AAA,3
1,+1,-1?0;flip,A=(+1) B=(-1?0;flip),period3,(0,1,x),3,2,PREV,none<=12,
1,+1,-1?0;flip,A=(+1) B=(-1?0;flip),period3,(0,1,x),3,2,CFLIP,none<=12,
1,+1,-1?0;flip,A=(+1) B=(-1?0;flip),period3,(0,1,x),3,2,CNEXT,none<=12,
1,+1,-1?0;flip,A=(+1) B=(-1?0;flip),period3,(0,1,x),3,2,CPREV,none<=12,
1,+1,-1?0;flip,A=(+1) B=(-1?0;flip),period3,(1,x,0),3,0,FLIP,none<=12,
1,+1,-1?0;flip,A=(+1) B=(-1?0;flip),period3,(1,x,0),3,0,NEXT,AAA,3
1,+1,-1?0;flip,A=(+1) B=(-1?0;flip),period3,(1,x,0),3,0,PREV,none<=12,
1,+1,-1?0;flip,A=(+1) B=(-1?0;flip),period3,(1,x,0),3,0,CFLIP,none<=12,
1,+1,-1?0;flip,A=(+1) B=(-1?0;flip),period3,(1,x,0),3,0,CNEXT,none<=12,
1,+1,-1?0;flip,A=(+1) B=(-1?0;flip),period3,(1,x,0),3,0,CPREV,none<=12,
1,+1,-1?0;flip,A=(+1) B=(-1?0;flip),period3,(1,x,0),3,1,FLIP,AB,2
1,+1,-1?0;flip,A=(+1) B=(-1?0;flip),period3,(1,x,0),3,1,NEXT,AAA,3
1,+1,-1?0;flip,A=(+1) B=(-1?0;flip),period3,(1,x,0),3,1,PREV,none<=12,
1,+1,-1?0;flip,A=(+1) B=(-1?0;flip),period3,(1,x,0),3,1,CFLIP,none<=12,
1,+1,-1?0;flip,A=(+1) B=(-1?0;flip),period3,(1,x,0),3,1,CNEXT,none<=12,
1,+1,-1?0;flip,A=(+1) B=(-1?0;flip),period3,(1,x,0),3,1,CPREV,none<=12,
1,+1,-1?0;flip,A=(+1) B=(-1?0;flip),period3,(1,x,0),3,2,FLIP,BA,2
1,+1,-1?0;flip,A=(+1) B=(-1?0;flip),period3,(1,x,0),3,2,NEXT,AAA,3
1,+1,-1?0;flip,A=(+1) B=(-1?0;flip),period3,(1,x,0),3,2,PREV,none<=12,
1,+1,-1?0;flip,A=(+1) B=(-1?0;flip),period3,(1,x,0),3,2,CFLIP,none<=12,
1,+1,-1?0;flip,A=(+1) B=(-1?0;flip),period3,(1,x,0),3,2,CNEXT,none<=12,
1,+1,-1?0;flip,A=(+1) B=(-1?0;flip),period3,(1,x,0),3,2,CPREV,none<=12,
1,+1,-1?0;flip,A=(+1) B=(-1?0;flip),period3,(x,1,0),3,0,FLIP,none<=12,
1,+1,-1?0;flip,A=(+1) B=(-1?0;flip),period3,(x,1,0),3,0,NEXT,AAA,3
1,+1,-1?0;flip,A=(+1) B=(-1?0;flip),period3,(x,1,0),3,0,PREV,none<=12,
1,+1,-1?0;flip,A=(+1) B=(-1?0;flip),period3,(x,1,0),3,0,CFLIP,none<=12,
1,+1,-1?0;flip,A=(+1) B=(-1?0;flip),period3,(x,1,0),3,0,CNEXT,BABBBABAABAA,12
1,+1,-1?0;flip,A=(+1) B=(-1?0;flip),period3,(x,1,0),3,0,CPREV,none<=12,
1,+1,-1?0;flip,A=(+1) B=(-1?0;flip),period3,(x,1,0),3,1,FLIP,BBAAB,5
1,+1,-1?0;flip,A=(+1) B=(-1?0;flip),period3,(x,1,0),3,1,NEXT,AAA,3
1,+1,-1?0;flip,A=(+1) B=(-1?0;flip),period3,(x,1,0),3,1,PREV,none<=12,
1,+1,-1?0;flip,A=(+1) B=(-1?0;flip),period3,(x,1,0),3,1,CFLIP,none<=12,
1,+1,-1?0;flip,A=(+1) B=(-1?0;flip),period3,(x,1,0),3,1,CNEXT,none<=12,
1,+1,-1?0;flip,A=(+1) B=(-1?0;flip),period3,(x,1,0),3,1,CPREV,none<=12,
1,+1,-1?0;flip,A=(+1) B=(-1?0;flip),period3,(x,1,0),3,2,FLIP,BBAABA,6
1,+1,-1?0;flip,A=(+1) B=(-1?0;flip),period3,(x,1,0),3,2,NEXT,AAA,3
1,+1,-1?0;flip,A=(+1) B=(-1?0;flip),period3,(x,1,0),3,2,PREV,none<=12,
1,+1,-1?0;flip,A=(+1) B=(-1?0;flip),period3,(x,1,0),3,2,CFLIP,none<=12,
1,+1,-1?0;flip,A=(+1) B=(-1?0;flip),period3,(x,1,0),3,2,CNEXT,none<=12,
1,+1,-1?0;flip,A=(+1) B=(-1?0;flip),period3,(x,1,0),3,2,CPREV,none<=12,
1,+1,-1?0;flip,A=(+1) B=(-1?0;flip),period3,(1,0,x),3,0,FLIP,none<=12,
1,+1,-1?0;flip,A=(+1) B=(-1?0;flip),period3,(1,0,x),3,0,NEXT,AAA,3
1,+1,-1?0;flip,A=(+1) B=(-1?0;flip),period3,(1,0,x),3,0,PREV,none<=12,
1,+1,-1?0;flip,A=(+1) B=(-1?0;flip),period3,(1,0,x),3,0,CFLIP,none<=12,
1,+1,-1?0;flip,A=(+1) B=(-1?0;flip),period3,(1,0,x),3,0,CNEXT,AABABBBABAAB,12
1,+1,-1?0;flip,A=(+1) B=(-1?0;flip),period3,(1,0,x),3,0,CPREV,none<=12,
1,+1,-1?0;flip,A=(+1) B=(-1?0;flip),period3,(1,0,x),3,1,FLIP,none<=12,
1,+1,-1?0;flip,A=(+1) B=(-1?0;flip),period3,(1,0,x),3,1,NEXT,AAA,3
1,+1,-1?0;flip,A=(+1) B=(-1?0;flip),period3,(1,0,x),3,1,PREV,none<=12,
1,+1,-1?0;flip,A=(+1) B=(-1?0;flip),period3,(1,0,x),3,1,CFLIP,none<=12,
1,+1,-1?0;flip,A=(+1) B=(-1?0;flip),period3,(1,0,x),3,1,CNEXT,ABABBBABAABA,12
1,+1,-1?0;flip,A=(+1) B=(-1?0;flip),period3,(1,0,x),3,1,CPREV,none<=12,
1,+1,-1?0;flip,A=(+1) B=(-1?0;flip),period3,(1,0,x),3,2,FLIP,none<=12,
1,+1,-1?0;flip,A=(+1) B=(-1?0;flip),period3,(1,0,x),3,2,NEXT,AAA,3
1,+1,-1?0;flip,A=(+1) B=(-1?0;flip),period3,(1,0,x),3,2,PREV,none<=12,
1,+1,-1?0;flip,A=(+1) B=(-1?0;flip),period3,(1,0,x),3,2,CFLIP,none<=12,
1,+1,-1?0;flip,A=(+1) B=(-1?0;flip),period3,(1,0,x),3,2,CNEXT,BABBBABAABAA,12
1,+1,-1?0;flip,A=(+1) B=(-1?0;flip),period3,(1,0,x),3,2,CPREV,none<=12,
1,+1,-1?0;flip,A=(+1) B=(-1?0;flip),period3,(0,x,1),3,0,FLIP,none<=12,
1,+1,-1?0;flip,A=(+1) B=(-1?0;flip),period3,(0,x,1),3,0,NEXT,AAA,3
1,+1,-1?0;flip,A=(+1) B=(-1?0;flip),period3,(0,x,1),3,0,PREV,none<=12,
1,+1,-1?0;flip,A=(+1) B=(-1?0;flip),period3,(0,x,1),3,0,CFLIP,none<=12,
1,+1,-1?0;flip,A=(+1) B=(-1?0;flip),period3,(0,x,1),3,0,CNEXT,ABABBBABAABA,12
1,+1,-1?0;flip,A=(+1) B=(-1?0;flip),period3,(0,x,1),3,0,CPREV,none<=12,
1,+1,-1?0;flip,A=(+1) B=(-1?0;flip),period3,(0,x,1),3,1,FLIP,none<=12,
1,+1,-1?0;flip,A=(+1) B=(-1?0;flip),period3,(0,x,1),3,1,NEXT,AAA,3
1,+1,-1?0;flip,A=(+1) B=(-1?0;flip),period3,(0,x,1),3,1,PREV,none<=12,
1,+1,-1?0;flip,A=(+1) B=(-1?0;flip),period3,(0,x,1),3,1,CFLIP,none<=12,
1,+1,-1?0;flip,A=(+1) B=(-1?0;flip),period3,(0,x,1),3,1,CNEXT,BABBBABAABAA,12
1,+1,-1?0;flip,A=(+1) B=(-1?0;flip),period3,(0,x,1),3,1,CPREV,none<=12,
1,+1,-1?0;flip,A=(+1) B=(-1?0;flip),period3,(0,x,1),3,2,FLIP,BBAAB,5
1,+1,-1?0;flip,A=(+1) B=(-1?0;flip),period3,(0,x,1),3,2,NEXT,AAA,3
1,+1,-1?0;flip,A=(+1) B=(-1?0;flip),period3,(0,x,1),3,2,PREV,none<=12,
1,+1,-1?0;flip,A=(+1) B=(-1?0;flip),period3,(0,x,1),3,2,CFLIP,none<=12,
1,+1,-1?0;flip,A=(+1) B=(-1?0;flip),period3,(0,x,1),3,2,CNEXT,none<=12,
1,+1,-1?0;flip,A=(+1) B=(-1?0;flip),period3,(0,x,1),3,2,CPREV,none<=12,
1,+1,-1?0;flip,A=(+1) B=(-1?0;flip),period3,(x,0,0),3,0,FLIP,AB,2
1,+1,-1?0;flip,A=(+1) B=(-1?0;flip),period3,(x,0,0),3,0,NEXT,AAA,3
1,+1,-1?0;flip,A=(+1) B=(-1?0;flip),period3,(x,0,0),3,0,PREV,none<=12,
1,+1,-1?0;flip,A=(+1) B=(-1?0;flip),period3,(x,0,0),3,0,CFLIP,none<=12,
1,+1,-1?0;flip,A=(+1) B=(-1?0;flip),period3,(x,0,0),3,0,CNEXT,BABBABBABAAA,12
1,+1,-1?0;flip,A=(+1) B=(-1?0;flip),period3,(x,0,0),3,0,CPREV,none<=12,
1,+1,-1?0;flip,A=(+1) B=(-1?0;flip),period3,(x,0,0),3,1,FLIP,BA,2
1,+1,-1?0;flip,A=(+1) B=(-1?0;flip),period3,(x,0,0),3,1,NEXT,AAA,3
1,+1,-1?0;flip,A=(+1) B=(-1?0;flip),period3,(x,0,0),3,1,PREV,none<=12,
1,+1,-1?0;flip,A=(+1) B=(-1?0;flip),period3,(x,0,0),3,1,CFLIP,none<=12,
1,+1,-1?0;flip,A=(+1) B=(-1?0;flip),period3,(x,0,0),3,1,CNEXT,none<=12,
1,+1,-1?0;flip,A=(+1) B=(-1?0;flip),period3,(x,0,0),3,1,CPREV,none<=12,
1,+1,-1?0;flip,A=(+1) B=(-1?0;flip),period3,(x,0,0),3,2,FLIP,BBBAA,5
1,+1,-1?0;flip,A=(+1) B=(-1?0;flip),period3,(x,0,0),3,2,NEXT,AAA,3
1,+1,-1?0;flip,A=(+1) B=(-1?0;flip),period3,(x,0,0),3,2,PREV,none<=12,
1,+1,-1?0;flip,A=(+1) B=(-1?0;flip),period3,(x,0,0),3,2,CFLIP,none<=12,
1,+1,-1?0;flip,A=(+1) B=(-1?0;flip),period3,(x,0,0),3,2,CNEXT,none<=12,
1,+1,-1?0;flip,A=(+1) B=(-1?0;flip),period3,(x,0,0),3,2,CPREV,none<=12,
1,+1,-1?0;flip,A=(+1) B=(-1?0;flip),period3,(0,0,x),3,0,FLIP,none<=12,
1,+1,-1?0;flip,A=(+1) B=(-1?0;flip),period3,(0,0,x),3,0,NEXT,AAA,3
1,+1,-1?0;flip,A=(+1) B=(-1?0;flip),period3,(0,0,x),3,0,PREV,none<=12,
1,+1,-1?0;flip,A=(+1) B=(-1?0;flip),period3,(0,0,x),3,0,CFLIP,none<=12,
1,+1,-1?0;flip,A=(+1) B=(-1?0;flip),period3,(0,0,x),3,0,CNEXT,AABABBABBABA,12
1,+1,-1?0;flip,A=(+1) B=(-1?0;flip),period3,(0,0,x),3,0,CPREV,none<=12,
1,+1,-1?0;flip,A=(+1) B=(-1?0;flip),period3,(0,0,x),3,1,FLIP,none<=12,
1,+1,-1?0;flip,A=(+1) B=(-1?0;flip),period3,(0,0,x),3,1,NEXT,AAA,3
1,+1,-1?0;flip,A=(+1) B=(-1?0;flip),period3,(0,0,x),3,1,PREV,none<=12,
1,+1,-1?0;flip,A=(+1) B=(-1?0;flip),period3,(0,0,x),3,1,CFLIP,none<=12,
1,+1,-1?0;flip,A=(+1) B=(-1?0;flip),period3,(0,0,x),3,1,CNEXT,ABABBABBABAA,12
1,+1,-1?0;flip,A=(+1) B=(-1?0;flip),period3,(0,0,x),3,1,CPREV,none<=12,
1,+1,-1?0;flip,A=(+1) B=(-1?0;flip),period3,(0,0,x),3,2,FLIP,AB,2
1,+1,-1?0;flip,A=(+1) B=(-1?0;flip),period3,(0,0,x),3,2,NEXT,AAA,3
1,+1,-1?0;flip,A=(+1) B=(-1?0;flip),period3,(0,0,x),3,2,PREV,none<=12,
1,+1,-1?0;flip,A=(+1) B=(-1?0;flip),period3,(0,0,x),3,2,CFLIP,none<=12,
1,+1,-1?0;flip,A=(+1) B=(-1?0;flip),period3,(0,0,x),3,2,CNEXT,BABBABBABAAA,12
1,+1,-1?0;flip,A=(+1) B=(-1?0;flip),period3,(0,0,x),3,2,CPREV,none<=12,
1,+1,-1?0;flip,A=(+1) B=(-1?0;flip),period3,(0,x,0),3,0,FLIP,none<=12,
1,+1,-1?0;flip,A=(+1) B=(-1?0;flip),period3,(0,x,0),3,0,NEXT,AAA,3
1,+1,-1?0;flip,A=(+1) B=(-1?0;flip),period3,(0,x,0),3,0,PREV,none<=12,
1,+1,-1?0;flip,A=(+1) B=(-1?0;flip),period3,(0,x,0),3,0,CFLIP,none<=12,
1,+1,-1?0;flip,A=(+1) B=(-1?0;flip),period3,(0,x,0),3,0,CNEXT,ABABBABBABAA,12
1,+1,-1?0;flip,A=(+1) B=(-1?0;flip),period3,(0,x,0),3,0,CPREV,none<=12,
1,+1,-1?0;flip,A=(+1) B=(-1?0;flip),period3,(0,x,0),3,1,FLIP,AB,2
1,+1,-1?0;flip,A=(+1) B=(-1?0;flip),period3,(0,x,0),3,1,NEXT,AAA,3
1,+1,-1?0;flip,A=(+1) B=(-1?0;flip),period3,(0,x,0),3,1,PREV,none<=12,
1,+1,-1?0;flip,A=(+1) B=(-1?0;flip),period3,(0,x,0),3,1,CFLIP,none<=12,
1,+1,-1?0;flip,A=(+1) B=(-1?0;flip),period3,(0,x,0),3,1,CNEXT,BABBABBABAAA,12
1,+1,-1?0;flip,A=(+1) B=(-1?0;flip),period3,(0,x,0),3,1,CPREV,none<=12,
1,+1,-1?0;flip,A=(+1) B=(-1?0;flip),period3,(0,x,0),3,2,FLIP,BA,2
1,+1,-1?0;flip,A=(+1) B=(-1?0;flip),period3,(0,x,0),3,2,NEXT,AAA,3
1,+1,-1?0;flip,A=(+1) B=(-1?0;flip),period3,(0,x,0),3,2,PREV,none<=12,
1,+1,-1?0;flip,A=(+1) B=(-1?0;flip),period3,(0,x,0),3,2,CFLIP,none<=12,
1,+1,-1?0;flip,A=(+1) B=(-1?0;flip),period3,(0,x,0),3,2,CNEXT,none<=12,
1,+1,-1?0;flip,A=(+1) B=(-1?0;flip),period3,(0,x,0),3,2,CPREV,none<=12,
1,+1,-1?0;flip,A=(+1) B=(-1?0;flip),period3,(x,1,1),3,0,FLIP,none<=12,
1,+1,-1?0;flip,A=(+1) B=(-1?0;flip),period3,(x,1,1),3,0,NEXT,AAA,3
1,+1,-1?0;flip,A=(+1) B=(-1?0;flip),period3,(x,1,1),3,0,PREV,none<=12,
1,+1,-1?0;flip,A=(+1) B=(-1?0;flip),period3,(x,1,1),3,0,CFLIP,none<=12,
1,+1,-1?0;flip,A=(+1) B=(-1?0;flip),period3,(x,1,1),3,0,CNEXT,none<=12,
1,+1,-1?0;flip,A=(+1) B=(-1?0;flip),period3,(x,1,1),3,0,CPREV,none<=12,
1,+1,-1?0;flip,A=(+1) B=(-1?0;flip),period3,(x,1,1),3,1,FLIP,none<=12,
1,+1,-1?0;flip,A=(+1) B=(-1?0;flip),period3,(x,1,1),3,1,NEXT,AAA,3
1,+1,-1?0;flip,A=(+1) B=(-1?0;flip),period3,(x,1,1),3,1,PREV,none<=12,
1,+1,-1?0;flip,A=(+1) B=(-1?0;flip),period3,(x,1,1),3,1,CFLIP,none<=12,
1,+1,-1?0;flip,A=(+1) B=(-1?0;flip),period3,(x,1,1),3,1,CNEXT,none<=12,
1,+1,-1?0;flip,A=(+1) B=(-1?0;flip),period3,(x,1,1),3,1,CPREV,none<=12,
1,+1,-1?0;flip,A=(+1) B=(-1?0;flip),period3,(x,1,1),3,2,FLIP,none<=12,
1,+1,-1?0;flip,A=(+1) B=(-1?0;flip),period3,(x,1,1),3,2,NEXT,AAA,3
1,+1,-1?0;flip,A=(+1) B=(-1?0;flip),period3,(x,1,1),3,2,PREV,none<=12,
1,+1,-1?0;flip,A=(+1) B=(-1?0;flip),period3,(x,1,1),3,2,CFLIP,none<=12,
1,+1,-1?0;flip,A=(+1) B=(-1?0;flip),period3,(x,1,1),3,2,CNEXT,none<=12,
1,+1,-1?0;flip,A=(+1) B=(-1?0;flip),period3,(x,1,1),3,2,CPREV,none<=12,
1,+1,-1?0;flip,A=(+1) B=(-1?0;flip),period3,(1,1,x),3,0,FLIP,none<=12,
1,+1,-1?0;flip,A=(+1) B=(-1?0;flip),period3,(1,1,x),3,0,NEXT,AAA,3
1,+1,-1?0;flip,A=(+1) B=(-1?0;flip),period3,(1,1,x),3,0,PREV,none<=12,
1,+1,-1?0;flip,A=(+1) B=(-1?0;flip),period3,(1,1,x),3,0,CFLIP,none<=12,
1,+1,-1?0;flip,A=(+1) B=(-1?0;flip),period3,(1,1,x),3,0,CNEXT,none<=12,
1,+1,-1?0;flip,A=(+1) B=(-1?0;flip),period3,(1,1,x),3,0,CPREV,none<=12,
1,+1,-1?0;flip,A=(+1) B=(-1?0;flip),period3,(1,1,x),3,1,FLIP,none<=12,
1,+1,-1?0;flip,A=(+1) B=(-1?0;flip),period3,(1,1,x),3,1,NEXT,AAA,3
1,+1,-1?0;flip,A=(+1) B=(-1?0;flip),period3,(1,1,x),3,1,PREV,none<=12,
1,+1,-1?0;flip,A=(+1) B=(-1?0;flip),period3,(1,1,x),3,1,CFLIP,none<=12,
1,+1,-1?0;flip,A=(+1) B=(-1?0;flip),period3,(1,1,x),3,1,CNEXT,none<=12,
1,+1,-1?0;flip,A=(+1) B=(-1?0;flip),period3,(1,1,x),3,1,CPREV,none<=12,
1,+1,-1?0;flip,A=(+1) B=(-1?0;flip),period3,(1,1,x),3,2,FLIP,none<=12,
1,+1,-1?0;flip,A=(+1) B=(-1?0;flip),period3,(1,1,x),3,2,NEXT,AAA,3
1,+1,-1?0;flip,A=(+1) B=(-1?0;flip),period3,(1,1,x),3,2,PREV,none<=12,
1,+1,-1?0;flip,A=(+1) B=(-1?0;flip),period3,(1,1,x),3,2,CFLIP,none<=12,
1,+1,-1?0;flip,A=(+1) B=(-1?0;flip),period3,(1,1,x),3,2,CNEXT,none<=12,
1,+1,-1?0;flip,A=(+1) B=(-1?0;flip),period3,(1,1,x),3,2,CPREV,none<=12,
1,+1,-1?0;flip,A=(+1) B=(-1?0;flip),period3,(1,x,1),3,0,FLIP,none<=12,
1,+1,-1?0;flip,A=(+1) B=(-1?0;flip),period3,(1,x,1),3,0,NEXT,AAA,3
1,+1,-1?0;flip,A=(+1) B=(-1?0;flip),period3,(1,x,1),3,0,PREV,none<=12,
1,+1,-1?0;flip,A=(+1) B=(-1?0;flip),period3,(1,x,1),3,0,CFLIP,none<=12,
1,+1,-1?0;flip,A=(+1) B=(-1?0;flip),period3,(1,x,1),3,0,CNEXT,none<=12,
1,+1,-1?0;flip,A=(+1) B=(-1?0;flip),period3,(1,x,1),3,0,CPREV,none<=12,
1,+1,-1?0;flip,A=(+1) B=(-1?0;flip),period3,(1,x,1),3,1,FLIP,none<=12,
1,+1,-1?0;flip,A=(+1) B=(-1?0;flip),period3,(1,x,1),3,1,NEXT,AAA,3
1,+1,-1?0;flip,A=(+1) B=(-1?0;flip),period3,(1,x,1),3,1,PREV,none<=12,
1,+1,-1?0;flip,A=(+1) B=(-1?0;flip),period3,(1,x,1),3,1,CFLIP,none<=12,
1,+1,-1?0;flip,A=(+1) B=(-1?0;flip),period3,(1,x,1),3,1,CNEXT,none<=12,
1,+1,-1?0;flip,A=(+1) B=(-1?0;flip),period3,(1,x,1),3,1,CPREV,none<=12,
1,+1,-1?0;flip,A=(+1) B=(-1?0;flip),period3,(1,x,1),3,2,FLIP,none<=12,
1,+1,-1?0;flip,A=(+1) B=(-1?0;flip),period3,(1,x,1),3,2,NEXT,AAA,3
1,+1,-1?0;flip,A=(+1) B=(-1?0;flip),period3,(1,x,1),3,2,PREV,none<=12,
1,+1,-1?0;flip,A=(+1) B=(-1?0;flip),period3,(1,x,1),3,2,CFLIP,none<=12,
1,+1,-1?0;flip,A=(+1) B=(-1?0;flip),period3,(1,x,1),3,2,CNEXT,none<=12,
1,+1,-1?0;flip,A=(+1) B=(-1?0;flip),period3,(1,x,1),3,2,CPREV,none<=12,
2,+1,flip;-1?1,A=(+1) B=(flip;-1?1),none,(x),1,0,FLIP,none<=12,
2,+1,flip;-1?1,A=(+1) B=(flip;-1?1),none,(x),1,0,NEXT,A,1
2,+1,flip;-1?1,A=(+1) B=(flip;-1?1),none,(x),1,0,PREV,none<=12,
2,+1,flip;-1?1,A=(+1) B=(flip;-1?1),none,(x),1,0,CFLIP,none<=12,
2,+1,flip;-1?1,A=(+1) B=(flip;-1?1),none,(x),1,0,CNEXT,none<=12,
2,+1,flip;-1?1,A=(+1) B=(flip;-1?1),none,(x),1,0,CPREV,none<=12,
2,+1,flip;-1?1,A=(+1) B=(flip;-1?1),dual,(x,n),2,0,FLIP,none<=12,
2,+1,flip;-1?1,A=(+1) B=(flip;-1?1),dual,(x,n),2,0,NEXT,AA,2
2,+1,flip;-1?1,A=(+1) B=(flip;-1?1),dual,(x,n),2,0,PREV,none<=12,
2,+1,flip;-1?1,A=(+1) B=(flip;-1?1),dual,(x,n),2,0,CFLIP,ABB,3
2,+1,flip;-1?1,A=(+1) B=(flip;-1?1),dual,(x,n),2,0,CNEXT,none<=12,
2,+1,flip;-1?1,A=(+1) B=(flip;-1?1),dual,(x,n),2,0,CPREV,none<=12,
2,+1,flip;-1?1,A=(+1) B=(flip;-1?1),dual,(x,n),2,1,FLIP,none<=12,
2,+1,flip;-1?1,A=(+1) B=(flip;-1?1),dual,(x,n),2,1,NEXT,AA,2
2,+1,flip;-1?1,A=(+1) B=(flip;-1?1),dual,(x,n),2,1,PREV,none<=12,
2,+1,flip;-1?1,A=(+1) B=(flip;-1?1),dual,(x,n),2,1,CFLIP,BBA,3
2,+1,flip;-1?1,A=(+1) B=(flip;-1?1),dual,(x,n),2,1,CNEXT,none<=12,
2,+1,flip;-1?1,A=(+1) B=(flip;-1?1),dual,(x,n),2,1,CPREV,none<=12,
2,+1,flip;-1?1,A=(+1) B=(flip;-1?1),dual,(n,x),2,0,FLIP,none<=12,
2,+1,flip;-1?1,A=(+1) B=(flip;-1?1),dual,(n,x),2,0,NEXT,AA,2
2,+1,flip;-1?1,A=(+1) B=(flip;-1?1),dual,(n,x),2,0,PREV,none<=12,
2,+1,flip;-1?1,A=(+1) B=(flip;-1?1),dual,(n,x),2,0,CFLIP,none<=12,
2,+1,flip;-1?1,A=(+1) B=(flip;-1?1),dual,(n,x),2,0,CNEXT,none<=12,
2,+1,flip;-1?1,A=(+1) B=(flip;-1?1),dual,(n,x),2,0,CPREV,none<=12,
2,+1,flip;-1?1,A=(+1) B=(flip;-1?1),dual,(n,x),2,1,FLIP,none<=12,
2,+1,flip;-1?1,A=(+1) B=(flip;-1?1),dual,(n,x),2,1,NEXT,AA,2
2,+1,flip;-1?1,A=(+1) B=(flip;-1?1),dual,(n,x),2,1,PREV,none<=12,
2,+1,flip;-1?1,A=(+1) B=(flip;-1?1),dual,(n,x),2,1,CFLIP,BBBAAB,6
2,+1,flip;-1?1,A=(+1) B=(flip;-1?1),dual,(n,x),2,1,CNEXT,none<=12,
2,+1,flip;-1?1,A=(+1) B=(flip;-1?1),dual,(n,x),2,1,CPREV,none<=12,
2,+1,flip;-1?1,A=(+1) B=(flip;-1?1),scratch,(x,1),2,0,FLIP,none<=12,
2,+1,flip;-1?1,A=(+1) B=(flip;-1?1),scratch,(x,1),2,0,NEXT,AA,2
2,+1,flip;-1?1,A=(+1) B=(flip;-1?1),scratch,(x,1),2,0,PREV,none<=12,
2,+1,flip;-1?1,A=(+1) B=(flip;-1?1),scratch,(x,1),2,0,CFLIP,none<=12,
2,+1,flip;-1?1,A=(+1) B=(flip;-1?1),scratch,(x,1),2,0,CNEXT,none<=12,
2,+1,flip;-1?1,A=(+1) B=(flip;-1?1),scratch,(x,1),2,0,CPREV,none<=12,
2,+1,flip;-1?1,A=(+1) B=(flip;-1?1),scratch,(x,1),2,1,FLIP,none<=12,
2,+1,flip;-1?1,A=(+1) B=(flip;-1?1),scratch,(x,1),2,1,NEXT,AA,2
2,+1,flip;-1?1,A=(+1) B=(flip;-1?1),scratch,(x,1),2,1,PREV,none<=12,
2,+1,flip;-1?1,A=(+1) B=(flip;-1?1),scratch,(x,1),2,1,CFLIP,none<=12,
2,+1,flip;-1?1,A=(+1) B=(flip;-1?1),scratch,(x,1),2,1,CNEXT,none<=12,
2,+1,flip;-1?1,A=(+1) B=(flip;-1?1),scratch,(x,1),2,1,CPREV,none<=12,
2,+1,flip;-1?1,A=(+1) B=(flip;-1?1),scratch,(1,x),2,0,FLIP,none<=12,
2,+1,flip;-1?1,A=(+1) B=(flip;-1?1),scratch,(1,x),2,0,NEXT,AA,2
2,+1,flip;-1?1,A=(+1) B=(flip;-1?1),scratch,(1,x),2,0,PREV,none<=12,
2,+1,flip;-1?1,A=(+1) B=(flip;-1?1),scratch,(1,x),2,0,CFLIP,none<=12,
2,+1,flip;-1?1,A=(+1) B=(flip;-1?1),scratch,(1,x),2,0,CNEXT,none<=12,
2,+1,flip;-1?1,A=(+1) B=(flip;-1?1),scratch,(1,x),2,0,CPREV,none<=12,
2,+1,flip;-1?1,A=(+1) B=(flip;-1?1),scratch,(1,x),2,1,FLIP,none<=12,
2,+1,flip;-1?1,A=(+1) B=(flip;-1?1),scratch,(1,x),2,1,NEXT,AA,2
2,+1,flip;-1?1,A=(+1) B=(flip;-1?1),scratch,(1,x),2,1,PREV,none<=12,
2,+1,flip;-1?1,A=(+1) B=(flip;-1?1),scratch,(1,x),2,1,CFLIP,none<=12,
2,+1,flip;-1?1,A=(+1) B=(flip;-1?1),scratch,(1,x),2,1,CNEXT,none<=12,
2,+1,flip;-1?1,A=(+1) B=(flip;-1?1),scratch,(1,x),2,1,CPREV,none<=12,
2,+1,flip;-1?1,A=(+1) B=(flip;-1?1),scratch,(x,0),2,0,FLIP,none<=12,
2,+1,flip;-1?1,A=(+1) B=(flip;-1?1),scratch,(x,0),2,0,NEXT,AA,2
2,+1,flip;-1?1,A=(+1) B=(flip;-1?1),scratch,(x,0),2,0,PREV,none<=12,
2,+1,flip;-1?1,A=(+1) B=(flip;-1?1),scratch,(x,0),2,0,CFLIP,none<=12,
2,+1,flip;-1?1,A=(+1) B=(flip;-1?1),scratch,(x,0),2,0,CNEXT,none<=12,
2,+1,flip;-1?1,A=(+1) B=(flip;-1?1),scratch,(x,0),2,0,CPREV,none<=12,
2,+1,flip;-1?1,A=(+1) B=(flip;-1?1),scratch,(x,0),2,1,FLIP,none<=12,
2,+1,flip;-1?1,A=(+1) B=(flip;-1?1),scratch,(x,0),2,1,NEXT,AA,2
2,+1,flip;-1?1,A=(+1) B=(flip;-1?1),scratch,(x,0),2,1,PREV,none<=12,
2,+1,flip;-1?1,A=(+1) B=(flip;-1?1),scratch,(x,0),2,1,CFLIP,none<=12,
2,+1,flip;-1?1,A=(+1) B=(flip;-1?1),scratch,(x,0),2,1,CNEXT,none<=12,
2,+1,flip;-1?1,A=(+1) B=(flip;-1?1),scratch,(x,0),2,1,CPREV,none<=12,
2,+1,flip;-1?1,A=(+1) B=(flip;-1?1),scratch,(0,x),2,0,FLIP,none<=12,
2,+1,flip;-1?1,A=(+1) B=(flip;-1?1),scratch,(0,x),2,0,NEXT,AA,2
2,+1,flip;-1?1,A=(+1) B=(flip;-1?1),scratch,(0,x),2,0,PREV,none<=12,
2,+1,flip;-1?1,A=(+1) B=(flip;-1?1),scratch,(0,x),2,0,CFLIP,none<=12,
2,+1,flip;-1?1,A=(+1) B=(flip;-1?1),scratch,(0,x),2,0,CNEXT,none<=12,
2,+1,flip;-1?1,A=(+1) B=(flip;-1?1),scratch,(0,x),2,0,CPREV,none<=12,
2,+1,flip;-1?1,A=(+1) B=(flip;-1?1),scratch,(0,x),2,1,FLIP,none<=12,
2,+1,flip;-1?1,A=(+1) B=(flip;-1?1),scratch,(0,x),2,1,NEXT,AA,2
2,+1,flip;-1?1,A=(+1) B=(flip;-1?1),scratch,(0,x),2,1,PREV,none<=12,
2,+1,flip;-1?1,A=(+1) B=(flip;-1?1),scratch,(0,x),2,1,CFLIP,none<=12,
2,+1,flip;-1?1,A=(+1) B=(flip;-1?1),scratch,(0,x),2,1,CNEXT,none<=12,
2,+1,flip;-1?1,A=(+1) B=(flip;-1?1),scratch,(0,x),2,1,CPREV,none<=12,
2,+1,flip;-1?1,A=(+1) B=(flip;-1?1),period3,(x,0,1),3,0,FLIP,none<=12,
2,+1,flip;-1?1,A=(+1) B=(flip;-1?1),period3,(x,0,1),3,0,NEXT,AAA,3
2,+1,flip;-1?1,A=(+1) B=(flip;-1?1),period3,(x,0,1),3,0,PREV,none<=12,
2,+1,flip;-1?1,A=(+1) B=(flip;-1?1),period3,(x,0,1),3,0,CFLIP,none<=12,
2,+1,flip;-1?1,A=(+1) B=(flip;-1?1),period3,(x,0,1),3,0,CNEXT,none<=12,
2,+1,flip;-1?1,A=(+1) B=(flip;-1?1),period3,(x,0,1),3,0,CPREV,none<=12,
2,+1,flip;-1?1,A=(+1) B=(flip;-1?1),period3,(x,0,1),3,1,FLIP,none<=12,
2,+1,flip;-1?1,A=(+1) B=(flip;-1?1),period3,(x,0,1),3,1,NEXT,AAA,3
2,+1,flip;-1?1,A=(+1) B=(flip;-1?1),period3,(x,0,1),3,1,PREV,none<=12,
2,+1,flip;-1?1,A=(+1) B=(flip;-1?1),period3,(x,0,1),3,1,CFLIP,none<=12,
2,+1,flip;-1?1,A=(+1) B=(flip;-1?1),period3,(x,0,1),3,1,CNEXT,none<=12,
2,+1,flip;-1?1,A=(+1) B=(flip;-1?1),period3,(x,0,1),3,1,CPREV,none<=12,
2,+1,flip;-1?1,A=(+1) B=(flip;-1?1),period3,(x,0,1),3,2,FLIP,none<=12,
2,+1,flip;-1?1,A=(+1) B=(flip;-1?1),period3,(x,0,1),3,2,NEXT,AAA,3
2,+1,flip;-1?1,A=(+1) B=(flip;-1?1),period3,(x,0,1),3,2,PREV,none<=12,
2,+1,flip;-1?1,A=(+1) B=(flip;-1?1),period3,(x,0,1),3,2,CFLIP,none<=12,
2,+1,flip;-1?1,A=(+1) B=(flip;-1?1),period3,(x,0,1),3,2,CNEXT,none<=12,
2,+1,flip;-1?1,A=(+1) B=(flip;-1?1),period3,(x,0,1),3,2,CPREV,none<=12,
2,+1,flip;-1?1,A=(+1) B=(flip;-1?1),period3,(0,1,x),3,0,FLIP,none<=12,
2,+1,flip;-1?1,A=(+1) B=(flip;-1?1),period3,(0,1,x),3,0,NEXT,AAA,3
2,+1,flip;-1?1,A=(+1) B=(flip;-1?1),period3,(0,1,x),3,0,PREV,none<=12,
2,+1,flip;-1?1,A=(+1) B=(flip;-1?1),period3,(0,1,x),3,0,CFLIP,none<=12,
2,+1,flip;-1?1,A=(+1) B=(flip;-1?1),period3,(0,1,x),3,0,CNEXT,none<=12,
2,+1,flip;-1?1,A=(+1) B=(flip;-1?1),period3,(0,1,x),3,0,CPREV,none<=12,
2,+1,flip;-1?1,A=(+1) B=(flip;-1?1),period3,(0,1,x),3,1,FLIP,none<=12,
2,+1,flip;-1?1,A=(+1) B=(flip;-1?1),period3,(0,1,x),3,1,NEXT,AAA,3
2,+1,flip;-1?1,A=(+1) B=(flip;-1?1),period3,(0,1,x),3,1,PREV,none<=12,
2,+1,flip;-1?1,A=(+1) B=(flip;-1?1),period3,(0,1,x),3,1,CFLIP,none<=12,
2,+1,flip;-1?1,A=(+1) B=(flip;-1?1),period3,(0,1,x),3,1,CNEXT,none<=12,
2,+1,flip;-1?1,A=(+1) B=(flip;-1?1),period3,(0,1,x),3,1,CPREV,none<=12,
2,+1,flip;-1?1,A=(+1) B=(flip;-1?1),period3,(0,1,x),3,2,FLIP,none<=12,
2,+1,flip;-1?1,A=(+1) B=(flip;-1?1),period3,(0,1,x),3,2,NEXT,AAA,3
2,+1,flip;-1?1,A=(+1) B=(flip;-1?1),period3,(0,1,x),3,2,PREV,none<=12,
2,+1,flip;-1?1,A=(+1) B=(flip;-1?1),period3,(0,1,x),3,2,CFLIP,none<=12,
2,+1,flip;-1?1,A=(+1) B=(flip;-1?1),period3,(0,1,x),3,2,CNEXT,none<=12,
2,+1,flip;-1?1,A=(+1) B=(flip;-1?1),period3,(0,1,x),3,2,CPREV,none<=12,
2,+1,flip;-1?1,A=(+1) B=(flip;-1?1),period3,(1,x,0),3,0,FLIP,none<=12,
2,+1,flip;-1?1,A=(+1) B=(flip;-1?1),period3,(1,x,0),3,0,NEXT,AAA,3
2,+1,flip;-1?1,A=(+1) B=(flip;-1?1),period3,(1,x,0),3,0,PREV,none<=12,
2,+1,flip;-1?1,A=(+1) B=(flip;-1?1),period3,(1,x,0),3,0,CFLIP,none<=12,
2,+1,flip;-1?1,A=(+1) B=(flip;-1?1),period3,(1,x,0),3,0,CNEXT,none<=12,
2,+1,flip;-1?1,A=(+1) B=(flip;-1?1),period3,(1,x,0),3,0,CPREV,none<=12,
2,+1,flip;-1?1,A=(+1) B=(flip;-1?1),period3,(1,x,0),3,1,FLIP,none<=12,
2,+1,flip;-1?1,A=(+1) B=(flip;-1?1),period3,(1,x,0),3,1,NEXT,AAA,3
2,+1,flip;-1?1,A=(+1) B=(flip;-1?1),period3,(1,x,0),3,1,PREV,none<=12,
2,+1,flip;-1?1,A=(+1) B=(flip;-1?1),period3,(1,x,0),3,1,CFLIP,none<=12,
2,+1,flip;-1?1,A=(+1) B=(flip;-1?1),period3,(1,x,0),3,1,CNEXT,none<=12,
2,+1,flip;-1?1,A=(+1) B=(flip;-1?1),period3,(1,x,0),3,1,CPREV,none<=12,
2,+1,flip;-1?1,A=(+1) B=(flip;-1?1),period3,(1,x,0),3,2,FLIP,none<=12,
2,+1,flip;-1?1,A=(+1) B=(flip;-1?1),period3,(1,x,0),3,2,NEXT,AAA,3
2,+1,flip;-1?1,A=(+1) B=(flip;-1?1),period3,(1,x,0),3,2,PREV,none<=12,
2,+1,flip;-1?1,A=(+1) B=(flip;-1?1),period3,(1,x,0),3,2,CFLIP,none<=12,
2,+1,flip;-1?1,A=(+1) B=(flip;-1?1),period3,(1,x,0),3,2,CNEXT,none<=12,
2,+1,flip;-1?1,A=(+1) B=(flip;-1?1),period3,(1,x,0),3,2,CPREV,none<=12,
2,+1,flip;-1?1,A=(+1) B=(flip;-1?1),period3,(x,1,0),3,0,FLIP,none<=12,
2,+1,flip;-1?1,A=(+1) B=(flip;-1?1),period3,(x,1,0),3,0,NEXT,AAA,3
2,+1,flip;-1?1,A=(+1) B=(flip;-1?1),period3,(x,1,0),3,0,PREV,none<=12,
2,+1,flip;-1?1,A=(+1) B=(flip;-1?1),period3,(x,1,0),3,0,CFLIP,none<=12,
2,+1,flip;-1?1,A=(+1) B=(flip;-1?1),period3,(x,1,0),3,0,CNEXT,none<=12,
2,+1,flip;-1?1,A=(+1) B=(flip;-1?1),period3,(x,1,0),3,0,CPREV,none<=12,
2,+1,flip;-1?1,A=(+1) B=(flip;-1?1),period3,(x,1,0),3,1,FLIP,none<=12,
2,+1,flip;-1?1,A=(+1) B=(flip;-1?1),period3,(x,1,0),3,1,NEXT,AAA,3
2,+1,flip;-1?1,A=(+1) B=(flip;-1?1),period3,(x,1,0),3,1,PREV,none<=12,
2,+1,flip;-1?1,A=(+1) B=(flip;-1?1),period3,(x,1,0),3,1,CFLIP,none<=12,
2,+1,flip;-1?1,A=(+1) B=(flip;-1?1),period3,(x,1,0),3,1,CNEXT,none<=12,
2,+1,flip;-1?1,A=(+1) B=(flip;-1?1),period3,(x,1,0),3,1,CPREV,none<=12,
2,+1,flip;-1?1,A=(+1) B=(flip;-1?1),period3,(x,1,0),3,2,FLIP,none<=12,
2,+1,flip;-1?1,A=(+1) B=(flip;-1?1),period3,(x,1,0),3,2,NEXT,AAA,3
2,+1,flip;-1?1,A=(+1) B=(flip;-1?1),period3,(x,1,0),3,2,PREV,none<=12,
2,+1,flip;-1?1,A=(+1) B=(flip;-1?1),period3,(x,1,0),3,2,CFLIP,none<=12,
2,+1,flip;-1?1,A=(+1) B=(flip;-1?1),period3,(x,1,0),3,2,CNEXT,none<=12,
2,+1,flip;-1?1,A=(+1) B=(flip;-1?1),period3,(x,1,0),3,2,CPREV,none<=12,
2,+1,flip;-1?1,A=(+1) B=(flip;-1?1),period3,(1,0,x),3,0,FLIP,none<=12,
2,+1,flip;-1?1,A=(+1) B=(flip;-1?1),period3,(1,0,x),3,0,NEXT,AAA,3
2,+1,flip;-1?1,A=(+1) B=(flip;-1?1),period3,(1,0,x),3,0,PREV,none<=12,
2,+1,flip;-1?1,A=(+1) B=(flip;-1?1),period3,(1,0,x),3,0,CFLIP,none<=12,
2,+1,flip;-1?1,A=(+1) B=(flip;-1?1),period3,(1,0,x),3,0,CNEXT,none<=12,
2,+1,flip;-1?1,A=(+1) B=(flip;-1?1),period3,(1,0,x),3,0,CPREV,none<=12,
2,+1,flip;-1?1,A=(+1) B=(flip;-1?1),period3,(1,0,x),3,1,FLIP,none<=12,
2,+1,flip;-1?1,A=(+1) B=(flip;-1?1),period3,(1,0,x),3,1,NEXT,AAA,3
2,+1,flip;-1?1,A=(+1) B=(flip;-1?1),period3,(1,0,x),3,1,PREV,none<=12,
2,+1,flip;-1?1,A=(+1) B=(flip;-1?1),period3,(1,0,x),3,1,CFLIP,none<=12,
2,+1,flip;-1?1,A=(+1) B=(flip;-1?1),period3,(1,0,x),3,1,CNEXT,none<=12,
2,+1,flip;-1?1,A=(+1) B=(flip;-1?1),period3,(1,0,x),3,1,CPREV,none<=12,
2,+1,flip;-1?1,A=(+1) B=(flip;-1?1),period3,(1,0,x),3,2,FLIP,none<=12,
2,+1,flip;-1?1,A=(+1) B=(flip;-1?1),period3,(1,0,x),3,2,NEXT,AAA,3
2,+1,flip;-1?1,A=(+1) B=(flip;-1?1),period3,(1,0,x),3,2,PREV,none<=12,
2,+1,flip;-1?1,A=(+1) B=(flip;-1?1),period3,(1,0,x),3,2,CFLIP,none<=12,
2,+1,flip;-1?1,A=(+1) B=(flip;-1?1),period3,(1,0,x),3,2,CNEXT,none<=12,
2,+1,flip;-1?1,A=(+1) B=(flip;-1?1),period3,(1,0,x),3,2,CPREV,none<=12,
2,+1,flip;-1?1,A=(+1) B=(flip;-1?1),period3,(0,x,1),3,0,FLIP,none<=12,
2,+1,flip;-1?1,A=(+1) B=(flip;-1?1),period3,(0,x,1),3,0,NEXT,AAA,3
2,+1,flip;-1?1,A=(+1) B=(flip;-1?1),period3,(0,x,1),3,0,PREV,none<=12,
2,+1,flip;-1?1,A=(+1) B=(flip;-1?1),period3,(0,x,1),3,0,CFLIP,none<=12,
2,+1,flip;-1?1,A=(+1) B=(flip;-1?1),period3,(0,x,1),3,0,CNEXT,none<=12,
2,+1,flip;-1?1,A=(+1) B=(flip;-1?1),period3,(0,x,1),3,0,CPREV,none<=12,
2,+1,flip;-1?1,A=(+1) B=(flip;-1?1),period3,(0,x,1),3,1,FLIP,none<=12,
2,+1,flip;-1?1,A=(+1) B=(flip;-1?1),period3,(0,x,1),3,1,NEXT,AAA,3
2,+1,flip;-1?1,A=(+1) B=(flip;-1?1),period3,(0,x,1),3,1,PREV,none<=12,
2,+1,flip;-1?1,A=(+1) B=(flip;-1?1),period3,(0,x,1),3,1,CFLIP,none<=12,
2,+1,flip;-1?1,A=(+1) B=(flip;-1?1),period3,(0,x,1),3,1,CNEXT,none<=12,
2,+1,flip;-1?1,A=(+1) B=(flip;-1?1),period3,(0,x,1),3,1,CPREV,none<=12,
2,+1,flip;-1?1,A=(+1) B=(flip;-1?1),period3,(0,x,1),3,2,FLIP,none<=12,
2,+1,flip;-1?1,A=(+1) B=(flip;-1?1),period3,(0,x,1),3,2,NEXT,AAA,3
2,+1,flip;-1?1,A=(+1) B=(flip;-1?1),period3,(0,x,1),3,2,PREV,none<=12,
2,+1,flip;-1?1,A=(+1) B=(flip;-1?1),period3,(0,x,1),3,2,CFLIP,none<=12,
2,+1,flip;-1?1,A=(+1) B=(flip;-1?1),period3,(0,x,1),3,2,CNEXT,none<=12,
2,+1,flip;-1?1,A=(+1) B=(flip;-1?1),period3,(0,x,1),3,2,CPREV,none<=12,
2,+1,flip;-1?1,A=(+1) B=(flip;-1?1),period3,(x,0,0),3,0,FLIP,none<=12,
2,+1,flip;-1?1,A=(+1) B=(flip;-1?1),period3,(x,0,0),3,0,NEXT,AAA,3
2,+1,flip;-1?1,A=(+1) B=(flip;-1?1),period3,(x,0,0),3,0,PREV,none<=12,
2,+1,flip;-1?1,A=(+1) B=(flip;-1?1),period3,(x,0,0),3,0,CFLIP,none<=12,
2,+1,flip;-1?1,A=(+1) B=(flip;-1?1),period3,(x,0,0),3,0,CNEXT,none<=12,
2,+1,flip;-1?1,A=(+1) B=(flip;-1?1),period3,(x,0,0),3,0,CPREV,none<=12,
2,+1,flip;-1?1,A=(+1) B=(flip;-1?1),period3,(x,0,0),3,1,FLIP,none<=12,
2,+1,flip;-1?1,A=(+1) B=(flip;-1?1),period3,(x,0,0),3,1,NEXT,AAA,3
2,+1,flip;-1?1,A=(+1) B=(flip;-1?1),period3,(x,0,0),3,1,PREV,none<=12,
2,+1,flip;-1?1,A=(+1) B=(flip;-1?1),period3,(x,0,0),3,1,CFLIP,none<=12,
2,+1,flip;-1?1,A=(+1) B=(flip;-1?1),period3,(x,0,0),3,1,CNEXT,none<=12,
2,+1,flip;-1?1,A=(+1) B=(flip;-1?1),period3,(x,0,0),3,1,CPREV,none<=12,
2,+1,flip;-1?1,A=(+1) B=(flip;-1?1),period3,(x,0,0),3,2,FLIP,none<=12,
2,+1,flip;-1?1,A=(+1) B=(flip;-1?1),period3,(x,0,0),3,2,NEXT,AAA,3
2,+1,flip;-1?1,A=(+1) B=(flip;-1?1),period3,(x,0,0),3,2,PREV,none<=12,
2,+1,flip;-1?1,A=(+1) B=(flip;-1?1),period3,(x,0,0),3,2,CFLIP,none<=12,
2,+1,flip;-1?1,A=(+1) B=(flip;-1?1),period3,(x,0,0),3,2,CNEXT,none<=12,
2,+1,flip;-1?1,A=(+1) B=(flip;-1?1),period3,(x,0,0),3,2,CPREV,none<=12,
2,+1,flip;-1?1,A=(+1) B=(flip;-1?1),period3,(0,0,x),3,0,FLIP,none<=12,
2,+1,flip;-1?1,A=(+1) B=(flip;-1?1),period3,(0,0,x),3,0,NEXT,AAA,3
2,+1,flip;-1?1,A=(+1) B=(flip;-1?1),period3,(0,0,x),3,0,PREV,none<=12,
2,+1,flip;-1?1,A=(+1) B=(flip;-1?1),period3,(0,0,x),3,0,CFLIP,none<=12,
2,+1,flip;-1?1,A=(+1) B=(flip;-1?1),period3,(0,0,x),3,0,CNEXT,none<=12,
2,+1,flip;-1?1,A=(+1) B=(flip;-1?1),period3,(0,0,x),3,0,CPREV,none<=12,
2,+1,flip;-1?1,A=(+1) B=(flip;-1?1),period3,(0,0,x),3,1,FLIP,none<=12,
2,+1,flip;-1?1,A=(+1) B=(flip;-1?1),period3,(0,0,x),3,1,NEXT,AAA,3
2,+1,flip;-1?1,A=(+1) B=(flip;-1?1),period3,(0,0,x),3,1,PREV,none<=12,
2,+1,flip;-1?1,A=(+1) B=(flip;-1?1),period3,(0,0,x),3,1,CFLIP,none<=12,
2,+1,flip;-1?1,A=(+1) B=(flip;-1?1),period3,(0,0,x),3,1,CNEXT,none<=12,
2,+1,flip;-1?1,A=(+1) B=(flip;-1?1),period3,(0,0,x),3,1,CPREV,none<=12,
2,+1,flip;-1?1,A=(+1) B=(flip;-1?1),period3,(0,0,x),3,2,FLIP,none<=12,
2,+1,flip;-1?1,A=(+1) B=(flip;-1?1),period3,(0,0,x),3,2,NEXT,AAA,3
2,+1,flip;-1?1,A=(+1) B=(flip;-1?1),period3,(0,0,x),3,2,PREV,none<=12,
2,+1,flip;-1?1,A=(+1) B=(flip;-1?1),period3,(0,0,x),3,2,CFLIP,none<=12,
2,+1,flip;-1?1,A=(+1) B=(flip;-1?1),period3,(0,0,x),3,2,CNEXT,none<=12,
2,+1,flip;-1?1,A=(+1) B=(flip;-1?1),period3,(0,0,x),3,2,CPREV,none<=12,
2,+1,flip;-1?1,A=(+1) B=(flip;-1?1),period3,(0,x,0),3,0,FLIP,none<=12,
2,+1,flip;-1?1,A=(+1) B=(flip;-1?1),period3,(0,x,0),3,0,NEXT,AAA,3
2,+1,flip;-1?1,A=(+1) B=(flip;-1?1),period3,(0,x,0),3,0,PREV,none<=12,
2,+1,flip;-1?1,A=(+1) B=(flip;-1?1),period3,(0,x,0),3,0,CFLIP,none<=12,
2,+1,flip;-1?1,A=(+1) B=(flip;-1?1),period3,(0,x,0),3,0,CNEXT,none<=12,
2,+1,flip;-1?1,A=(+1) B=(flip;-1?1),period3,(0,x,0),3,0,CPREV,none<=12,
2,+1,flip;-1?1,A=(+1) B=(flip;-1?1),period3,(0,x,0),3,1,FLIP,none<=12,
2,+1,flip;-1?1,A=(+1) B=(flip;-1?1),period3,(0,x,0),3,1,NEXT,AAA,3
2,+1,flip;-1?1,A=(+1) B=(flip;-1?1),period3,(0,x,0),3,1,PREV,none<=12,
2,+1,flip;-1?1,A=(+1) B=(flip;-1?1),period3,(0,x,0),3,1,CFLIP,none<=12,
2,+1,flip;-1?1,A=(+1) B=(flip;-1?1),period3,(0,x,0),3,1,CNEXT,none<=12,
2,+1,flip;-1?1,A=(+1) B=(flip;-1?1),period3,(0,x,0),3,1,CPREV,none<=12,
2,+1,flip;-1?1,A=(+1) B=(flip;-1?1),period3,(0,x,0),3,2,FLIP,none<=12,
2,+1,flip;-1?1,A=(+1) B=(flip;-1?1),period3,(0,x,0),3,2,NEXT,AAA,3
2,+1,flip;-1?1,A=(+1) B=(flip;-1?1),period3,(0,x,0),3,2,PREV,none<=12,
2,+1,flip;-1?1,A=(+1) B=(flip;-1?1),period3,(0,x,0),3,2,CFLIP,none<=12,
2,+1,flip;-1?1,A=(+1) B=(flip;-1?1),period3,(0,x,0),3,2,CNEXT,none<=12,
2,+1,flip;-1?1,A=(+1) B=(flip;-1?1),period3,(0,x,0),3,2,CPREV,none<=12,
2,+1,flip;-1?1,A=(+1) B=(flip;-1?1),period3,(x,1,1),3,0,FLIP,none<=12,
2,+1,flip;-1?1,A=(+1) B=(flip;-1?1),period3,(x,1,1),3,0,NEXT,AAA,3
2,+1,flip;-1?1,A=(+1) B=(flip;-1?1),period3,(x,1,1),3,0,PREV,none<=12,
2,+1,flip;-1?1,A=(+1) B=(flip;-1?1),period3,(x,1,1),3,0,CFLIP,none<=12,
2,+1,flip;-1?1,A=(+1) B=(flip;-1?1),period3,(x,1,1),3,0,CNEXT,none<=12,
2,+1,flip;-1?1,A=(+1) B=(flip;-1?1),period3,(x,1,1),3,0,CPREV,none<=12,
2,+1,flip;-1?1,A=(+1) B=(flip;-1?1),period3,(x,1,1),3,1,FLIP,none<=12,
2,+1,flip;-1?1,A=(+1) B=(flip;-1?1),period3,(x,1,1),3,1,NEXT,AAA,3
2,+1,flip;-1?1,A=(+1) B=(flip;-1?1),period3,(x,1,1),3,1,PREV,none<=12,
2,+1,flip;-1?1,A=(+1) B=(flip;-1?1),period3,(x,1,1),3,1,CFLIP,none<=12,
2,+1,flip;-1?1,A=(+1) B=(flip;-1?1),period3,(x,1,1),3,1,CNEXT,none<=12,
2,+1,flip;-1?1,A=(+1) B=(flip;-1?1),period3,(x,1,1),3,1,CPREV,none<=12,
2,+1,flip;-1?1,A=(+1) B=(flip;-1?1),period3,(x,1,1),3,2,FLIP,none<=12,
2,+1,flip;-1?1,A=(+1) B=(flip;-1?1),period3,(x,1,1),3,2,NEXT,AAA,3
2,+1,flip;-1?1,A=(+1) B=(flip;-1?1),period3,(x,1,1),3,2,PREV,none<=12,
2,+1,flip;-1?1,A=(+1) B=(flip;-1?1),period3,(x,1,1),3,2,CFLIP,none<=12,
2,+1,flip;-1?1,A=(+1) B=(flip;-1?1),period3,(x,1,1),3,2,CNEXT,none<=12,
2,+1,flip;-1?1,A=(+1) B=(flip;-1?1),period3,(x,1,1),3,2,CPREV,none<=12,
2,+1,flip;-1?1,A=(+1) B=(flip;-1?1),period3,(1,1,x),3,0,FLIP,none<=12,
2,+1,flip;-1?1,A=(+1) B=(flip;-1?1),period3,(1,1,x),3,0,NEXT,AAA,3
2,+1,flip;-1?1,A=(+1) B=(flip;-1?1),period3,(1,1,x),3,0,PREV,none<=12,
2,+1,flip;-1?1,A=(+1) B=(flip;-1?1),period3,(1,1,x),3,0,CFLIP,none<=12,
2,+1,flip;-1?1,A=(+1) B=(flip;-1?1),period3,(1,1,x),3,0,CNEXT,none<=12,
2,+1,flip;-1?1,A=(+1) B=(flip;-1?1),period3,(1,1,x),3,0,CPREV,none<=12,
2,+1,flip;-1?1,A=(+1) B=(flip;-1?1),period3,(1,1,x),3,1,FLIP,none<=12,
2,+1,flip;-1?1,A=(+1) B=(flip;-1?1),period3,(1,1,x),3,1,NEXT,AAA,3
2,+1,flip;-1?1,A=(+1) B=(flip;-1?1),period3,(1,1,x),3,1,PREV,none<=12,
2,+1,flip;-1?1,A=(+1) B=(flip;-1?1),period3,(1,1,x),3,1,CFLIP,none<=12,
2,+1,flip;-1?1,A=(+1) B=(flip;-1?1),period3,(1,1,x),3,1,CNEXT,none<=12,
2,+1,flip;-1?1,A=(+1) B=(flip;-1?1),period3,(1,1,x),3,1,CPREV,none<=12,
2,+1,flip;-1?1,A=(+1) B=(flip;-1?1),period3,(1,1,x),3,2,FLIP,none<=12,
2,+1,flip;-1?1,A=(+1) B=(flip;-1?1),period3,(1,1,x),3,2,NEXT,AAA,3
2,+1,flip;-1?1,A=(+1) B=(flip;-1?1),period3,(1,1,x),3,2,PREV,none<=12,
2,+1,flip;-1?1,A=(+1) B=(flip;-1?1),period3,(1,1,x),3,2,CFLIP,none<=12,
2,+1,flip;-1?1,A=(+1) B=(flip;-1?1),period3,(1,1,x),3,2,CNEXT,none<=12,
2,+1,flip;-1?1,A=(+1) B=(flip;-1?1),period3,(1,1,x),3,2,CPREV,none<=12,
2,+1,flip;-1?1,A=(+1) B=(flip;-1?1),period3,(1,x,1),3,0,FLIP,none<=12,
2,+1,flip;-1?1,A=(+1) B=(flip;-1?1),period3,(1,x,1),3,0,NEXT,AAA,3
2,+1,flip;-1?1,A=(+1) B=(flip;-1?1),period3,(1,x,1),3,0,PREV,none<=12,
2,+1,flip;-1?1,A=(+1) B=(flip;-1?1),period3,(1,x,1),3,0,CFLIP,none<=12,
2,+1,flip;-1?1,A=(+1) B=(flip;-1?1),period3,(1,x,1),3,0,CNEXT,none<=12,
2,+1,flip;-1?1,A=(+1) B=(flip;-1?1),period3,(1,x,1),3,0,CPREV,none<=12,
2,+1,flip;-1?1,A=(+1) B=(flip;-1?1),period3,(1,x,1),3,1,FLIP,none<=12,
2,+1,flip;-1?1,A=(+1) B=(flip;-1?1),period3,(1,x,1),3,1,NEXT,AAA,3
2,+1,flip;-1?1,A=(+1) B=(flip;-1?1),period3,(1,x,1),3,1,PREV,none<=12,
2,+1,flip;-1?1,A=(+1) B=(flip;-1?1),period3,(1,x,1),3,1,CFLIP,none<=12,
2,+1,flip;-1?1,A=(+1) B=(flip;-1?1),period3,(1,x,1),3,1,CNEXT,none<=12,
2,+1,flip;-1?1,A=(+1) B=(flip;-1?1),period3,(1,x,1),3,1,CPREV,none<=12,
2,+1,flip;-1?1,A=(+1) B=(flip;-1?1),period3,(1,x,1),3,2,FLIP,none<=12,
2,+1,flip;-1?1,A=(+1) B=(flip;-1?1),period3,(1,x,1),3,2,NEXT,AAA,3
2,+1,flip;-1?1,A=(+1) B=(flip;-1?1),period3,(1,x,1),3,2,PREV,none<=12,
2,+1,flip;-1?1,A=(+1) B=(flip;-1?1),period3,(1,x,1),3,2,CFLIP,none<=12,
2,+1,flip;-1?1,A=(+1) B=(flip;-1?1),period3,(1,x,1),3,2,CNEXT,none<=12,
2,+1,flip;-1?1,A=(+1) B=(flip;-1?1),period3,(1,x,1),3,2,CPREV,none<=12,
3,+1,-1?1;flip,A=(+1) B=(-1?1;flip),none,(x),1,0,FLIP,none<=12,
3,+1,-1?1;flip,A=(+1) B=(-1?1;flip),none,(x),1,0,NEXT,A,1
3,+1,-1?1;flip,A=(+1) B=(-1?1;flip),none,(x),1,0,PREV,none<=12,
3,+1,-1?1;flip,A=(+1) B=(-1?1;flip),none,(x),1,0,CFLIP,none<=12,
3,+1,-1?1;flip,A=(+1) B=(-1?1;flip),none,(x),1,0,CNEXT,none<=12,
3,+1,-1?1;flip,A=(+1) B=(-1?1;flip),none,(x),1,0,CPREV,none<=12,
3,+1,-1?1;flip,A=(+1) B=(-1?1;flip),dual,(x,n),2,0,FLIP,none<=12,
3,+1,-1?1;flip,A=(+1) B=(-1?1;flip),dual,(x,n),2,0,NEXT,AA,2
3,+1,-1?1;flip,A=(+1) B=(-1?1;flip),dual,(x,n),2,0,PREV,none<=12,
3,+1,-1?1;flip,A=(+1) B=(-1?1;flip),dual,(x,n),2,0,CFLIP,none<=12,
3,+1,-1?1;flip,A=(+1) B=(-1?1;flip),dual,(x,n),2,0,CNEXT,none<=12,
3,+1,-1?1;flip,A=(+1) B=(-1?1;flip),dual,(x,n),2,0,CPREV,none<=12,
3,+1,-1?1;flip,A=(+1) B=(-1?1;flip),dual,(x,n),2,1,FLIP,none<=12,
3,+1,-1?1;flip,A=(+1) B=(-1?1;flip),dual,(x,n),2,1,NEXT,AA,2
3,+1,-1?1;flip,A=(+1) B=(-1?1;flip),dual,(x,n),2,1,PREV,none<=12,
3,+1,-1?1;flip,A=(+1) B=(-1?1;flip),dual,(x,n),2,1,CFLIP,none<=12,
3,+1,-1?1;flip,A=(+1) B=(-1?1;flip),dual,(x,n),2,1,CNEXT,none<=12,
3,+1,-1?1;flip,A=(+1) B=(-1?1;flip),dual,(x,n),2,1,CPREV,none<=12,
3,+1,-1?1;flip,A=(+1) B=(-1?1;flip),dual,(n,x),2,0,FLIP,none<=12,
3,+1,-1?1;flip,A=(+1) B=(-1?1;flip),dual,(n,x),2,0,NEXT,AA,2
3,+1,-1?1;flip,A=(+1) B=(-1?1;flip),dual,(n,x),2,0,PREV,none<=12,
3,+1,-1?1;flip,A=(+1) B=(-1?1;flip),dual,(n,x),2,0,CFLIP,none<=12,
3,+1,-1?1;flip,A=(+1) B=(-1?1;flip),dual,(n,x),2,0,CNEXT,none<=12,
3,+1,-1?1;flip,A=(+1) B=(-1?1;flip),dual,(n,x),2,0,CPREV,none<=12,
3,+1,-1?1;flip,A=(+1) B=(-1?1;flip),dual,(n,x),2,1,FLIP,none<=12,
3,+1,-1?1;flip,A=(+1) B=(-1?1;flip),dual,(n,x),2,1,NEXT,AA,2
3,+1,-1?1;flip,A=(+1) B=(-1?1;flip),dual,(n,x),2,1,PREV,none<=12,
3,+1,-1?1;flip,A=(+1) B=(-1?1;flip),dual,(n,x),2,1,CFLIP,none<=12,
3,+1,-1?1;flip,A=(+1) B=(-1?1;flip),dual,(n,x),2,1,CNEXT,none<=12,
3,+1,-1?1;flip,A=(+1) B=(-1?1;flip),dual,(n,x),2,1,CPREV,none<=12,
3,+1,-1?1;flip,A=(+1) B=(-1?1;flip),scratch,(x,1),2,0,FLIP,AB,2
3,+1,-1?1;flip,A=(+1) B=(-1?1;flip),scratch,(x,1),2,0,NEXT,AA,2
3,+1,-1?1;flip,A=(+1) B=(-1?1;flip),scratch,(x,1),2,0,PREV,none<=12,
3,+1,-1?1;flip,A=(+1) B=(-1?1;flip),scratch,(x,1),2,0,CFLIP,none<=12,
3,+1,-1?1;flip,A=(+1) B=(-1?1;flip),scratch,(x,1),2,0,CNEXT,none<=12,
3,+1,-1?1;flip,A=(+1) B=(-1?1;flip),scratch,(x,1),2,0,CPREV,BABBAB,6
3,+1,-1?1;flip,A=(+1) B=(-1?1;flip),scratch,(x,1),2,1,FLIP,BA,2
3,+1,-1?1;flip,A=(+1) B=(-1?1;flip),scratch,(x,1),2,1,NEXT,AA,2
3,+1,-1?1;flip,A=(+1) B=(-1?1;flip),scratch,(x,1),2,1,PREV,none<=12,
3,+1,-1?1;flip,A=(+1) B=(-1?1;flip),scratch,(x,1),2,1,CFLIP,none<=12,
3,+1,-1?1;flip,A=(+1) B=(-1?1;flip),scratch,(x,1),2,1,CNEXT,none<=12,
3,+1,-1?1;flip,A=(+1) B=(-1?1;flip),scratch,(x,1),2,1,CPREV,BABBABBABA,10
3,+1,-1?1;flip,A=(+1) B=(-1?1;flip),scratch,(1,x),2,0,FLIP,none<=12,
3,+1,-1?1;flip,A=(+1) B=(-1?1;flip),scratch,(1,x),2,0,NEXT,AA,2
3,+1,-1?1;flip,A=(+1) B=(-1?1;flip),scratch,(1,x),2,0,PREV,none<=12,
3,+1,-1?1;flip,A=(+1) B=(-1?1;flip),scratch,(1,x),2,0,CFLIP,none<=12,
3,+1,-1?1;flip,A=(+1) B=(-1?1;flip),scratch,(1,x),2,0,CNEXT,none<=12,
3,+1,-1?1;flip,A=(+1) B=(-1?1;flip),scratch,(1,x),2,0,CPREV,none<=12,
3,+1,-1?1;flip,A=(+1) B=(-1?1;flip),scratch,(1,x),2,1,FLIP,AB,2
3,+1,-1?1;flip,A=(+1) B=(-1?1;flip),scratch,(1,x),2,1,NEXT,AA,2
3,+1,-1?1;flip,A=(+1) B=(-1?1;flip),scratch,(1,x),2,1,PREV,none<=12,
3,+1,-1?1;flip,A=(+1) B=(-1?1;flip),scratch,(1,x),2,1,CFLIP,none<=12,
3,+1,-1?1;flip,A=(+1) B=(-1?1;flip),scratch,(1,x),2,1,CNEXT,none<=12,
3,+1,-1?1;flip,A=(+1) B=(-1?1;flip),scratch,(1,x),2,1,CPREV,BABBAB,6
3,+1,-1?1;flip,A=(+1) B=(-1?1;flip),scratch,(x,0),2,0,FLIP,none<=12,
3,+1,-1?1;flip,A=(+1) B=(-1?1;flip),scratch,(x,0),2,0,NEXT,AA,2
3,+1,-1?1;flip,A=(+1) B=(-1?1;flip),scratch,(x,0),2,0,PREV,none<=12,
3,+1,-1?1;flip,A=(+1) B=(-1?1;flip),scratch,(x,0),2,0,CFLIP,none<=12,
3,+1,-1?1;flip,A=(+1) B=(-1?1;flip),scratch,(x,0),2,0,CNEXT,none<=12,
3,+1,-1?1;flip,A=(+1) B=(-1?1;flip),scratch,(x,0),2,0,CPREV,none<=12,
3,+1,-1?1;flip,A=(+1) B=(-1?1;flip),scratch,(x,0),2,1,FLIP,none<=12,
3,+1,-1?1;flip,A=(+1) B=(-1?1;flip),scratch,(x,0),2,1,NEXT,AA,2
3,+1,-1?1;flip,A=(+1) B=(-1?1;flip),scratch,(x,0),2,1,PREV,none<=12,
3,+1,-1?1;flip,A=(+1) B=(-1?1;flip),scratch,(x,0),2,1,CFLIP,none<=12,
3,+1,-1?1;flip,A=(+1) B=(-1?1;flip),scratch,(x,0),2,1,CNEXT,none<=12,
3,+1,-1?1;flip,A=(+1) B=(-1?1;flip),scratch,(x,0),2,1,CPREV,none<=12,
3,+1,-1?1;flip,A=(+1) B=(-1?1;flip),scratch,(0,x),2,0,FLIP,none<=12,
3,+1,-1?1;flip,A=(+1) B=(-1?1;flip),scratch,(0,x),2,0,NEXT,AA,2
3,+1,-1?1;flip,A=(+1) B=(-1?1;flip),scratch,(0,x),2,0,PREV,none<=12,
3,+1,-1?1;flip,A=(+1) B=(-1?1;flip),scratch,(0,x),2,0,CFLIP,none<=12,
3,+1,-1?1;flip,A=(+1) B=(-1?1;flip),scratch,(0,x),2,0,CNEXT,none<=12,
3,+1,-1?1;flip,A=(+1) B=(-1?1;flip),scratch,(0,x),2,0,CPREV,none<=12,
3,+1,-1?1;flip,A=(+1) B=(-1?1;flip),scratch,(0,x),2,1,FLIP,none<=12,
3,+1,-1?1;flip,A=(+1) B=(-1?1;flip),scratch,(0,x),2,1,NEXT,AA,2
3,+1,-1?1;flip,A=(+1) B=(-1?1;flip),scratch,(0,x),2,1,PREV,none<=12,
3,+1,-1?1;flip,A=(+1) B=(-1?1;flip),scratch,(0,x),2,1,CFLIP,none<=12,
3,+1,-1?1;flip,A=(+1) B=(-1?1;flip),scratch,(0,x),2,1,CNEXT,none<=12,
3,+1,-1?1;flip,A=(+1) B=(-1?1;flip),scratch,(0,x),2,1,CPREV,none<=12,
3,+1,-1?1;flip,A=(+1) B=(-1?1;flip),period3,(x,0,1),3,0,FLIP,none<=12,
3,+1,-1?1;flip,A=(+1) B=(-1?1;flip),period3,(x,0,1),3,0,NEXT,AAA,3
3,+1,-1?1;flip,A=(+1) B=(-1?1;flip),period3,(x,0,1),3,0,PREV,none<=12,
3,+1,-1?1;flip,A=(+1) B=(-1?1;flip),period3,(x,0,1),3,0,CFLIP,none<=12,
3,+1,-1?1;flip,A=(+1) B=(-1?1;flip),period3,(x,0,1),3,0,CNEXT,none<=12,
3,+1,-1?1;flip,A=(+1) B=(-1?1;flip),period3,(x,0,1),3,0,CPREV,none<=12,
3,+1,-1?1;flip,A=(+1) B=(-1?1;flip),period3,(x,0,1),3,1,FLIP,BBAAB,5
3,+1,-1?1;flip,A=(+1) B=(-1?1;flip),period3,(x,0,1),3,1,NEXT,AAA,3
3,+1,-1?1;flip,A=(+1) B=(-1?1;flip),period3,(x,0,1),3,1,PREV,none<=12,
3,+1,-1?1;flip,A=(+1) B=(-1?1;flip),period3,(x,0,1),3,1,CFLIP,none<=12,
3,+1,-1?1;flip,A=(+1) B=(-1?1;flip),period3,(x,0,1),3,1,CNEXT,none<=12,
3,+1,-1?1;flip,A=(+1) B=(-1?1;flip),period3,(x,0,1),3,1,CPREV,none<=12,
3,+1,-1?1;flip,A=(+1) B=(-1?1;flip),period3,(x,0,1),3,2,FLIP,BBAABA,6
3,+1,-1?1;flip,A=(+1) B=(-1?1;flip),period3,(x,0,1),3,2,NEXT,AAA,3
3,+1,-1?1;flip,A=(+1) B=(-1?1;flip),period3,(x,0,1),3,2,PREV,none<=12,
3,+1,-1?1;flip,A=(+1) B=(-1?1;flip),period3,(x,0,1),3,2,CFLIP,none<=12,
3,+1,-1?1;flip,A=(+1) B=(-1?1;flip),period3,(x,0,1),3,2,CNEXT,none<=12,
3,+1,-1?1;flip,A=(+1) B=(-1?1;flip),period3,(x,0,1),3,2,CPREV,none<=12,
3,+1,-1?1;flip,A=(+1) B=(-1?1;flip),period3,(0,1,x),3,0,FLIP,none<=12,
3,+1,-1?1;flip,A=(+1) B=(-1?1;flip),period3,(0,1,x),3,0,NEXT,AAA,3
3,+1,-1?1;flip,A=(+1) B=(-1?1;flip),period3,(0,1,x),3,0,PREV,none<=12,
3,+1,-1?1;flip,A=(+1) B=(-1?1;flip),period3,(0,1,x),3,0,CFLIP,none<=12,
3,+1,-1?1;flip,A=(+1) B=(-1?1;flip),period3,(0,1,x),3,0,CNEXT,none<=12,
3,+1,-1?1;flip,A=(+1) B=(-1?1;flip),period3,(0,1,x),3,0,CPREV,none<=12,
3,+1,-1?1;flip,A=(+1) B=(-1?1;flip),period3,(0,1,x),3,1,FLIP,none<=12,
3,+1,-1?1;flip,A=(+1) B=(-1?1;flip),period3,(0,1,x),3,1,NEXT,AAA,3
3,+1,-1?1;flip,A=(+1) B=(-1?1;flip),period3,(0,1,x),3,1,PREV,none<=12,
3,+1,-1?1;flip,A=(+1) B=(-1?1;flip),period3,(0,1,x),3,1,CFLIP,none<=12,
3,+1,-1?1;flip,A=(+1) B=(-1?1;flip),period3,(0,1,x),3,1,CNEXT,none<=12,
3,+1,-1?1;flip,A=(+1) B=(-1?1;flip),period3,(0,1,x),3,1,CPREV,none<=12,
3,+1,-1?1;flip,A=(+1) B=(-1?1;flip),period3,(0,1,x),3,2,FLIP,none<=12,
3,+1,-1?1;flip,A=(+1) B=(-1?1;flip),period3,(0,1,x),3,2,NEXT,AAA,3
3,+1,-1?1;flip,A=(+1) B=(-1?1;flip),period3,(0,1,x),3,2,PREV,none<=12,
3,+1,-1?1;flip,A=(+1) B=(-1?1;flip),period3,(0,1,x),3,2,CFLIP,none<=12,
3,+1,-1?1;flip,A=(+1) B=(-1?1;flip),period3,(0,1,x),3,2,CNEXT,none<=12,
3,+1,-1?1;flip,A=(+1) B=(-1?1;flip),period3,(0,1,x),3,2,CPREV,none<=12,
3,+1,-1?1;flip,A=(+1) B=(-1?1;flip),period3,(1,x,0),3,0,FLIP,none<=12,
3,+1,-1?1;flip,A=(+1) B=(-1?1;flip),period3,(1,x,0),3,0,NEXT,AAA,3
3,+1,-1?1;flip,A=(+1) B=(-1?1;flip),period3,(1,x,0),3,0,PREV,none<=12,
3,+1,-1?1;flip,A=(+1) B=(-1?1;flip),period3,(1,x,0),3,0,CFLIP,none<=12,
3,+1,-1?1;flip,A=(+1) B=(-1?1;flip),period3,(1,x,0),3,0,CNEXT,none<=12,
3,+1,-1?1;flip,A=(+1) B=(-1?1;flip),period3,(1,x,0),3,0,CPREV,none<=12,
3,+1,-1?1;flip,A=(+1) B=(-1?1;flip),period3,(1,x,0),3,1,FLIP,none<=12,
3,+1,-1?1;flip,A=(+1) B=(-1?1;flip),period3,(1,x,0),3,1,NEXT,AAA,3
3,+1,-1?1;flip,A=(+1) B=(-1?1;flip),period3,(1,x,0),3,1,PREV,none<=12,
3,+1,-1?1;flip,A=(+1) B=(-1?1;flip),period3,(1,x,0),3,1,CFLIP,none<=12,
3,+1,-1?1;flip,A=(+1) B=(-1?1;flip),period3,(1,x,0),3,1,CNEXT,none<=12,
3,+1,-1?1;flip,A=(+1) B=(-1?1;flip),period3,(1,x,0),3,1,CPREV,none<=12,
3,+1,-1?1;flip,A=(+1) B=(-1?1;flip),period3,(1,x,0),3,2,FLIP,BBAAB,5
3,+1,-1?1;flip,A=(+1) B=(-1?1;flip),period3,(1,x,0),3,2,NEXT,AAA,3
3,+1,-1?1;flip,A=(+1) B=(-1?1;flip),period3,(1,x,0),3,2,PREV,none<=12,
3,+1,-1?1;flip,A=(+1) B=(-1?1;flip),period3,(1,x,0),3,2,CFLIP,none<=12,
3,+1,-1?1;flip,A=(+1) B=(-1?1;flip),period3,(1,x,0),3,2,CNEXT,none<=12,
3,+1,-1?1;flip,A=(+1) B=(-1?1;flip),period3,(1,x,0),3,2,CPREV,none<=12,
3,+1,-1?1;flip,A=(+1) B=(-1?1;flip),period3,(x,1,0),3,0,FLIP,AB,2
3,+1,-1?1;flip,A=(+1) B=(-1?1;flip),period3,(x,1,0),3,0,NEXT,AAA,3
3,+1,-1?1;flip,A=(+1) B=(-1?1;flip),period3,(x,1,0),3,0,PREV,none<=12,
3,+1,-1?1;flip,A=(+1) B=(-1?1;flip),period3,(x,1,0),3,0,CFLIP,none<=12,
3,+1,-1?1;flip,A=(+1) B=(-1?1;flip),period3,(x,1,0),3,0,CNEXT,none<=12,
3,+1,-1?1;flip,A=(+1) B=(-1?1;flip),period3,(x,1,0),3,0,CPREV,none<=12,
3,+1,-1?1;flip,A=(+1) B=(-1?1;flip),period3,(x,1,0),3,1,FLIP,BA,2
3,+1,-1?1;flip,A=(+1) B=(-1?1;flip),period3,(x,1,0),3,1,NEXT,AAA,3
3,+1,-1?1;flip,A=(+1) B=(-1?1;flip),period3,(x,1,0),3,1,PREV,none<=12,
3,+1,-1?1;flip,A=(+1) B=(-1?1;flip),period3,(x,1,0),3,1,CFLIP,none<=12,
3,+1,-1?1;flip,A=(+1) B=(-1?1;flip),period3,(x,1,0),3,1,CNEXT,none<=12,
3,+1,-1?1;flip,A=(+1) B=(-1?1;flip),period3,(x,1,0),3,1,CPREV,none<=12,
3,+1,-1?1;flip,A=(+1) B=(-1?1;flip),period3,(x,1,0),3,2,FLIP,none<=12,
3,+1,-1?1;flip,A=(+1) B=(-1?1;flip),period3,(x,1,0),3,2,NEXT,AAA,3
3,+1,-1?1;flip,A=(+1) B=(-1?1;flip),period3,(x,1,0),3,2,PREV,none<=12,
3,+1,-1?1;flip,A=(+1) B=(-1?1;flip),period3,(x,1,0),3,2,CFLIP,none<=12,
3,+1,-1?1;flip,A=(+1) B=(-1?1;flip),period3,(x,1,0),3,2,CNEXT,none<=12,
3,+1,-1?1;flip,A=(+1) B=(-1?1;flip),period3,(x,1,0),3,2,CPREV,none<=12,
3,+1,-1?1;flip,A=(+1) B=(-1?1;flip),period3,(1,0,x),3,0,FLIP,none<=12,
3,+1,-1?1;flip,A=(+1) B=(-1?1;flip),period3,(1,0,x),3,0,NEXT,AAA,3
3,+1,-1?1;flip,A=(+1) B=(-1?1;flip),period3,(1,0,x),3,0,PREV,none<=12,
3,+1,-1?1;flip,A=(+1) B=(-1?1;flip),period3,(1,0,x),3,0,CFLIP,none<=12,
3,+1,-1?1;flip,A=(+1) B=(-1?1;flip),period3,(1,0,x),3,0,CNEXT,none<=12,
3,+1,-1?1;flip,A=(+1) B=(-1?1;flip),period3,(1,0,x),3,0,CPREV,none<=12,
3,+1,-1?1;flip,A=(+1) B=(-1?1;flip),period3,(1,0,x),3,1,FLIP,none<=12,
3,+1,-1?1;flip,A=(+1) B=(-1?1;flip),period3,(1,0,x),3,1,NEXT,AAA,3
3,+1,-1?1;flip,A=(+1) B=(-1?1;flip),period3,(1,0,x),3,1,PREV,none<=12,
3,+1,-1?1;flip,A=(+1) B=(-1?1;flip),period3,(1,0,x),3,1,CFLIP,none<=12,
3,+1,-1?1;flip,A=(+1) B=(-1?1;flip),period3,(1,0,x),3,1,CNEXT,none<=12,
3,+1,-1?1;flip,A=(+1) B=(-1?1;flip),period3,(1,0,x),3,1,CPREV,none<=12,
3,+1,-1?1;flip,A=(+1) B=(-1?1;flip),period3,(1,0,x),3,2,FLIP,AB,2
3,+1,-1?1;flip,A=(+1) B=(-1?1;flip),period3,(1,0,x),3,2,NEXT,AAA,3
3,+1,-1?1;flip,A=(+1) B=(-1?1;flip),period3,(1,0,x),3,2,PREV,none<=12,
3,+1,-1?1;flip,A=(+1) B=(-1?1;flip),period3,(1,0,x),3,2,CFLIP,none<=12,
3,+1,-1?1;flip,A=(+1) B=(-1?1;flip),period3,(1,0,x),3,2,CNEXT,none<=12,
3,+1,-1?1;flip,A=(+1) B=(-1?1;flip),period3,(1,0,x),3,2,CPREV,none<=12,
3,+1,-1?1;flip,A=(+1) B=(-1?1;flip),period3,(0,x,1),3,0,FLIP,none<=12,
3,+1,-1?1;flip,A=(+1) B=(-1?1;flip),period3,(0,x,1),3,0,NEXT,AAA,3
3,+1,-1?1;flip,A=(+1) B=(-1?1;flip),period3,(0,x,1),3,0,PREV,none<=12,
3,+1,-1?1;flip,A=(+1) B=(-1?1;flip),period3,(0,x,1),3,0,CFLIP,none<=12,
3,+1,-1?1;flip,A=(+1) B=(-1?1;flip),period3,(0,x,1),3,0,CNEXT,none<=12,
3,+1,-1?1;flip,A=(+1) B=(-1?1;flip),period3,(0,x,1),3,0,CPREV,none<=12,
3,+1,-1?1;flip,A=(+1) B=(-1?1;flip),period3,(0,x,1),3,1,FLIP,AB,2
3,+1,-1?1;flip,A=(+1) B=(-1?1;flip),period3,(0,x,1),3,1,NEXT,AAA,3
3,+1,-1?1;flip,A=(+1) B=(-1?1;flip),period3,(0,x,1),3,1,PREV,none<=12,
3,+1,-1?1;flip,A=(+1) B=(-1?1;flip),period3,(0,x,1),3,1,CFLIP,none<=12,
3,+1,-1?1;flip,A=(+1) B=(-1?1;flip),period3,(0,x,1),3,1,CNEXT,none<=12,
3,+1,-1?1;flip,A=(+1) B=(-1?1;flip),period3,(0,x,1),3,1,CPREV,none<=12,
3,+1,-1?1;flip,A=(+1) B=(-1?1;flip),period3,(0,x,1),3,2,FLIP,BA,2
3,+1,-1?1;flip,A=(+1) B=(-1?1;flip),period3,(0,x,1),3,2,NEXT,AAA,3
3,+1,-1?1;flip,A=(+1) B=(-1?1;flip),period3,(0,x,1),3,2,PREV,none<=12,
3,+1,-1?1;flip,A=(+1) B=(-1?1;flip),period3,(0,x,1),3,2,CFLIP,none<=12,
3,+1,-1?1;flip,A=(+1) B=(-1?1;flip),period3,(0,x,1),3,2,CNEXT,none<=12,
3,+1,-1?1;flip,A=(+1) B=(-1?1;flip),period3,(0,x,1),3,2,CPREV,none<=12,
3,+1,-1?1;flip,A=(+1) B=(-1?1;flip),period3,(x,0,0),3,0,FLIP,none<=12,
3,+1,-1?1;flip,A=(+1) B=(-1?1;flip),period3,(x,0,0),3,0,NEXT,AAA,3
3,+1,-1?1;flip,A=(+1) B=(-1?1;flip),period3,(x,0,0),3,0,PREV,none<=12,
3,+1,-1?1;flip,A=(+1) B=(-1?1;flip),period3,(x,0,0),3,0,CFLIP,none<=12,
3,+1,-1?1;flip,A=(+1) B=(-1?1;flip),period3,(x,0,0),3,0,CNEXT,none<=12,
3,+1,-1?1;flip,A=(+1) B=(-1?1;flip),period3,(x,0,0),3,0,CPREV,none<=12,
3,+1,-1?1;flip,A=(+1) B=(-1?1;flip),period3,(x,0,0),3,1,FLIP,none<=12,
3,+1,-1?1;flip,A=(+1) B=(-1?1;flip),period3,(x,0,0),3,1,NEXT,AAA,3
3,+1,-1?1;flip,A=(+1) B=(-1?1;flip),period3,(x,0,0),3,1,PREV,none<=12,
3,+1,-1?1;flip,A=(+1) B=(-1?1;flip),period3,(x,0,0),3,1,CFLIP,none<=12,
3,+1,-1?1;flip,A=(+1) B=(-1?1;flip),period3,(x,0,0),3,1,CNEXT,none<=12,
3,+1,-1?1;flip,A=(+1) B=(-1?1;flip),period3,(x,0,0),3,1,CPREV,none<=12,
3,+1,-1?1;flip,A=(+1) B=(-1?1;flip),period3,(x,0,0),3,2,FLIP,none<=12,
3,+1,-1?1;flip,A=(+1) B=(-1?1;flip),period3,(x,0,0),3,2,NEXT,AAA,3
3,+1,-1?1;flip,A=(+1) B=(-1?1;flip),period3,(x,0,0),3,2,PREV,none<=12,
3,+1,-1?1;flip,A=(+1) B=(-1?1;flip),period3,(x,0,0),3,2,CFLIP,none<=12,
3,+1,-1?1;flip,A=(+1) B=(-1?1;flip),period3,(x,0,0),3,2,CNEXT,none<=12,
3,+1,-1?1;flip,A=(+1) B=(-1?1;flip),period3,(x,0,0),3,2,CPREV,none<=12,
3,+1,-1?1;flip,A=(+1) B=(-1?1;flip),period3,(0,0,x),3,0,FLIP,none<=12,
3,+1,-1?1;flip,A=(+1) B=(-1?1;flip),period3,(0,0,x),3,0,NEXT,AAA,3
3,+1,-1?1;flip,A=(+1) B=(-1?1;flip),period3,(0,0,x),3,0,PREV,none<=12,
3,+1,-1?1;flip,A=(+1) B=(-1?1;flip),period3,(0,0,x),3,0,CFLIP,none<=12,
3,+1,-1?1;flip,A=(+1) B=(-1?1;flip),period3,(0,0,x),3,0,CNEXT,none<=12,
3,+1,-1?1;flip,A=(+1) B=(-1?1;flip),period3,(0,0,x),3,0,CPREV,none<=12,
3,+1,-1?1;flip,A=(+1) B=(-1?1;flip),period3,(0,0,x),3,1,FLIP,none<=12,
3,+1,-1?1;flip,A=(+1) B=(-1?1;flip),period3,(0,0,x),3,1,NEXT,AAA,3
3,+1,-1?1;flip,A=(+1) B=(-1?1;flip),period3,(0,0,x),3,1,PREV,none<=12,
3,+1,-1?1;flip,A=(+1) B=(-1?1;flip),period3,(0,0,x),3,1,CFLIP,none<=12,
3,+1,-1?1;flip,A=(+1) B=(-1?1;flip),period3,(0,0,x),3,1,CNEXT,none<=12,
3,+1,-1?1;flip,A=(+1) B=(-1?1;flip),period3,(0,0,x),3,1,CPREV,none<=12,
3,+1,-1?1;flip,A=(+1) B=(-1?1;flip),period3,(0,0,x),3,2,FLIP,none<=12,
3,+1,-1?1;flip,A=(+1) B=(-1?1;flip),period3,(0,0,x),3,2,NEXT,AAA,3
3,+1,-1?1;flip,A=(+1) B=(-1?1;flip),period3,(0,0,x),3,2,PREV,none<=12,
3,+1,-1?1;flip,A=(+1) B=(-1?1;flip),period3,(0,0,x),3,2,CFLIP,none<=12,
3,+1,-1?1;flip,A=(+1) B=(-1?1;flip),period3,(0,0,x),3,2,CNEXT,none<=12,
3,+1,-1?1;flip,A=(+1) B=(-1?1;flip),period3,(0,0,x),3,2,CPREV,none<=12,
3,+1,-1?1;flip,A=(+1) B=(-1?1;flip),period3,(0,x,0),3,0,FLIP,none<=12,
3,+1,-1?1;flip,A=(+1) B=(-1?1;flip),period3,(0,x,0),3,0,NEXT,AAA,3
3,+1,-1?1;flip,A=(+1) B=(-1?1;flip),period3,(0,x,0),3,0,PREV,none<=12,
3,+1,-1?1;flip,A=(+1) B=(-1?1;flip),period3,(0,x,0),3,0,CFLIP,none<=12,
3,+1,-1?1;flip,A=(+1) B=(-1?1;flip),period3,(0,x,0),3,0,CNEXT,none<=12,
3,+1,-1?1;flip,A=(+1) B=(-1?1;flip),period3,(0,x,0),3,0,CPREV,none<=12,
3,+1,-1?1;flip,A=(+1) B=(-1?1;flip),period3,(0,x,0),3,1,FLIP,none<=12,
3,+1,-1?1;flip,A=(+1) B=(-1?1;flip),period3,(0,x,0),3,1,NEXT,AAA,3
3,+1,-1?1;flip,A=(+1) B=(-1?1;flip),period3,(0,x,0),3,1,PREV,none<=12,
3,+1,-1?1;flip,A=(+1) B=(-1?1;flip),period3,(0,x,0),3,1,CFLIP,none<=12,
3,+1,-1?1;flip,A=(+1) B=(-1?1;flip),period3,(0,x,0),3,1,CNEXT,none<=12,
3,+1,-1?1;flip,A=(+1) B=(-1?1;flip),period3,(0,x,0),3,1,CPREV,none<=12,
3,+1,-1?1;flip,A=(+1) B=(-1?1;flip),period3,(0,x,0),3,2,FLIP,none<=12,
3,+1,-1?1;flip,A=(+1) B=(-1?1;flip),period3,(0,x,0),3,2,NEXT,AAA,3
3,+1,-1?1;flip,A=(+1) B=(-1?1;flip),period3,(0,x,0),3,2,PREV,none<=12,
3,+1,-1?1;flip,A=(+1) B=(-1?1;flip),period3,(0,x,0),3,2,CFLIP,none<=12,
3,+1,-1?1;flip,A=(+1) B=(-1?1;flip),period3,(0,x,0),3,2,CNEXT,none<=12,
3,+1,-1?1;flip,A=(+1) B=(-1?1;flip),period3,(0,x,0),3,2,CPREV,none<=12,
3,+1,-1?1;flip,A=(+1) B=(-1?1;flip),period3,(x,1,1),3,0,FLIP,AB,2
3,+1,-1?1;flip,A=(+1) B=(-1?1;flip),period3,(x,1,1),3,0,NEXT,AAA,3
3,+1,-1?1;flip,A=(+1) B=(-1?1;flip),period3,(x,1,1),3,0,PREV,none<=12,
3,+1,-1?1;flip,A=(+1) B=(-1?1;flip),period3,(x,1,1),3,0,CFLIP,none<=12,
3,+1,-1?1;flip,A=(+1) B=(-1?1;flip),period3,(x,1,1),3,0,CNEXT,none<=12,
3,+1,-1?1;flip,A=(+1) B=(-1?1;flip),period3,(x,1,1),3,0,CPREV,BABBABBAB,9
3,+1,-1?1;flip,A=(+1) B=(-1?1;flip),period3,(x,1,1),3,1,FLIP,BA,2
3,+1,-1?1;flip,A=(+1) B=(-1?1;flip),period3,(x,1,1),3,1,NEXT,AAA,3
3,+1,-1?1;flip,A=(+1) B=(-1?1;flip),period3,(x,1,1),3,1,PREV,none<=12,
3,+1,-1?1;flip,A=(+1) B=(-1?1;flip),period3,(x,1,1),3,1,CFLIP,none<=12,
3,+1,-1?1;flip,A=(+1) B=(-1?1;flip),period3,(x,1,1),3,1,CNEXT,none<=12,
3,+1,-1?1;flip,A=(+1) B=(-1?1;flip),period3,(x,1,1),3,1,CPREV,none<=12,
3,+1,-1?1;flip,A=(+1) B=(-1?1;flip),period3,(x,1,1),3,2,FLIP,BBBAA,5
3,+1,-1?1;flip,A=(+1) B=(-1?1;flip),period3,(x,1,1),3,2,NEXT,AAA,3
3,+1,-1?1;flip,A=(+1) B=(-1?1;flip),period3,(x,1,1),3,2,PREV,none<=12,
3,+1,-1?1;flip,A=(+1) B=(-1?1;flip),period3,(x,1,1),3,2,CFLIP,none<=12,
3,+1,-1?1;flip,A=(+1) B=(-1?1;flip),period3,(x,1,1),3,2,CNEXT,none<=12,
3,+1,-1?1;flip,A=(+1) B=(-1?1;flip),period3,(x,1,1),3,2,CPREV,none<=12,
3,+1,-1?1;flip,A=(+1) B=(-1?1;flip),period3,(1,1,x),3,0,FLIP,none<=12,
3,+1,-1?1;flip,A=(+1) B=(-1?1;flip),period3,(1,1,x),3,0,NEXT,AAA,3
3,+1,-1?1;flip,A=(+1) B=(-1?1;flip),period3,(1,1,x),3,0,PREV,none<=12,
3,+1,-1?1;flip,A=(+1) B=(-1?1;flip),period3,(1,1,x),3,0,CFLIP,none<=12,
3,+1,-1?1;flip,A=(+1) B=(-1?1;flip),period3,(1,1,x),3,0,CNEXT,none<=12,
3,+1,-1?1;flip,A=(+1) B=(-1?1;flip),period3,(1,1,x),3,0,CPREV,none<=12,
3,+1,-1?1;flip,A=(+1) B=(-1?1;flip),period3,(1,1,x),3,1,FLIP,none<=12,
3,+1,-1?1;flip,A=(+1) B=(-1?1;flip),period3,(1,1,x),3,1,NEXT,AAA,3
3,+1,-1?1;flip,A=(+1) B=(-1?1;flip),period3,(1,1,x),3,1,PREV,none<=12,
3,+1,-1?1;flip,A=(+1) B=(-1?1;flip),period3,(1,1,x),3,1,CFLIP,none<=12,
3,+1,-1?1;flip,A=(+1) B=(-1?1;flip),period3,(1,1,x),3,1,CNEXT,none<=12,
3,+1,-1?1;flip,A=(+1) B=(-1?1;flip),period3,(1,1,x),3,1,CPREV,none<=12,
3,+1,-1?1;flip,A=(+1) B=(-1?1;flip),period3,(1,1,x),3,2,FLIP,AB,2
3,+1,-1?1;flip,A=(+1) B=(-1?1;flip),period3,(1,1,x),3,2,NEXT,AAA,3
3,+1,-1?1;flip,A=(+1) B=(-1?1;flip),period3,(1,1,x),3,2,PREV,none<=12,
3,+1,-1?1;flip,A=(+1) B=(-1?1;flip),period3,(1,1,x),3,2,CFLIP,none<=12,
3,+1,-1?1;flip,A=(+1) B=(-1?1;flip),period3,(1,1,x),3,2,CNEXT,none<=12,
3,+1,-1?1;flip,A=(+1) B=(-1?1;flip),period3,(1,1,x),3,2,CPREV,BABBABBAB,9
3,+1,-1?1;flip,A=(+1) B=(-1?1;flip),period3,(1,x,1),3,0,FLIP,none<=12,
3,+1,-1?1;flip,A=(+1) B=(-1?1;flip),period3,(1,x,1),3,0,NEXT,AAA,3
3,+1,-1?1;flip,A=(+1) B=(-1?1;flip),period3,(1,x,1),3,0,PREV,none<=12,
3,+1,-1?1;flip,A=(+1) B=(-1?1;flip),period3,(1,x,1),3,0,CFLIP,none<=12,
3,+1,-1?1;flip,A=(+1) B=(-1?1;flip),period3,(1,x,1),3,0,CNEXT,none<=12,
3,+1,-1?1;flip,A=(+1) B=(-1?1;flip),period3,(1,x,1),3,0,CPREV,none<=12,
3,+1,-1?1;flip,A=(+1) B=(-1?1;flip),period3,(1,x,1),3,1,FLIP,AB,2
3,+1,-1?1;flip,A=(+1) B=(-1?1;flip),period3,(1,x,1),3,1,NEXT,AAA,3
3,+1,-1?1;flip,A=(+1) B=(-1?1;flip),period3,(1,x,1),3,1,PREV,none<=12,
3,+1,-1?1;flip,A=(+1) B=(-1?1;flip),period3,(1,x,1),3,1,CFLIP,none<=12,
3,+1,-1?1;flip,A=(+1) B=(-1?1;flip),period3,(1,x,1),3,1,CNEXT,none<=12,
3,+1,-1?1;flip,A=(+1) B=(-1?1;flip),period3,(1,x,1),3,1,CPREV,BABBABBAB,9
3,+1,-1?1;flip,A=(+1) B=(-1?1;flip),period3,(1,x,1),3,2,FLIP,BA,2
3,+1,-1?1;flip,A=(+1) B=(-1?1;flip),period3,(1,x,1),3,2,NEXT,AAA,3
3,+1,-1?1;flip,A=(+1) B=(-1?1;flip),period3,(1,x,1),3,2,PREV,none<=12,
3,+1,-1?1;flip,A=(+1) B=(-1?1;flip),period3,(1,x,1),3,2,CFLIP,none<=12,
3,+1,-1?1;flip,A=(+1) B=(-1?1;flip),period3,(1,x,1),3,2,CNEXT,none<=12,
3,+1,-1?1;flip,A=(+1) B=(-1?1;flip),period3,(1,x,1),3,2,CPREV,none<=12,
4,flip;+1,-1?0,A=(flip;+1) B=(-1?0),none,(x),1,0,FLIP,none<=12,
4,flip;+1,-1?0,A=(flip;+1) B=(-1?0),none,(x),1,0,NEXT,none<=12,
4,flip;+1,-1?0,A=(flip;+1) B=(-1?0),none,(x),1,0,PREV,none<=12,
4,flip;+1,-1?0,A=(flip;+1) B=(-1?0),none,(x),1,0,CFLIP,none<=12,
4,flip;+1,-1?0,A=(flip;+1) B=(-1?0),none,(x),1,0,CNEXT,none<=12,
4,flip;+1,-1?0,A=(flip;+1) B=(-1?0),none,(x),1,0,CPREV,none<=12,
4,flip;+1,-1?0,A=(flip;+1) B=(-1?0),dual,(x,n),2,0,FLIP,none<=12,
4,flip;+1,-1?0,A=(flip;+1) B=(-1?0),dual,(x,n),2,0,NEXT,none<=12,
4,flip;+1,-1?0,A=(flip;+1) B=(-1?0),dual,(x,n),2,0,PREV,none<=12,
4,flip;+1,-1?0,A=(flip;+1) B=(-1?0),dual,(x,n),2,0,CFLIP,none<=12,
4,flip;+1,-1?0,A=(flip;+1) B=(-1?0),dual,(x,n),2,0,CNEXT,none<=12,
4,flip;+1,-1?0,A=(flip;+1) B=(-1?0),dual,(x,n),2,0,CPREV,none<=12,
4,flip;+1,-1?0,A=(flip;+1) B=(-1?0),dual,(x,n),2,1,FLIP,none<=12,
4,flip;+1,-1?0,A=(flip;+1) B=(-1?0),dual,(x,n),2,1,NEXT,none<=12,
4,flip;+1,-1?0,A=(flip;+1) B=(-1?0),dual,(x,n),2,1,PREV,none<=12,
4,flip;+1,-1?0,A=(flip;+1) B=(-1?0),dual,(x,n),2,1,CFLIP,none<=12,
4,flip;+1,-1?0,A=(flip;+1) B=(-1?0),dual,(x,n),2,1,CNEXT,none<=12,
4,flip;+1,-1?0,A=(flip;+1) B=(-1?0),dual,(x,n),2,1,CPREV,none<=12,
4,flip;+1,-1?0,A=(flip;+1) B=(-1?0),dual,(n,x),2,0,FLIP,none<=12,
4,flip;+1,-1?0,A=(flip;+1) B=(-1?0),dual,(n,x),2,0,NEXT,none<=12,
4,flip;+1,-1?0,A=(flip;+1) B=(-1?0),dual,(n,x),2,0,PREV,none<=12,
4,flip;+1,-1?0,A=(flip;+1) B=(-1?0),dual,(n,x),2,0,CFLIP,none<=12,
4,flip;+1,-1?0,A=(flip;+1) B=(-1?0),dual,(n,x),2,0,CNEXT,none<=12,
4,flip;+1,-1?0,A=(flip;+1) B=(-1?0),dual,(n,x),2,0,CPREV,none<=12,
4,flip;+1,-1?0,A=(flip;+1) B=(-1?0),dual,(n,x),2,1,FLIP,none<=12,
4,flip;+1,-1?0,A=(flip;+1) B=(-1?0),dual,(n,x),2,1,NEXT,none<=12,
4,flip;+1,-1?0,A=(flip;+1) B=(-1?0),dual,(n,x),2,1,PREV,none<=12,
4,flip;+1,-1?0,A=(flip;+1) B=(-1?0),dual,(n,x),2,1,CFLIP,none<=12,
4,flip;+1,-1?0,A=(flip;+1) B=(-1?0),dual,(n,x),2,1,CNEXT,none<=12,
4,flip;+1,-1?0,A=(flip;+1) B=(-1?0),dual,(n,x),2,1,CPREV,none<=12,
4,flip;+1,-1?0,A=(flip;+1) B=(-1?0),scratch,(x,1),2,0,FLIP,none<=12,
4,flip;+1,-1?0,A=(flip;+1) B=(-1?0),scratch,(x,1),2,0,NEXT,none<=12,
4,flip;+1,-1?0,A=(flip;+1) B=(-1?0),scratch,(x,1),2,0,PREV,none<=12,
4,flip;+1,-1?0,A=(flip;+1) B=(-1?0),scratch,(x,1),2,0,CFLIP,none<=12,
4,flip;+1,-1?0,A=(flip;+1) B=(-1?0),scratch,(x,1),2,0,CNEXT,none<=12,
4,flip;+1,-1?0,A=(flip;+1) B=(-1?0),scratch,(x,1),2,0,CPREV,none<=12,
4,flip;+1,-1?0,A=(flip;+1) B=(-1?0),scratch,(x,1),2,1,FLIP,none<=12,
4,flip;+1,-1?0,A=(flip;+1) B=(-1?0),scratch,(x,1),2,1,NEXT,none<=12,
4,flip;+1,-1?0,A=(flip;+1) B=(-1?0),scratch,(x,1),2,1,PREV,none<=12,
4,flip;+1,-1?0,A=(flip;+1) B=(-1?0),scratch,(x,1),2,1,CFLIP,none<=12,
4,flip;+1,-1?0,A=(flip;+1) B=(-1?0),scratch,(x,1),2,1,CNEXT,none<=12,
4,flip;+1,-1?0,A=(flip;+1) B=(-1?0),scratch,(x,1),2,1,CPREV,none<=12,
4,flip;+1,-1?0,A=(flip;+1) B=(-1?0),scratch,(1,x),2,0,FLIP,none<=12,
4,flip;+1,-1?0,A=(flip;+1) B=(-1?0),scratch,(1,x),2,0,NEXT,none<=12,
4,flip;+1,-1?0,A=(flip;+1) B=(-1?0),scratch,(1,x),2,0,PREV,none<=12,
4,flip;+1,-1?0,A=(flip;+1) B=(-1?0),scratch,(1,x),2,0,CFLIP,none<=12,
4,flip;+1,-1?0,A=(flip;+1) B=(-1?0),scratch,(1,x),2,0,CNEXT,none<=12,
4,flip;+1,-1?0,A=(flip;+1) B=(-1?0),scratch,(1,x),2,0,CPREV,none<=12,
4,flip;+1,-1?0,A=(flip;+1) B=(-1?0),scratch,(1,x),2,1,FLIP,none<=12,
4,flip;+1,-1?0,A=(flip;+1) B=(-1?0),scratch,(1,x),2,1,NEXT,none<=12,
4,flip;+1,-1?0,A=(flip;+1) B=(-1?0),scratch,(1,x),2,1,PREV,none<=12,
4,flip;+1,-1?0,A=(flip;+1) B=(-1?0),scratch,(1,x),2,1,CFLIP,none<=12,
4,flip;+1,-1?0,A=(flip;+1) B=(-1?0),scratch,(1,x),2,1,CNEXT,none<=12,
4,flip;+1,-1?0,A=(flip;+1) B=(-1?0),scratch,(1,x),2,1,CPREV,none<=12,
4,flip;+1,-1?0,A=(flip;+1) B=(-1?0),scratch,(x,0),2,0,FLIP,AB,2
4,flip;+1,-1?0,A=(flip;+1) B=(-1?0),scratch,(x,0),2,0,NEXT,none<=12,
4,flip;+1,-1?0,A=(flip;+1) B=(-1?0),scratch,(x,0),2,0,PREV,none<=12,
4,flip;+1,-1?0,A=(flip;+1) B=(-1?0),scratch,(x,0),2,0,CFLIP,none<=12,
4,flip;+1,-1?0,A=(flip;+1) B=(-1?0),scratch,(x,0),2,0,CNEXT,none<=12,
4,flip;+1,-1?0,A=(flip;+1) B=(-1?0),scratch,(x,0),2,0,CPREV,none<=12,
4,flip;+1,-1?0,A=(flip;+1) B=(-1?0),scratch,(x,0),2,1,FLIP,BA,2
4,flip;+1,-1?0,A=(flip;+1) B=(-1?0),scratch,(x,0),2,1,NEXT,none<=12,
4,flip;+1,-1?0,A=(flip;+1) B=(-1?0),scratch,(x,0),2,1,PREV,none<=12,
4,flip;+1,-1?0,A=(flip;+1) B=(-1?0),scratch,(x,0),2,1,CFLIP,none<=12,
4,flip;+1,-1?0,A=(flip;+1) B=(-1?0),scratch,(x,0),2,1,CNEXT,none<=12,
4,flip;+1,-1?0,A=(flip;+1) B=(-1?0),scratch,(x,0),2,1,CPREV,none<=12,
4,flip;+1,-1?0,A=(flip;+1) B=(-1?0),scratch,(0,x),2,0,FLIP,none<=12,
4,flip;+1,-1?0,A=(flip;+1) B=(-1?0),scratch,(0,x),2,0,NEXT,none<=12,
4,flip;+1,-1?0,A=(flip;+1) B=(-1?0),scratch,(0,x),2,0,PREV,none<=12,
4,flip;+1,-1?0,A=(flip;+1) B=(-1?0),scratch,(0,x),2,0,CFLIP,none<=12,
4,flip;+1,-1?0,A=(flip;+1) B=(-1?0),scratch,(0,x),2,0,CNEXT,none<=12,
4,flip;+1,-1?0,A=(flip;+1) B=(-1?0),scratch,(0,x),2,0,CPREV,none<=12,
4,flip;+1,-1?0,A=(flip;+1) B=(-1?0),scratch,(0,x),2,1,FLIP,AB,2
4,flip;+1,-1?0,A=(flip;+1) B=(-1?0),scratch,(0,x),2,1,NEXT,none<=12,
4,flip;+1,-1?0,A=(flip;+1) B=(-1?0),scratch,(0,x),2,1,PREV,none<=12,
4,flip;+1,-1?0,A=(flip;+1) B=(-1?0),scratch,(0,x),2,1,CFLIP,none<=12,
4,flip;+1,-1?0,A=(flip;+1) B=(-1?0),scratch,(0,x),2,1,CNEXT,none<=12,
4,flip;+1,-1?0,A=(flip;+1) B=(-1?0),scratch,(0,x),2,1,CPREV,none<=12,
4,flip;+1,-1?0,A=(flip;+1) B=(-1?0),period3,(x,0,1),3,0,FLIP,AB,2
4,flip;+1,-1?0,A=(flip;+1) B=(-1?0),period3,(x,0,1),3,0,NEXT,none<=12,
4,flip;+1,-1?0,A=(flip;+1) B=(-1?0),period3,(x,0,1),3,0,PREV,none<=12,
4,flip;+1,-1?0,A=(flip;+1) B=(-1?0),period3,(x,0,1),3,0,CFLIP,none<=12,
4,flip;+1,-1?0,A=(flip;+1) B=(-1?0),period3,(x,0,1),3,0,CNEXT,none<=12,
4,flip;+1,-1?0,A=(flip;+1) B=(-1?0),period3,(x,0,1),3,0,CPREV,none<=12,
4,flip;+1,-1?0,A=(flip;+1) B=(-1?0),period3,(x,0,1),3,1,FLIP,BA,2
4,flip;+1,-1?0,A=(flip;+1) B=(-1?0),period3,(x,0,1),3,1,NEXT,none<=12,
4,flip;+1,-1?0,A=(flip;+1) B=(-1?0),period3,(x,0,1),3,1,PREV,none<=12,
4,flip;+1,-1?0,A=(flip;+1) B=(-1?0),period3,(x,0,1),3,1,CFLIP,none<=12,
4,flip;+1,-1?0,A=(flip;+1) B=(-1?0),period3,(x,0,1),3,1,CNEXT,none<=12,
4,flip;+1,-1?0,A=(flip;+1) B=(-1?0),period3,(x,0,1),3,1,CPREV,none<=12,
4,flip;+1,-1?0,A=(flip;+1) B=(-1?0),period3,(x,0,1),3,2,FLIP,none<=12,
4,flip;+1,-1?0,A=(flip;+1) B=(-1?0),period3,(x,0,1),3,2,NEXT,none<=12,
4,flip;+1,-1?0,A=(flip;+1) B=(-1?0),period3,(x,0,1),3,2,PREV,none<=12,
4,flip;+1,-1?0,A=(flip;+1) B=(-1?0),period3,(x,0,1),3,2,CFLIP,none<=12,
4,flip;+1,-1?0,A=(flip;+1) B=(-1?0),period3,(x,0,1),3,2,CNEXT,none<=12,
4,flip;+1,-1?0,A=(flip;+1) B=(-1?0),period3,(x,0,1),3,2,CPREV,none<=12,
4,flip;+1,-1?0,A=(flip;+1) B=(-1?0),period3,(0,1,x),3,0,FLIP,none<=12,
4,flip;+1,-1?0,A=(flip;+1) B=(-1?0),period3,(0,1,x),3,0,NEXT,none<=12,
4,flip;+1,-1?0,A=(flip;+1) B=(-1?0),period3,(0,1,x),3,0,PREV,none<=12,
4,flip;+1,-1?0,A=(flip;+1) B=(-1?0),period3,(0,1,x),3,0,CFLIP,none<=12,
4,flip;+1,-1?0,A=(flip;+1) B=(-1?0),period3,(0,1,x),3,0,CNEXT,none<=12,
4,flip;+1,-1?0,A=(flip;+1) B=(-1?0),period3,(0,1,x),3,0,CPREV,none<=12,
4,flip;+1,-1?0,A=(flip;+1) B=(-1?0),period3,(0,1,x),3,1,FLIP,none<=12,
4,flip;+1,-1?0,A=(flip;+1) B=(-1?0),period3,(0,1,x),3,1,NEXT,none<=12,
4,flip;+1,-1?0,A=(flip;+1) B=(-1?0),period3,(0,1,x),3,1,PREV,none<=12,
4,flip;+1,-1?0,A=(flip;+1) B=(-1?0),period3,(0,1,x),3,1,CFLIP,none<=12,
4,flip;+1,-1?0,A=(flip;+1) B=(-1?0),period3,(0,1,x),3,1,CNEXT,none<=12,
4,flip;+1,-1?0,A=(flip;+1) B=(-1?0),period3,(0,1,x),3,1,CPREV,none<=12,
4,flip;+1,-1?0,A=(flip;+1) B=(-1?0),period3,(0,1,x),3,2,FLIP,AB,2
4,flip;+1,-1?0,A=(flip;+1) B=(-1?0),period3,(0,1,x),3,2,NEXT,none<=12,
4,flip;+1,-1?0,A=(flip;+1) B=(-1?0),period3,(0,1,x),3,2,PREV,none<=12,
4,flip;+1,-1?0,A=(flip;+1) B=(-1?0),period3,(0,1,x),3,2,CFLIP,none<=12,
4,flip;+1,-1?0,A=(flip;+1) B=(-1?0),period3,(0,1,x),3,2,CNEXT,none<=12,
4,flip;+1,-1?0,A=(flip;+1) B=(-1?0),period3,(0,1,x),3,2,CPREV,none<=12,
4,flip;+1,-1?0,A=(flip;+1) B=(-1?0),period3,(1,x,0),3,0,FLIP,none<=12,
4,flip;+1,-1?0,A=(flip;+1) B=(-1?0),period3,(1,x,0),3,0,NEXT,none<=12,
4,flip;+1,-1?0,A=(flip;+1) B=(-1?0),period3,(1,x,0),3,0,PREV,none<=12,
4,flip;+1,-1?0,A=(flip;+1) B=(-1?0),period3,(1,x,0),3,0,CFLIP,none<=12,
4,flip;+1,-1?0,A=(flip;+1) B=(-1?0),period3,(1,x,0),3,0,CNEXT,none<=12,
4,flip;+1,-1?0,A=(flip;+1) B=(-1?0),period3,(1,x,0),3,0,CPREV,none<=12,
4,flip;+1,-1?0,A=(flip;+1) B=(-1?0),period3,(1,x,0),3,1,FLIP,AB,2
4,flip;+1,-1?0,A=(flip;+1) B=(-1?0),period3,(1,x,0),3,1,NEXT,none<=12,
4,flip;+1,-1?0,A=(flip;+1) B=(-1?0),period3,(1,x,0),3,1,PREV,none<=12,
4,flip;+1,-1?0,A=(flip;+1) B=(-1?0),period3,(1,x,0),3,1,CFLIP,none<=12,
4,flip;+1,-1?0,A=(flip;+1) B=(-1?0),period3,(1,x,0),3,1,CNEXT,none<=12,
4,flip;+1,-1?0,A=(flip;+1) B=(-1?0),period3,(1,x,0),3,1,CPREV,none<=12,
4,flip;+1,-1?0,A=(flip;+1) B=(-1?0),period3,(1,x,0),3,2,FLIP,BA,2
4,flip;+1,-1?0,A=(flip;+1) B=(-1?0),period3,(1,x,0),3,2,NEXT,none<=12,
4,flip;+1,-1?0,A=(flip;+1) B=(-1?0),period3,(1,x,0),3,2,PREV,none<=12,
4,flip;+1,-1?0,A=(flip;+1) B=(-1?0),period3,(1,x,0),3,2,CFLIP,none<=12,
4,flip;+1,-1?0,A=(flip;+1) B=(-1?0),period3,(1,x,0),3,2,CNEXT,none<=12,
4,flip;+1,-1?0,A=(flip;+1) B=(-1?0),period3,(1,x,0),3,2,CPREV,none<=12,
4,flip;+1,-1?0,A=(flip;+1) B=(-1?0),period3,(x,1,0),3,0,FLIP,none<=12,
4,flip;+1,-1?0,A=(flip;+1) B=(-1?0),period3,(x,1,0),3,0,NEXT,none<=12,
4,flip;+1,-1?0,A=(flip;+1) B=(-1?0),period3,(x,1,0),3,0,PREV,none<=12,
4,flip;+1,-1?0,A=(flip;+1) B=(-1?0),period3,(x,1,0),3,0,CFLIP,none<=12,
4,flip;+1,-1?0,A=(flip;+1) B=(-1?0),period3,(x,1,0),3,0,CNEXT,none<=12,
4,flip;+1,-1?0,A=(flip;+1) B=(-1?0),period3,(x,1,0),3,0,CPREV,none<=12,
4,flip;+1,-1?0,A=(flip;+1) B=(-1?0),period3,(x,1,0),3,1,FLIP,ABBAAB,6
4,flip;+1,-1?0,A=(flip;+1) B=(-1?0),period3,(x,1,0),3,1,NEXT,none<=12,
4,flip;+1,-1?0,A=(flip;+1) B=(-1?0),period3,(x,1,0),3,1,PREV,none<=12,
4,flip;+1,-1?0,A=(flip;+1) B=(-1?0),period3,(x,1,0),3,1,CFLIP,none<=12,
4,flip;+1,-1?0,A=(flip;+1) B=(-1?0),period3,(x,1,0),3,1,CNEXT,none<=12,
4,flip;+1,-1?0,A=(flip;+1) B=(-1?0),period3,(x,1,0),3,1,CPREV,none<=12,
4,flip;+1,-1?0,A=(flip;+1) B=(-1?0),period3,(x,1,0),3,2,FLIP,BABBAA,6
4,flip;+1,-1?0,A=(flip;+1) B=(-1?0),period3,(x,1,0),3,2,NEXT,none<=12,
4,flip;+1,-1?0,A=(flip;+1) B=(-1?0),period3,(x,1,0),3,2,PREV,none<=12,
4,flip;+1,-1?0,A=(flip;+1) B=(-1?0),period3,(x,1,0),3,2,CFLIP,none<=12,
4,flip;+1,-1?0,A=(flip;+1) B=(-1?0),period3,(x,1,0),3,2,CNEXT,none<=12,
4,flip;+1,-1?0,A=(flip;+1) B=(-1?0),period3,(x,1,0),3,2,CPREV,none<=12,
4,flip;+1,-1?0,A=(flip;+1) B=(-1?0),period3,(1,0,x),3,0,FLIP,none<=12,
4,flip;+1,-1?0,A=(flip;+1) B=(-1?0),period3,(1,0,x),3,0,NEXT,none<=12,
4,flip;+1,-1?0,A=(flip;+1) B=(-1?0),period3,(1,0,x),3,0,PREV,none<=12,
4,flip;+1,-1?0,A=(flip;+1) B=(-1?0),period3,(1,0,x),3,0,CFLIP,none<=12,
4,flip;+1,-1?0,A=(flip;+1) B=(-1?0),period3,(1,0,x),3,0,CNEXT,none<=12,
4,flip;+1,-1?0,A=(flip;+1) B=(-1?0),period3,(1,0,x),3,0,CPREV,none<=12,
4,flip;+1,-1?0,A=(flip;+1) B=(-1?0),period3,(1,0,x),3,1,FLIP,none<=12,
4,flip;+1,-1?0,A=(flip;+1) B=(-1?0),period3,(1,0,x),3,1,NEXT,none<=12,
4,flip;+1,-1?0,A=(flip;+1) B=(-1?0),period3,(1,0,x),3,1,PREV,none<=12,
4,flip;+1,-1?0,A=(flip;+1) B=(-1?0),period3,(1,0,x),3,1,CFLIP,none<=12,
4,flip;+1,-1?0,A=(flip;+1) B=(-1?0),period3,(1,0,x),3,1,CNEXT,none<=12,
4,flip;+1,-1?0,A=(flip;+1) B=(-1?0),period3,(1,0,x),3,1,CPREV,none<=12,
4,flip;+1,-1?0,A=(flip;+1) B=(-1?0),period3,(1,0,x),3,2,FLIP,none<=12,
4,flip;+1,-1?0,A=(flip;+1) B=(-1?0),period3,(1,0,x),3,2,NEXT,none<=12,
4,flip;+1,-1?0,A=(flip;+1) B=(-1?0),period3,(1,0,x),3,2,PREV,none<=12,
4,flip;+1,-1?0,A=(flip;+1) B=(-1?0),period3,(1,0,x),3,2,CFLIP,none<=12,
4,flip;+1,-1?0,A=(flip;+1) B=(-1?0),period3,(1,0,x),3,2,CNEXT,none<=12,
4,flip;+1,-1?0,A=(flip;+1) B=(-1?0),period3,(1,0,x),3,2,CPREV,none<=12,
4,flip;+1,-1?0,A=(flip;+1) B=(-1?0),period3,(0,x,1),3,0,FLIP,none<=12,
4,flip;+1,-1?0,A=(flip;+1) B=(-1?0),period3,(0,x,1),3,0,NEXT,none<=12,
4,flip;+1,-1?0,A=(flip;+1) B=(-1?0),period3,(0,x,1),3,0,PREV,none<=12,
4,flip;+1,-1?0,A=(flip;+1) B=(-1?0),period3,(0,x,1),3,0,CFLIP,none<=12,
4,flip;+1,-1?0,A=(flip;+1) B=(-1?0),period3,(0,x,1),3,0,CNEXT,none<=12,
4,flip;+1,-1?0,A=(flip;+1) B=(-1?0),period3,(0,x,1),3,0,CPREV,none<=12,
4,flip;+1,-1?0,A=(flip;+1) B=(-1?0),period3,(0,x,1),3,1,FLIP,none<=12,
4,flip;+1,-1?0,A=(flip;+1) B=(-1?0),period3,(0,x,1),3,1,NEXT,none<=12,
4,flip;+1,-1?0,A=(flip;+1) B=(-1?0),period3,(0,x,1),3,1,PREV,none<=12,
4,flip;+1,-1?0,A=(flip;+1) B=(-1?0),period3,(0,x,1),3,1,CFLIP,none<=12,
4,flip;+1,-1?0,A=(flip;+1) B=(-1?0),period3,(0,x,1),3,1,CNEXT,none<=12,
4,flip;+1,-1?0,A=(flip;+1) B=(-1?0),period3,(0,x,1),3,1,CPREV,none<=12,
4,flip;+1,-1?0,A=(flip;+1) B=(-1?0),period3,(0,x,1),3,2,FLIP,ABBAAB,6
4,flip;+1,-1?0,A=(flip;+1) B=(-1?0),period3,(0,x,1),3,2,NEXT,none<=12,
4,flip;+1,-1?0,A=(flip;+1) B=(-1?0),period3,(0,x,1),3,2,PREV,none<=12,
4,flip;+1,-1?0,A=(flip;+1) B=(-1?0),period3,(0,x,1),3,2,CFLIP,none<=12,
4,flip;+1,-1?0,A=(flip;+1) B=(-1?0),period3,(0,x,1),3,2,CNEXT,none<=12,
4,flip;+1,-1?0,A=(flip;+1) B=(-1?0),period3,(0,x,1),3,2,CPREV,none<=12,
4,flip;+1,-1?0,A=(flip;+1) B=(-1?0),period3,(x,0,0),3,0,FLIP,AB,2
4,flip;+1,-1?0,A=(flip;+1) B=(-1?0),period3,(x,0,0),3,0,NEXT,none<=12,
4,flip;+1,-1?0,A=(flip;+1) B=(-1?0),period3,(x,0,0),3,0,PREV,none<=12,
4,flip;+1,-1?0,A=(flip;+1) B=(-1?0),period3,(x,0,0),3,0,CFLIP,none<=12,
4,flip;+1,-1?0,A=(flip;+1) B=(-1?0),period3,(x,0,0),3,0,CNEXT,none<=12,
4,flip;+1,-1?0,A=(flip;+1) B=(-1?0),period3,(x,0,0),3,0,CPREV,none<=12,
4,flip;+1,-1?0,A=(flip;+1) B=(-1?0),period3,(x,0,0),3,1,FLIP,BA,2
4,flip;+1,-1?0,A=(flip;+1) B=(-1?0),period3,(x,0,0),3,1,NEXT,none<=12,
4,flip;+1,-1?0,A=(flip;+1) B=(-1?0),period3,(x,0,0),3,1,PREV,none<=12,
4,flip;+1,-1?0,A=(flip;+1) B=(-1?0),period3,(x,0,0),3,1,CFLIP,none<=12,
4,flip;+1,-1?0,A=(flip;+1) B=(-1?0),period3,(x,0,0),3,1,CNEXT,none<=12,
4,flip;+1,-1?0,A=(flip;+1) B=(-1?0),period3,(x,0,0),3,1,CPREV,none<=12,
4,flip;+1,-1?0,A=(flip;+1) B=(-1?0),period3,(x,0,0),3,2,FLIP,BBAABA,6
4,flip;+1,-1?0,A=(flip;+1) B=(-1?0),period3,(x,0,0),3,2,NEXT,none<=12,
4,flip;+1,-1?0,A=(flip;+1) B=(-1?0),period3,(x,0,0),3,2,PREV,none<=12,
4,flip;+1,-1?0,A=(flip;+1) B=(-1?0),period3,(x,0,0),3,2,CFLIP,none<=12,
4,flip;+1,-1?0,A=(flip;+1) B=(-1?0),period3,(x,0,0),3,2,CNEXT,none<=12,
4,flip;+1,-1?0,A=(flip;+1) B=(-1?0),period3,(x,0,0),3,2,CPREV,none<=12,
4,flip;+1,-1?0,A=(flip;+1) B=(-1?0),period3,(0,0,x),3,0,FLIP,none<=12,
4,flip;+1,-1?0,A=(flip;+1) B=(-1?0),period3,(0,0,x),3,0,NEXT,none<=12,
4,flip;+1,-1?0,A=(flip;+1) B=(-1?0),period3,(0,0,x),3,0,PREV,none<=12,
4,flip;+1,-1?0,A=(flip;+1) B=(-1?0),period3,(0,0,x),3,0,CFLIP,none<=12,
4,flip;+1,-1?0,A=(flip;+1) B=(-1?0),period3,(0,0,x),3,0,CNEXT,none<=12,
4,flip;+1,-1?0,A=(flip;+1) B=(-1?0),period3,(0,0,x),3,0,CPREV,none<=12,
4,flip;+1,-1?0,A=(flip;+1) B=(-1?0),period3,(0,0,x),3,1,FLIP,none<=12,
4,flip;+1,-1?0,A=(flip;+1) B=(-1?0),period3,(0,0,x),3,1,NEXT,none<=12,
4,flip;+1,-1?0,A=(flip;+1) B=(-1?0),period3,(0,0,x),3,1,PREV,none<=12,
4,flip;+1,-1?0,A=(flip;+1) B=(-1?0),period3,(0,0,x),3,1,CFLIP,none<=12,
4,flip;+1,-1?0,A=(flip;+1) B=(-1?0),period3,(0,0,x),3,1,CNEXT,none<=12,
4,flip;+1,-1?0,A=(flip;+1) B=(-1?0),period3,(0,0,x),3,1,CPREV,none<=12,
4,flip;+1,-1?0,A=(flip;+1) B=(-1?0),period3,(0,0,x),3,2,FLIP,AB,2
4,flip;+1,-1?0,A=(flip;+1) B=(-1?0),period3,(0,0,x),3,2,NEXT,none<=12,
4,flip;+1,-1?0,A=(flip;+1) B=(-1?0),period3,(0,0,x),3,2,PREV,none<=12,
4,flip;+1,-1?0,A=(flip;+1) B=(-1?0),period3,(0,0,x),3,2,CFLIP,none<=12,
4,flip;+1,-1?0,A=(flip;+1) B=(-1?0),period3,(0,0,x),3,2,CNEXT,none<=12,
4,flip;+1,-1?0,A=(flip;+1) B=(-1?0),period3,(0,0,x),3,2,CPREV,none<=12,
4,flip;+1,-1?0,A=(flip;+1) B=(-1?0),period3,(0,x,0),3,0,FLIP,none<=12,
4,flip;+1,-1?0,A=(flip;+1) B=(-1?0),period3,(0,x,0),3,0,NEXT,none<=12,
4,flip;+1,-1?0,A=(flip;+1) B=(-1?0),period3,(0,x,0),3,0,PREV,none<=12,
4,flip;+1,-1?0,A=(flip;+1) B=(-1?0),period3,(0,x,0),3,0,CFLIP,none<=12,
4,flip;+1,-1?0,A=(flip;+1) B=(-1?0),period3,(0,x,0),3,0,CNEXT,none<=12,
4,flip;+1,-1?0,A=(flip;+1) B=(-1?0),period3,(0,x,0),3,0,CPREV,none<=12,
4,flip;+1,-1?0,A=(flip;+1) B=(-1?0),period3,(0,x,0),3,1,FLIP,AB,2
4,flip;+1,-1?0,A=(flip;+1) B=(-1?0),period3,(0,x,0),3,1,NEXT,none<=12,
4,flip;+1,-1?0,A=(flip;+1) B=(-1?0),period3,(0,x,0),3,1,PREV,none<=12,
4,flip;+1,-1?0,A=(flip;+1) B=(-1?0),period3,(0,x,0),3,1,CFLIP,none<=12,
4,flip;+1,-1?0,A=(flip;+1) B=(-1?0),period3,(0,x,0),3,1,CNEXT,none<=12,
4,flip;+1,-1?0,A=(flip;+1) B=(-1?0),period3,(0,x,0),3,1,CPREV,none<=12,
4,flip;+1,-1?0,A=(flip;+1) B=(-1?0),period3,(0,x,0),3,2,FLIP,BA,2
4,flip;+1,-1?0,A=(flip;+1) B=(-1?0),period3,(0,x,0),3,2,NEXT,none<=12,
4,flip;+1,-1?0,A=(flip;+1) B=(-1?0),period3,(0,x,0),3,2,PREV,none<=12,
4,flip;+1,-1?0,A=(flip;+1) B=(-1?0),period3,(0,x,0),3,2,CFLIP,none<=12,
4,flip;+1,-1?0,A=(flip;+1) B=(-1?0),period3,(0,x,0),3,2,CNEXT,none<=12,
4,flip;+1,-1?0,A=(flip;+1) B=(-1?0),period3,(0,x,0),3,2,CPREV,none<=12,
4,flip;+1,-1?0,A=(flip;+1) B=(-1?0),period3,(x,1,1),3,0,FLIP,none<=12,
4,flip;+1,-1?0,A=(flip;+1) B=(-1?0),period3,(x,1,1),3,0,NEXT,none<=12,
4,flip;+1,-1?0,A=(flip;+1) B=(-1?0),period3,(x,1,1),3,0,PREV,none<=12,
4,flip;+1,-1?0,A=(flip;+1) B=(-1?0),period3,(x,1,1),3,0,CFLIP,none<=12,
4,flip;+1,-1?0,A=(flip;+1) B=(-1?0),period3,(x,1,1),3,0,CNEXT,none<=12,
4,flip;+1,-1?0,A=(flip;+1) B=(-1?0),period3,(x,1,1),3,0,CPREV,none<=12,
4,flip;+1,-1?0,A=(flip;+1) B=(-1?0),period3,(x,1,1),3,1,FLIP,none<=12,
4,flip;+1,-1?0,A=(flip;+1) B=(-1?0),period3,(x,1,1),3,1,NEXT,none<=12,
4,flip;+1,-1?0,A=(flip;+1) B=(-1?0),period3,(x,1,1),3,1,PREV,none<=12,
4,flip;+1,-1?0,A=(flip;+1) B=(-1?0),period3,(x,1,1),3,1,CFLIP,none<=12,
4,flip;+1,-1?0,A=(flip;+1) B=(-1?0),period3,(x,1,1),3,1,CNEXT,none<=12,
4,flip;+1,-1?0,A=(flip;+1) B=(-1?0),period3,(x,1,1),3,1,CPREV,none<=12,
4,flip;+1,-1?0,A=(flip;+1) B=(-1?0),period3,(x,1,1),3,2,FLIP,none<=12,
4,flip;+1,-1?0,A=(flip;+1) B=(-1?0),period3,(x,1,1),3,2,NEXT,none<=12,
4,flip;+1,-1?0,A=(flip;+1) B=(-1?0),period3,(x,1,1),3,2,PREV,none<=12,
4,flip;+1,-1?0,A=(flip;+1) B=(-1?0),period3,(x,1,1),3,2,CFLIP,none<=12,
4,flip;+1,-1?0,A=(flip;+1) B=(-1?0),period3,(x,1,1),3,2,CNEXT,none<=12,
4,flip;+1,-1?0,A=(flip;+1) B=(-1?0),period3,(x,1,1),3,2,CPREV,none<=12,
4,flip;+1,-1?0,A=(flip;+1) B=(-1?0),period3,(1,1,x),3,0,FLIP,none<=12,
4,flip;+1,-1?0,A=(flip;+1) B=(-1?0),period3,(1,1,x),3,0,NEXT,none<=12,
4,flip;+1,-1?0,A=(flip;+1) B=(-1?0),period3,(1,1,x),3,0,PREV,none<=12,
4,flip;+1,-1?0,A=(flip;+1) B=(-1?0),period3,(1,1,x),3,0,CFLIP,none<=12,
4,flip;+1,-1?0,A=(flip;+1) B=(-1?0),period3,(1,1,x),3,0,CNEXT,none<=12,
4,flip;+1,-1?0,A=(flip;+1) B=(-1?0),period3,(1,1,x),3,0,CPREV,none<=12,
4,flip;+1,-1?0,A=(flip;+1) B=(-1?0),period3,(1,1,x),3,1,FLIP,none<=12,
4,flip;+1,-1?0,A=(flip;+1) B=(-1?0),period3,(1,1,x),3,1,NEXT,none<=12,
4,flip;+1,-1?0,A=(flip;+1) B=(-1?0),period3,(1,1,x),3,1,PREV,none<=12,
4,flip;+1,-1?0,A=(flip;+1) B=(-1?0),period3,(1,1,x),3,1,CFLIP,none<=12,
4,flip;+1,-1?0,A=(flip;+1) B=(-1?0),period3,(1,1,x),3,1,CNEXT,none<=12,
4,flip;+1,-1?0,A=(flip;+1) B=(-1?0),period3,(1,1,x),3,1,CPREV,none<=12,
4,flip;+1,-1?0,A=(flip;+1) B=(-1?0),period3,(1,1,x),3,2,FLIP,none<=12,
4,flip;+1,-1?0,A=(flip;+1) B=(-1?0),period3,(1,1,x),3,2,NEXT,none<=12,
4,flip;+1,-1?0,A=(flip;+1) B=(-1?0),period3,(1,1,x),3,2,PREV,none<=12,
4,flip;+1,-1?0,A=(flip;+1) B=(-1?0),period3,(1,1,x),3,2,CFLIP,none<=12,
4,flip;+1,-1?0,A=(flip;+1) B=(-1?0),period3,(1,1,x),3,2,CNEXT,none<=12,
4,flip;+1,-1?0,A=(flip;+1) B=(-1?0),period3,(1,1,x),3,2,CPREV,none<=12,
4,flip;+1,-1?0,A=(flip;+1) B=(-1?0),period3,(1,x,1),3,0,FLIP,none<=12,
4,flip;+1,-1?0,A=(flip;+1) B=(-1?0),period3,(1,x,1),3,0,NEXT,none<=12,
4,flip;+1,-1?0,A=(flip;+1) B=(-1?0),period3,(1,x,1),3,0,PREV,none<=12,
4,flip;+1,-1?0,A=(flip;+1) B=(-1?0),period3,(1,x,1),3,0,CFLIP,none<=12,
4,flip;+1,-1?0,A=(flip;+1) B=(-1?0),period3,(1,x,1),3,0,CNEXT,none<=12,
4,flip;+1,-1?0,A=(flip;+1) B=(-1?0),period3,(1,x,1),3,0,CPREV,none<=12,
4,flip;+1,-1?0,A=(flip;+1) B=(-1?0),period3,(1,x,1),3,1,FLIP,none<=12,
4,flip;+1,-1?0,A=(flip;+1) B=(-1?0),period3,(1,x,1),3,1,NEXT,none<=12,
4,flip;+1,-1?0,A=(flip;+1) B=(-1?0),period3,(1,x,1),3,1,PREV,none<=12,
4,flip;+1,-1?0,A=(flip;+1) B=(-1?0),period3,(1,x,1),3,1,CFLIP,none<=12,
4,flip;+1,-1?0,A=(flip;+1) B=(-1?0),period3,(1,x,1),3,1,CNEXT,none<=12,
4,flip;+1,-1?0,A=(flip;+1) B=(-1?0),period3,(1,x,1),3,1,CPREV,none<=12,
4,flip;+1,-1?0,A=(flip;+1) B=(-1?0),period3,(1,x,1),3,2,FLIP,none<=12,
4,flip;+1,-1?0,A=(flip;+1) B=(-1?0),period3,(1,x,1),3,2,NEXT,none<=12,
4,flip;+1,-1?0,A=(flip;+1) B=(-1?0),period3,(1,x,1),3,2,PREV,none<=12,
4,flip;+1,-1?0,A=(flip;+1) B=(-1?0),period3,(1,x,1),3,2,CFLIP,none<=12,
4,flip;+1,-1?0,A=(flip;+1) B=(-1?0),period3,(1,x,1),3,2,CNEXT,none<=12,
4,flip;+1,-1?0,A=(flip;+1) B=(-1?0),period3,(1,x,1),3,2,CPREV,none<=12,
5,flip;+1,flip;-1?0,A=(flip;+1) B=(flip;-1?0),none,(x),1,0,FLIP,none<=12,
5,flip;+1,flip;-1?0,A=(flip;+1) B=(flip;-1?0),none,(x),1,0,NEXT,none<=12,
5,flip;+1,flip;-1?0,A=(flip;+1) B=(flip;-1?0),none,(x),1,0,PREV,none<=12,
5,flip;+1,flip;-1?0,A=(flip;+1) B=(flip;-1?0),none,(x),1,0,CFLIP,none<=12,
5,flip;+1,flip;-1?0,A=(flip;+1) B=(flip;-1?0),none,(x),1,0,CNEXT,none<=12,
5,flip;+1,flip;-1?0,A=(flip;+1) B=(flip;-1?0),none,(x),1,0,CPREV,none<=12,
5,flip;+1,flip;-1?0,A=(flip;+1) B=(flip;-1?0),dual,(x,n),2,0,FLIP,none<=12,
5,flip;+1,flip;-1?0,A=(flip;+1) B=(flip;-1?0),dual,(x,n),2,0,NEXT,none<=12,
5,flip;+1,flip;-1?0,A=(flip;+1) B=(flip;-1?0),dual,(x,n),2,0,PREV,none<=12,
5,flip;+1,flip;-1?0,A=(flip;+1) B=(flip;-1?0),dual,(x,n),2,0,CFLIP,none<=12,
5,flip;+1,flip;-1?0,A=(flip;+1) B=(flip;-1?0),dual,(x,n),2,0,CNEXT,none<=12,
5,flip;+1,flip;-1?0,A=(flip;+1) B=(flip;-1?0),dual,(x,n),2,0,CPREV,none<=12,
5,flip;+1,flip;-1?0,A=(flip;+1) B=(flip;-1?0),dual,(x,n),2,1,FLIP,none<=12,
5,flip;+1,flip;-1?0,A=(flip;+1) B=(flip;-1?0),dual,(x,n),2,1,NEXT,none<=12,
5,flip;+1,flip;-1?0,A=(flip;+1) B=(flip;-1?0),dual,(x,n),2,1,PREV,none<=12,
5,flip;+1,flip;-1?0,A=(flip;+1) B=(flip;-1?0),dual,(x,n),2,1,CFLIP,BBAB,4
5,flip;+1,flip;-1?0,A=(flip;+1) B=(flip;-1?0),dual,(x,n),2,1,CNEXT,none<=12,
5,flip;+1,flip;-1?0,A=(flip;+1) B=(flip;-1?0),dual,(x,n),2,1,CPREV,none<=12,
5,flip;+1,flip;-1?0,A=(flip;+1) B=(flip;-1?0),dual,(n,x),2,0,FLIP,none<=12,
5,flip;+1,flip;-1?0,A=(flip;+1) B=(flip;-1?0),dual,(n,x),2,0,NEXT,none<=12,
5,flip;+1,flip;-1?0,A=(flip;+1) B=(flip;-1?0),dual,(n,x),2,0,PREV,none<=12,
5,flip;+1,flip;-1?0,A=(flip;+1) B=(flip;-1?0),dual,(n,x),2,0,CFLIP,none<=12,
5,flip;+1,flip;-1?0,A=(flip;+1) B=(flip;-1?0),dual,(n,x),2,0,CNEXT,none<=12,
5,flip;+1,flip;-1?0,A=(flip;+1) B=(flip;-1?0),dual,(n,x),2,0,CPREV,none<=12,
5,flip;+1,flip;-1?0,A=(flip;+1) B=(flip;-1?0),dual,(n,x),2,1,FLIP,none<=12,
5,flip;+1,flip;-1?0,A=(flip;+1) B=(flip;-1?0),dual,(n,x),2,1,NEXT,none<=12,
5,flip;+1,flip;-1?0,A=(flip;+1) B=(flip;-1?0),dual,(n,x),2,1,PREV,none<=12,
5,flip;+1,flip;-1?0,A=(flip;+1) B=(flip;-1?0),dual,(n,x),2,1,CFLIP,BBABBA,6
5,flip;+1,flip;-1?0,A=(flip;+1) B=(flip;-1?0),dual,(n,x),2,1,CNEXT,none<=12,
5,flip;+1,flip;-1?0,A=(flip;+1) B=(flip;-1?0),dual,(n,x),2,1,CPREV,none<=12,
5,flip;+1,flip;-1?0,A=(flip;+1) B=(flip;-1?0),scratch,(x,1),2,0,FLIP,none<=12,
5,flip;+1,flip;-1?0,A=(flip;+1) B=(flip;-1?0),scratch,(x,1),2,0,NEXT,ABAA,4
5,flip;+1,flip;-1?0,A=(flip;+1) B=(flip;-1?0),scratch,(x,1),2,0,PREV,none<=12,
5,flip;+1,flip;-1?0,A=(flip;+1) B=(flip;-1?0),scratch,(x,1),2,0,CFLIP,none<=12,
5,flip;+1,flip;-1?0,A=(flip;+1) B=(flip;-1?0),scratch,(x,1),2,0,CNEXT,none<=12,
5,flip;+1,flip;-1?0,A=(flip;+1) B=(flip;-1?0),scratch,(x,1),2,0,CPREV,none<=12,
5,flip;+1,flip;-1?0,A=(flip;+1) B=(flip;-1?0),scratch,(x,1),2,1,FLIP,BAB,3
5,flip;+1,flip;-1?0,A=(flip;+1) B=(flip;-1?0),scratch,(x,1),2,1,NEXT,BABBAAABAB,10
5,flip;+1,flip;-1?0,A=(flip;+1) B=(flip;-1?0),scratch,(x,1),2,1,PREV,none<=12,
5,flip;+1,flip;-1?0,A=(flip;+1) B=(flip;-1?0),scratch,(x,1),2,1,CFLIP,none<=12,
5,flip;+1,flip;-1?0,A=(flip;+1) B=(flip;-1?0),scratch,(x,1),2,1,CNEXT,none<=12,
5,flip;+1,flip;-1?0,A=(flip;+1) B=(flip;-1?0),scratch,(x,1),2,1,CPREV,none<=12,
5,flip;+1,flip;-1?0,A=(flip;+1) B=(flip;-1?0),scratch,(1,x),2,0,FLIP,none<=12,
5,flip;+1,flip;-1?0,A=(flip;+1) B=(flip;-1?0),scratch,(1,x),2,0,NEXT,BABBAAABAB,10
5,flip;+1,flip;-1?0,A=(flip;+1) B=(flip;-1?0),scratch,(1,x),2,0,PREV,none<=12,
5,flip;+1,flip;-1?0,A=(flip;+1) B=(flip;-1?0),scratch,(1,x),2,0,CFLIP,none<=12,
5,flip;+1,flip;-1?0,A=(flip;+1) B=(flip;-1?0),scratch,(1,x),2,0,CNEXT,none<=12,
5,flip;+1,flip;-1?0,A=(flip;+1) B=(flip;-1?0),scratch,(1,x),2,0,CPREV,none<=12,
5,flip;+1,flip;-1?0,A=(flip;+1) B=(flip;-1?0),scratch,(1,x),2,1,FLIP,none<=12,
5,flip;+1,flip;-1?0,A=(flip;+1) B=(flip;-1?0),scratch,(1,x),2,1,NEXT,ABAA,4
5,flip;+1,flip;-1?0,A=(flip;+1) B=(flip;-1?0),scratch,(1,x),2,1,PREV,none<=12,
5,flip;+1,flip;-1?0,A=(flip;+1) B=(flip;-1?0),scratch,(1,x),2,1,CFLIP,none<=12,
5,flip;+1,flip;-1?0,A=(flip;+1) B=(flip;-1?0),scratch,(1,x),2,1,CNEXT,none<=12,
5,flip;+1,flip;-1?0,A=(flip;+1) B=(flip;-1?0),scratch,(1,x),2,1,CPREV,none<=12,
5,flip;+1,flip;-1?0,A=(flip;+1) B=(flip;-1?0),scratch,(x,0),2,0,FLIP,ABB,3
5,flip;+1,flip;-1?0,A=(flip;+1) B=(flip;-1?0),scratch,(x,0),2,0,NEXT,ABBABA,6
5,flip;+1,flip;-1?0,A=(flip;+1) B=(flip;-1?0),scratch,(x,0),2,0,PREV,none<=12,
5,flip;+1,flip;-1?0,A=(flip;+1) B=(flip;-1?0),scratch,(x,0),2,0,CFLIP,none<=12,
5,flip;+1,flip;-1?0,A=(flip;+1) B=(flip;-1?0),scratch,(x,0),2,0,CNEXT,none<=12,
5,flip;+1,flip;-1?0,A=(flip;+1) B=(flip;-1?0),scratch,(x,0),2,0,CPREV,none<=12,
5,flip;+1,flip;-1?0,A=(flip;+1) B=(flip;-1?0),scratch,(x,0),2,1,FLIP,BBA,3
5,flip;+1,flip;-1?0,A=(flip;+1) B=(flip;-1?0),scratch,(x,0),2,1,NEXT,BAABBA,6
5,flip;+1,flip;-1?0,A=(flip;+1) B=(flip;-1?0),scratch,(x,0),2,1,PREV,none<=12,
5,flip;+1,flip;-1?0,A=(flip;+1) B=(flip;-1?0),scratch,(x,0),2,1,CFLIP,none<=12,
5,flip;+1,flip;-1?0,A=(flip;+1) B=(flip;-1?0),scratch,(x,0),2,1,CNEXT,none<=12,
5,flip;+1,flip;-1?0,A=(flip;+1) B=(flip;-1?0),scratch,(x,0),2,1,CPREV,none<=12,
5,flip;+1,flip;-1?0,A=(flip;+1) B=(flip;-1?0),scratch,(0,x),2,0,FLIP,none<=12,
5,flip;+1,flip;-1?0,A=(flip;+1) B=(flip;-1?0),scratch,(0,x),2,0,NEXT,BAABBA,6
5,flip;+1,flip;-1?0,A=(flip;+1) B=(flip;-1?0),scratch,(0,x),2,0,PREV,none<=12,
5,flip;+1,flip;-1?0,A=(flip;+1) B=(flip;-1?0),scratch,(0,x),2,0,CFLIP,none<=12,
5,flip;+1,flip;-1?0,A=(flip;+1) B=(flip;-1?0),scratch,(0,x),2,0,CNEXT,none<=12,
5,flip;+1,flip;-1?0,A=(flip;+1) B=(flip;-1?0),scratch,(0,x),2,0,CPREV,none<=12,
5,flip;+1,flip;-1?0,A=(flip;+1) B=(flip;-1?0),scratch,(0,x),2,1,FLIP,ABB,3
5,flip;+1,flip;-1?0,A=(flip;+1) B=(flip;-1?0),scratch,(0,x),2,1,NEXT,ABBABA,6
5,flip;+1,flip;-1?0,A=(flip;+1) B=(flip;-1?0),scratch,(0,x),2,1,PREV,none<=12,
5,flip;+1,flip;-1?0,A=(flip;+1) B=(flip;-1?0),scratch,(0,x),2,1,CFLIP,none<=12,
5,flip;+1,flip;-1?0,A=(flip;+1) B=(flip;-1?0),scratch,(0,x),2,1,CNEXT,none<=12,
5,flip;+1,flip;-1?0,A=(flip;+1) B=(flip;-1?0),scratch,(0,x),2,1,CPREV,none<=12,
5,flip;+1,flip;-1?0,A=(flip;+1) B=(flip;-1?0),period3,(x,0,1),3,0,FLIP,ABB,3
5,flip;+1,flip;-1?0,A=(flip;+1) B=(flip;-1?0),period3,(x,0,1),3,0,NEXT,AABBABAA,8
5,flip;+1,flip;-1?0,A=(flip;+1) B=(flip;-1?0),period3,(x,0,1),3,0,PREV,none<=12,
5,flip;+1,flip;-1?0,A=(flip;+1) B=(flip;-1?0),period3,(x,0,1),3,0,CFLIP,none<=12,
5,flip;+1,flip;-1?0,A=(flip;+1) B=(flip;-1?0),period3,(x,0,1),3,0,CNEXT,none<=12,
5,flip;+1,flip;-1?0,A=(flip;+1) B=(flip;-1?0),period3,(x,0,1),3,0,CPREV,none<=12,
5,flip;+1,flip;-1?0,A=(flip;+1) B=(flip;-1?0),period3,(x,0,1),3,1,FLIP,BBA,3
5,flip;+1,flip;-1?0,A=(flip;+1) B=(flip;-1?0),period3,(x,0,1),3,1,NEXT,ABAAABBA,8
5,flip;+1,flip;-1?0,A=(flip;+1) B=(flip;-1?0),period3,(x,0,1),3,1,PREV,none<=12,
5,flip;+1,flip;-1?0,A=(flip;+1) B=(flip;-1?0),period3,(x,0,1),3,1,CFLIP,none<=12,
5,flip;+1,flip;-1?0,A=(flip;+1) B=(flip;-1?0),period3,(x,0,1),3,1,CNEXT,none<=12,
5,flip;+1,flip;-1?0,A=(flip;+1) B=(flip;-1?0),period3,(x,0,1),3,1,CPREV,none<=12,
5,flip;+1,flip;-1?0,A=(flip;+1) B=(flip;-1?0),period3,(x,0,1),3,2,FLIP,BBBABAB,7
5,flip;+1,flip;-1?0,A=(flip;+1) B=(flip;-1?0),period3,(x,0,1),3,2,NEXT,BBAAABBABA,10
5,flip;+1,flip;-1?0,A=(flip;+1) B=(flip;-1?0),period3,(x,0,1),3,2,PREV,none<=12,
5,flip;+1,flip;-1?0,A=(flip;+1) B=(flip;-1?0),period3,(x,0,1),3,2,CFLIP,none<=12,
5,flip;+1,flip;-1?0,A=(flip;+1) B=(flip;-1?0),period3,(x,0,1),3,2,CNEXT,none<=12,
5,flip;+1,flip;-1?0,A=(flip;+1) B=(flip;-1?0),period3,(x,0,1),3,2,CPREV,none<=12,
5,flip;+1,flip;-1?0,A=(flip;+1) B=(flip;-1?0),period3,(0,1,x),3,0,FLIP,none<=12,
5,flip;+1,flip;-1?0,A=(flip;+1) B=(flip;-1?0),period3,(0,1,x),3,0,NEXT,ABAAABBA,8
5,flip;+1,flip;-1?0,A=(flip;+1) B=(flip;-1?0),period3,(0,1,x),3,0,PREV,none<=12,
5,flip;+1,flip;-1?0,A=(flip;+1) B=(flip;-1?0),period3,(0,1,x),3,0,CFLIP,none<=12,
5,flip;+1,flip;-1?0,A=(flip;+1) B=(flip;-1?0),period3,(0,1,x),3,0,CNEXT,none<=12,
5,flip;+1,flip;-1?0,A=(flip;+1) B=(flip;-1?0),period3,(0,1,x),3,0,CPREV,none<=12,
5,flip;+1,flip;-1?0,A=(flip;+1) B=(flip;-1?0),period3,(0,1,x),3,1,FLIP,none<=12,
5,flip;+1,flip;-1?0,A=(flip;+1) B=(flip;-1?0),period3,(0,1,x),3,1,NEXT,BBAAABBABA,10
5,flip;+1,flip;-1?0,A=(flip;+1) B=(flip;-1?0),period3,(0,1,x),3,1,PREV,none<=12,
5,flip;+1,flip;-1?0,A=(flip;+1) B=(flip;-1?0),period3,(0,1,x),3,1,CFLIP,none<=12,
5,flip;+1,flip;-1?0,A=(flip;+1) B=(flip;-1?0),period3,(0,1,x),3,1,CNEXT,none<=12,
5,flip;+1,flip;-1?0,A=(flip;+1) B=(flip;-1?0),period3,(0,1,x),3,1,CPREV,none<=12,
5,flip;+1,flip;-1?0,A=(flip;+1) B=(flip;-1?0),period3,(0,1,x),3,2,FLIP,ABB,3
5,flip;+1,flip;-1?0,A=(flip;+1) B=(flip;-1?0),period3,(0,1,x),3,2,NEXT,AABBABAA,8
5,flip;+1,flip;-1?0,A=(flip;+1) B=(flip;-1?0),period3,(0,1,x),3,2,PREV,none<=12,
5,flip;+1,flip;-1?0,A=(flip;+1) B=(flip;-1?0),period3,(0,1,x),3,2,CFLIP,none<=12,
5,flip;+1,flip;-1?0,A=(flip;+1) B=(flip;-1?0),period3,(0,1,x),3,2,CNEXT,none<=12,
5,flip;+1,flip;-1?0,A=(flip;+1) B=(flip;-1?0),period3,(0,1,x),3,2,CPREV,none<=12,
5,flip;+1,flip;-1?0,A=(flip;+1) B=(flip;-1?0),period3,(1,x,0),3,0,FLIP,none<=12,
5,flip;+1,flip;-1?0,A=(flip;+1) B=(flip;-1?0),period3,(1,x,0),3,0,NEXT,BBAAABBABA,10
5,flip;+1,flip;-1?0,A=(flip;+1) B=(flip;-1?0),period3,(1,x,0),3,0,PREV,none<=12,
5,flip;+1,flip;-1?0,A=(flip;+1) B=(flip;-1?0),period3,(1,x,0),3,0,CFLIP,none<=12,
5,flip;+1,flip;-1?0,A=(flip;+1) B=(flip;-1?0),period3,(1,x,0),3,0,CNEXT,none<=12,
5,flip;+1,flip;-1?0,A=(flip;+1) B=(flip;-1?0),period3,(1,x,0),3,0,CPREV,none<=12,
5,flip;+1,flip;-1?0,A=(flip;+1) B=(flip;-1?0),period3,(1,x,0),3,1,FLIP,ABB,3
5,flip;+1,flip;-1?0,A=(flip;+1) B=(flip;-1?0),period3,(1,x,0),3,1,NEXT,AABBABAA,8
5,flip;+1,flip;-1?0,A=(flip;+1) B=(flip;-1?0),period3,(1,x,0),3,1,PREV,none<=12,
5,flip;+1,flip;-1?0,A=(flip;+1) B=(flip;-1?0),period3,(1,x,0),3,1,CFLIP,none<=12,
5,flip;+1,flip;-1?0,A=(flip;+1) B=(flip;-1?0),period3,(1,x,0),3,1,CNEXT,none<=12,
5,flip;+1,flip;-1?0,A=(flip;+1) B=(flip;-1?0),period3,(1,x,0),3,1,CPREV,none<=12,
5,flip;+1,flip;-1?0,A=(flip;+1) B=(flip;-1?0),period3,(1,x,0),3,2,FLIP,BBA,3
5,flip;+1,flip;-1?0,A=(flip;+1) B=(flip;-1?0),period3,(1,x,0),3,2,NEXT,ABAAABBA,8
5,flip;+1,flip;-1?0,A=(flip;+1) B=(flip;-1?0),period3,(1,x,0),3,2,PREV,none<=12,
5,flip;+1,flip;-1?0,A=(flip;+1) B=(flip;-1?0),period3,(1,x,0),3,2,CFLIP,none<=12,
5,flip;+1,flip;-1?0,A=(flip;+1) B=(flip;-1?0),period3,(1,x,0),3,2,CNEXT,none<=12,
5,flip;+1,flip;-1?0,A=(flip;+1) B=(flip;-1?0),period3,(1,x,0),3,2,CPREV,none<=12,
5,flip;+1,flip;-1?0,A=(flip;+1) B=(flip;-1?0),period3,(x,1,0),3,0,FLIP,none<=12,
5,flip;+1,flip;-1?0,A=(flip;+1) B=(flip;-1?0),period3,(x,1,0),3,0,NEXT,ABAABA,6
5,flip;+1,flip;-1?0,A=(flip;+1) B=(flip;-1?0),period3,(x,1,0),3,0,PREV,none<=12,
5,flip;+1,flip;-1?0,A=(flip;+1) B=(flip;-1?0),period3,(x,1,0),3,0,CFLIP,none<=12,
5,flip;+1,flip;-1?0,A=(flip;+1) B=(flip;-1?0),period3,(x,1,0),3,0,CNEXT,none<=12,
5,flip;+1,flip;-1?0,A=(flip;+1) B=(flip;-1?0),period3,(x,1,0),3,0,CPREV,none<=12,
5,flip;+1,flip;-1?0,A=(flip;+1) B=(flip;-1?0),period3,(x,1,0),3,1,FLIP,BAB,3
5,flip;+1,flip;-1?0,A=(flip;+1) B=(flip;-1?0),period3,(x,1,0),3,1,NEXT,ABBABAABAB,10
5,flip;+1,flip;-1?0,A=(flip;+1) B=(flip;-1?0),period3,(x,1,0),3,1,PREV,none<=12,
5,flip;+1,flip;-1?0,A=(flip;+1) B=(flip;-1?0),period3,(x,1,0),3,1,CFLIP,none<=12,
5,flip;+1,flip;-1?0,A=(flip;+1) B=(flip;-1?0),period3,(x,1,0),3,1,CNEXT,none<=12,
5,flip;+1,flip;-1?0,A=(flip;+1) B=(flip;-1?0),period3,(x,1,0),3,1,CPREV,none<=12,
5,flip;+1,flip;-1?0,A=(flip;+1) B=(flip;-1?0),period3,(x,1,0),3,2,FLIP,BBBAA,5
5,flip;+1,flip;-1?0,A=(flip;+1) B=(flip;-1?0),period3,(x,1,0),3,2,NEXT,BAABAA,6
5,flip;+1,flip;-1?0,A=(flip;+1) B=(flip;-1?0),period3,(x,1,0),3,2,PREV,none<=12,
5,flip;+1,flip;-1?0,A=(flip;+1) B=(flip;-1?0),period3,(x,1,0),3,2,CFLIP,none<=12,
5,flip;+1,flip;-1?0,A=(flip;+1) B=(flip;-1?0),period3,(x,1,0),3,2,CNEXT,none<=12,
5,flip;+1,flip;-1?0,A=(flip;+1) B=(flip;-1?0),period3,(x,1,0),3,2,CPREV,none<=12,
5,flip;+1,flip;-1?0,A=(flip;+1) B=(flip;-1?0),period3,(1,0,x),3,0,FLIP,none<=12,
5,flip;+1,flip;-1?0,A=(flip;+1) B=(flip;-1?0),period3,(1,0,x),3,0,NEXT,ABBABAABAB,10
5,flip;+1,flip;-1?0,A=(flip;+1) B=(flip;-1?0),period3,(1,0,x),3,0,PREV,none<=12,
5,flip;+1,flip;-1?0,A=(flip;+1) B=(flip;-1?0),period3,(1,0,x),3,0,CFLIP,none<=12,
5,flip;+1,flip;-1?0,A=(flip;+1) B=(flip;-1?0),period3,(1,0,x),3,0,CNEXT,none<=12,
5,flip;+1,flip;-1?0,A=(flip;+1) B=(flip;-1?0),period3,(1,0,x),3,0,CPREV,none<=12,
5,flip;+1,flip;-1?0,A=(flip;+1) B=(flip;-1?0),period3,(1,0,x),3,1,FLIP,none<=12,
5,flip;+1,flip;-1?0,A=(flip;+1) B=(flip;-1?0),period3,(1,0,x),3,1,NEXT,BAABAA,6
5,flip;+1,flip;-1?0,A=(flip;+1) B=(flip;-1?0),period3,(1,0,x),3,1,PREV,none<=12,
5,flip;+1,flip;-1?0,A=(flip;+1) B=(flip;-1?0),period3,(1,0,x),3,1,CFLIP,none<=12,
5,flip;+1,flip;-1?0,A=(flip;+1) B=(flip;-1?0),period3,(1,0,x),3,1,CNEXT,none<=12,
5,flip;+1,flip;-1?0,A=(flip;+1) B=(flip;-1?0),period3,(1,0,x),3,1,CPREV,none<=12,
5,flip;+1,flip;-1?0,A=(flip;+1) B=(flip;-1?0),period3,(1,0,x),3,2,FLIP,none<=12,
5,flip;+1,flip;-1?0,A=(flip;+1) B=(flip;-1?0),period3,(1,0,x),3,2,NEXT,ABAABA,6
5,flip;+1,flip;-1?0,A=(flip;+1) B=(flip;-1?0),period3,(1,0,x),3,2,PREV,none<=12,
5,flip;+1,flip;-1?0,A=(flip;+1) B=(flip;-1?0),period3,(1,0,x),3,2,CFLIP,none<=12,
5,flip;+1,flip;-1?0,A=(flip;+1) B=(flip;-1?0),period3,(1,0,x),3,2,CNEXT,none<=12,
5,flip;+1,flip;-1?0,A=(flip;+1) B=(flip;-1?0),period3,(1,0,x),3,2,CPREV,none<=12,
5,flip;+1,flip;-1?0,A=(flip;+1) B=(flip;-1?0),period3,(0,x,1),3,0,FLIP,none<=12,
5,flip;+1,flip;-1?0,A=(flip;+1) B=(flip;-1?0),period3,(0,x,1),3,0,NEXT,BAABAA,6
5,flip;+1,flip;-1?0,A=(flip;+1) B=(flip;-1?0),period3,(0,x,1),3,0,PREV,none<=12,
5,flip;+1,flip;-1?0,A=(flip;+1) B=(flip;-1?0),period3,(0,x,1),3,0,CFLIP,none<=12,
5,flip;+1,flip;-1?0,A=(flip;+1) B=(flip;-1?0),period3,(0,x,1),3,0,CNEXT,none<=12,
5,flip;+1,flip;-1?0,A=(flip;+1) B=(flip;-1?0),period3,(0,x,1),3,0,CPREV,none<=12,
5,flip;+1,flip;-1?0,A=(flip;+1) B=(flip;-1?0),period3,(0,x,1),3,1,FLIP,none<=12,
5,flip;+1,flip;-1?0,A=(flip;+1) B=(flip;-1?0),period3,(0,x,1),3,1,NEXT,ABAABA,6
5,flip;+1,flip;-1?0,A=(flip;+1) B=(flip;-1?0),period3,(0,x,1),3,1,PREV,none<=12,
5,flip;+1,flip;-1?0,A=(flip;+1) B=(flip;-1?0),period3,(0,x,1),3,1,CFLIP,none<=12,
5,flip;+1,flip;-1?0,A=(flip;+1) B=(flip;-1?0),period3,(0,x,1),3,1,CNEXT,none<=12,
5,flip;+1,flip;-1?0,A=(flip;+1) B=(flip;-1?0),period3,(0,x,1),3,1,CPREV,none<=12,
5,flip;+1,flip;-1?0,A=(flip;+1) B=(flip;-1?0),period3,(0,x,1),3,2,FLIP,BAB,3
5,flip;+1,flip;-1?0,A=(flip;+1) B=(flip;-1?0),period3,(0,x,1),3,2,NEXT,ABBABAABAB,10
5,flip;+1,flip;-1?0,A=(flip;+1) B=(flip;-1?0),period3,(0,x,1),3,2,PREV,none<=12,
5,flip;+1,flip;-1?0,A=(flip;+1) B=(flip;-1?0),period3,(0,x,1),3,2,CFLIP,none<=12,
5,flip;+1,flip;-1?0,A=(flip;+1) B=(flip;-1?0),period3,(0,x,1),3,2,CNEXT,none<=12,
5,flip;+1,flip;-1?0,A=(flip;+1) B=(flip;-1?0),period3,(0,x,1),3,2,CPREV,none<=12,
5,flip;+1,flip;-1?0,A=(flip;+1) B=(flip;-1?0),period3,(x,0,0),3,0,FLIP,ABB,3
5,flip;+1,flip;-1?0,A=(flip;+1) B=(flip;-1?0),period3,(x,0,0),3,0,NEXT,ABBABABA,8
5,flip;+1,flip;-1?0,A=(flip;+1) B=(flip;-1?0),period3,(x,0,0),3,0,PREV,none<=12,
5,flip;+1,flip;-1?0,A=(flip;+1) B=(flip;-1?0),period3,(x,0,0),3,0,CFLIP,none<=12,
5,flip;+1,flip;-1?0,A=(flip;+1) B=(flip;-1?0),period3,(x,0,0),3,0,CNEXT,none<=12,
5,flip;+1,flip;-1?0,A=(flip;+1) B=(flip;-1?0),period3,(x,0,0),3,0,CPREV,none<=12,
5,flip;+1,flip;-1?0,A=(flip;+1) B=(flip;-1?0),period3,(x,0,0),3,1,FLIP,BBA,3
5,flip;+1,flip;-1?0,A=(flip;+1) B=(flip;-1?0),period3,(x,0,0),3,1,NEXT,BABAABBA,8
5,flip;+1,flip;-1?0,A=(flip;+1) B=(flip;-1?0),period3,(x,0,0),3,1,PREV,none<=12,
5,flip;+1,flip;-1?0,A=(flip;+1) B=(flip;-1?0),period3,(x,0,0),3,1,CFLIP,none<=12,
5,flip;+1,flip;-1?0,A=(flip;+1) B=(flip;-1?0),period3,(x,0,0),3,1,CNEXT,none<=12,
5,flip;+1,flip;-1?0,A=(flip;+1) B=(flip;-1?0),period3,(x,0,0),3,1,CPREV,none<=12,
5,flip;+1,flip;-1?0,A=(flip;+1) B=(flip;-1?0),period3,(x,0,0),3,2,FLIP,BBBBABA,7
5,flip;+1,flip;-1?0,A=(flip;+1) B=(flip;-1?0),period3,(x,0,0),3,2,NEXT,BAABBABA,8
5,flip;+1,flip;-1?0,A=(flip;+1) B=(flip;-1?0),period3,(x,0,0),3,2,PREV,none<=12,
5,flip;+1,flip;-1?0,A=(flip;+1) B=(flip;-1?0),period3,(x,0,0),3,2,CFLIP,none<=12,
5,flip;+1,flip;-1?0,A=(flip;+1) B=(flip;-1?0),period3,(x,0,0),3,2,CNEXT,none<=12,
5,flip;+1,flip;-1?0,A=(flip;+1) B=(flip;-1?0),period3,(x,0,0),3,2,CPREV,none<=12,
5,flip;+1,flip;-1?0,A=(flip;+1) B=(flip;-1?0),period3,(0,0,x),3,0,FLIP,none<=12,
5,flip;+1,flip;-1?0,A=(flip;+1) B=(flip;-1?0),period3,(0,0,x),3,0,NEXT,BABAABBA,8
5,flip;+1,flip;-1?0,A=(flip;+1) B=(flip;-1?0),period3,(0,0,x),3,0,PREV,none<=12,
5,flip;+1,flip;-1?0,A=(flip;+1) B=(flip;-1?0),period3,(0,0,x),3,0,CFLIP,none<=12,
5,flip;+1,flip;-1?0,A=(flip;+1) B=(flip;-1?0),period3,(0,0,x),3,0,CNEXT,none<=12,
5,flip;+1,flip;-1?0,A=(flip;+1) B=(flip;-1?0),period3,(0,0,x),3,0,CPREV,none<=12,
5,flip;+1,flip;-1?0,A=(flip;+1) B=(flip;-1?0),period3,(0,0,x),3,1,FLIP,none<=12,
5,flip;+1,flip;-1?0,A=(flip;+1) B=(flip;-1?0),period3,(0,0,x),3,1,NEXT,BAABBABA,8
5,flip;+1,flip;-1?0,A=(flip;+1) B=(flip;-1?0),period3,(0,0,x),3,1,PREV,none<=12,
5,flip;+1,flip;-1?0,A=(flip;+1) B=(flip;-1?0),period3,(0,0,x),3,1,CFLIP,none<=12,
5,flip;+1,flip;-1?0,A=(flip;+1) B=(flip;-1?0),period3,(0,0,x),3,1,CNEXT,none<=12,
5,flip;+1,flip;-1?0,A=(flip;+1) B=(flip;-1?0),period3,(0,0,x),3,1,CPREV,none<=12,
5,flip;+1,flip;-1?0,A=(flip;+1) B=(flip;-1?0),period3,(0,0,x),3,2,FLIP,ABB,3
5,flip;+1,flip;-1?0,A=(flip;+1) B=(flip;-1?0),period3,(0,0,x),3,2,NEXT,ABBABABA,8
5,flip;+1,flip;-1?0,A=(flip;+1) B=(flip;-1?0),period3,(0,0,x),3,2,PREV,none<=12,
5,flip;+1,flip;-1?0,A=(flip;+1) B=(flip;-1?0),period3,(0,0,x),3,2,CFLIP,none<=12,
5,flip;+1,flip;-1?0,A=(flip;+1) B=(flip;-1?0),period3,(0,0,x),3,2,CNEXT,none<=12,
5,flip;+1,flip;-1?0,A=(flip;+1) B=(flip;-1?0),period3,(0,0,x),3,2,CPREV,none<=12,
5,flip;+1,flip;-1?0,A=(flip;+1) B=(flip;-1?0),period3,(0,x,0),3,0,FLIP,none<=12,
5,flip;+1,flip;-1?0,A=(flip;+1) B=(flip;-1?0),period3,(0,x,0),3,0,NEXT,BAABBABA,8
5,flip;+1,flip;-1?0,A=(flip;+1) B=(flip;-1?0),period3,(0,x,0),3,0,PREV,none<=12,
5,flip;+1,flip;-1?0,A=(flip;+1) B=(flip;-1?0),period3,(0,x,0),3,0,CFLIP,none<=12,
5,flip;+1,flip;-1?0,A=(flip;+1) B=(flip;-1?0),period3,(0,x,0),3,0,CNEXT,none<=12,
5,flip;+1,flip;-1?0,A=(flip;+1) B=(flip;-1?0),period3,(0,x,0),3,0,CPREV,none<=12,
5,flip;+1,flip;-1?0,A=(flip;+1) B=(flip;-1?0),period3,(0,x,0),3,1,FLIP,ABB,3
5,flip;+1,flip;-1?0,A=(flip;+1) B=(flip;-1?0),period3,(0,x,0),3,1,NEXT,ABBABABA,8
5,flip;+1,flip;-1?0,A=(flip;+1) B=(flip;-1?0),period3,(0,x,0),3,1,PREV,none<=12,
5,flip;+1,flip;-1?0,A=(flip;+1) B=(flip;-1?0),period3,(0,x,0),3,1,CFLIP,none<=12,
5,flip;+1,flip;-1?0,A=(flip;+1) B=(flip;-1?0),period3,(0,x,0),3,1,CNEXT,none<=12,
5,flip;+1,flip;-1?0,A=(flip;+1) B=(flip;-1?0),period3,(0,x,0),3,1,CPREV,none<=12,
5,flip;+1,flip;-1?0,A=(flip;+1) B=(flip;-1?0),period3,(0,x,0),3,2,FLIP,BBA,3
5,flip;+1,flip;-1?0,A=(flip;+1) B=(flip;-1?0),period3,(0,x,0),3,2,NEXT,BABAABBA,8
5,flip;+1,flip;-1?0,A=(flip;+1) B=(flip;-1?0),period3,(0,x,0),3,2,PREV,none<=12,
5,flip;+1,flip;-1?0,A=(flip;+1) B=(flip;-1?0),period3,(0,x,0),3,2,CFLIP,none<=12,
5,flip;+1,flip;-1?0,A=(flip;+1) B=(flip;-1?0),period3,(0,x,0),3,2,CNEXT,none<=12,
5,flip;+1,flip;-1?0,A=(flip;+1) B=(flip;-1?0),period3,(0,x,0),3,2,CPREV,none<=12,
5,flip;+1,flip;-1?0,A=(flip;+1) B=(flip;-1?0),period3,(x,1,1),3,0,FLIP,none<=12,
5,flip;+1,flip;-1?0,A=(flip;+1) B=(flip;-1?0),period3,(x,1,1),3,0,NEXT,AABBBAAA,8
5,flip;+1,flip;-1?0,A=(flip;+1) B=(flip;-1?0),period3,(x,1,1),3,0,PREV,none<=12,
5,flip;+1,flip;-1?0,A=(flip;+1) B=(flip;-1?0),period3,(x,1,1),3,0,CFLIP,none<=12,
5,flip;+1,flip;-1?0,A=(flip;+1) B=(flip;-1?0),period3,(x,1,1),3,0,CNEXT,none<=12,
5,flip;+1,flip;-1?0,A=(flip;+1) B=(flip;-1?0),period3,(x,1,1),3,0,CPREV,none<=12,
5,flip;+1,flip;-1?0,A=(flip;+1) B=(flip;-1?0),period3,(x,1,1),3,1,FLIP,BAB,3
5,flip;+1,flip;-1?0,A=(flip;+1) B=(flip;-1?0),period3,(x,1,1),3,1,NEXT,ABAAABAB,8
5,flip;+1,flip;-1?0,A=(flip;+1) B=(flip;-1?0),period3,(x,1,1),3,1,PREV,none<=12,
5,flip;+1,flip;-1?0,A=(flip;+1) B=(flip;-1?0),period3,(x,1,1),3,1,CFLIP,none<=12,
5,flip;+1,flip;-1?0,A=(flip;+1) B=(flip;-1?0),period3,(x,1,1),3,1,CNEXT,none<=12,
5,flip;+1,flip;-1?0,A=(flip;+1) B=(flip;-1?0),period3,(x,1,1),3,1,CPREV,none<=12,
5,flip;+1,flip;-1?0,A=(flip;+1) B=(flip;-1?0),period3,(x,1,1),3,2,FLIP,BBAAB,5
5,flip;+1,flip;-1?0,A=(flip;+1) B=(flip;-1?0),period3,(x,1,1),3,2,NEXT,BABBAAABAA,10
5,flip;+1,flip;-1?0,A=(flip;+1) B=(flip;-1?0),period3,(x,1,1),3,2,PREV,none<=12,
5,flip;+1,flip;-1?0,A=(flip;+1) B=(flip;-1?0),period3,(x,1,1),3,2,CFLIP,none<=12,
5,flip;+1,flip;-1?0,A=(flip;+1) B=(flip;-1?0),period3,(x,1,1),3,2,CNEXT,none<=12,
5,flip;+1,flip;-1?0,A=(flip;+1) B=(flip;-1?0),period3,(x,1,1),3,2,CPREV,none<=12,
5,flip;+1,flip;-1?0,A=(flip;+1) B=(flip;-1?0),period3,(1,1,x),3,0,FLIP,none<=12,
5,flip;+1,flip;-1?0,A=(flip;+1) B=(flip;-1?0),period3,(1,1,x),3,0,NEXT,ABAAABAB,8
5,flip;+1,flip;-1?0,A=(flip;+1) B=(flip;-1?0),period3,(1,1,x),3,0,PREV,none<=12,
5,flip;+1,flip;-1?0,A=(flip;+1) B=(flip;-1?0),period3,(1,1,x),3,0,CFLIP,none<=12,
5,flip;+1,flip;-1?0,A=(flip;+1) B=(flip;-1?0),period3,(1,1,x),3,0,CNEXT,none<=12,
5,flip;+1,flip;-1?0,A=(flip;+1) B=(flip;-1?0),period3,(1,1,x),3,0,CPREV,none<=12,
5,flip;+1,flip;-1?0,A=(flip;+1) B=(flip;-1?0),period3,(1,1,x),3,1,FLIP,none<=12,
5,flip;+1,flip;-1?0,A=(flip;+1) B=(flip;-1?0),period3,(1,1,x),3,1,NEXT,BABBAAABAA,10
5,flip;+1,flip;-1?0,A=(flip;+1) B=(flip;-1?0),period3,(1,1,x),3,1,PREV,none<=12,
5,flip;+1,flip;-1?0,A=(flip;+1) B=(flip;-1?0),period3,(1,1,x),3,1,CFLIP,none<=12,
5,flip;+1,flip;-1?0,A=(flip;+1) B=(flip;-1?0),period3,(1,1,x),3,1,CNEXT,none<=12,
5,flip;+1,flip;-1?0,A=(flip;+1) B=(flip;-1?0),period3,(1,1,x),3,1,CPREV,none<=12,
5,flip;+1,flip;-1?0,A=(flip;+1) B=(flip;-1?0),period3,(1,1,x),3,2,FLIP,none<=12,
5,flip;+1,flip;-1?0,A=(flip;+1) B=(flip;-1?0),period3,(1,1,x),3,2,NEXT,AABBBAAA,8
5,flip;+1,flip;-1?0,A=(flip;+1) B=(flip;-1?0),period3,(1,1,x),3,2,PREV,none<=12,
5,flip;+1,flip;-1?0,A=(flip;+1) B=(flip;-1?0),period3,(1,1,x),3,2,CFLIP,none<=12,
5,flip;+1,flip;-1?0,A=(flip;+1) B=(flip;-1?0),period3,(1,1,x),3,2,CNEXT,none<=12,
5,flip;+1,flip;-1?0,A=(flip;+1) B=(flip;-1?0),period3,(1,1,x),3,2,CPREV,none<=12,
5,flip;+1,flip;-1?0,A=(flip;+1) B=(flip;-1?0),period3,(1,x,1),3,0,FLIP,none<=12,
5,flip;+1,flip;-1?0,A=(flip;+1) B=(flip;-1?0),period3,(1,x,1),3,0,NEXT,BABBAAABAA,10
5,flip;+1,flip;-1?0,A=(flip;+1) B=(flip;-1?0),period3,(1,x,1),3,0,PREV,none<=12,
5,flip;+1,flip;-1?0,A=(flip;+1) B=(flip;-1?0),period3,(1,x,1),3,0,CFLIP,none<=12,
5,flip;+1,flip;-1?0,A=(flip;+1) B=(flip;-1?0),period3,(1,x,1),3,0,CNEXT,none<=12,
5,flip;+1,flip;-1?0,A=(flip;+1) B=(flip;-1?0),period3,(1,x,1),3,0,CPREV,none<=12,
5,flip;+1,flip;-1?0,A=(flip;+1) B=(flip;-1?0),period3,(1,x,1),3,1,FLIP,none<=12,
5,flip;+1,flip;-1?0,A=(flip;+1) B=(flip;-1?0),period3,(1,x,1),3,1,NEXT,AABBBAAA,8
5,flip;+1,flip;-1?0,A=(flip;+1) B=(flip;-1?0),period3,(1,x,1),3,1,PREV,none<=12,
5,flip;+1,flip;-1?0,A=(flip;+1) B=(flip;-1?0),period3,(1,x,1),3,1,CFLIP,none<=12,
5,flip;+1,flip;-1?0,A=(flip;+1) B=(flip;-1?0),period3,(1,x,1),3,1,CNEXT,none<=12,
5,flip;+1,flip;-1?0,A=(flip;+1) B=(flip;-1?0),period3,(1,x,1),3,1,CPREV,none<=12,
5,flip;+1,flip;-1?0,A=(flip;+1) B=(flip;-1?0),period3,(1,x,1),3,2,FLIP,BAB,3
5,flip;+1,flip;-1?0,A=(flip;+1) B=(flip;-1?0),period3,(1,x,1),3,2,NEXT,ABAAABAB,8
5,flip;+1,flip;-1?0,A=(flip;+1) B=(flip;-1?0),period3,(1,x,1),3,2,PREV,none<=12,
5,flip;+1,flip;-1?0,A=(flip;+1) B=(flip;-1?0),period3,(1,x,1),3,2,CFLIP,none<=12,
5,flip;+1,flip;-1?0,A=(flip;+1) B=(flip;-1?0),period3,(1,x,1),3,2,CNEXT,none<=12,
5,flip;+1,flip;-1?0,A=(flip;+1) B=(flip;-1?0),period3,(1,x,1),3,2,CPREV,none<=12,
6,flip;+1,-1?0;flip,A=(flip;+1) B=(-1?0;flip),none,(x),1,0,FLIP,none<=12,
6,flip;+1,-1?0;flip,A=(flip;+1) B=(-1?0;flip),none,(x),1,0,NEXT,none<=12,
6,flip;+1,-1?0;flip,A=(flip;+1) B=(-1?0;flip),none,(x),1,0,PREV,none<=12,
6,flip;+1,-1?0;flip,A=(flip;+1) B=(-1?0;flip),none,(x),1,0,CFLIP,none<=12,
6,flip;+1,-1?0;flip,A=(flip;+1) B=(-1?0;flip),none,(x),1,0,CNEXT,BA,2
6,flip;+1,-1?0;flip,A=(flip;+1) B=(-1?0;flip),none,(x),1,0,CPREV,none<=12,
6,flip;+1,-1?0;flip,A=(flip;+1) B=(-1?0;flip),dual,(x,n),2,0,FLIP,none<=12,
6,flip;+1,-1?0;flip,A=(flip;+1) B=(-1?0;flip),dual,(x,n),2,0,NEXT,none<=12,
6,flip;+1,-1?0;flip,A=(flip;+1) B=(-1?0;flip),dual,(x,n),2,0,PREV,none<=12,
6,flip;+1,-1?0;flip,A=(flip;+1) B=(-1?0;flip),dual,(x,n),2,0,CFLIP,none<=12,
6,flip;+1,-1?0;flip,A=(flip;+1) B=(-1?0;flip),dual,(x,n),2,0,CNEXT,none<=12,
6,flip;+1,-1?0;flip,A=(flip;+1) B=(-1?0;flip),dual,(x,n),2,0,CPREV,none<=12,
6,flip;+1,-1?0;flip,A=(flip;+1) B=(-1?0;flip),dual,(x,n),2,1,FLIP,none<=12,
6,flip;+1,-1?0;flip,A=(flip;+1) B=(-1?0;flip),dual,(x,n),2,1,NEXT,none<=12,
6,flip;+1,-1?0;flip,A=(flip;+1) B=(-1?0;flip),dual,(x,n),2,1,PREV,none<=12,
6,flip;+1,-1?0;flip,A=(flip;+1) B=(-1?0;flip),dual,(x,n),2,1,CFLIP,none<=12,
6,flip;+1,-1?0;flip,A=(flip;+1) B=(-1?0;flip),dual,(x,n),2,1,CNEXT,none<=12,
6,flip;+1,-1?0;flip,A=(flip;+1) B=(-1?0;flip),dual,(x,n),2,1,CPREV,none<=12,
6,flip;+1,-1?0;flip,A=(flip;+1) B=(-1?0;flip),dual,(n,x),2,0,FLIP,none<=12,
6,flip;+1,-1?0;flip,A=(flip;+1) B=(-1?0;flip),dual,(n,x),2,0,NEXT,none<=12,
6,flip;+1,-1?0;flip,A=(flip;+1) B=(-1?0;flip),dual,(n,x),2,0,PREV,none<=12,
6,flip;+1,-1?0;flip,A=(flip;+1) B=(-1?0;flip),dual,(n,x),2,0,CFLIP,none<=12,
6,flip;+1,-1?0;flip,A=(flip;+1) B=(-1?0;flip),dual,(n,x),2,0,CNEXT,none<=12,
6,flip;+1,-1?0;flip,A=(flip;+1) B=(-1?0;flip),dual,(n,x),2,0,CPREV,none<=12,
6,flip;+1,-1?0;flip,A=(flip;+1) B=(-1?0;flip),dual,(n,x),2,1,FLIP,none<=12,
6,flip;+1,-1?0;flip,A=(flip;+1) B=(-1?0;flip),dual,(n,x),2,1,NEXT,none<=12,
6,flip;+1,-1?0;flip,A=(flip;+1) B=(-1?0;flip),dual,(n,x),2,1,PREV,none<=12,
6,flip;+1,-1?0;flip,A=(flip;+1) B=(-1?0;flip),dual,(n,x),2,1,CFLIP,none<=12,
6,flip;+1,-1?0;flip,A=(flip;+1) B=(-1?0;flip),dual,(n,x),2,1,CNEXT,none<=12,
6,flip;+1,-1?0;flip,A=(flip;+1) B=(-1?0;flip),dual,(n,x),2,1,CPREV,none<=12,
6,flip;+1,-1?0;flip,A=(flip;+1) B=(-1?0;flip),scratch,(x,1),2,0,FLIP,none<=12,
6,flip;+1,-1?0;flip,A=(flip;+1) B=(-1?0;flip),scratch,(x,1),2,0,NEXT,none<=12,
6,flip;+1,-1?0;flip,A=(flip;+1) B=(-1?0;flip),scratch,(x,1),2,0,PREV,none<=12,
6,flip;+1,-1?0;flip,A=(flip;+1) B=(-1?0;flip),scratch,(x,1),2,0,CFLIP,none<=12,
6,flip;+1,-1?0;flip,A=(flip;+1) B=(-1?0;flip),scratch,(x,1),2,0,CNEXT,BABA,4
6,flip;+1,-1?0;flip,A=(flip;+1) B=(-1?0;flip),scratch,(x,1),2,0,CPREV,none<=12,
6,flip;+1,-1?0;flip,A=(flip;+1) B=(-1?0;flip),scratch,(x,1),2,1,FLIP,none<=12,
6,flip;+1,-1?0;flip,A=(flip;+1) B=(-1?0;flip),scratch,(x,1),2,1,NEXT,none<=12,
6,flip;+1,-1?0;flip,A=(flip;+1) B=(-1?0;flip),scratch,(x,1),2,1,PREV,none<=12,
6,flip;+1,-1?0;flip,A=(flip;+1) B=(-1?0;flip),scratch,(x,1),2,1,CFLIP,none<=12,
6,flip;+1,-1?0;flip,A=(flip;+1) B=(-1?0;flip),scratch,(x,1),2,1,CNEXT,none<=12,
6,flip;+1,-1?0;flip,A=(flip;+1) B=(-1?0;flip),scratch,(x,1),2,1,CPREV,none<=12,
6,flip;+1,-1?0;flip,A=(flip;+1) B=(-1?0;flip),scratch,(1,x),2,0,FLIP,none<=12,
6,flip;+1,-1?0;flip,A=(flip;+1) B=(-1?0;flip),scratch,(1,x),2,0,NEXT,none<=12,
6,flip;+1,-1?0;flip,A=(flip;+1) B=(-1?0;flip),scratch,(1,x),2,0,PREV,none<=12,
6,flip;+1,-1?0;flip,A=(flip;+1) B=(-1?0;flip),scratch,(1,x),2,0,CFLIP,none<=12,
6,flip;+1,-1?0;flip,A=(flip;+1) B=(-1?0;flip),scratch,(1,x),2,0,CNEXT,none<=12,
6,flip;+1,-1?0;flip,A=(flip;+1) B=(-1?0;flip),scratch,(1,x),2,0,CPREV,none<=12,
6,flip;+1,-1?0;flip,A=(flip;+1) B=(-1?0;flip),scratch,(1,x),2,1,FLIP,none<=12,
6,flip;+1,-1?0;flip,A=(flip;+1) B=(-1?0;flip),scratch,(1,x),2,1,NEXT,none<=12,
6,flip;+1,-1?0;flip,A=(flip;+1) B=(-1?0;flip),scratch,(1,x),2,1,PREV,none<=12,
6,flip;+1,-1?0;flip,A=(flip;+1) B=(-1?0;flip),scratch,(1,x),2,1,CFLIP,none<=12,
6,flip;+1,-1?0;flip,A=(flip;+1) B=(-1?0;flip),scratch,(1,x),2,1,CNEXT,BABA,4
6,flip;+1,-1?0;flip,A=(flip;+1) B=(-1?0;flip),scratch,(1,x),2,1,CPREV,none<=12,
6,flip;+1,-1?0;flip,A=(flip;+1) B=(-1?0;flip),scratch,(x,0),2,0,FLIP,none<=12,
6,flip;+1,-1?0;flip,A=(flip;+1) B=(-1?0;flip),scratch,(x,0),2,0,NEXT,none<=12,
6,flip;+1,-1?0;flip,A=(flip;+1) B=(-1?0;flip),scratch,(x,0),2,0,PREV,none<=12,
6,flip;+1,-1?0;flip,A=(flip;+1) B=(-1?0;flip),scratch,(x,0),2,0,CFLIP,none<=12,
6,flip;+1,-1?0;flip,A=(flip;+1) B=(-1?0;flip),scratch,(x,0),2,0,CNEXT,none<=12,
6,flip;+1,-1?0;flip,A=(flip;+1) B=(-1?0;flip),scratch,(x,0),2,0,CPREV,none<=12,
6,flip;+1,-1?0;flip,A=(flip;+1) B=(-1?0;flip),scratch,(x,0),2,1,FLIP,none<=12,
6,flip;+1,-1?0;flip,A=(flip;+1) B=(-1?0;flip),scratch,(x,0),2,1,NEXT,none<=12,
6,flip;+1,-1?0;flip,A=(flip;+1) B=(-1?0;flip),scratch,(x,0),2,1,PREV,none<=12,
6,flip;+1,-1?0;flip,A=(flip;+1) B=(-1?0;flip),scratch,(x,0),2,1,CFLIP,none<=12,
6,flip;+1,-1?0;flip,A=(flip;+1) B=(-1?0;flip),scratch,(x,0),2,1,CNEXT,none<=12,
6,flip;+1,-1?0;flip,A=(flip;+1) B=(-1?0;flip),scratch,(x,0),2,1,CPREV,none<=12,
6,flip;+1,-1?0;flip,A=(flip;+1) B=(-1?0;flip),scratch,(0,x),2,0,FLIP,none<=12,
6,flip;+1,-1?0;flip,A=(flip;+1) B=(-1?0;flip),scratch,(0,x),2,0,NEXT,none<=12,
6,flip;+1,-1?0;flip,A=(flip;+1) B=(-1?0;flip),scratch,(0,x),2,0,PREV,none<=12,
6,flip;+1,-1?0;flip,A=(flip;+1) B=(-1?0;flip),scratch,(0,x),2,0,CFLIP,none<=12,
6,flip;+1,-1?0;flip,A=(flip;+1) B=(-1?0;flip),scratch,(0,x),2,0,CNEXT,none<=12,
6,flip;+1,-1?0;flip,A=(flip;+1) B=(-1?0;flip),scratch,(0,x),2,0,CPREV,none<=12,
6,flip;+1,-1?0;flip,A=(flip;+1) B=(-1?0;flip),scratch,(0,x),2,1,FLIP,none<=12,
6,flip;+1,-1?0;flip,A=(flip;+1) B=(-1?0;flip),scratch,(0,x),2,1,NEXT,none<=12,
6,flip;+1,-1?0;flip,A=(flip;+1) B=(-1?0;flip),scratch,(0,x),2,1,PREV,none<=12,
6,flip;+1,-1?0;flip,A=(flip;+1) B=(-1?0;flip),scratch,(0,x),2,1,CFLIP,none<=12,
6,flip;+1,-1?0;flip,A=(flip;+1) B=(-1?0;flip),scratch,(0,x),2,1,CNEXT,none<=12,
6,flip;+1,-1?0;flip,A=(flip;+1) B=(-1?0;flip),scratch,(0,x),2,1,CPREV,none<=12,
6,flip;+1,-1?0;flip,A=(flip;+1) B=(-1?0;flip),period3,(x,0,1),3,0,FLIP,none<=12,
6,flip;+1,-1?0;flip,A=(flip;+1) B=(-1?0;flip),period3,(x,0,1),3,0,NEXT,none<=12,
6,flip;+1,-1?0;flip,A=(flip;+1) B=(-1?0;flip),period3,(x,0,1),3,0,PREV,none<=12,
6,flip;+1,-1?0;flip,A=(flip;+1) B=(-1?0;flip),period3,(x,0,1),3,0,CFLIP,none<=12,
6,flip;+1,-1?0;flip,A=(flip;+1) B=(-1?0;flip),period3,(x,0,1),3,0,CNEXT,none<=12,
6,flip;+1,-1?0;flip,A=(flip;+1) B=(-1?0;flip),period3,(x,0,1),3,0,CPREV,none<=12,
6,flip;+1,-1?0;flip,A=(flip;+1) B=(-1?0;flip),period3,(x,0,1),3,1,FLIP,none<=12,
6,flip;+1,-1?0;flip,A=(flip;+1) B=(-1?0;flip),period3,(x,0,1),3,1,NEXT,none<=12,
6,flip;+1,-1?0;flip,A=(flip;+1) B=(-1?0;flip),period3,(x,0,1),3,1,PREV,none<=12,
6,flip;+1,-1?0;flip,A=(flip;+1) B=(-1?0;flip),period3,(x,0,1),3,1,CFLIP,none<=12,
6,flip;+1,-1?0;flip,A=(flip;+1) B=(-1?0;flip),period3,(x,0,1),3,1,CNEXT,none<=12,
6,flip;+1,-1?0;flip,A=(flip;+1) B=(-1?0;flip),period3,(x,0,1),3,1,CPREV,none<=12,
6,flip;+1,-1?0;flip,A=(flip;+1) B=(-1?0;flip),period3,(x,0,1),3,2,FLIP,none<=12,
6,flip;+1,-1?0;flip,A=(flip;+1) B=(-1?0;flip),period3,(x,0,1),3,2,NEXT,none<=12,
6,flip;+1,-1?0;flip,A=(flip;+1) B=(-1?0;flip),period3,(x,0,1),3,2,PREV,none<=12,
6,flip;+1,-1?0;flip,A=(flip;+1) B=(-1?0;flip),period3,(x,0,1),3,2,CFLIP,none<=12,
6,flip;+1,-1?0;flip,A=(flip;+1) B=(-1?0;flip),period3,(x,0,1),3,2,CNEXT,none<=12,
6,flip;+1,-1?0;flip,A=(flip;+1) B=(-1?0;flip),period3,(x,0,1),3,2,CPREV,none<=12,
6,flip;+1,-1?0;flip,A=(flip;+1) B=(-1?0;flip),period3,(0,1,x),3,0,FLIP,none<=12,
6,flip;+1,-1?0;flip,A=(flip;+1) B=(-1?0;flip),period3,(0,1,x),3,0,NEXT,none<=12,
6,flip;+1,-1?0;flip,A=(flip;+1) B=(-1?0;flip),period3,(0,1,x),3,0,PREV,none<=12,
6,flip;+1,-1?0;flip,A=(flip;+1) B=(-1?0;flip),period3,(0,1,x),3,0,CFLIP,none<=12,
6,flip;+1,-1?0;flip,A=(flip;+1) B=(-1?0;flip),period3,(0,1,x),3,0,CNEXT,none<=12,
6,flip;+1,-1?0;flip,A=(flip;+1) B=(-1?0;flip),period3,(0,1,x),3,0,CPREV,none<=12,
6,flip;+1,-1?0;flip,A=(flip;+1) B=(-1?0;flip),period3,(0,1,x),3,1,FLIP,none<=12,
6,flip;+1,-1?0;flip,A=(flip;+1) B=(-1?0;flip),period3,(0,1,x),3,1,NEXT,none<=12,
6,flip;+1,-1?0;flip,A=(flip;+1) B=(-1?0;flip),period3,(0,1,x),3,1,PREV,none<=12,
6,flip;+1,-1?0;flip,A=(flip;+1) B=(-1?0;flip),period3,(0,1,x),3,1,CFLIP,none<=12,
6,flip;+1,-1?0;flip,A=(flip;+1) B=(-1?0;flip),period3,(0,1,x),3,1,CNEXT,none<=12,
6,flip;+1,-1?0;flip,A=(flip;+1) B=(-1?0;flip),period3,(0,1,x),3,1,CPREV,none<=12,
6,flip;+1,-1?0;flip,A=(flip;+1) B=(-1?0;flip),period3,(0,1,x),3,2,FLIP,none<=12,
6,flip;+1,-1?0;flip,A=(flip;+1) B=(-1?0;flip),period3,(0,1,x),3,2,NEXT,none<=12,
6,flip;+1,-1?0;flip,A=(flip;+1) B=(-1?0;flip),period3,(0,1,x),3,2,PREV,none<=12,
6,flip;+1,-1?0;flip,A=(flip;+1) B=(-1?0;flip),period3,(0,1,x),3,2,CFLIP,none<=12,
6,flip;+1,-1?0;flip,A=(flip;+1) B=(-1?0;flip),period3,(0,1,x),3,2,CNEXT,none<=12,
6,flip;+1,-1?0;flip,A=(flip;+1) B=(-1?0;flip),period3,(0,1,x),3,2,CPREV,none<=12,
6,flip;+1,-1?0;flip,A=(flip;+1) B=(-1?0;flip),period3,(1,x,0),3,0,FLIP,none<=12,
6,flip;+1,-1?0;flip,A=(flip;+1) B=(-1?0;flip),period3,(1,x,0),3,0,NEXT,none<=12,
6,flip;+1,-1?0;flip,A=(flip;+1) B=(-1?0;flip),period3,(1,x,0),3,0,PREV,none<=12,
6,flip;+1,-1?0;flip,A=(flip;+1) B=(-1?0;flip),period3,(1,x,0),3,0,CFLIP,none<=12,
6,flip;+1,-1?0;flip,A=(flip;+1) B=(-1?0;flip),period3,(1,x,0),3,0,CNEXT,none<=12,
6,flip;+1,-1?0;flip,A=(flip;+1) B=(-1?0;flip),period3,(1,x,0),3,0,CPREV,none<=12,
6,flip;+1,-1?0;flip,A=(flip;+1) B=(-1?0;flip),period3,(1,x,0),3,1,FLIP,none<=12,
6,flip;+1,-1?0;flip,A=(flip;+1) B=(-1?0;flip),period3,(1,x,0),3,1,NEXT,none<=12,
6,flip;+1,-1?0;flip,A=(flip;+1) B=(-1?0;flip),period3,(1,x,0),3,1,PREV,none<=12,
6,flip;+1,-1?0;flip,A=(flip;+1) B=(-1?0;flip),period3,(1,x,0),3,1,CFLIP,none<=12,
6,flip;+1,-1?0;flip,A=(flip;+1) B=(-1?0;flip),period3,(1,x,0),3,1,CNEXT,none<=12,
6,flip;+1,-1?0;flip,A=(flip;+1) B=(-1?0;flip),period3,(1,x,0),3,1,CPREV,none<=12,
6,flip;+1,-1?0;flip,A=(flip;+1) B=(-1?0;flip),period3,(1,x,0),3,2,FLIP,none<=12,
6,flip;+1,-1?0;flip,A=(flip;+1) B=(-1?0;flip),period3,(1,x,0),3,2,NEXT,none<=12,
6,flip;+1,-1?0;flip,A=(flip;+1) B=(-1?0;flip),period3,(1,x,0),3,2,PREV,none<=12,
6,flip;+1,-1?0;flip,A=(flip;+1) B=(-1?0;flip),period3,(1,x,0),3,2,CFLIP,none<=12,
6,flip;+1,-1?0;flip,A=(flip;+1) B=(-1?0;flip),period3,(1,x,0),3,2,CNEXT,none<=12,
6,flip;+1,-1?0;flip,A=(flip;+1) B=(-1?0;flip),period3,(1,x,0),3,2,CPREV,none<=12,
6,flip;+1,-1?0;flip,A=(flip;+1) B=(-1?0;flip),period3,(x,1,0),3,0,FLIP,none<=12,
6,flip;+1,-1?0;flip,A=(flip;+1) B=(-1?0;flip),period3,(x,1,0),3,0,NEXT,none<=12,
6,flip;+1,-1?0;flip,A=(flip;+1) B=(-1?0;flip),period3,(x,1,0),3,0,PREV,none<=12,
6,flip;+1,-1?0;flip,A=(flip;+1) B=(-1?0;flip),period3,(x,1,0),3,0,CFLIP,none<=12,
6,flip;+1,-1?0;flip,A=(flip;+1) B=(-1?0;flip),period3,(x,1,0),3,0,CNEXT,none<=12,
6,flip;+1,-1?0;flip,A=(flip;+1) B=(-1?0;flip),period3,(x,1,0),3,0,CPREV,none<=12,
6,flip;+1,-1?0;flip,A=(flip;+1) B=(-1?0;flip),period3,(x,1,0),3,1,FLIP,none<=12,
6,flip;+1,-1?0;flip,A=(flip;+1) B=(-1?0;flip),period3,(x,1,0),3,1,NEXT,none<=12,
6,flip;+1,-1?0;flip,A=(flip;+1) B=(-1?0;flip),period3,(x,1,0),3,1,PREV,none<=12,
6,flip;+1,-1?0;flip,A=(flip;+1) B=(-1?0;flip),period3,(x,1,0),3,1,CFLIP,none<=12,
6,flip;+1,-1?0;flip,A=(flip;+1) B=(-1?0;flip),period3,(x,1,0),3,1,CNEXT,none<=12,
6,flip;+1,-1?0;flip,A=(flip;+1) B=(-1?0;flip),period3,(x,1,0),3,1,CPREV,none<=12,
6,flip;+1,-1?0;flip,A=(flip;+1) B=(-1?0;flip),period3,(x,1,0),3,2,FLIP,none<=12,
6,flip;+1,-1?0;flip,A=(flip;+1) B=(-1?0;flip),period3,(x,1,0),3,2,NEXT,none<=12,
6,flip;+1,-1?0;flip,A=(flip;+1) B=(-1?0;flip),period3,(x,1,0),3,2,PREV,none<=12,
6,flip;+1,-1?0;flip,A=(flip;+1) B=(-1?0;flip),period3,(x,1,0),3,2,CFLIP,none<=12,
6,flip;+1,-1?0;flip,A=(flip;+1) B=(-1?0;flip),period3,(x,1,0),3,2,CNEXT,none<=12,
6,flip;+1,-1?0;flip,A=(flip;+1) B=(-1?0;flip),period3,(x,1,0),3,2,CPREV,none<=12,
6,flip;+1,-1?0;flip,A=(flip;+1) B=(-1?0;flip),period3,(1,0,x),3,0,FLIP,none<=12,
6,flip;+1,-1?0;flip,A=(flip;+1) B=(-1?0;flip),period3,(1,0,x),3,0,NEXT,none<=12,
6,flip;+1,-1?0;flip,A=(flip;+1) B=(-1?0;flip),period3,(1,0,x),3,0,PREV,none<=12,
6,flip;+1,-1?0;flip,A=(flip;+1) B=(-1?0;flip),period3,(1,0,x),3,0,CFLIP,none<=12,
6,flip;+1,-1?0;flip,A=(flip;+1) B=(-1?0;flip),period3,(1,0,x),3,0,CNEXT,none<=12,
6,flip;+1,-1?0;flip,A=(flip;+1) B=(-1?0;flip),period3,(1,0,x),3,0,CPREV,none<=12,
6,flip;+1,-1?0;flip,A=(flip;+1) B=(-1?0;flip),period3,(1,0,x),3,1,FLIP,none<=12,
6,flip;+1,-1?0;flip,A=(flip;+1) B=(-1?0;flip),period3,(1,0,x),3,1,NEXT,none<=12,
6,flip;+1,-1?0;flip,A=(flip;+1) B=(-1?0;flip),period3,(1,0,x),3,1,PREV,none<=12,
6,flip;+1,-1?0;flip,A=(flip;+1) B=(-1?0;flip),period3,(1,0,x),3,1,CFLIP,none<=12,
6,flip;+1,-1?0;flip,A=(flip;+1) B=(-1?0;flip),period3,(1,0,x),3,1,CNEXT,none<=12,
6,flip;+1,-1?0;flip,A=(flip;+1) B=(-1?0;flip),period3,(1,0,x),3,1,CPREV,none<=12,
6,flip;+1,-1?0;flip,A=(flip;+1) B=(-1?0;flip),period3,(1,0,x),3,2,FLIP,none<=12,
6,flip;+1,-1?0;flip,A=(flip;+1) B=(-1?0;flip),period3,(1,0,x),3,2,NEXT,none<=12,
6,flip;+1,-1?0;flip,A=(flip;+1) B=(-1?0;flip),period3,(1,0,x),3,2,PREV,none<=12,
6,flip;+1,-1?0;flip,A=(flip;+1) B=(-1?0;flip),period3,(1,0,x),3,2,CFLIP,none<=12,
6,flip;+1,-1?0;flip,A=(flip;+1) B=(-1?0;flip),period3,(1,0,x),3,2,CNEXT,none<=12,
6,flip;+1,-1?0;flip,A=(flip;+1) B=(-1?0;flip),period3,(1,0,x),3,2,CPREV,none<=12,
6,flip;+1,-1?0;flip,A=(flip;+1) B=(-1?0;flip),period3,(0,x,1),3,0,FLIP,none<=12,
6,flip;+1,-1?0;flip,A=(flip;+1) B=(-1?0;flip),period3,(0,x,1),3,0,NEXT,none<=12,
6,flip;+1,-1?0;flip,A=(flip;+1) B=(-1?0;flip),period3,(0,x,1),3,0,PREV,none<=12,
6,flip;+1,-1?0;flip,A=(flip;+1) B=(-1?0;flip),period3,(0,x,1),3,0,CFLIP,none<=12,
6,flip;+1,-1?0;flip,A=(flip;+1) B=(-1?0;flip),period3,(0,x,1),3,0,CNEXT,none<=12,
6,flip;+1,-1?0;flip,A=(flip;+1) B=(-1?0;flip),period3,(0,x,1),3,0,CPREV,none<=12,
6,flip;+1,-1?0;flip,A=(flip;+1) B=(-1?0;flip),period3,(0,x,1),3,1,FLIP,none<=12,
6,flip;+1,-1?0;flip,A=(flip;+1) B=(-1?0;flip),period3,(0,x,1),3,1,NEXT,none<=12,
6,flip;+1,-1?0;flip,A=(flip;+1) B=(-1?0;flip),period3,(0,x,1),3,1,PREV,none<=12,
6,flip;+1,-1?0;flip,A=(flip;+1) B=(-1?0;flip),period3,(0,x,1),3,1,CFLIP,none<=12,
6,flip;+1,-1?0;flip,A=(flip;+1) B=(-1?0;flip),period3,(0,x,1),3,1,CNEXT,none<=12,
6,flip;+1,-1?0;flip,A=(flip;+1) B=(-1?0;flip),period3,(0,x,1),3,1,CPREV,none<=12,
6,flip;+1,-1?0;flip,A=(flip;+1) B=(-1?0;flip),period3,(0,x,1),3,2,FLIP,none<=12,
6,flip;+1,-1?0;flip,A=(flip;+1) B=(-1?0;flip),period3,(0,x,1),3,2,NEXT,none<=12,
6,flip;+1,-1?0;flip,A=(flip;+1) B=(-1?0;flip),period3,(0,x,1),3,2,PREV,none<=12,
6,flip;+1,-1?0;flip,A=(flip;+1) B=(-1?0;flip),period3,(0,x,1),3,2,CFLIP,none<=12,
6,flip;+1,-1?0;flip,A=(flip;+1) B=(-1?0;flip),period3,(0,x,1),3,2,CNEXT,none<=12,
6,flip;+1,-1?0;flip,A=(flip;+1) B=(-1?0;flip),period3,(0,x,1),3,2,CPREV,none<=12,
6,flip;+1,-1?0;flip,A=(flip;+1) B=(-1?0;flip),period3,(x,0,0),3,0,FLIP,none<=12,
6,flip;+1,-1?0;flip,A=(flip;+1) B=(-1?0;flip),period3,(x,0,0),3,0,NEXT,none<=12,
6,flip;+1,-1?0;flip,A=(flip;+1) B=(-1?0;flip),period3,(x,0,0),3,0,PREV,none<=12,
6,flip;+1,-1?0;flip,A=(flip;+1) B=(-1?0;flip),period3,(x,0,0),3,0,CFLIP,none<=12,
6,flip;+1,-1?0;flip,A=(flip;+1) B=(-1?0;flip),period3,(x,0,0),3,0,CNEXT,none<=12,
6,flip;+1,-1?0;flip,A=(flip;+1) B=(-1?0;flip),period3,(x,0,0),3,0,CPREV,none<=12,
6,flip;+1,-1?0;flip,A=(flip;+1) B=(-1?0;flip),period3,(x,0,0),3,1,FLIP,none<=12,
6,flip;+1,-1?0;flip,A=(flip;+1) B=(-1?0;flip),period3,(x,0,0),3,1,NEXT,none<=12,
6,flip;+1,-1?0;flip,A=(flip;+1) B=(-1?0;flip),period3,(x,0,0),3,1,PREV,none<=12,
6,flip;+1,-1?0;flip,A=(flip;+1) B=(-1?0;flip),period3,(x,0,0),3,1,CFLIP,none<=12,
6,flip;+1,-1?0;flip,A=(flip;+1) B=(-1?0;flip),period3,(x,0,0),3,1,CNEXT,none<=12,
6,flip;+1,-1?0;flip,A=(flip;+1) B=(-1?0;flip),period3,(x,0,0),3,1,CPREV,none<=12,
6,flip;+1,-1?0;flip,A=(flip;+1) B=(-1?0;flip),period3,(x,0,0),3,2,FLIP,none<=12,
6,flip;+1,-1?0;flip,A=(flip;+1) B=(-1?0;flip),period3,(x,0,0),3,2,NEXT,none<=12,
6,flip;+1,-1?0;flip,A=(flip;+1) B=(-1?0;flip),period3,(x,0,0),3,2,PREV,none<=12,
6,flip;+1,-1?0;flip,A=(flip;+1) B=(-1?0;flip),period3,(x,0,0),3,2,CFLIP,none<=12,
6,flip;+1,-1?0;flip,A=(flip;+1) B=(-1?0;flip),period3,(x,0,0),3,2,CNEXT,none<=12,
6,flip;+1,-1?0;flip,A=(flip;+1) B=(-1?0;flip),period3,(x,0,0),3,2,CPREV,none<=12,
6,flip;+1,-1?0;flip,A=(flip;+1) B=(-1?0;flip),period3,(0,0,x),3,0,FLIP,none<=12,
6,flip;+1,-1?0;flip,A=(flip;+1) B=(-1?0;flip),period3,(0,0,x),3,0,NEXT,none<=12,
6,flip;+1,-1?0;flip,A=(flip;+1) B=(-1?0;flip),period3,(0,0,x),3,0,PREV,none<=12,
6,flip;+1,-1?0;flip,A=(flip;+1) B=(-1?0;flip),period3,(0,0,x),3,0,CFLIP,none<=12,
6,flip;+1,-1?0;flip,A=(flip;+1) B=(-1?0;flip),period3,(0,0,x),3,0,CNEXT,none<=12,
6,flip;+1,-1?0;flip,A=(flip;+1) B=(-1?0;flip),period3,(0,0,x),3,0,CPREV,none<=12,
6,flip;+1,-1?0;flip,A=(flip;+1) B=(-1?0;flip),period3,(0,0,x),3,1,FLIP,none<=12,
6,flip;+1,-1?0;flip,A=(flip;+1) B=(-1?0;flip),period3,(0,0,x),3,1,NEXT,none<=12,
6,flip;+1,-1?0;flip,A=(flip;+1) B=(-1?0;flip),period3,(0,0,x),3,1,PREV,none<=12,
6,flip;+1,-1?0;flip,A=(flip;+1) B=(-1?0;flip),period3,(0,0,x),3,1,CFLIP,none<=12,
6,flip;+1,-1?0;flip,A=(flip;+1) B=(-1?0;flip),period3,(0,0,x),3,1,CNEXT,none<=12,
6,flip;+1,-1?0;flip,A=(flip;+1) B=(-1?0;flip),period3,(0,0,x),3,1,CPREV,none<=12,
6,flip;+1,-1?0;flip,A=(flip;+1) B=(-1?0;flip),period3,(0,0,x),3,2,FLIP,none<=12,
6,flip;+1,-1?0;flip,A=(flip;+1) B=(-1?0;flip),period3,(0,0,x),3,2,NEXT,none<=12,
6,flip;+1,-1?0;flip,A=(flip;+1) B=(-1?0;flip),period3,(0,0,x),3,2,PREV,none<=12,
6,flip;+1,-1?0;flip,A=(flip;+1) B=(-1?0;flip),period3,(0,0,x),3,2,CFLIP,none<=12,
6,flip;+1,-1?0;flip,A=(flip;+1) B=(-1?0;flip),period3,(0,0,x),3,2,CNEXT,none<=12,
6,flip;+1,-1?0;flip,A=(flip;+1) B=(-1?0;flip),period3,(0,0,x),3,2,CPREV,none<=12,
6,flip;+1,-1?0;flip,A=(flip;+1) B=(-1?0;flip),period3,(0,x,0),3,0,FLIP,none<=12,
6,flip;+1,-1?0;flip,A=(flip;+1) B=(-1?0;flip),period3,(0,x,0),3,0,NEXT,none<=12,
6,flip;+1,-1?0;flip,A=(flip;+1) B=(-1?0;flip),period3,(0,x,0),3,0,PREV,none<=12,
6,flip;+1,-1?0;flip,A=(flip;+1) B=(-1?0;flip),period3,(0,x,0),3,0,CFLIP,none<=12,
6,flip;+1,-1?0;flip,A=(flip;+1) B=(-1?0;flip),period3,(0,x,0),3,0,CNEXT,none<=12,
6,flip;+1,-1?0;flip,A=(flip;+1) B=(-1?0;flip),period3,(0,x,0),3,0,CPREV,none<=12,
6,flip;+1,-1?0;flip,A=(flip;+1) B=(-1?0;flip),period3,(0,x,0),3,1,FLIP,none<=12,
6,flip;+1,-1?0;flip,A=(flip;+1) B=(-1?0;flip),period3,(0,x,0),3,1,NEXT,none<=12,
6,flip;+1,-1?0;flip,A=(flip;+1) B=(-1?0;flip),period3,(0,x,0),3,1,PREV,none<=12,
6,flip;+1,-1?0;flip,A=(flip;+1) B=(-1?0;flip),period3,(0,x,0),3,1,CFLIP,none<=12,
6,flip;+1,-1?0;flip,A=(flip;+1) B=(-1?0;flip),period3,(0,x,0),3,1,CNEXT,none<=12,
6,flip;+1,-1?0;flip,A=(flip;+1) B=(-1?0;flip),period3,(0,x,0),3,1,CPREV,none<=12,
6,flip;+1,-1?0;flip,A=(flip;+1) B=(-1?0;flip),period3,(0,x,0),3,2,FLIP,none<=12,
6,flip;+1,-1?0;flip,A=(flip;+1) B=(-1?0;flip),period3,(0,x,0),3,2,NEXT,none<=12,
6,flip;+1,-1?0;flip,A=(flip;+1) B=(-1?0;flip),period3,(0,x,0),3,2,PREV,none<=12,
6,flip;+1,-1?0;flip,A=(flip;+1) B=(-1?0;flip),period3,(0,x,0),3,2,CFLIP,none<=12,
6,flip;+1,-1?0;flip,A=(flip;+1) B=(-1?0;flip),period3,(0,x,0),3,2,CNEXT,none<=12,
6,flip;+1,-1?0;flip,A=(flip;+1) B=(-1?0;flip),period3,(0,x,0),3,2,CPREV,none<=12,
6,flip;+1,-1?0;flip,A=(flip;+1) B=(-1?0;flip),period3,(x,1,1),3,0,FLIP,none<=12,
6,flip;+1,-1?0;flip,A=(flip;+1) B=(-1?0;flip),period3,(x,1,1),3,0,NEXT,none<=12,
6,flip;+1,-1?0;flip,A=(flip;+1) B=(-1?0;flip),period3,(x,1,1),3,0,PREV,none<=12,
6,flip;+1,-1?0;flip,A=(flip;+1) B=(-1?0;flip),period3,(x,1,1),3,0,CFLIP,none<=12,
6,flip;+1,-1?0;flip,A=(flip;+1) B=(-1?0;flip),period3,(x,1,1),3,0,CNEXT,BABABA,6
6,flip;+1,-1?0;flip,A=(flip;+1) B=(-1?0;flip),period3,(x,1,1),3,0,CPREV,none<=12,
6,flip;+1,-1?0;flip,A=(flip;+1) B=(-1?0;flip),period3,(x,1,1),3,1,FLIP,none<=12,
6,flip;+1,-1?0;flip,A=(flip;+1) B=(-1?0;flip),period3,(x,1,1),3,1,NEXT,none<=12,
6,flip;+1,-1?0;flip,A=(flip;+1) B=(-1?0;flip),period3,(x,1,1),3,1,PREV,none<=12,
6,flip;+1,-1?0;flip,A=(flip;+1) B=(-1?0;flip),period3,(x,1,1),3,1,CFLIP,none<=12,
6,flip;+1,-1?0;flip,A=(flip;+1) B=(-1?0;flip),period3,(x,1,1),3,1,CNEXT,none<=12,
6,flip;+1,-1?0;flip,A=(flip;+1) B=(-1?0;flip),period3,(x,1,1),3,1,CPREV,none<=12,
6,flip;+1,-1?0;flip,A=(flip;+1) B=(-1?0;flip),period3,(x,1,1),3,2,FLIP,none<=12,
6,flip;+1,-1?0;flip,A=(flip;+1) B=(-1?0;flip),period3,(x,1,1),3,2,NEXT,none<=12,
6,flip;+1,-1?0;flip,A=(flip;+1) B=(-1?0;flip),period3,(x,1,1),3,2,PREV,none<=12,
6,flip;+1,-1?0;flip,A=(flip;+1) B=(-1?0;flip),period3,(x,1,1),3,2,CFLIP,none<=12,
6,flip;+1,-1?0;flip,A=(flip;+1) B=(-1?0;flip),period3,(x,1,1),3,2,CNEXT,none<=12,
6,flip;+1,-1?0;flip,A=(flip;+1) B=(-1?0;flip),period3,(x,1,1),3,2,CPREV,none<=12,
6,flip;+1,-1?0;flip,A=(flip;+1) B=(-1?0;flip),period3,(1,1,x),3,0,FLIP,none<=12,
6,flip;+1,-1?0;flip,A=(flip;+1) B=(-1?0;flip),period3,(1,1,x),3,0,NEXT,none<=12,
6,flip;+1,-1?0;flip,A=(flip;+1) B=(-1?0;flip),period3,(1,1,x),3,0,PREV,none<=12,
6,flip;+1,-1?0;flip,A=(flip;+1) B=(-1?0;flip),period3,(1,1,x),3,0,CFLIP,none<=12,
6,flip;+1,-1?0;flip,A=(flip;+1) B=(-1?0;flip),period3,(1,1,x),3,0,CNEXT,none<=12,
6,flip;+1,-1?0;flip,A=(flip;+1) B=(-1?0;flip),period3,(1,1,x),3,0,CPREV,none<=12,
6,flip;+1,-1?0;flip,A=(flip;+1) B=(-1?0;flip),period3,(1,1,x),3,1,FLIP,none<=12,
6,flip;+1,-1?0;flip,A=(flip;+1) B=(-1?0;flip),period3,(1,1,x),3,1,NEXT,none<=12,
6,flip;+1,-1?0;flip,A=(flip;+1) B=(-1?0;flip),period3,(1,1,x),3,1,PREV,none<=12,
6,flip;+1,-1?0;flip,A=(flip;+1) B=(-1?0;flip),period3,(1,1,x),3,1,CFLIP,none<=12,
6,flip;+1,-1?0;flip,A=(flip;+1) B=(-1?0;flip),period3,(1,1,x),3,1,CNEXT,none<=12,
6,flip;+1,-1?0;flip,A=(flip;+1) B=(-1?0;flip),period3,(1,1,x),3,1,CPREV,none<=12,
6,flip;+1,-1?0;flip,A=(flip;+1) B=(-1?0;flip),period3,(1,1,x),3,2,FLIP,none<=12,
6,flip;+1,-1?0;flip,A=(flip;+1) B=(-1?0;flip),period3,(1,1,x),3,2,NEXT,none<=12,
6,flip;+1,-1?0;flip,A=(flip;+1) B=(-1?0;flip),period3,(1,1,x),3,2,PREV,none<=12,
6,flip;+1,-1?0;flip,A=(flip;+1) B=(-1?0;flip),period3,(1,1,x),3,2,CFLIP,none<=12,
6,flip;+1,-1?0;flip,A=(flip;+1) B=(-1?0;flip),period3,(1,1,x),3,2,CNEXT,BABABA,6
6,flip;+1,-1?0;flip,A=(flip;+1) B=(-1?0;flip),period3,(1,1,x),3,2,CPREV,none<=12,
6,flip;+1,-1?0;flip,A=(flip;+1) B=(-1?0;flip),period3,(1,x,1),3,0,FLIP,none<=12,
6,flip;+1,-1?0;flip,A=(flip;+1) B=(-1?0;flip),period3,(1,x,1),3,0,NEXT,none<=12,
6,flip;+1,-1?0;flip,A=(flip;+1) B=(-1?0;flip),period3,(1,x,1),3,0,PREV,none<=12,
6,flip;+1,-1?0;flip,A=(flip;+1) B=(-1?0;flip),period3,(1,x,1),3,0,CFLIP,none<=12,
6,flip;+1,-1?0;flip,A=(flip;+1) B=(-1?0;flip),period3,(1,x,1),3,0,CNEXT,none<=12,
6,flip;+1,-1?0;flip,A=(flip;+1) B=(-1?0;flip),period3,(1,x,1),3,0,CPREV,none<=12,
6,flip;+1,-1?0;flip,A=(flip;+1) B=(-1?0;flip),period3,(1,x,1),3,1,FLIP,none<=12,
6,flip;+1,-1?0;flip,A=(flip;+1) B=(-1?0;flip),period3,(1,x,1),3,1,NEXT,none<=12,
6,flip;+1,-1?0;flip,A=(flip;+1) B=(-1?0;flip),period3,(1,x,1),3,1,PREV,none<=12,
6,flip;+1,-1?0;flip,A=(flip;+1) B=(-1?0;flip),period3,(1,x,1),3,1,CFLIP,none<=12,
6,flip;+1,-1?0;flip,A=(flip;+1) B=(-1?0;flip),period3,(1,x,1),3,1,CNEXT,BABABA,6
6,flip;+1,-1?0;flip,A=(flip;+1) B=(-1?0;flip),period3,(1,x,1),3,1,CPREV,none<=12,
6,flip;+1,-1?0;flip,A=(flip;+1) B=(-1?0;flip),period3,(1,x,1),3,2,FLIP,none<=12,
6,flip;+1,-1?0;flip,A=(flip;+1) B=(-1?0;flip),period3,(1,x,1),3,2,NEXT,none<=12,
6,flip;+1,-1?0;flip,A=(flip;+1) B=(-1?0;flip),period3,(1,x,1),3,2,PREV,none<=12,
6,flip;+1,-1?0;flip,A=(flip;+1) B=(-1?0;flip),period3,(1,x,1),3,2,CFLIP,none<=12,
6,flip;+1,-1?0;flip,A=(flip;+1) B=(-1?0;flip),period3,(1,x,1),3,2,CNEXT,none<=12,
6,flip;+1,-1?0;flip,A=(flip;+1) B=(-1?0;flip),period3,(1,x,1),3,2,CPREV,none<=12,
7,flip;+1,-1?1,A=(flip;+1) B=(-1?1),none,(x),1,0,FLIP,none<=12,
7,flip;+1,-1?1,A=(flip;+1) B=(-1?1),none,(x),1,0,NEXT,none<=12,
7,flip;+1,-1?1,A=(flip;+1) B=(-1?1),none,(x),1,0,PREV,none<=12,
7,flip;+1,-1?1,A=(flip;+1) B=(-1?1),none,(x),1,0,CFLIP,none<=12,
7,flip;+1,-1?1,A=(flip;+1) B=(-1?1),none,(x),1,0,CNEXT,none<=12,
7,flip;+1,-1?1,A=(flip;+1) B=(-1?1),none,(x),1,0,CPREV,B,1
7,flip;+1,-1?1,A=(flip;+1) B=(-1?1),dual,(x,n),2,0,FLIP,none<=12,
7,flip;+1,-1?1,A=(flip;+1) B=(-1?1),dual,(x,n),2,0,NEXT,none<=12,
7,flip;+1,-1?1,A=(flip;+1) B=(-1?1),dual,(x,n),2,0,PREV,none<=12,
7,flip;+1,-1?1,A=(flip;+1) B=(-1?1),dual,(x,n),2,0,CFLIP,none<=12,
7,flip;+1,-1?1,A=(flip;+1) B=(-1?1),dual,(x,n),2,0,CNEXT,none<=12,
7,flip;+1,-1?1,A=(flip;+1) B=(-1?1),dual,(x,n),2,0,CPREV,none<=12,
7,flip;+1,-1?1,A=(flip;+1) B=(-1?1),dual,(x,n),2,1,FLIP,none<=12,
7,flip;+1,-1?1,A=(flip;+1) B=(-1?1),dual,(x,n),2,1,NEXT,none<=12,
7,flip;+1,-1?1,A=(flip;+1) B=(-1?1),dual,(x,n),2,1,PREV,none<=12,
7,flip;+1,-1?1,A=(flip;+1) B=(-1?1),dual,(x,n),2,1,CFLIP,none<=12,
7,flip;+1,-1?1,A=(flip;+1) B=(-1?1),dual,(x,n),2,1,CNEXT,none<=12,
7,flip;+1,-1?1,A=(flip;+1) B=(-1?1),dual,(x,n),2,1,CPREV,none<=12,
7,flip;+1,-1?1,A=(flip;+1) B=(-1?1),dual,(n,x),2,0,FLIP,none<=12,
7,flip;+1,-1?1,A=(flip;+1) B=(-1?1),dual,(n,x),2,0,NEXT,none<=12,
7,flip;+1,-1?1,A=(flip;+1) B=(-1?1),dual,(n,x),2,0,PREV,none<=12,
7,flip;+1,-1?1,A=(flip;+1) B=(-1?1),dual,(n,x),2,0,CFLIP,none<=12,
7,flip;+1,-1?1,A=(flip;+1) B=(-1?1),dual,(n,x),2,0,CNEXT,none<=12,
7,flip;+1,-1?1,A=(flip;+1) B=(-1?1),dual,(n,x),2,0,CPREV,none<=12,
7,flip;+1,-1?1,A=(flip;+1) B=(-1?1),dual,(n,x),2,1,FLIP,none<=12,
7,flip;+1,-1?1,A=(flip;+1) B=(-1?1),dual,(n,x),2,1,NEXT,none<=12,
7,flip;+1,-1?1,A=(flip;+1) B=(-1?1),dual,(n,x),2,1,PREV,none<=12,
7,flip;+1,-1?1,A=(flip;+1) B=(-1?1),dual,(n,x),2,1,CFLIP,none<=12,
7,flip;+1,-1?1,A=(flip;+1) B=(-1?1),dual,(n,x),2,1,CNEXT,none<=12,
7,flip;+1,-1?1,A=(flip;+1) B=(-1?1),dual,(n,x),2,1,CPREV,none<=12,
7,flip;+1,-1?1,A=(flip;+1) B=(-1?1),scratch,(x,1),2,0,FLIP,AB,2
7,flip;+1,-1?1,A=(flip;+1) B=(-1?1),scratch,(x,1),2,0,NEXT,none<=12,
7,flip;+1,-1?1,A=(flip;+1) B=(-1?1),scratch,(x,1),2,0,PREV,none<=12,
7,flip;+1,-1?1,A=(flip;+1) B=(-1?1),scratch,(x,1),2,0,CFLIP,none<=12,
7,flip;+1,-1?1,A=(flip;+1) B=(-1?1),scratch,(x,1),2,0,CNEXT,none<=12,
7,flip;+1,-1?1,A=(flip;+1) B=(-1?1),scratch,(x,1),2,0,CPREV,BB,2
7,flip;+1,-1?1,A=(flip;+1) B=(-1?1),scratch,(x,1),2,1,FLIP,BA,2
7,flip;+1,-1?1,A=(flip;+1) B=(-1?1),scratch,(x,1),2,1,NEXT,none<=12,
7,flip;+1,-1?1,A=(flip;+1) B=(-1?1),scratch,(x,1),2,1,PREV,none<=12,
7,flip;+1,-1?1,A=(flip;+1) B=(-1?1),scratch,(x,1),2,1,CFLIP,none<=12,
7,flip;+1,-1?1,A=(flip;+1) B=(-1?1),scratch,(x,1),2,1,CNEXT,none<=12,
7,flip;+1,-1?1,A=(flip;+1) B=(-1?1),scratch,(x,1),2,1,CPREV,BBBABA,6
7,flip;+1,-1?1,A=(flip;+1) B=(-1?1),scratch,(1,x),2,0,FLIP,none<=12,
7,flip;+1,-1?1,A=(flip;+1) B=(-1?1),scratch,(1,x),2,0,NEXT,none<=12,
7,flip;+1,-1?1,A=(flip;+1) B=(-1?1),scratch,(1,x),2,0,PREV,none<=12,
7,flip;+1,-1?1,A=(flip;+1) B=(-1?1),scratch,(1,x),2,0,CFLIP,none<=12,
7,flip;+1,-1?1,A=(flip;+1) B=(-1?1),scratch,(1,x),2,0,CNEXT,none<=12,
7,flip;+1,-1?1,A=(flip;+1) B=(-1?1),scratch,(1,x),2,0,CPREV,none<=12,
7,flip;+1,-1?1,A=(flip;+1) B=(-1?1),scratch,(1,x),2,1,FLIP,AB,2
7,flip;+1,-1?1,A=(flip;+1) B=(-1?1),scratch,(1,x),2,1,NEXT,none<=12,
7,flip;+1,-1?1,A=(flip;+1) B=(-1?1),scratch,(1,x),2,1,PREV,none<=12,
7,flip;+1,-1?1,A=(flip;+1) B=(-1?1),scratch,(1,x),2,1,CFLIP,none<=12,
7,flip;+1,-1?1,A=(flip;+1) B=(-1?1),scratch,(1,x),2,1,CNEXT,none<=12,
7,flip;+1,-1?1,A=(flip;+1) B=(-1?1),scratch,(1,x),2,1,CPREV,BB,2
7,flip;+1,-1?1,A=(flip;+1) B=(-1?1),scratch,(x,0),2,0,FLIP,none<=12,
7,flip;+1,-1?1,A=(flip;+1) B=(-1?1),scratch,(x,0),2,0,NEXT,none<=12,
7,flip;+1,-1?1,A=(flip;+1) B=(-1?1),scratch,(x,0),2,0,PREV,none<=12,
7,flip;+1,-1?1,A=(flip;+1) B=(-1?1),scratch,(x,0),2,0,CFLIP,none<=12,
7,flip;+1,-1?1,A=(flip;+1) B=(-1?1),scratch,(x,0),2,0,CNEXT,none<=12,
7,flip;+1,-1?1,A=(flip;+1) B=(-1?1),scratch,(x,0),2,0,CPREV,none<=12,
7,flip;+1,-1?1,A=(flip;+1) B=(-1?1),scratch,(x,0),2,1,FLIP,none<=12,
7,flip;+1,-1?1,A=(flip;+1) B=(-1?1),scratch,(x,0),2,1,NEXT,none<=12,
7,flip;+1,-1?1,A=(flip;+1) B=(-1?1),scratch,(x,0),2,1,PREV,none<=12,
7,flip;+1,-1?1,A=(flip;+1) B=(-1?1),scratch,(x,0),2,1,CFLIP,none<=12,
7,flip;+1,-1?1,A=(flip;+1) B=(-1?1),scratch,(x,0),2,1,CNEXT,none<=12,
7,flip;+1,-1?1,A=(flip;+1) B=(-1?1),scratch,(x,0),2,1,CPREV,none<=12,
7,flip;+1,-1?1,A=(flip;+1) B=(-1?1),scratch,(0,x),2,0,FLIP,none<=12,
7,flip;+1,-1?1,A=(flip;+1) B=(-1?1),scratch,(0,x),2,0,NEXT,none<=12,
7,flip;+1,-1?1,A=(flip;+1) B=(-1?1),scratch,(0,x),2,0,PREV,none<=12,
7,flip;+1,-1?1,A=(flip;+1) B=(-1?1),scratch,(0,x),2,0,CFLIP,none<=12,
7,flip;+1,-1?1,A=(flip;+1) B=(-1?1),scratch,(0,x),2,0,CNEXT,none<=12,
7,flip;+1,-1?1,A=(flip;+1) B=(-1?1),scratch,(0,x),2,0,CPREV,none<=12,
7,flip;+1,-1?1,A=(flip;+1) B=(-1?1),scratch,(0,x),2,1,FLIP,none<=12,
7,flip;+1,-1?1,A=(flip;+1) B=(-1?1),scratch,(0,x),2,1,NEXT,none<=12,
7,flip;+1,-1?1,A=(flip;+1) B=(-1?1),scratch,(0,x),2,1,PREV,none<=12,
7,flip;+1,-1?1,A=(flip;+1) B=(-1?1),scratch,(0,x),2,1,CFLIP,none<=12,
7,flip;+1,-1?1,A=(flip;+1) B=(-1?1),scratch,(0,x),2,1,CNEXT,none<=12,
7,flip;+1,-1?1,A=(flip;+1) B=(-1?1),scratch,(0,x),2,1,CPREV,none<=12,
7,flip;+1,-1?1,A=(flip;+1) B=(-1?1),period3,(x,0,1),3,0,FLIP,none<=12,
7,flip;+1,-1?1,A=(flip;+1) B=(-1?1),period3,(x,0,1),3,0,NEXT,none<=12,
7,flip;+1,-1?1,A=(flip;+1) B=(-1?1),period3,(x,0,1),3,0,PREV,none<=12,
7,flip;+1,-1?1,A=(flip;+1) B=(-1?1),period3,(x,0,1),3,0,CFLIP,none<=12,
7,flip;+1,-1?1,A=(flip;+1) B=(-1?1),period3,(x,0,1),3,0,CNEXT,none<=12,
7,flip;+1,-1?1,A=(flip;+1) B=(-1?1),period3,(x,0,1),3,0,CPREV,none<=12,
7,flip;+1,-1?1,A=(flip;+1) B=(-1?1),period3,(x,0,1),3,1,FLIP,ABBAAB,6
7,flip;+1,-1?1,A=(flip;+1) B=(-1?1),period3,(x,0,1),3,1,NEXT,none<=12,
7,flip;+1,-1?1,A=(flip;+1) B=(-1?1),period3,(x,0,1),3,1,PREV,none<=12,
7,flip;+1,-1?1,A=(flip;+1) B=(-1?1),period3,(x,0,1),3,1,CFLIP,none<=12,
7,flip;+1,-1?1,A=(flip;+1) B=(-1?1),period3,(x,0,1),3,1,CNEXT,none<=12,
7,flip;+1,-1?1,A=(flip;+1) B=(-1?1),period3,(x,0,1),3,1,CPREV,none<=12,
7,flip;+1,-1?1,A=(flip;+1) B=(-1?1),period3,(x,0,1),3,2,FLIP,BABBAA,6
7,flip;+1,-1?1,A=(flip;+1) B=(-1?1),period3,(x,0,1),3,2,NEXT,none<=12,
7,flip;+1,-1?1,A=(flip;+1) B=(-1?1),period3,(x,0,1),3,2,PREV,none<=12,
7,flip;+1,-1?1,A=(flip;+1) B=(-1?1),period3,(x,0,1),3,2,CFLIP,none<=12,
7,flip;+1,-1?1,A=(flip;+1) B=(-1?1),period3,(x,0,1),3,2,CNEXT,none<=12,
7,flip;+1,-1?1,A=(flip;+1) B=(-1?1),period3,(x,0,1),3,2,CPREV,none<=12,
7,flip;+1,-1?1,A=(flip;+1) B=(-1?1),period3,(0,1,x),3,0,FLIP,none<=12,
7,flip;+1,-1?1,A=(flip;+1) B=(-1?1),period3,(0,1,x),3,0,NEXT,none<=12,
7,flip;+1,-1?1,A=(flip;+1) B=(-1?1),period3,(0,1,x),3,0,PREV,none<=12,
7,flip;+1,-1?1,A=(flip;+1) B=(-1?1),period3,(0,1,x),3,0,CFLIP,none<=12,
7,flip;+1,-1?1,A=(flip;+1) B=(-1?1),period3,(0,1,x),3,0,CNEXT,none<=12,
7,flip;+1,-1?1,A=(flip;+1) B=(-1?1),period3,(0,1,x),3,0,CPREV,none<=12,
7,flip;+1,-1?1,A=(flip;+1) B=(-1?1),period3,(0,1,x),3,1,FLIP,none<=12,
7,flip;+1,-1?1,A=(flip;+1) B=(-1?1),period3,(0,1,x),3,1,NEXT,none<=12,
7,flip;+1,-1?1,A=(flip;+1) B=(-1?1),period3,(0,1,x),3,1,PREV,none<=12,
7,flip;+1,-1?1,A=(flip;+1) B=(-1?1),period3,(0,1,x),3,1,CFLIP,none<=12,
7,flip;+1,-1?1,A=(flip;+1) B=(-1?1),period3,(0,1,x),3,1,CNEXT,none<=12,
7,flip;+1,-1?1,A=(flip;+1) B=(-1?1),period3,(0,1,x),3,1,CPREV,none<=12,
7,flip;+1,-1?1,A=(flip;+1) B=(-1?1),period3,(0,1,x),3,2,FLIP,none<=12,
7,flip;+1,-1?1,A=(flip;+1) B=(-1?1),period3,(0,1,x),3,2,NEXT,none<=12,
7,flip;+1,-1?1,A=(flip;+1) B=(-1?1),period3,(0,1,x),3,2,PREV,none<=12,
7,flip;+1,-1?1,A=(flip;+1) B=(-1?1),period3,(0,1,x),3,2,CFLIP,none<=12,
7,flip;+1,-1?1,A=(flip;+1) B=(-1?1),period3,(0,1,x),3,2,CNEXT,none<=12,
7,flip;+1,-1?1,A=(flip;+1) B=(-1?1),period3,(0,1,x),3,2,CPREV,none<=12,
7,flip;+1,-1?1,A=(flip;+1) B=(-1?1),period3,(1,x,0),3,0,FLIP,none<=12,
7,flip;+1,-1?1,A=(flip;+1) B=(-1?1),period3,(1,x,0),3,0,NEXT,none<=12,
7,flip;+1,-1?1,A=(flip;+1) B=(-1?1),period3,(1,x,0),3,0,PREV,none<=12,
7,flip;+1,-1?1,A=(flip;+1) B=(-1?1),period3,(1,x,0),3,0,CFLIP,none<=12,
7,flip;+1,-1?1,A=(flip;+1) B=(-1?1),period3,(1,x,0),3,0,CNEXT,none<=12,
7,flip;+1,-1?1,A=(flip;+1) B=(-1?1),period3,(1,x,0),3,0,CPREV,none<=12,
7,flip;+1,-1?1,A=(flip;+1) B=(-1?1),period3,(1,x,0),3,1,FLIP,none<=12,
7,flip;+1,-1?1,A=(flip;+1) B=(-1?1),period3,(1,x,0),3,1,NEXT,none<=12,
7,flip;+1,-1?1,A=(flip;+1) B=(-1?1),period3,(1,x,0),3,1,PREV,none<=12,
7,flip;+1,-1?1,A=(flip;+1) B=(-1?1),period3,(1,x,0),3,1,CFLIP,none<=12,
7,flip;+1,-1?1,A=(flip;+1) B=(-1?1),period3,(1,x,0),3,1,CNEXT,none<=12,
7,flip;+1,-1?1,A=(flip;+1) B=(-1?1),period3,(1,x,0),3,1,CPREV,none<=12,
7,flip;+1,-1?1,A=(flip;+1) B=(-1?1),period3,(1,x,0),3,2,FLIP,ABBAAB,6
7,flip;+1,-1?1,A=(flip;+1) B=(-1?1),period3,(1,x,0),3,2,NEXT,none<=12,
7,flip;+1,-1?1,A=(flip;+1) B=(-1?1),period3,(1,x,0),3,2,PREV,none<=12,
7,flip;+1,-1?1,A=(flip;+1) B=(-1?1),period3,(1,x,0),3,2,CFLIP,none<=12,
7,flip;+1,-1?1,A=(flip;+1) B=(-1?1),period3,(1,x,0),3,2,CNEXT,none<=12,
7,flip;+1,-1?1,A=(flip;+1) B=(-1?1),period3,(1,x,0),3,2,CPREV,none<=12,
7,flip;+1,-1?1,A=(flip;+1) B=(-1?1),period3,(x,1,0),3,0,FLIP,AB,2
7,flip;+1,-1?1,A=(flip;+1) B=(-1?1),period3,(x,1,0),3,0,NEXT,none<=12,
7,flip;+1,-1?1,A=(flip;+1) B=(-1?1),period3,(x,1,0),3,0,PREV,none<=12,
7,flip;+1,-1?1,A=(flip;+1) B=(-1?1),period3,(x,1,0),3,0,CFLIP,none<=12,
7,flip;+1,-1?1,A=(flip;+1) B=(-1?1),period3,(x,1,0),3,0,CNEXT,none<=12,
7,flip;+1,-1?1,A=(flip;+1) B=(-1?1),period3,(x,1,0),3,0,CPREV,none<=12,
7,flip;+1,-1?1,A=(flip;+1) B=(-1?1),period3,(x,1,0),3,1,FLIP,BA,2
7,flip;+1,-1?1,A=(flip;+1) B=(-1?1),period3,(x,1,0),3,1,NEXT,none<=12,
7,flip;+1,-1?1,A=(flip;+1) B=(-1?1),period3,(x,1,0),3,1,PREV,none<=12,
7,flip;+1,-1?1,A=(flip;+1) B=(-1?1),period3,(x,1,0),3,1,CFLIP,none<=12,
7,flip;+1,-1?1,A=(flip;+1) B=(-1?1),period3,(x,1,0),3,1,CNEXT,none<=12,
7,flip;+1,-1?1,A=(flip;+1) B=(-1?1),period3,(x,1,0),3,1,CPREV,none<=12,
7,flip;+1,-1?1,A=(flip;+1) B=(-1?1),period3,(x,1,0),3,2,FLIP,none<=12,
7,flip;+1,-1?1,A=(flip;+1) B=(-1?1),period3,(x,1,0),3,2,NEXT,none<=12,
7,flip;+1,-1?1,A=(flip;+1) B=(-1?1),period3,(x,1,0),3,2,PREV,none<=12,
7,flip;+1,-1?1,A=(flip;+1) B=(-1?1),period3,(x,1,0),3,2,CFLIP,none<=12,
7,flip;+1,-1?1,A=(flip;+1) B=(-1?1),period3,(x,1,0),3,2,CNEXT,none<=12,
7,flip;+1,-1?1,A=(flip;+1) B=(-1?1),period3,(x,1,0),3,2,CPREV,none<=12,
7,flip;+1,-1?1,A=(flip;+1) B=(-1?1),period3,(1,0,x),3,0,FLIP,none<=12,
7,flip;+1,-1?1,A=(flip;+1) B=(-1?1),period3,(1,0,x),3,0,NEXT,none<=12,
7,flip;+1,-1?1,A=(flip;+1) B=(-1?1),period3,(1,0,x),3,0,PREV,none<=12,
7,flip;+1,-1?1,A=(flip;+1) B=(-1?1),period3,(1,0,x),3,0,CFLIP,none<=12,
7,flip;+1,-1?1,A=(flip;+1) B=(-1?1),period3,(1,0,x),3,0,CNEXT,none<=12,
7,flip;+1,-1?1,A=(flip;+1) B=(-1?1),period3,(1,0,x),3,0,CPREV,none<=12,
7,flip;+1,-1?1,A=(flip;+1) B=(-1?1),period3,(1,0,x),3,1,FLIP,none<=12,
7,flip;+1,-1?1,A=(flip;+1) B=(-1?1),period3,(1,0,x),3,1,NEXT,none<=12,
7,flip;+1,-1?1,A=(flip;+1) B=(-1?1),period3,(1,0,x),3,1,PREV,none<=12,
7,flip;+1,-1?1,A=(flip;+1) B=(-1?1),period3,(1,0,x),3,1,CFLIP,none<=12,
7,flip;+1,-1?1,A=(flip;+1) B=(-1?1),period3,(1,0,x),3,1,CNEXT,none<=12,
7,flip;+1,-1?1,A=(flip;+1) B=(-1?1),period3,(1,0,x),3,1,CPREV,none<=12,
7,flip;+1,-1?1,A=(flip;+1) B=(-1?1),period3,(1,0,x),3,2,FLIP,AB,2
7,flip;+1,-1?1,A=(flip;+1) B=(-1?1),period3,(1,0,x),3,2,NEXT,none<=12,
7,flip;+1,-1?1,A=(flip;+1) B=(-1?1),period3,(1,0,x),3,2,PREV,none<=12,
7,flip;+1,-1?1,A=(flip;+1) B=(-1?1),period3,(1,0,x),3,2,CFLIP,none<=12,
7,flip;+1,-1?1,A=(flip;+1) B=(-1?1),period3,(1,0,x),3,2,CNEXT,none<=12,
7,flip;+1,-1?1,A=(flip;+1) B=(-1?1),period3,(1,0,x),3,2,CPREV,none<=12,
7,flip;+1,-1?1,A=(flip;+1) B=(-1?1),period3,(0,x,1),3,0,FLIP,none<=12,
7,flip;+1,-1?1,A=(flip;+1) B=(-1?1),period3,(0,x,1),3,0,NEXT,none<=12,
7,flip;+1,-1?1,A=(flip;+1) B=(-1?1),period3,(0,x,1),3,0,PREV,none<=12,
7,flip;+1,-1?1,A=(flip;+1) B=(-1?1),period3,(0,x,1),3,0,CFLIP,none<=12,
7,flip;+1,-1?1,A=(flip;+1) B=(-1?1),period3,(0,x,1),3,0,CNEXT,none<=12,
7,flip;+1,-1?1,A=(flip;+1) B=(-1?1),period3,(0,x,1),3,0,CPREV,none<=12,
7,flip;+1,-1?1,A=(flip;+1) B=(-1?1),period3,(0,x,1),3,1,FLIP,AB,2
7,flip;+1,-1?1,A=(flip;+1) B=(-1?1),period3,(0,x,1),3,1,NEXT,none<=12,
7,flip;+1,-1?1,A=(flip;+1) B=(-1?1),period3,(0,x,1),3,1,PREV,none<=12,
7,flip;+1,-1?1,A=(flip;+1) B=(-1?1),period3,(0,x,1),3,1,CFLIP,none<=12,
7,flip;+1,-1?1,A=(flip;+1) B=(-1?1),period3,(0,x,1),3,1,CNEXT,none<=12,
7,flip;+1,-1?1,A=(flip;+1) B=(-1?1),period3,(0,x,1),3,1,CPREV,none<=12,
7,flip;+1,-1?1,A=(flip;+1) B=(-1?1),period3,(0,x,1),3,2,FLIP,BA,2
7,flip;+1,-1?1,A=(flip;+1) B=(-1?1),period3,(0,x,1),3,2,NEXT,none<=12,
7,flip;+1,-1?1,A=(flip;+1) B=(-1?1),period3,(0,x,1),3,2,PREV,none<=12,
7,flip;+1,-1?1,A=(flip;+1) B=(-1?1),period3,(0,x,1),3,2,CFLIP,none<=12,
7,flip;+1,-1?1,A=(flip;+1) B=(-1?1),period3,(0,x,1),3,2,CNEXT,none<=12,
7,flip;+1,-1?1,A=(flip;+1) B=(-1?1),period3,(0,x,1),3,2,CPREV,none<=12,
7,flip;+1,-1?1,A=(flip;+1) B=(-1?1),period3,(x,0,0),3,0,FLIP,none<=12,
7,flip;+1,-1?1,A=(flip;+1) B=(-1?1),period3,(x,0,0),3,0,NEXT,none<=12,
7,flip;+1,-1?1,A=(flip;+1) B=(-1?1),period3,(x,0,0),3,0,PREV,none<=12,
7,flip;+1,-1?1,A=(flip;+1) B=(-1?1),period3,(x,0,0),3,0,CFLIP,none<=12,
7,flip;+1,-1?1,A=(flip;+1) B=(-1?1),period3,(x,0,0),3,0,CNEXT,none<=12,
7,flip;+1,-1?1,A=(flip;+1) B=(-1?1),period3,(x,0,0),3,0,CPREV,none<=12,
7,flip;+1,-1?1,A=(flip;+1) B=(-1?1),period3,(x,0,0),3,1,FLIP,none<=12,
7,flip;+1,-1?1,A=(flip;+1) B=(-1?1),period3,(x,0,0),3,1,NEXT,none<=12,
7,flip;+1,-1?1,A=(flip;+1) B=(-1?1),period3,(x,0,0),3,1,PREV,none<=12,
7,flip;+1,-1?1,A=(flip;+1) B=(-1?1),period3,(x,0,0),3,1,CFLIP,none<=12,
7,flip;+1,-1?1,A=(flip;+1) B=(-1?1),period3,(x,0,0),3,1,CNEXT,none<=12,
7,flip;+1,-1?1,A=(flip;+1) B=(-1?1),period3,(x,0,0),3,1,CPREV,none<=12,
7,flip;+1,-1?1,A=(flip;+1) B=(-1?1),period3,(x,0,0),3,2,FLIP,none<=12,
7,flip;+1,-1?1,A=(flip;+1) B=(-1?1),period3,(x,0,0),3,2,NEXT,none<=12,
7,flip;+1,-1?1,A=(flip;+1) B=(-1?1),period3,(x,0,0),3,2,PREV,none<=12,
7,flip;+1,-1?1,A=(flip;+1) B=(-1?1),period3,(x,0,0),3,2,CFLIP,none<=12,
7,flip;+1,-1?1,A=(flip;+1) B=(-1?1),period3,(x,0,0),3,2,CNEXT,none<=12,
7,flip;+1,-1?1,A=(flip;+1) B=(-1?1),period3,(x,0,0),3,2,CPREV,none<=12,
7,flip;+1,-1?1,A=(flip;+1) B=(-1?1),period3,(0,0,x),3,0,FLIP,none<=12,
7,flip;+1,-1?1,A=(flip;+1) B=(-1?1),period3,(0,0,x),3,0,NEXT,none<=12,
7,flip;+1,-1?1,A=(flip;+1) B=(-1?1),period3,(0,0,x),3,0,PREV,none<=12,
7,flip;+1,-1?1,A=(flip;+1) B=(-1?1),period3,(0,0,x),3,0,CFLIP,none<=12,
7,flip;+1,-1?1,A=(flip;+1) B=(-1?1),period3,(0,0,x),3,0,CNEXT,none<=12,
7,flip;+1,-1?1,A=(flip;+1) B=(-1?1),period3,(0,0,x),3,0,CPREV,none<=12,
7,flip;+1,-1?1,A=(flip;+1) B=(-1?1),period3,(0,0,x),3,1,FLIP,none<=12,
7,flip;+1,-1?1,A=(flip;+1) B=(-1?1),period3,(0,0,x),3,1,NEXT,none<=12,
7,flip;+1,-1?1,A=(flip;+1) B=(-1?1),period3,(0,0,x),3,1,PREV,none<=12,
7,flip;+1,-1?1,A=(flip;+1) B=(-1?1),period3,(0,0,x),3,1,CFLIP,none<=12,
7,flip;+1,-1?1,A=(flip;+1) B=(-1?1),period3,(0,0,x),3,1,CNEXT,none<=12,
7,flip;+1,-1?1,A=(flip;+1) B=(-1?1),period3,(0,0,x),3,1,CPREV,none<=12,
7,flip;+1,-1?1,A=(flip;+1) B=(-1?1),period3,(0,0,x),3,2,FLIP,none<=12,
7,flip;+1,-1?1,A=(flip;+1) B=(-1?1),period3,(0,0,x),3,2,NEXT,none<=12,
7,flip;+1,-1?1,A=(flip;+1) B=(-1?1),period3,(0,0,x),3,2,PREV,none<=12,
7,flip;+1,-1?1,A=(flip;+1) B=(-1?1),period3,(0,0,x),3,2,CFLIP,none<=12,
7,flip;+1,-1?1,A=(flip;+1) B=(-1?1),period3,(0,0,x),3,2,CNEXT,none<=12,
7,flip;+1,-1?1,A=(flip;+1) B=(-1?1),period3,(0,0,x),3,2,CPREV,none<=12,
7,flip;+1,-1?1,A=(flip;+1) B=(-1?1),period3,(0,x,0),3,0,FLIP,none<=12,
7,flip;+1,-1?1,A=(flip;+1) B=(-1?1),period3,(0,x,0),3,0,NEXT,none<=12,
7,flip;+1,-1?1,A=(flip;+1) B=(-1?1),period3,(0,x,0),3,0,PREV,none<=12,
7,flip;+1,-1?1,A=(flip;+1) B=(-1?1),period3,(0,x,0),3,0,CFLIP,none<=12,
7,flip;+1,-1?1,A=(flip;+1) B=(-1?1),period3,(0,x,0),3,0,CNEXT,none<=12,
7,flip;+1,-1?1,A=(flip;+1) B=(-1?1),period3,(0,x,0),3,0,CPREV,none<=12,
7,flip;+1,-1?1,A=(flip;+1) B=(-1?1),period3,(0,x,0),3,1,FLIP,none<=12,
7,flip;+1,-1?1,A=(flip;+1) B=(-1?1),period3,(0,x,0),3,1,NEXT,none<=12,
7,flip;+1,-1?1,A=(flip;+1) B=(-1?1),period3,(0,x,0),3,1,PREV,none<=12,
7,flip;+1,-1?1,A=(flip;+1) B=(-1?1),period3,(0,x,0),3,1,CFLIP,none<=12,
7,flip;+1,-1?1,A=(flip;+1) B=(-1?1),period3,(0,x,0),3,1,CNEXT,none<=12,
7,flip;+1,-1?1,A=(flip;+1) B=(-1?1),period3,(0,x,0),3,1,CPREV,none<=12,
7,flip;+1,-1?1,A=(flip;+1) B=(-1?1),period3,(0,x,0),3,2,FLIP,none<=12,
7,flip;+1,-1?1,A=(flip;+1) B=(-1?1),period3,(0,x,0),3,2,NEXT,none<=12,
7,flip;+1,-1?1,A=(flip;+1) B=(-1?1),period3,(0,x,0),3,2,PREV,none<=12,
7,flip;+1,-1?1,A=(flip;+1) B=(-1?1),period3,(0,x,0),3,2,CFLIP,none<=12,
7,flip;+1,-1?1,A=(flip;+1) B=(-1?1),period3,(0,x,0),3,2,CNEXT,none<=12,
7,flip;+1,-1?1,A=(flip;+1) B=(-1?1),period3,(0,x,0),3,2,CPREV,none<=12,
7,flip;+1,-1?1,A=(flip;+1) B=(-1?1),period3,(x,1,1),3,0,FLIP,AB,2
7,flip;+1,-1?1,A=(flip;+1) B=(-1?1),period3,(x,1,1),3,0,NEXT,none<=12,
7,flip;+1,-1?1,A=(flip;+1) B=(-1?1),period3,(x,1,1),3,0,PREV,none<=12,
7,flip;+1,-1?1,A=(flip;+1) B=(-1?1),period3,(x,1,1),3,0,CFLIP,none<=12,
7,flip;+1,-1?1,A=(flip;+1) B=(-1?1),period3,(x,1,1),3,0,CNEXT,none<=12,
7,flip;+1,-1?1,A=(flip;+1) B=(-1?1),period3,(x,1,1),3,0,CPREV,BBB,3
7,flip;+1,-1?1,A=(flip;+1) B=(-1?1),period3,(x,1,1),3,1,FLIP,BA,2
7,flip;+1,-1?1,A=(flip;+1) B=(-1?1),period3,(x,1,1),3,1,NEXT,none<=12,
7,flip;+1,-1?1,A=(flip;+1) B=(-1?1),period3,(x,1,1),3,1,PREV,none<=12,
7,flip;+1,-1?1,A=(flip;+1) B=(-1?1),period3,(x,1,1),3,1,CFLIP,none<=12,
7,flip;+1,-1?1,A=(flip;+1) B=(-1?1),period3,(x,1,1),3,1,CNEXT,none<=12,
7,flip;+1,-1?1,A=(flip;+1) B=(-1?1),period3,(x,1,1),3,1,CPREV,BBBBABA,7
7,flip;+1,-1?1,A=(flip;+1) B=(-1?1),period3,(x,1,1),3,2,FLIP,BBAABA,6
7,flip;+1,-1?1,A=(flip;+1) B=(-1?1),period3,(x,1,1),3,2,NEXT,none<=12,
7,flip;+1,-1?1,A=(flip;+1) B=(-1?1),period3,(x,1,1),3,2,PREV,none<=12,
7,flip;+1,-1?1,A=(flip;+1) B=(-1?1),period3,(x,1,1),3,2,CFLIP,none<=12,
7,flip;+1,-1?1,A=(flip;+1) B=(-1?1),period3,(x,1,1),3,2,CNEXT,none<=12,
7,flip;+1,-1?1,A=(flip;+1) B=(-1?1),period3,(x,1,1),3,2,CPREV,BBBBBABAABA,11
7,flip;+1,-1?1,A=(flip;+1) B=(-1?1),period3,(1,1,x),3,0,FLIP,none<=12,
7,flip;+1,-1?1,A=(flip;+1) B=(-1?1),period3,(1,1,x),3,0,NEXT,none<=12,
7,flip;+1,-1?1,A=(flip;+1) B=(-1?1),period3,(1,1,x),3,0,PREV,none<=12,
7,flip;+1,-1?1,A=(flip;+1) B=(-1?1),period3,(1,1,x),3,0,CFLIP,none<=12,
7,flip;+1,-1?1,A=(flip;+1) B=(-1?1),period3,(1,1,x),3,0,CNEXT,none<=12,
7,flip;+1,-1?1,A=(flip;+1) B=(-1?1),period3,(1,1,x),3,0,CPREV,none<=12,
7,flip;+1,-1?1,A=(flip;+1) B=(-1?1),period3,(1,1,x),3,1,FLIP,none<=12,
7,flip;+1,-1?1,A=(flip;+1) B=(-1?1),period3,(1,1,x),3,1,NEXT,none<=12,
7,flip;+1,-1?1,A=(flip;+1) B=(-1?1),period3,(1,1,x),3,1,PREV,none<=12,
7,flip;+1,-1?1,A=(flip;+1) B=(-1?1),period3,(1,1,x),3,1,CFLIP,none<=12,
7,flip;+1,-1?1,A=(flip;+1) B=(-1?1),period3,(1,1,x),3,1,CNEXT,none<=12,
7,flip;+1,-1?1,A=(flip;+1) B=(-1?1),period3,(1,1,x),3,1,CPREV,none<=12,
7,flip;+1,-1?1,A=(flip;+1) B=(-1?1),period3,(1,1,x),3,2,FLIP,AB,2
7,flip;+1,-1?1,A=(flip;+1) B=(-1?1),period3,(1,1,x),3,2,NEXT,none<=12,
7,flip;+1,-1?1,A=(flip;+1) B=(-1?1),period3,(1,1,x),3,2,PREV,none<=12,
7,flip;+1,-1?1,A=(flip;+1) B=(-1?1),period3,(1,1,x),3,2,CFLIP,none<=12,
7,flip;+1,-1?1,A=(flip;+1) B=(-1?1),period3,(1,1,x),3,2,CNEXT,none<=12,
7,flip;+1,-1?1,A=(flip;+1) B=(-1?1),period3,(1,1,x),3,2,CPREV,BBB,3
7,flip;+1,-1?1,A=(flip;+1) B=(-1?1),period3,(1,x,1),3,0,FLIP,none<=12,
7,flip;+1,-1?1,A=(flip;+1) B=(-1?1),period3,(1,x,1),3,0,NEXT,none<=12,
7,flip;+1,-1?1,A=(flip;+1) B=(-1?1),period3,(1,x,1),3,0,PREV,none<=12,
7,flip;+1,-1?1,A=(flip;+1) B=(-1?1),period3,(1,x,1),3,0,CFLIP,none<=12,
7,flip;+1,-1?1,A=(flip;+1) B=(-1?1),period3,(1,x,1),3,0,CNEXT,none<=12,
7,flip;+1,-1?1,A=(flip;+1) B=(-1?1),period3,(1,x,1),3,0,CPREV,none<=12,
7,flip;+1,-1?1,A=(flip;+1) B=(-1?1),period3,(1,x,1),3,1,FLIP,AB,2
7,flip;+1,-1?1,A=(flip;+1) B=(-1?1),period3,(1,x,1),3,1,NEXT,none<=12,
7,flip;+1,-1?1,A=(flip;+1) B=(-1?1),period3,(1,x,1),3,1,PREV,none<=12,
7,flip;+1,-1?1,A=(flip;+1) B=(-1?1),period3,(1,x,1),3,1,CFLIP,none<=12,
7,flip;+1,-1?1,A=(flip;+1) B=(-1?1),period3,(1,x,1),3,1,CNEXT,none<=12,
7,flip;+1,-1?1,A=(flip;+1) B=(-1?1),period3,(1,x,1),3,1,CPREV,BBB,3
7,flip;+1,-1?1,A=(flip;+1) B=(-1?1),period3,(1,x,1),3,2,FLIP,BA,2
7,flip;+1,-1?1,A=(flip;+1) B=(-1?1),period3,(1,x,1),3,2,NEXT,none<=12,
7,flip;+1,-1?1,A=(flip;+1) B=(-1?1),period3,(1,x,1),3,2,PREV,none<=12,
7,flip;+1,-1?1,A=(flip;+1) B=(-1?1),period3,(1,x,1),3,2,CFLIP,none<=12,
7,flip;+1,-1?1,A=(flip;+1) B=(-1?1),period3,(1,x,1),3,2,CNEXT,none<=12,
7,flip;+1,-1?1,A=(flip;+1) B=(-1?1),period3,(1,x,1),3,2,CPREV,BBBBABA,7
8,flip;+1,flip;-1?1,A=(flip;+1) B=(flip;-1?1),none,(x),1,0,FLIP,none<=12,
8,flip;+1,flip;-1?1,A=(flip;+1) B=(flip;-1?1),none,(x),1,0,NEXT,none<=12,
8,flip;+1,flip;-1?1,A=(flip;+1) B=(flip;-1?1),none,(x),1,0,PREV,none<=12,
8,flip;+1,flip;-1?1,A=(flip;+1) B=(flip;-1?1),none,(x),1,0,CFLIP,none<=12,
8,flip;+1,flip;-1?1,A=(flip;+1) B=(flip;-1?1),none,(x),1,0,CNEXT,none<=12,
8,flip;+1,flip;-1?1,A=(flip;+1) B=(flip;-1?1),none,(x),1,0,CPREV,none<=12,
8,flip;+1,flip;-1?1,A=(flip;+1) B=(flip;-1?1),dual,(x,n),2,0,FLIP,none<=12,
8,flip;+1,flip;-1?1,A=(flip;+1) B=(flip;-1?1),dual,(x,n),2,0,NEXT,none<=12,
8,flip;+1,flip;-1?1,A=(flip;+1) B=(flip;-1?1),dual,(x,n),2,0,PREV,none<=12,
8,flip;+1,flip;-1?1,A=(flip;+1) B=(flip;-1?1),dual,(x,n),2,0,CFLIP,none<=12,
8,flip;+1,flip;-1?1,A=(flip;+1) B=(flip;-1?1),dual,(x,n),2,0,CNEXT,none<=12,
8,flip;+1,flip;-1?1,A=(flip;+1) B=(flip;-1?1),dual,(x,n),2,0,CPREV,none<=12,
8,flip;+1,flip;-1?1,A=(flip;+1) B=(flip;-1?1),dual,(x,n),2,1,FLIP,none<=12,
8,flip;+1,flip;-1?1,A=(flip;+1) B=(flip;-1?1),dual,(x,n),2,1,NEXT,none<=12,
8,flip;+1,flip;-1?1,A=(flip;+1) B=(flip;-1?1),dual,(x,n),2,1,PREV,none<=12,
8,flip;+1,flip;-1?1,A=(flip;+1) B=(flip;-1?1),dual,(x,n),2,1,CFLIP,BBABBA,6
8,flip;+1,flip;-1?1,A=(flip;+1) B=(flip;-1?1),dual,(x,n),2,1,CNEXT,none<=12,
8,flip;+1,flip;-1?1,A=(flip;+1) B=(flip;-1?1),dual,(x,n),2,1,CPREV,none<=12,
8,flip;+1,flip;-1?1,A=(flip;+1) B=(flip;-1?1),dual,(n,x),2,0,FLIP,none<=12,
8,flip;+1,flip;-1?1,A=(flip;+1) B=(flip;-1?1),dual,(n,x),2,0,NEXT,none<=12,
8,flip;+1,flip;-1?1,A=(flip;+1) B=(flip;-1?1),dual,(n,x),2,0,PREV,none<=12,
8,flip;+1,flip;-1?1,A=(flip;+1) B=(flip;-1?1),dual,(n,x),2,0,CFLIP,none<=12,
8,flip;+1,flip;-1?1,A=(flip;+1) B=(flip;-1?1),dual,(n,x),2,0,CNEXT,none<=12,
8,flip;+1,flip;-1?1,A=(flip;+1) B=(flip;-1?1),dual,(n,x),2,0,CPREV,none<=12,
8,flip;+1,flip;-1?1,A=(flip;+1) B=(flip;-1?1),dual,(n,x),2,1,FLIP,none<=12,
8,flip;+1,flip;-1?1,A=(flip;+1) B=(flip;-1?1),dual,(n,x),2,1,NEXT,none<=12,
8,flip;+1,flip;-1?1,A=(flip;+1) B=(flip;-1?1),dual,(n,x),2,1,PREV,none<=12,
8,flip;+1,flip;-1?1,A=(flip;+1) B=(flip;-1?1),dual,(n,x),2,1,CFLIP,BBAB,4
8,flip;+1,flip;-1?1,A=(flip;+1) B=(flip;-1?1),dual,(n,x),2,1,CNEXT,none<=12,
8,flip;+1,flip;-1?1,A=(flip;+1) B=(flip;-1?1),dual,(n,x),2,1,CPREV,none<=12,
8,flip;+1,flip;-1?1,A=(flip;+1) B=(flip;-1?1),scratch,(x,1),2,0,FLIP,ABB,3
8,flip;+1,flip;-1?1,A=(flip;+1) B=(flip;-1?1),scratch,(x,1),2,0,NEXT,ABBABA,6
8,flip;+1,flip;-1?1,A=(flip;+1) B=(flip;-1?1),scratch,(x,1),2,0,PREV,none<=12,
8,flip;+1,flip;-1?1,A=(flip;+1) B=(flip;-1?1),scratch,(x,1),2,0,CFLIP,none<=12,
8,flip;+1,flip;-1?1,A=(flip;+1) B=(flip;-1?1),scratch,(x,1),2,0,CNEXT,none<=12,
8,flip;+1,flip;-1?1,A=(flip;+1) B=(flip;-1?1),scratch,(x,1),2,0,CPREV,ABBBABBB,8
8,flip;+1,flip;-1?1,A=(flip;+1) B=(flip;-1?1),scratch,(x,1),2,1,FLIP,BBA,3
8,flip;+1,flip;-1?1,A=(flip;+1) B=(flip;-1?1),scratch,(x,1),2,1,NEXT,BAABBA,6
8,flip;+1,flip;-1?1,A=(flip;+1) B=(flip;-1?1),scratch,(x,1),2,1,PREV,none<=12,
8,flip;+1,flip;-1?1,A=(flip;+1) B=(flip;-1?1),scratch,(x,1),2,1,CFLIP,none<=12,
8,flip;+1,flip;-1?1,A=(flip;+1) B=(flip;-1?1),scratch,(x,1),2,1,CNEXT,none<=12,
8,flip;+1,flip;-1?1,A=(flip;+1) B=(flip;-1?1),scratch,(x,1),2,1,CPREV,none<=12,
8,flip;+1,flip;-1?1,A=(flip;+1) B=(flip;-1?1),scratch,(1,x),2,0,FLIP,none<=12,
8,flip;+1,flip;-1?1,A=(flip;+1) B=(flip;-1?1),scratch,(1,x),2,0,NEXT,BAABBA,6
8,flip;+1,flip;-1?1,A=(flip;+1) B=(flip;-1?1),scratch,(1,x),2,0,PREV,none<=12,
8,flip;+1,flip;-1?1,A=(flip;+1) B=(flip;-1?1),scratch,(1,x),2,0,CFLIP,none<=12,
8,flip;+1,flip;-1?1,A=(flip;+1) B=(flip;-1?1),scratch,(1,x),2,0,CNEXT,none<=12,
8,flip;+1,flip;-1?1,A=(flip;+1) B=(flip;-1?1),scratch,(1,x),2,0,CPREV,none<=12,
8,flip;+1,flip;-1?1,A=(flip;+1) B=(flip;-1?1),scratch,(1,x),2,1,FLIP,ABB,3
8,flip;+1,flip;-1?1,A=(flip;+1) B=(flip;-1?1),scratch,(1,x),2,1,NEXT,ABBABA,6
8,flip;+1,flip;-1?1,A=(flip;+1) B=(flip;-1?1),scratch,(1,x),2,1,PREV,none<=12,
8,flip;+1,flip;-1?1,A=(flip;+1) B=(flip;-1?1),scratch,(1,x),2,1,CFLIP,none<=12,
8,flip;+1,flip;-1?1,A=(flip;+1) B=(flip;-1?1),scratch,(1,x),2,1,CNEXT,none<=12,
8,flip;+1,flip;-1?1,A=(flip;+1) B=(flip;-1?1),scratch,(1,x),2,1,CPREV,ABBBABBB,8
8,flip;+1,flip;-1?1,A=(flip;+1) B=(flip;-1?1),scratch,(x,0),2,0,FLIP,none<=12,
8,flip;+1,flip;-1?1,A=(flip;+1) B=(flip;-1?1),scratch,(x,0),2,0,NEXT,ABAA,4
8,flip;+1,flip;-1?1,A=(flip;+1) B=(flip;-1?1),scratch,(x,0),2,0,PREV,none<=12,
8,flip;+1,flip;-1?1,A=(flip;+1) B=(flip;-1?1),scratch,(x,0),2,0,CFLIP,none<=12,
8,flip;+1,flip;-1?1,A=(flip;+1) B=(flip;-1?1),scratch,(x,0),2,0,CNEXT,none<=12,
8,flip;+1,flip;-1?1,A=(flip;+1) B=(flip;-1?1),scratch,(x,0),2,0,CPREV,none<=12,
8,flip;+1,flip;-1?1,A=(flip;+1) B=(flip;-1?1),scratch,(x,0),2,1,FLIP,BAB,3
8,flip;+1,flip;-1?1,A=(flip;+1) B=(flip;-1?1),scratch,(x,0),2,1,NEXT,BABBAAABAB,10
8,flip;+1,flip;-1?1,A=(flip;+1) B=(flip;-1?1),scratch,(x,0),2,1,PREV,none<=12,
8,flip;+1,flip;-1?1,A=(flip;+1) B=(flip;-1?1),scratch,(x,0),2,1,CFLIP,none<=12,
8,flip;+1,flip;-1?1,A=(flip;+1) B=(flip;-1?1),scratch,(x,0),2,1,CNEXT,none<=12,
8,flip;+1,flip;-1?1,A=(flip;+1) B=(flip;-1?1),scratch,(x,0),2,1,CPREV,none<=12,
8,flip;+1,flip;-1?1,A=(flip;+1) B=(flip;-1?1),scratch,(0,x),2,0,FLIP,none<=12,
8,flip;+1,flip;-1?1,A=(flip;+1) B=(flip;-1?1),scratch,(0,x),2,0,NEXT,BABBAAABAB,10
8,flip;+1,flip;-1?1,A=(flip;+1) B=(flip;-1?1),scratch,(0,x),2,0,PREV,none<=12,
8,flip;+1,flip;-1?1,A=(flip;+1) B=(flip;-1?1),scratch,(0,x),2,0,CFLIP,none<=12,
8,flip;+1,flip;-1?1,A=(flip;+1) B=(flip;-1?1),scratch,(0,x),2,0,CNEXT,none<=12,
8,flip;+1,flip;-1?1,A=(flip;+1) B=(flip;-1?1),scratch,(0,x),2,0,CPREV,none<=12,
8,flip;+1,flip;-1?1,A=(flip;+1) B=(flip;-1?1),scratch,(0,x),2,1,FLIP,none<=12,
8,flip;+1,flip;-1?1,A=(flip;+1) B=(flip;-1?1),scratch,(0,x),2,1,NEXT,ABAA,4
8,flip;+1,flip;-1?1,A=(flip;+1) B=(flip;-1?1),scratch,(0,x),2,1,PREV,none<=12,
8,flip;+1,flip;-1?1,A=(flip;+1) B=(flip;-1?1),scratch,(0,x),2,1,CFLIP,none<=12,
8,flip;+1,flip;-1?1,A=(flip;+1) B=(flip;-1?1),scratch,(0,x),2,1,CNEXT,none<=12,
8,flip;+1,flip;-1?1,A=(flip;+1) B=(flip;-1?1),scratch,(0,x),2,1,CPREV,none<=12,
8,flip;+1,flip;-1?1,A=(flip;+1) B=(flip;-1?1),period3,(x,0,1),3,0,FLIP,none<=12,
8,flip;+1,flip;-1?1,A=(flip;+1) B=(flip;-1?1),period3,(x,0,1),3,0,NEXT,ABAABA,6
8,flip;+1,flip;-1?1,A=(flip;+1) B=(flip;-1?1),period3,(x,0,1),3,0,PREV,none<=12,
8,flip;+1,flip;-1?1,A=(flip;+1) B=(flip;-1?1),period3,(x,0,1),3,0,CFLIP,none<=12,
8,flip;+1,flip;-1?1,A=(flip;+1) B=(flip;-1?1),period3,(x,0,1),3,0,CNEXT,none<=12,
8,flip;+1,flip;-1?1,A=(flip;+1) B=(flip;-1?1),period3,(x,0,1),3,0,CPREV,none<=12,
8,flip;+1,flip;-1?1,A=(flip;+1) B=(flip;-1?1),period3,(x,0,1),3,1,FLIP,BAB,3
8,flip;+1,flip;-1?1,A=(flip;+1) B=(flip;-1?1),period3,(x,0,1),3,1,NEXT,ABBABAABAB,10
8,flip;+1,flip;-1?1,A=(flip;+1) B=(flip;-1?1),period3,(x,0,1),3,1,PREV,none<=12,
8,flip;+1,flip;-1?1,A=(flip;+1) B=(flip;-1?1),period3,(x,0,1),3,1,CFLIP,none<=12,
8,flip;+1,flip;-1?1,A=(flip;+1) B=(flip;-1?1),period3,(x,0,1),3,1,CNEXT,none<=12,
8,flip;+1,flip;-1?1,A=(flip;+1) B=(flip;-1?1),period3,(x,0,1),3,1,CPREV,none<=12,
8,flip;+1,flip;-1?1,A=(flip;+1) B=(flip;-1?1),period3,(x,0,1),3,2,FLIP,BBBAA,5
8,flip;+1,flip;-1?1,A=(flip;+1) B=(flip;-1?1),period3,(x,0,1),3,2,NEXT,BAABAA,6
8,flip;+1,flip;-1?1,A=(flip;+1) B=(flip;-1?1),period3,(x,0,1),3,2,PREV,none<=12,
8,flip;+1,flip;-1?1,A=(flip;+1) B=(flip;-1?1),period3,(x,0,1),3,2,CFLIP,none<=12,
8,flip;+1,flip;-1?1,A=(flip;+1) B=(flip;-1?1),period3,(x,0,1),3,2,CNEXT,none<=12,
8,flip;+1,flip;-1?1,A=(flip;+1) B=(flip;-1?1),period3,(x,0,1),3,2,CPREV,none<=12,
8,flip;+1,flip;-1?1,A=(flip;+1) B=(flip;-1?1),period3,(0,1,x),3,0,FLIP,none<=12,
8,flip;+1,flip;-1?1,A=(flip;+1) B=(flip;-1?1),period3,(0,1,x),3,0,NEXT,ABBABAABAB,10
8,flip;+1,flip;-1?1,A=(flip;+1) B=(flip;-1?1),period3,(0,1,x),3,0,PREV,none<=12,
8,flip;+1,flip;-1?1,A=(flip;+1) B=(flip;-1?1),period3,(0,1,x),3,0,CFLIP,none<=12,
8,flip;+1,flip;-1?1,A=(flip;+1) B=(flip;-1?1),period3,(0,1,x),3,0,CNEXT,none<=12,
8,flip;+1,flip;-1?1,A=(flip;+1) B=(flip;-1?1),period3,(0,1,x),3,0,CPREV,none<=12,
8,flip;+1,flip;-1?1,A=(flip;+1) B=(flip;-1?1),period3,(0,1,x),3,1,FLIP,none<=12,
8,flip;+1,flip;-1?1,A=(flip;+1) B=(flip;-1?1),period3,(0,1,x),3,1,NEXT,BAABAA,6
8,flip;+1,flip;-1?1,A=(flip;+1) B=(flip;-1?1),period3,(0,1,x),3,1,PREV,none<=12,
8,flip;+1,flip;-1?1,A=(flip;+1) B=(flip;-1?1),period3,(0,1,x),3,1,CFLIP,none<=12,
8,flip;+1,flip;-1?1,A=(flip;+1) B=(flip;-1?1),period3,(0,1,x),3,1,CNEXT,none<=12,
8,flip;+1,flip;-1?1,A=(flip;+1) B=(flip;-1?1),period3,(0,1,x),3,1,CPREV,none<=12,
8,flip;+1,flip;-1?1,A=(flip;+1) B=(flip;-1?1),period3,(0,1,x),3,2,FLIP,none<=12,
8,flip;+1,flip;-1?1,A=(flip;+1) B=(flip;-1?1),period3,(0,1,x),3,2,NEXT,ABAABA,6
8,flip;+1,flip;-1?1,A=(flip;+1) B=(flip;-1?1),period3,(0,1,x),3,2,PREV,none<=12,
8,flip;+1,flip;-1?1,A=(flip;+1) B=(flip;-1?1),period3,(0,1,x),3,2,CFLIP,none<=12,
8,flip;+1,flip;-1?1,A=(flip;+1) B=(flip;-1?1),period3,(0,1,x),3,2,CNEXT,none<=12,
8,flip;+1,flip;-1?1,A=(flip;+1) B=(flip;-1?1),period3,(0,1,x),3,2,CPREV,none<=12,
8,flip;+1,flip;-1?1,A=(flip;+1) B=(flip;-1?1),period3,(1,x,0),3,0,FLIP,none<=12,
8,flip;+1,flip;-1?1,A=(flip;+1) B=(flip;-1?1),period3,(1,x,0),3,0,NEXT,BAABAA,6
8,flip;+1,flip;-1?1,A=(flip;+1) B=(flip;-1?1),period3,(1,x,0),3,0,PREV,none<=12,
8,flip;+1,flip;-1?1,A=(flip;+1) B=(flip;-1?1),period3,(1,x,0),3,0,CFLIP,none<=12,
8,flip;+1,flip;-1?1,A=(flip;+1) B=(flip;-1?1),period3,(1,x,0),3,0,CNEXT,none<=12,
8,flip;+1,flip;-1?1,A=(flip;+1) B=(flip;-1?1),period3,(1,x,0),3,0,CPREV,none<=12,
8,flip;+1,flip;-1?1,A=(flip;+1) B=(flip;-1?1),period3,(1,x,0),3,1,FLIP,none<=12,
8,flip;+1,flip;-1?1,A=(flip;+1) B=(flip;-1?1),period3,(1,x,0),3,1,NEXT,ABAABA,6
8,flip;+1,flip;-1?1,A=(flip;+1) B=(flip;-1?1),period3,(1,x,0),3,1,PREV,none<=12,
8,flip;+1,flip;-1?1,A=(flip;+1) B=(flip;-1?1),period3,(1,x,0),3,1,CFLIP,none<=12,
8,flip;+1,flip;-1?1,A=(flip;+1) B=(flip;-1?1),period3,(1,x,0),3,1,CNEXT,none<=12,
8,flip;+1,flip;-1?1,A=(flip;+1) B=(flip;-1?1),period3,(1,x,0),3,1,CPREV,none<=12,
8,flip;+1,flip;-1?1,A=(flip;+1) B=(flip;-1?1),period3,(1,x,0),3,2,FLIP,BAB,3
8,flip;+1,flip;-1?1,A=(flip;+1) B=(flip;-1?1),period3,(1,x,0),3,2,NEXT,ABBABAABAB,10
8,flip;+1,flip;-1?1,A=(flip;+1) B=(flip;-1?1),period3,(1,x,0),3,2,PREV,none<=12,
8,flip;+1,flip;-1?1,A=(flip;+1) B=(flip;-1?1),period3,(1,x,0),3,2,CFLIP,none<=12,
8,flip;+1,flip;-1?1,A=(flip;+1) B=(flip;-1?1),period3,(1,x,0),3,2,CNEXT,none<=12,
8,flip;+1,flip;-1?1,A=(flip;+1) B=(flip;-1?1),period3,(1,x,0),3,2,CPREV,none<=12,
8,flip;+1,flip;-1?1,A=(flip;+1) B=(flip;-1?1),period3,(x,1,0),3,0,FLIP,ABB,3
8,flip;+1,flip;-1?1,A=(flip;+1) B=(flip;-1?1),period3,(x,1,0),3,0,NEXT,AABBABAA,8
8,flip;+1,flip;-1?1,A=(flip;+1) B=(flip;-1?1),period3,(x,1,0),3,0,PREV,none<=12,
8,flip;+1,flip;-1?1,A=(flip;+1) B=(flip;-1?1),period3,(x,1,0),3,0,CFLIP,none<=12,
8,flip;+1,flip;-1?1,A=(flip;+1) B=(flip;-1?1),period3,(x,1,0),3,0,CNEXT,none<=12,
8,flip;+1,flip;-1?1,A=(flip;+1) B=(flip;-1?1),period3,(x,1,0),3,0,CPREV,none<=12,
8,flip;+1,flip;-1?1,A=(flip;+1) B=(flip;-1?1),period3,(x,1,0),3,1,FLIP,BBA,3
8,flip;+1,flip;-1?1,A=(flip;+1) B=(flip;-1?1),period3,(x,1,0),3,1,NEXT,ABAAABBA,8
8,flip;+1,flip;-1?1,A=(flip;+1) B=(flip;-1?1),period3,(x,1,0),3,1,PREV,none<=12,
8,flip;+1,flip;-1?1,A=(flip;+1) B=(flip;-1?1),period3,(x,1,0),3,1,CFLIP,none<=12,
8,flip;+1,flip;-1?1,A=(flip;+1) B=(flip;-1?1),period3,(x,1,0),3,1,CNEXT,none<=12,
8,flip;+1,flip;-1?1,A=(flip;+1) B=(flip;-1?1),period3,(x,1,0),3,1,CPREV,none<=12,
8,flip;+1,flip;-1?1,A=(flip;+1) B=(flip;-1?1),period3,(x,1,0),3,2,FLIP,BBBABAB,7
8,flip;+1,flip;-1?1,A=(flip;+1) B=(flip;-1?1),period3,(x,1,0),3,2,NEXT,BBAAABBABA,10
8,flip;+1,flip;-1?1,A=(flip;+1) B=(flip;-1?1),period3,(x,1,0),3,2,PREV,none<=12,
8,flip;+1,flip;-1?1,A=(flip;+1) B=(flip;-1?1),period3,(x,1,0),3,2,CFLIP,none<=12,
8,flip;+1,flip;-1?1,A=(flip;+1) B=(flip;-1?1),period3,(x,1,0),3,2,CNEXT,none<=12,
8,flip;+1,flip;-1?1,A=(flip;+1) B=(flip;-1?1),period3,(x,1,0),3,2,CPREV,none<=12,
8,flip;+1,flip;-1?1,A=(flip;+1) B=(flip;-1?1),period3,(1,0,x),3,0,FLIP,none<=12,
8,flip;+1,flip;-1?1,A=(flip;+1) B=(flip;-1?1),period3,(1,0,x),3,0,NEXT,ABAAABBA,8
8,flip;+1,flip;-1?1,A=(flip;+1) B=(flip;-1?1),period3,(1,0,x),3,0,PREV,none<=12,
8,flip;+1,flip;-1?1,A=(flip;+1) B=(flip;-1?1),period3,(1,0,x),3,0,CFLIP,none<=12,
8,flip;+1,flip;-1?1,A=(flip;+1) B=(flip;-1?1),period3,(1,0,x),3,0,CNEXT,none<=12,
8,flip;+1,flip;-1?1,A=(flip;+1) B=(flip;-1?1),period3,(1,0,x),3,0,CPREV,none<=12,
8,flip;+1,flip;-1?1,A=(flip;+1) B=(flip;-1?1),period3,(1,0,x),3,1,FLIP,none<=12,
8,flip;+1,flip;-1?1,A=(flip;+1) B=(flip;-1?1),period3,(1,0,x),3,1,NEXT,BBAAABBABA,10
8,flip;+1,flip;-1?1,A=(flip;+1) B=(flip;-1?1),period3,(1,0,x),3,1,PREV,none<=12,
8,flip;+1,flip;-1?1,A=(flip;+1) B=(flip;-1?1),period3,(1,0,x),3,1,CFLIP,none<=12,
8,flip;+1,flip;-1?1,A=(flip;+1) B=(flip;-1?1),period3,(1,0,x),3,1,CNEXT,none<=12,
8,flip;+1,flip;-1?1,A=(flip;+1) B=(flip;-1?1),period3,(1,0,x),3,1,CPREV,none<=12,
8,flip;+1,flip;-1?1,A=(flip;+1) B=(flip;-1?1),period3,(1,0,x),3,2,FLIP,ABB,3
8,flip;+1,flip;-1?1,A=(flip;+1) B=(flip;-1?1),period3,(1,0,x),3,2,NEXT,AABBABAA,8
8,flip;+1,flip;-1?1,A=(flip;+1) B=(flip;-1?1),period3,(1,0,x),3,2,PREV,none<=12,
8,flip;+1,flip;-1?1,A=(flip;+1) B=(flip;-1?1),period3,(1,0,x),3,2,CFLIP,none<=12,
8,flip;+1,flip;-1?1,A=(flip;+1) B=(flip;-1?1),period3,(1,0,x),3,2,CNEXT,none<=12,
8,flip;+1,flip;-1?1,A=(flip;+1) B=(flip;-1?1),period3,(1,0,x),3,2,CPREV,none<=12,
8,flip;+1,flip;-1?1,A=(flip;+1) B=(flip;-1?1),period3,(0,x,1),3,0,FLIP,none<=12,
8,flip;+1,flip;-1?1,A=(flip;+1) B=(flip;-1?1),period3,(0,x,1),3,0,NEXT,BBAAABBABA,10
8,flip;+1,flip;-1?1,A=(flip;+1) B=(flip;-1?1),period3,(0,x,1),3,0,PREV,none<=12,
8,flip;+1,flip;-1?1,A=(flip;+1) B=(flip;-1?1),period3,(0,x,1),3,0,CFLIP,none<=12,
8,flip;+1,flip;-1?1,A=(flip;+1) B=(flip;-1?1),period3,(0,x,1),3,0,CNEXT,none<=12,
8,flip;+1,flip;-1?1,A=(flip;+1) B=(flip;-1?1),period3,(0,x,1),3,0,CPREV,none<=12,
8,flip;+1,flip;-1?1,A=(flip;+1) B=(flip;-1?1),period3,(0,x,1),3,1,FLIP,ABB,3
8,flip;+1,flip;-1?1,A=(flip;+1) B=(flip;-1?1),period3,(0,x,1),3,1,NEXT,AABBABAA,8
8,flip;+1,flip;-1?1,A=(flip;+1) B=(flip;-1?1),period3,(0,x,1),3,1,PREV,none<=12,
8,flip;+1,flip;-1?1,A=(flip;+1) B=(flip;-1?1),period3,(0,x,1),3,1,CFLIP,none<=12,
8,flip;+1,flip;-1?1,A=(flip;+1) B=(flip;-1?1),period3,(0,x,1),3,1,CNEXT,none<=12,
8,flip;+1,flip;-1?1,A=(flip;+1) B=(flip;-1?1),period3,(0,x,1),3,1,CPREV,none<=12,
8,flip;+1,flip;-1?1,A=(flip;+1) B=(flip;-1?1),period3,(0,x,1),3,2,FLIP,BBA,3
8,flip;+1,flip;-1?1,A=(flip;+1) B=(flip;-1?1),period3,(0,x,1),3,2,NEXT,ABAAABBA,8
8,flip;+1,flip;-1?1,A=(flip;+1) B=(flip;-1?1),period3,(0,x,1),3,2,PREV,none<=12,
8,flip;+1,flip;-1?1,A=(flip;+1) B=(flip;-1?1),period3,(0,x,1),3,2,CFLIP,none<=12,
8,flip;+1,flip;-1?1,A=(flip;+1) B=(flip;-1?1),period3,(0,x,1),3,2,CNEXT,none<=12,
8,flip;+1,flip;-1?1,A=(flip;+1) B=(flip;-1?1),period3,(0,x,1),3,2,CPREV,none<=12,
8,flip;+1,flip;-1?1,A=(flip;+1) B=(flip;-1?1),period3,(x,0,0),3,0,FLIP,none<=12,
8,flip;+1,flip;-1?1,A=(flip;+1) B=(flip;-1?1),period3,(x,0,0),3,0,NEXT,AABBBAAA,8
8,flip;+1,flip;-1?1,A=(flip;+1) B=(flip;-1?1),period3,(x,0,0),3,0,PREV,none<=12,
8,flip;+1,flip;-1?1,A=(flip;+1) B=(flip;-1?1),period3,(x,0,0),3,0,CFLIP,none<=12,
8,flip;+1,flip;-1?1,A=(flip;+1) B=(flip;-1?1),period3,(x,0,0),3,0,CNEXT,none<=12,
8,flip;+1,flip;-1?1,A=(flip;+1) B=(flip;-1?1),period3,(x,0,0),3,0,CPREV,none<=12,
8,flip;+1,flip;-1?1,A=(flip;+1) B=(flip;-1?1),period3,(x,0,0),3,1,FLIP,BAB,3
8,flip;+1,flip;-1?1,A=(flip;+1) B=(flip;-1?1),period3,(x,0,0),3,1,NEXT,ABAAABAB,8
8,flip;+1,flip;-1?1,A=(flip;+1) B=(flip;-1?1),period3,(x,0,0),3,1,PREV,none<=12,
8,flip;+1,flip;-1?1,A=(flip;+1) B=(flip;-1?1),period3,(x,0,0),3,1,CFLIP,none<=12,
8,flip;+1,flip;-1?1,A=(flip;+1) B=(flip;-1?1),period3,(x,0,0),3,1,CNEXT,none<=12,
8,flip;+1,flip;-1?1,A=(flip;+1) B=(flip;-1?1),period3,(x,0,0),3,1,CPREV,none<=12,
8,flip;+1,flip;-1?1,A=(flip;+1) B=(flip;-1?1),period3,(x,0,0),3,2,FLIP,BBAAB,5
8,flip;+1,flip;-1?1,A=(flip;+1) B=(flip;-1?1),period3,(x,0,0),3,2,NEXT,BABBAAABAA,10
8,flip;+1,flip;-1?1,A=(flip;+1) B=(flip;-1?1),period3,(x,0,0),3,2,PREV,none<=12,
8,flip;+1,flip;-1?1,A=(flip;+1) B=(flip;-1?1),period3,(x,0,0),3,2,CFLIP,none<=12,
8,flip;+1,flip;-1?1,A=(flip;+1) B=(flip;-1?1),period3,(x,0,0),3,2,CNEXT,none<=12,
8,flip;+1,flip;-1?1,A=(flip;+1) B=(flip;-1?1),period3,(x,0,0),3,2,CPREV,none<=12,
8,flip;+1,flip;-1?1,A=(flip;+1) B=(flip;-1?1),period3,(0,0,x),3,0,FLIP,none<=12,
8,flip;+1,flip;-1?1,A=(flip;+1) B=(flip;-1?1),period3,(0,0,x),3,0,NEXT,ABAAABAB,8
8,flip;+1,flip;-1?1,A=(flip;+1) B=(flip;-1?1),period3,(0,0,x),3,0,PREV,none<=12,
8,flip;+1,flip;-1?1,A=(flip;+1) B=(flip;-1?1),period3,(0,0,x),3,0,CFLIP,none<=12,
8,flip;+1,flip;-1?1,A=(flip;+1) B=(flip;-1?1),period3,(0,0,x),3,0,CNEXT,none<=12,
8,flip;+1,flip;-1?1,A=(flip;+1) B=(flip;-1?1),period3,(0,0,x),3,0,CPREV,none<=12,
8,flip;+1,flip;-1?1,A=(flip;+1) B=(flip;-1?1),period3,(0,0,x),3,1,FLIP,none<=12,
8,flip;+1,flip;-1?1,A=(flip;+1) B=(flip;-1?1),period3,(0,0,x),3,1,NEXT,BABBAAABAA,10
8,flip;+1,flip;-1?1,A=(flip;+1) B=(flip;-1?1),period3,(0,0,x),3,1,PREV,none<=12,
8,flip;+1,flip;-1?1,A=(flip;+1) B=(flip;-1?1),period3,(0,0,x),3,1,CFLIP,none<=12,
8,flip;+1,flip;-1?1,A=(flip;+1) B=(flip;-1?1),period3,(0,0,x),3,1,CNEXT,none<=12,
8,flip;+1,flip;-1?1,A=(flip;+1) B=(flip;-1?1),period3,(0,0,x),3,1,CPREV,none<=12,
8,flip;+1,flip;-1?1,A=(flip;+1) B=(flip;-1?1),period3,(0,0,x),3,2,FLIP,none<=12,
8,flip;+1,flip;-1?1,A=(flip;+1) B=(flip;-1?1),period3,(0,0,x),3,2,NEXT,AABBBAAA,8
8,flip;+1,flip;-1?1,A=(flip;+1) B=(flip;-1?1),period3,(0,0,x),3,2,PREV,none<=12,
8,flip;+1,flip;-1?1,A=(flip;+1) B=(flip;-1?1),period3,(0,0,x),3,2,CFLIP,none<=12,
8,flip;+1,flip;-1?1,A=(flip;+1) B=(flip;-1?1),period3,(0,0,x),3,2,CNEXT,none<=12,
8,flip;+1,flip;-1?1,A=(flip;+1) B=(flip;-1?1),period3,(0,0,x),3,2,CPREV,none<=12,
8,flip;+1,flip;-1?1,A=(flip;+1) B=(flip;-1?1),period3,(0,x,0),3,0,FLIP,none<=12,
8,flip;+1,flip;-1?1,A=(flip;+1) B=(flip;-1?1),period3,(0,x,0),3,0,NEXT,BABBAAABAA,10
8,flip;+1,flip;-1?1,A=(flip;+1) B=(flip;-1?1),period3,(0,x,0),3,0,PREV,none<=12,
8,flip;+1,flip;-1?1,A=(flip;+1) B=(flip;-1?1),period3,(0,x,0),3,0,CFLIP,none<=12,
8,flip;+1,flip;-1?1,A=(flip;+1) B=(flip;-1?1),period3,(0,x,0),3,0,CNEXT,none<=12,
8,flip;+1,flip;-1?1,A=(flip;+1) B=(flip;-1?1),period3,(0,x,0),3,0,CPREV,none<=12,
8,flip;+1,flip;-1?1,A=(flip;+1) B=(flip;-1?1),period3,(0,x,0),3,1,FLIP,none<=12,
8,flip;+1,flip;-1?1,A=(flip;+1) B=(flip;-1?1),period3,(0,x,0),3,1,NEXT,AABBBAAA,8
8,flip;+1,flip;-1?1,A=(flip;+1) B=(flip;-1?1),period3,(0,x,0),3,1,PREV,none<=12,
8,flip;+1,flip;-1?1,A=(flip;+1) B=(flip;-1?1),period3,(0,x,0),3,1,CFLIP,none<=12,
8,flip;+1,flip;-1?1,A=(flip;+1) B=(flip;-1?1),period3,(0,x,0),3,1,CNEXT,none<=12,
8,flip;+1,flip;-1?1,A=(flip;+1) B=(flip;-1?1),period3,(0,x,0),3,1,CPREV,none<=12,
8,flip;+1,flip;-1?1,A=(flip;+1) B=(flip;-1?1),period3,(0,x,0),3,2,FLIP,BAB,3
8,flip;+1,flip;-1?1,A=(flip;+1) B=(flip;-1?1),period3,(0,x,0),3,2,NEXT,ABAAABAB,8
8,flip;+1,flip;-1?1,A=(flip;+1) B=(flip;-1?1),period3,(0,x,0),3,2,PREV,none<=12,
8,flip;+1,flip;-1?1,A=(flip;+1) B=(flip;-1?1),period3,(0,x,0),3,2,CFLIP,none<=12,
8,flip;+1,flip;-1?1,A=(flip;+1) B=(flip;-1?1),period3,(0,x,0),3,2,CNEXT,none<=12,
8,flip;+1,flip;-1?1,A=(flip;+1) B=(flip;-1?1),period3,(0,x,0),3,2,CPREV,none<=12,
8,flip;+1,flip;-1?1,A=(flip;+1) B=(flip;-1?1),period3,(x,1,1),3,0,FLIP,ABB,3
8,flip;+1,flip;-1?1,A=(flip;+1) B=(flip;-1?1),period3,(x,1,1),3,0,NEXT,ABBABABA,8
8,flip;+1,flip;-1?1,A=(flip;+1) B=(flip;-1?1),period3,(x,1,1),3,0,PREV,none<=12,
8,flip;+1,flip;-1?1,A=(flip;+1) B=(flip;-1?1),period3,(x,1,1),3,0,CFLIP,none<=12,
8,flip;+1,flip;-1?1,A=(flip;+1) B=(flip;-1?1),period3,(x,1,1),3,0,CNEXT,none<=12,
8,flip;+1,flip;-1?1,A=(flip;+1) B=(flip;-1?1),period3,(x,1,1),3,0,CPREV,ABBBABBBABBB,12
8,flip;+1,flip;-1?1,A=(flip;+1) B=(flip;-1?1),period3,(x,1,1),3,1,FLIP,BBA,3
8,flip;+1,flip;-1?1,A=(flip;+1) B=(flip;-1?1),period3,(x,1,1),3,1,NEXT,BABAABBA,8
8,flip;+1,flip;-1?1,A=(flip;+1) B=(flip;-1?1),period3,(x,1,1),3,1,PREV,none<=12,
8,flip;+1,flip;-1?1,A=(flip;+1) B=(flip;-1?1),period3,(x,1,1),3,1,CFLIP,none<=12,
8,flip;+1,flip;-1?1,A=(flip;+1) B=(flip;-1?1),period3,(x,1,1),3,1,CNEXT,none<=12,
8,flip;+1,flip;-1?1,A=(flip;+1) B=(flip;-1?1),period3,(x,1,1),3,1,CPREV,none<=12,
8,flip;+1,flip;-1?1,A=(flip;+1) B=(flip;-1?1),period3,(x,1,1),3,2,FLIP,BBBBABA,7
8,flip;+1,flip;-1?1,A=(flip;+1) B=(flip;-1?1),period3,(x,1,1),3,2,NEXT,BAABBABA,8
8,flip;+1,flip;-1?1,A=(flip;+1) B=(flip;-1?1),period3,(x,1,1),3,2,PREV,none<=12,
8,flip;+1,flip;-1?1,A=(flip;+1) B=(flip;-1?1),period3,(x,1,1),3,2,CFLIP,none<=12,
8,flip;+1,flip;-1?1,A=(flip;+1) B=(flip;-1?1),period3,(x,1,1),3,2,CNEXT,none<=12,
8,flip;+1,flip;-1?1,A=(flip;+1) B=(flip;-1?1),period3,(x,1,1),3,2,CPREV,none<=12,
8,flip;+1,flip;-1?1,A=(flip;+1) B=(flip;-1?1),period3,(1,1,x),3,0,FLIP,none<=12,
8,flip;+1,flip;-1?1,A=(flip;+1) B=(flip;-1?1),period3,(1,1,x),3,0,NEXT,BABAABBA,8
8,flip;+1,flip;-1?1,A=(flip;+1) B=(flip;-1?1),period3,(1,1,x),3,0,PREV,none<=12,
8,flip;+1,flip;-1?1,A=(flip;+1) B=(flip;-1?1),period3,(1,1,x),3,0,CFLIP,none<=12,
8,flip;+1,flip;-1?1,A=(flip;+1) B=(flip;-1?1),period3,(1,1,x),3,0,CNEXT,none<=12,
8,flip;+1,flip;-1?1,A=(flip;+1) B=(flip;-1?1),period3,(1,1,x),3,0,CPREV,none<=12,
8,flip;+1,flip;-1?1,A=(flip;+1) B=(flip;-1?1),period3,(1,1,x),3,1,FLIP,none<=12,
8,flip;+1,flip;-1?1,A=(flip;+1) B=(flip;-1?1),period3,(1,1,x),3,1,NEXT,BAABBABA,8
8,flip;+1,flip;-1?1,A=(flip;+1) B=(flip;-1?1),period3,(1,1,x),3,1,PREV,none<=12,
8,flip;+1,flip;-1?1,A=(flip;+1) B=(flip;-1?1),period3,(1,1,x),3,1,CFLIP,none<=12,
8,flip;+1,flip;-1?1,A=(flip;+1) B=(flip;-1?1),period3,(1,1,x),3,1,CNEXT,none<=12,
8,flip;+1,flip;-1?1,A=(flip;+1) B=(flip;-1?1),period3,(1,1,x),3,1,CPREV,none<=12,
8,flip;+1,flip;-1?1,A=(flip;+1) B=(flip;-1?1),period3,(1,1,x),3,2,FLIP,ABB,3
8,flip;+1,flip;-1?1,A=(flip;+1) B=(flip;-1?1),period3,(1,1,x),3,2,NEXT,ABBABABA,8
8,flip;+1,flip;-1?1,A=(flip;+1) B=(flip;-1?1),period3,(1,1,x),3,2,PREV,none<=12,
8,flip;+1,flip;-1?1,A=(flip;+1) B=(flip;-1?1),period3,(1,1,x),3,2,CFLIP,none<=12,
8,flip;+1,flip;-1?1,A=(flip;+1) B=(flip;-1?1),period3,(1,1,x),3,2,CNEXT,none<=12,
8,flip;+1,flip;-1?1,A=(flip;+1) B=(flip;-1?1),period3,(1,1,x),3,2,CPREV,ABBBABBBABBB,12
8,flip;+1,flip;-1?1,A=(flip;+1) B=(flip;-1?1),period3,(1,x,1),3,0,FLIP,none<=12,
8,flip;+1,flip;-1?1,A=(flip;+1) B=(flip;-1?1),period3,(1,x,1),3,0,NEXT,BAABBABA,8
8,flip;+1,flip;-1?1,A=(flip;+1) B=(flip;-1?1),period3,(1,x,1),3,0,PREV,none<=12,
8,flip;+1,flip;-1?1,A=(flip;+1) B=(flip;-1?1),period3,(1,x,1),3,0,CFLIP,none<=12,
8,flip;+1,flip;-1?1,A=(flip;+1) B=(flip;-1?1),period3,(1,x,1),3,0,CNEXT,none<=12,
8,flip;+1,flip;-1?1,A=(flip;+1) B=(flip;-1?1),period3,(1,x,1),3,0,CPREV,none<=12,
8,flip;+1,flip;-1?1,A=(flip;+1) B=(flip;-1?1),period3,(1,x,1),3,1,FLIP,ABB,3
8,flip;+1,flip;-1?1,A=(flip;+1) B=(flip;-1?1),period3,(1,x,1),3,1,NEXT,ABBABABA,8
8,flip;+1,flip;-1?1,A=(flip;+1) B=(flip;-1?1),period3,(1,x,1),3,1,PREV,none<=12,
8,flip;+1,flip;-1?1,A=(flip;+1) B=(flip;-1?1),period3,(1,x,1),3,1,CFLIP,none<=12,
8,flip;+1,flip;-1?1,A=(flip;+1) B=(flip;-1?1),period3,(1,x,1),3,1,CNEXT,none<=12,
8,flip;+1,flip;-1?1,A=(flip;+1) B=(flip;-1?1),period3,(1,x,1),3,1,CPREV,ABBBABBBABBB,12
8,flip;+1,flip;-1?1,A=(flip;+1) B=(flip;-1?1),period3,(1,x,1),3,2,FLIP,BBA,3
8,flip;+1,flip;-1?1,A=(flip;+1) B=(flip;-1?1),period3,(1,x,1),3,2,NEXT,BABAABBA,8
8,flip;+1,flip;-1?1,A=(flip;+1) B=(flip;-1?1),period3,(1,x,1),3,2,PREV,none<=12,
8,flip;+1,flip;-1?1,A=(flip;+1) B=(flip;-1?1),period3,(1,x,1),3,2,CFLIP,none<=12,
8,flip;+1,flip;-1?1,A=(flip;+1) B=(flip;-1?1),period3,(1,x,1),3,2,CNEXT,none<=12,
8,flip;+1,flip;-1?1,A=(flip;+1) B=(flip;-1?1),period3,(1,x,1),3,2,CPREV,none<=12,
9,flip;+1,-1?1;flip,A=(flip;+1) B=(-1?1;flip),none,(x),1,0,FLIP,none<=12,
9,flip;+1,-1?1;flip,A=(flip;+1) B=(-1?1;flip),none,(x),1,0,NEXT,none<=12,
9,flip;+1,-1?1;flip,A=(flip;+1) B=(-1?1;flip),none,(x),1,0,PREV,none<=12,
9,flip;+1,-1?1;flip,A=(flip;+1) B=(-1?1;flip),none,(x),1,0,CFLIP,none<=12,
9,flip;+1,-1?1;flip,A=(flip;+1) B=(-1?1;flip),none,(x),1,0,CNEXT,none<=12,
9,flip;+1,-1?1;flip,A=(flip;+1) B=(-1?1;flip),none,(x),1,0,CPREV,none<=12,
9,flip;+1,-1?1;flip,A=(flip;+1) B=(-1?1;flip),dual,(x,n),2,0,FLIP,none<=12,
9,flip;+1,-1?1;flip,A=(flip;+1) B=(-1?1;flip),dual,(x,n),2,0,NEXT,none<=12,
9,flip;+1,-1?1;flip,A=(flip;+1) B=(-1?1;flip),dual,(x,n),2,0,PREV,none<=12,
9,flip;+1,-1?1;flip,A=(flip;+1) B=(-1?1;flip),dual,(x,n),2,0,CFLIP,none<=12,
9,flip;+1,-1?1;flip,A=(flip;+1) B=(-1?1;flip),dual,(x,n),2,0,CNEXT,none<=12,
9,flip;+1,-1?1;flip,A=(flip;+1) B=(-1?1;flip),dual,(x,n),2,0,CPREV,none<=12,
9,flip;+1,-1?1;flip,A=(flip;+1) B=(-1?1;flip),dual,(x,n),2,1,FLIP,none<=12,
9,flip;+1,-1?1;flip,A=(flip;+1) B=(-1?1;flip),dual,(x,n),2,1,NEXT,none<=12,
9,flip;+1,-1?1;flip,A=(flip;+1) B=(-1?1;flip),dual,(x,n),2,1,PREV,none<=12,
9,flip;+1,-1?1;flip,A=(flip;+1) B=(-1?1;flip),dual,(x,n),2,1,CFLIP,none<=12,
9,flip;+1,-1?1;flip,A=(flip;+1) B=(-1?1;flip),dual,(x,n),2,1,CNEXT,none<=12,
9,flip;+1,-1?1;flip,A=(flip;+1) B=(-1?1;flip),dual,(x,n),2,1,CPREV,none<=12,
9,flip;+1,-1?1;flip,A=(flip;+1) B=(-1?1;flip),dual,(n,x),2,0,FLIP,none<=12,
9,flip;+1,-1?1;flip,A=(flip;+1) B=(-1?1;flip),dual,(n,x),2,0,NEXT,none<=12,
9,flip;+1,-1?1;flip,A=(flip;+1) B=(-1?1;flip),dual,(n,x),2,0,PREV,none<=12,
9,flip;+1,-1?1;flip,A=(flip;+1) B=(-1?1;flip),dual,(n,x),2,0,CFLIP,none<=12,
9,flip;+1,-1?1;flip,A=(flip;+1) B=(-1?1;flip),dual,(n,x),2,0,CNEXT,none<=12,
9,flip;+1,-1?1;flip,A=(flip;+1) B=(-1?1;flip),dual,(n,x),2,0,CPREV,none<=12,
9,flip;+1,-1?1;flip,A=(flip;+1) B=(-1?1;flip),dual,(n,x),2,1,FLIP,none<=12,
9,flip;+1,-1?1;flip,A=(flip;+1) B=(-1?1;flip),dual,(n,x),2,1,NEXT,none<=12,
9,flip;+1,-1?1;flip,A=(flip;+1) B=(-1?1;flip),dual,(n,x),2,1,PREV,none<=12,
9,flip;+1,-1?1;flip,A=(flip;+1) B=(-1?1;flip),dual,(n,x),2,1,CFLIP,none<=12,
9,flip;+1,-1?1;flip,A=(flip;+1) B=(-1?1;flip),dual,(n,x),2,1,CNEXT,none<=12,
9,flip;+1,-1?1;flip,A=(flip;+1) B=(-1?1;flip),dual,(n,x),2,1,CPREV,none<=12,
9,flip;+1,-1?1;flip,A=(flip;+1) B=(-1?1;flip),scratch,(x,1),2,0,FLIP,none<=12,
9,flip;+1,-1?1;flip,A=(flip;+1) B=(-1?1;flip),scratch,(x,1),2,0,NEXT,none<=12,
9,flip;+1,-1?1;flip,A=(flip;+1) B=(-1?1;flip),scratch,(x,1),2,0,PREV,none<=12,
9,flip;+1,-1?1;flip,A=(flip;+1) B=(-1?1;flip),scratch,(x,1),2,0,CFLIP,none<=12,
9,flip;+1,-1?1;flip,A=(flip;+1) B=(-1?1;flip),scratch,(x,1),2,0,CNEXT,none<=12,
9,flip;+1,-1?1;flip,A=(flip;+1) B=(-1?1;flip),scratch,(x,1),2,0,CPREV,none<=12,
9,flip;+1,-1?1;flip,A=(flip;+1) B=(-1?1;flip),scratch,(x,1),2,1,FLIP,none<=12,
9,flip;+1,-1?1;flip,A=(flip;+1) B=(-1?1;flip),scratch,(x,1),2,1,NEXT,none<=12,
9,flip;+1,-1?1;flip,A=(flip;+1) B=(-1?1;flip),scratch,(x,1),2,1,PREV,none<=12,
9,flip;+1,-1?1;flip,A=(flip;+1) B=(-1?1;flip),scratch,(x,1),2,1,CFLIP,none<=12,
9,flip;+1,-1?1;flip,A=(flip;+1) B=(-1?1;flip),scratch,(x,1),2,1,CNEXT,none<=12,
9,flip;+1,-1?1;flip,A=(flip;+1) B=(-1?1;flip),scratch,(x,1),2,1,CPREV,none<=12,
9,flip;+1,-1?1;flip,A=(flip;+1) B=(-1?1;flip),scratch,(1,x),2,0,FLIP,none<=12,
9,flip;+1,-1?1;flip,A=(flip;+1) B=(-1?1;flip),scratch,(1,x),2,0,NEXT,none<=12,
9,flip;+1,-1?1;flip,A=(flip;+1) B=(-1?1;flip),scratch,(1,x),2,0,PREV,none<=12,
9,flip;+1,-1?1;flip,A=(flip;+1) B=(-1?1;flip),scratch,(1,x),2,0,CFLIP,none<=12,
9,flip;+1,-1?1;flip,A=(flip;+1) B=(-1?1;flip),scratch,(1,x),2,0,CNEXT,none<=12,
9,flip;+1,-1?1;flip,A=(flip;+1) B=(-1?1;flip),scratch,(1,x),2,0,CPREV,none<=12,
9,flip;+1,-1?1;flip,A=(flip;+1) B=(-1?1;flip),scratch,(1,x),2,1,FLIP,none<=12,
9,flip;+1,-1?1;flip,A=(flip;+1) B=(-1?1;flip),scratch,(1,x),2,1,NEXT,none<=12,
9,flip;+1,-1?1;flip,A=(flip;+1) B=(-1?1;flip),scratch,(1,x),2,1,PREV,none<=12,
9,flip;+1,-1?1;flip,A=(flip;+1) B=(-1?1;flip),scratch,(1,x),2,1,CFLIP,none<=12,
9,flip;+1,-1?1;flip,A=(flip;+1) B=(-1?1;flip),scratch,(1,x),2,1,CNEXT,none<=12,
9,flip;+1,-1?1;flip,A=(flip;+1) B=(-1?1;flip),scratch,(1,x),2,1,CPREV,none<=12,
9,flip;+1,-1?1;flip,A=(flip;+1) B=(-1?1;flip),scratch,(x,0),2,0,FLIP,none<=12,
9,flip;+1,-1?1;flip,A=(flip;+1) B=(-1?1;flip),scratch,(x,0),2,0,NEXT,none<=12,
9,flip;+1,-1?1;flip,A=(flip;+1) B=(-1?1;flip),scratch,(x,0),2,0,PREV,none<=12,
9,flip;+1,-1?1;flip,A=(flip;+1) B=(-1?1;flip),scratch,(x,0),2,0,CFLIP,none<=12,
9,flip;+1,-1?1;flip,A=(flip;+1) B=(-1?1;flip),scratch,(x,0),2,0,CNEXT,none<=12,
9,flip;+1,-1?1;flip,A=(flip;+1) B=(-1?1;flip),scratch,(x,0),2,0,CPREV,none<=12,
9,flip;+1,-1?1;flip,A=(flip;+1) B=(-1?1;flip),scratch,(x,0),2,1,FLIP,none<=12,
9,flip;+1,-1?1;flip,A=(flip;+1) B=(-1?1;flip),scratch,(x,0),2,1,NEXT,none<=12,
9,flip;+1,-1?1;flip,A=(flip;+1) B=(-1?1;flip),scratch,(x,0),2,1,PREV,none<=12,
9,flip;+1,-1?1;flip,A=(flip;+1) B=(-1?1;flip),scratch,(x,0),2,1,CFLIP,none<=12,
9,flip;+1,-1?1;flip,A=(flip;+1) B=(-1?1;flip),scratch,(x,0),2,1,CNEXT,none<=12,
9,flip;+1,-1?1;flip,A=(flip;+1) B=(-1?1;flip),scratch,(x,0),2,1,CPREV,none<=12,
9,flip;+1,-1?1;flip,A=(flip;+1) B=(-1?1;flip),scratch,(0,x),2,0,FLIP,none<=12,
9,flip;+1,-1?1;flip,A=(flip;+1) B=(-1?1;flip),scratch,(0,x),2,0,NEXT,none<=12,
9,flip;+1,-1?1;flip,A=(flip;+1) B=(-1?1;flip),scratch,(0,x),2,0,PREV,none<=12,
9,flip;+1,-1?1;flip,A=(flip;+1) B=(-1?1;flip),scratch,(0,x),2,0,CFLIP,none<=12,
9,flip;+1,-1?1;flip,A=(flip;+1) B=(-1?1;flip),scratch,(0,x),2,0,CNEXT,none<=12,
9,flip;+1,-1?1;flip,A=(flip;+1) B=(-1?1;flip),scratch,(0,x),2,0,CPREV,none<=12,
9,flip;+1,-1?1;flip,A=(flip;+1) B=(-1?1;flip),scratch,(0,x),2,1,FLIP,none<=12,
9,flip;+1,-1?1;flip,A=(flip;+1) B=(-1?1;flip),scratch,(0,x),2,1,NEXT,none<=12,
9,flip;+1,-1?1;flip,A=(flip;+1) B=(-1?1;flip),scratch,(0,x),2,1,PREV,none<=12,
9,flip;+1,-1?1;flip,A=(flip;+1) B=(-1?1;flip),scratch,(0,x),2,1,CFLIP,none<=12,
9,flip;+1,-1?1;flip,A=(flip;+1) B=(-1?1;flip),scratch,(0,x),2,1,CNEXT,none<=12,
9,flip;+1,-1?1;flip,A=(flip;+1) B=(-1?1;flip),scratch,(0,x),2,1,CPREV,none<=12,
9,flip;+1,-1?1;flip,A=(flip;+1) B=(-1?1;flip),period3,(x,0,1),3,0,FLIP,none<=12,
9,flip;+1,-1?1;flip,A=(flip;+1) B=(-1?1;flip),period3,(x,0,1),3,0,NEXT,none<=12,
9,flip;+1,-1?1;flip,A=(flip;+1) B=(-1?1;flip),period3,(x,0,1),3,0,PREV,none<=12,
9,flip;+1,-1?1;flip,A=(flip;+1) B=(-1?1;flip),period3,(x,0,1),3,0,CFLIP,none<=12,
9,flip;+1,-1?1;flip,A=(flip;+1) B=(-1?1;flip),period3,(x,0,1),3,0,CNEXT,none<=12,
9,flip;+1,-1?1;flip,A=(flip;+1) B=(-1?1;flip),period3,(x,0,1),3,0,CPREV,none<=12,
9,flip;+1,-1?1;flip,A=(flip;+1) B=(-1?1;flip),period3,(x,0,1),3,1,FLIP,none<=12,
9,flip;+1,-1?1;flip,A=(flip;+1) B=(-1?1;flip),period3,(x,0,1),3,1,NEXT,none<=12,
9,flip;+1,-1?1;flip,A=(flip;+1) B=(-1?1;flip),period3,(x,0,1),3,1,PREV,none<=12,
9,flip;+1,-1?1;flip,A=(flip;+1) B=(-1?1;flip),period3,(x,0,1),3,1,CFLIP,none<=12,
9,flip;+1,-1?1;flip,A=(flip;+1) B=(-1?1;flip),period3,(x,0,1),3,1,CNEXT,none<=12,
9,flip;+1,-1?1;flip,A=(flip;+1) B=(-1?1;flip),period3,(x,0,1),3,1,CPREV,none<=12,
9,flip;+1,-1?1;flip,A=(flip;+1) B=(-1?1;flip),period3,(x,0,1),3,2,FLIP,none<=12,
9,flip;+1,-1?1;flip,A=(flip;+1) B=(-1?1;flip),period3,(x,0,1),3,2,NEXT,none<=12,
9,flip;+1,-1?1;flip,A=(flip;+1) B=(-1?1;flip),period3,(x,0,1),3,2,PREV,none<=12,
9,flip;+1,-1?1;flip,A=(flip;+1) B=(-1?1;flip),period3,(x,0,1),3,2,CFLIP,none<=12,
9,flip;+1,-1?1;flip,A=(flip;+1) B=(-1?1;flip),period3,(x,0,1),3,2,CNEXT,none<=12,
9,flip;+1,-1?1;flip,A=(flip;+1) B=(-1?1;flip),period3,(x,0,1),3,2,CPREV,none<=12,
9,flip;+1,-1?1;flip,A=(flip;+1) B=(-1?1;flip),period3,(0,1,x),3,0,FLIP,none<=12,
9,flip;+1,-1?1;flip,A=(flip;+1) B=(-1?1;flip),period3,(0,1,x),3,0,NEXT,none<=12,
9,flip;+1,-1?1;flip,A=(flip;+1) B=(-1?1;flip),period3,(0,1,x),3,0,PREV,none<=12,
9,flip;+1,-1?1;flip,A=(flip;+1) B=(-1?1;flip),period3,(0,1,x),3,0,CFLIP,none<=12,
9,flip;+1,-1?1;flip,A=(flip;+1) B=(-1?1;flip),period3,(0,1,x),3,0,CNEXT,none<=12,
9,flip;+1,-1?1;flip,A=(flip;+1) B=(-1?1;flip),period3,(0,1,x),3,0,CPREV,none<=12,
9,flip;+1,-1?1;flip,A=(flip;+1) B=(-1?1;flip),period3,(0,1,x),3,1,FLIP,none<=12,
9,flip;+1,-1?1;flip,A=(flip;+1) B=(-1?1;flip),period3,(0,1,x),3,1,NEXT,none<=12,
9,flip;+1,-1?1;flip,A=(flip;+1) B=(-1?1;flip),period3,(0,1,x),3,1,PREV,none<=12,
9,flip;+1,-1?1;flip,A=(flip;+1) B=(-1?1;flip),period3,(0,1,x),3,1,CFLIP,none<=12,
9,flip;+1,-1?1;flip,A=(flip;+1) B=(-1?1;flip),period3,(0,1,x),3,1,CNEXT,none<=12,
9,flip;+1,-1?1;flip,A=(flip;+1) B=(-1?1;flip),period3,(0,1,x),3,1,CPREV,none<=12,
9,flip;+1,-1?1;flip,A=(flip;+1) B=(-1?1;flip),period3,(0,1,x),3,2,FLIP,none<=12,
9,flip;+1,-1?1;flip,A=(flip;+1) B=(-1?1;flip),period3,(0,1,x),3,2,NEXT,none<=12,
9,flip;+1,-1?1;flip,A=(flip;+1) B=(-1?1;flip),period3,(0,1,x),3,2,PREV,none<=12,
9,flip;+1,-1?1;flip,A=(flip;+1) B=(-1?1;flip),period3,(0,1,x),3,2,CFLIP,none<=12,
9,flip;+1,-1?1;flip,A=(flip;+1) B=(-1?1;flip),period3,(0,1,x),3,2,CNEXT,none<=12,
9,flip;+1,-1?1;flip,A=(flip;+1) B=(-1?1;flip),period3,(0,1,x),3,2,CPREV,none<=12,
9,flip;+1,-1?1;flip,A=(flip;+1) B=(-1?1;flip),period3,(1,x,0),3,0,FLIP,none<=12,
9,flip;+1,-1?1;flip,A=(flip;+1) B=(-1?1;flip),period3,(1,x,0),3,0,NEXT,none<=12,
9,flip;+1,-1?1;flip,A=(flip;+1) B=(-1?1;flip),period3,(1,x,0),3,0,PREV,none<=12,
9,flip;+1,-1?1;flip,A=(flip;+1) B=(-1?1;flip),period3,(1,x,0),3,0,CFLIP,none<=12,
9,flip;+1,-1?1;flip,A=(flip;+1) B=(-1?1;flip),period3,(1,x,0),3,0,CNEXT,none<=12,
9,flip;+1,-1?1;flip,A=(flip;+1) B=(-1?1;flip),period3,(1,x,0),3,0,CPREV,none<=12,
9,flip;+1,-1?1;flip,A=(flip;+1) B=(-1?1;flip),period3,(1,x,0),3,1,FLIP,none<=12,
9,flip;+1,-1?1;flip,A=(flip;+1) B=(-1?1;flip),period3,(1,x,0),3,1,NEXT,none<=12,
9,flip;+1,-1?1;flip,A=(flip;+1) B=(-1?1;flip),period3,(1,x,0),3,1,PREV,none<=12,
9,flip;+1,-1?1;flip,A=(flip;+1) B=(-1?1;flip),period3,(1,x,0),3,1,CFLIP,none<=12,
9,flip;+1,-1?1;flip,A=(flip;+1) B=(-1?1;flip),period3,(1,x,0),3,1,CNEXT,none<=12,
9,flip;+1,-1?1;flip,A=(flip;+1) B=(-1?1;flip),period3,(1,x,0),3,1,CPREV,none<=12,
9,flip;+1,-1?1;flip,A=(flip;+1) B=(-1?1;flip),period3,(1,x,0),3,2,FLIP,none<=12,
9,flip;+1,-1?1;flip,A=(flip;+1) B=(-1?1;flip),period3,(1,x,0),3,2,NEXT,none<=12,
9,flip;+1,-1?1;flip,A=(flip;+1) B=(-1?1;flip),period3,(1,x,0),3,2,PREV,none<=12,
9,flip;+1,-1?1;flip,A=(flip;+1) B=(-1?1;flip),period3,(1,x,0),3,2,CFLIP,none<=12,
9,flip;+1,-1?1;flip,A=(flip;+1) B=(-1?1;flip),period3,(1,x,0),3,2,CNEXT,none<=12,
9,flip;+1,-1?1;flip,A=(flip;+1) B=(-1?1;flip),period3,(1,x,0),3,2,CPREV,none<=12,
9,flip;+1,-1?1;flip,A=(flip;+1) B=(-1?1;flip),period3,(x,1,0),3,0,FLIP,none<=12,
9,flip;+1,-1?1;flip,A=(flip;+1) B=(-1?1;flip),period3,(x,1,0),3,0,NEXT,none<=12,
9,flip;+1,-1?1;flip,A=(flip;+1) B=(-1?1;flip),period3,(x,1,0),3,0,PREV,none<=12,
9,flip;+1,-1?1;flip,A=(flip;+1) B=(-1?1;flip),period3,(x,1,0),3,0,CFLIP,none<=12,
9,flip;+1,-1?1;flip,A=(flip;+1) B=(-1?1;flip),period3,(x,1,0),3,0,CNEXT,none<=12,
9,flip;+1,-1?1;flip,A=(flip;+1) B=(-1?1;flip),period3,(x,1,0),3,0,CPREV,none<=12,
9,flip;+1,-1?1;flip,A=(flip;+1) B=(-1?1;flip),period3,(x,1,0),3,1,FLIP,none<=12,
9,flip;+1,-1?1;flip,A=(flip;+1) B=(-1?1;flip),period3,(x,1,0),3,1,NEXT,none<=12,
9,flip;+1,-1?1;flip,A=(flip;+1) B=(-1?1;flip),period3,(x,1,0),3,1,PREV,none<=12,
9,flip;+1,-1?1;flip,A=(flip;+1) B=(-1?1;flip),period3,(x,1,0),3,1,CFLIP,none<=12,
9,flip;+1,-1?1;flip,A=(flip;+1) B=(-1?1;flip),period3,(x,1,0),3,1,CNEXT,none<=12,
9,flip;+1,-1?1;flip,A=(flip;+1) B=(-1?1;flip),period3,(x,1,0),3,1,CPREV,none<=12,
9,flip;+1,-1?1;flip,A=(flip;+1) B=(-1?1;flip),period3,(x,1,0),3,2,FLIP,none<=12,
9,flip;+1,-1?1;flip,A=(flip;+1) B=(-1?1;flip),period3,(x,1,0),3,2,NEXT,none<=12,
9,flip;+1,-1?1;flip,A=(flip;+1) B=(-1?1;flip),period3,(x,1,0),3,2,PREV,none<=12,
9,flip;+1,-1?1;flip,A=(flip;+1) B=(-1?1;flip),period3,(x,1,0),3,2,CFLIP,none<=12,
9,flip;+1,-1?1;flip,A=(flip;+1) B=(-1?1;flip),period3,(x,1,0),3,2,CNEXT,none<=12,
9,flip;+1,-1?1;flip,A=(flip;+1) B=(-1?1;flip),period3,(x,1,0),3,2,CPREV,none<=12,
9,flip;+1,-1?1;flip,A=(flip;+1) B=(-1?1;flip),period3,(1,0,x),3,0,FLIP,none<=12,
9,flip;+1,-1?1;flip,A=(flip;+1) B=(-1?1;flip),period3,(1,0,x),3,0,NEXT,none<=12,
9,flip;+1,-1?1;flip,A=(flip;+1) B=(-1?1;flip),period3,(1,0,x),3,0,PREV,none<=12,
9,flip;+1,-1?1;flip,A=(flip;+1) B=(-1?1;flip),period3,(1,0,x),3,0,CFLIP,none<=12,
9,flip;+1,-1?1;flip,A=(flip;+1) B=(-1?1;flip),period3,(1,0,x),3,0,CNEXT,none<=12,
9,flip;+1,-1?1;flip,A=(flip;+1) B=(-1?1;flip),period3,(1,0,x),3,0,CPREV,none<=12,
9,flip;+1,-1?1;flip,A=(flip;+1) B=(-1?1;flip),period3,(1,0,x),3,1,FLIP,none<=12,
9,flip;+1,-1?1;flip,A=(flip;+1) B=(-1?1;flip),period3,(1,0,x),3,1,NEXT,none<=12,
9,flip;+1,-1?1;flip,A=(flip;+1) B=(-1?1;flip),period3,(1,0,x),3,1,PREV,none<=12,
9,flip;+1,-1?1;flip,A=(flip;+1) B=(-1?1;flip),period3,(1,0,x),3,1,CFLIP,none<=12,
9,flip;+1,-1?1;flip,A=(flip;+1) B=(-1?1;flip),period3,(1,0,x),3,1,CNEXT,none<=12,
9,flip;+1,-1?1;flip,A=(flip;+1) B=(-1?1;flip),period3,(1,0,x),3,1,CPREV,none<=12,
9,flip;+1,-1?1;flip,A=(flip;+1) B=(-1?1;flip),period3,(1,0,x),3,2,FLIP,none<=12,
9,flip;+1,-1?1;flip,A=(flip;+1) B=(-1?1;flip),period3,(1,0,x),3,2,NEXT,none<=12,
9,flip;+1,-1?1;flip,A=(flip;+1) B=(-1?1;flip),period3,(1,0,x),3,2,PREV,none<=12,
9,flip;+1,-1?1;flip,A=(flip;+1) B=(-1?1;flip),period3,(1,0,x),3,2,CFLIP,none<=12,
9,flip;+1,-1?1;flip,A=(flip;+1) B=(-1?1;flip),period3,(1,0,x),3,2,CNEXT,none<=12,
9,flip;+1,-1?1;flip,A=(flip;+1) B=(-1?1;flip),period3,(1,0,x),3,2,CPREV,none<=12,
9,flip;+1,-1?1;flip,A=(flip;+1) B=(-1?1;flip),period3,(0,x,1),3,0,FLIP,none<=12,
9,flip;+1,-1?1;flip,A=(flip;+1) B=(-1?1;flip),period3,(0,x,1),3,0,NEXT,none<=12,
9,flip;+1,-1?1;flip,A=(flip;+1) B=(-1?1;flip),period3,(0,x,1),3,0,PREV,none<=12,
9,flip;+1,-1?1;flip,A=(flip;+1) B=(-1?1;flip),period3,(0,x,1),3,0,CFLIP,none<=12,
9,flip;+1,-1?1;flip,A=(flip;+1) B=(-1?1;flip),period3,(0,x,1),3,0,CNEXT,none<=12,
9,flip;+1,-1?1;flip,A=(flip;+1) B=(-1?1;flip),period3,(0,x,1),3,0,CPREV,none<=12,
9,flip;+1,-1?1;flip,A=(flip;+1) B=(-1?1;flip),period3,(0,x,1),3,1,FLIP,none<=12,
9,flip;+1,-1?1;flip,A=(flip;+1) B=(-1?1;flip),period3,(0,x,1),3,1,NEXT,none<=12,
9,flip;+1,-1?1;flip,A=(flip;+1) B=(-1?1;flip),period3,(0,x,1),3,1,PREV,none<=12,
9,flip;+1,-1?1;flip,A=(flip;+1) B=(-1?1;flip),period3,(0,x,1),3,1,CFLIP,none<=12,
9,flip;+1,-1?1;flip,A=(flip;+1) B=(-1?1;flip),period3,(0,x,1),3,1,CNEXT,none<=12,
9,flip;+1,-1?1;flip,A=(flip;+1) B=(-1?1;flip),period3,(0,x,1),3,1,CPREV,none<=12,
9,flip;+1,-1?1;flip,A=(flip;+1) B=(-1?1;flip),period3,(0,x,1),3,2,FLIP,none<=12,
9,flip;+1,-1?1;flip,A=(flip;+1) B=(-1?1;flip),period3,(0,x,1),3,2,NEXT,none<=12,
9,flip;+1,-1?1;flip,A=(flip;+1) B=(-1?1;flip),period3,(0,x,1),3,2,PREV,none<=12,
9,flip;+1,-1?1;flip,A=(flip;+1) B=(-1?1;flip),period3,(0,x,1),3,2,CFLIP,none<=12,
9,flip;+1,-1?1;flip,A=(flip;+1) B=(-1?1;flip),period3,(0,x,1),3,2,CNEXT,none<=12,
9,flip;+1,-1?1;flip,A=(flip;+1) B=(-1?1;flip),period3,(0,x,1),3,2,CPREV,none<=12,
9,flip;+1,-1?1;flip,A=(flip;+1) B=(-1?1;flip),period3,(x,0,0),3,0,FLIP,none<=12,
9,flip;+1,-1?1;flip,A=(flip;+1) B=(-1?1;flip),period3,(x,0,0),3,0,NEXT,none<=12,
9,flip;+1,-1?1;flip,A=(flip;+1) B=(-1?1;flip),period3,(x,0,0),3,0,PREV,none<=12,
9,flip;+1,-1?1;flip,A=(flip;+1) B=(-1?1;flip),period3,(x,0,0),3,0,CFLIP,none<=12,
9,flip;+1,-1?1;flip,A=(flip;+1) B=(-1?1;flip),period3,(x,0,0),3,0,CNEXT,none<=12,
9,flip;+1,-1?1;flip,A=(flip;+1) B=(-1?1;flip),period3,(x,0,0),3,0,CPREV,none<=12,
9,flip;+1,-1?1;flip,A=(flip;+1) B=(-1?1;flip),period3,(x,0,0),3,1,FLIP,none<=12,
9,flip;+1,-1?1;flip,A=(flip;+1) B=(-1?1;flip),period3,(x,0,0),3,1,NEXT,none<=12,
9,flip;+1,-1?1;flip,A=(flip;+1) B=(-1?1;flip),period3,(x,0,0),3,1,PREV,none<=12,
9,flip;+1,-1?1;flip,A=(flip;+1) B=(-1?1;flip),period3,(x,0,0),3,1,CFLIP,none<=12,
9,flip;+1,-1?1;flip,A=(flip;+1) B=(-1?1;flip),period3,(x,0,0),3,1,CNEXT,none<=12,
9,flip;+1,-1?1;flip,A=(flip;+1) B=(-1?1;flip),period3,(x,0,0),3,1,CPREV,none<=12,
9,flip;+1,-1?1;flip,A=(flip;+1) B=(-1?1;flip),period3,(x,0,0),3,2,FLIP,none<=12,
9,flip;+1,-1?1;flip,A=(flip;+1) B=(-1?1;flip),period3,(x,0,0),3,2,NEXT,none<=12,
9,flip;+1,-1?1;flip,A=(flip;+1) B=(-1?1;flip),period3,(x,0,0),3,2,PREV,none<=12,
9,flip;+1,-1?1;flip,A=(flip;+1) B=(-1?1;flip),period3,(x,0,0),3,2,CFLIP,none<=12,
9,flip;+1,-1?1;flip,A=(flip;+1) B=(-1?1;flip),period3,(x,0,0),3,2,CNEXT,none<=12,
9,flip;+1,-1?1;flip,A=(flip;+1) B=(-1?1;flip),period3,(x,0,0),3,2,CPREV,none<=12,
9,flip;+1,-1?1;flip,A=(flip;+1) B=(-1?1;flip),period3,(0,0,x),3,0,FLIP,none<=12,
9,flip;+1,-1?1;flip,A=(flip;+1) B=(-1?1;flip),period3,(0,0,x),3,0,NEXT,none<=12,
9,flip;+1,-1?1;flip,A=(flip;+1) B=(-1?1;flip),period3,(0,0,x),3,0,PREV,none<=12,
9,flip;+1,-1?1;flip,A=(flip;+1) B=(-1?1;flip),period3,(0,0,x),3,0,CFLIP,none<=12,
9,flip;+1,-1?1;flip,A=(flip;+1) B=(-1?1;flip),period3,(0,0,x),3,0,CNEXT,none<=12,
9,flip;+1,-1?1;flip,A=(flip;+1) B=(-1?1;flip),period3,(0,0,x),3,0,CPREV,none<=12,
9,flip;+1,-1?1;flip,A=(flip;+1) B=(-1?1;flip),period3,(0,0,x),3,1,FLIP,none<=12,
9,flip;+1,-1?1;flip,A=(flip;+1) B=(-1?1;flip),period3,(0,0,x),3,1,NEXT,none<=12,
9,flip;+1,-1?1;flip,A=(flip;+1) B=(-1?1;flip),period3,(0,0,x),3,1,PREV,none<=12,
9,flip;+1,-1?1;flip,A=(flip;+1) B=(-1?1;flip),period3,(0,0,x),3,1,CFLIP,none<=12,
9,flip;+1,-1?1;flip,A=(flip;+1) B=(-1?1;flip),period3,(0,0,x),3,1,CNEXT,none<=12,
9,flip;+1,-1?1;flip,A=(flip;+1) B=(-1?1;flip),period3,(0,0,x),3,1,CPREV,none<=12,
9,flip;+1,-1?1;flip,A=(flip;+1) B=(-1?1;flip),period3,(0,0,x),3,2,FLIP,none<=12,
9,flip;+1,-1?1;flip,A=(flip;+1) B=(-1?1;flip),period3,(0,0,x),3,2,NEXT,none<=12,
9,flip;+1,-1?1;flip,A=(flip;+1) B=(-1?1;flip),period3,(0,0,x),3,2,PREV,none<=12,
9,flip;+1,-1?1;flip,A=(flip;+1) B=(-1?1;flip),period3,(0,0,x),3,2,CFLIP,none<=12,
9,flip;+1,-1?1;flip,A=(flip;+1) B=(-1?1;flip),period3,(0,0,x),3,2,CNEXT,none<=12,
9,flip;+1,-1?1;flip,A=(flip;+1) B=(-1?1;flip),period3,(0,0,x),3,2,CPREV,none<=12,
9,flip;+1,-1?1;flip,A=(flip;+1) B=(-1?1;flip),period3,(0,x,0),3,0,FLIP,none<=12,
9,flip;+1,-1?1;flip,A=(flip;+1) B=(-1?1;flip),period3,(0,x,0),3,0,NEXT,none<=12,
9,flip;+1,-1?1;flip,A=(flip;+1) B=(-1?1;flip),period3,(0,x,0),3,0,PREV,none<=12,
9,flip;+1,-1?1;flip,A=(flip;+1) B=(-1?1;flip),period3,(0,x,0),3,0,CFLIP,none<=12,
9,flip;+1,-1?1;flip,A=(flip;+1) B=(-1?1;flip),period3,(0,x,0),3,0,CNEXT,none<=12,
9,flip;+1,-1?1;flip,A=(flip;+1) B=(-1?1;flip),period3,(0,x,0),3,0,CPREV,none<=12,
9,flip;+1,-1?1;flip,A=(flip;+1) B=(-1?1;flip),period3,(0,x,0),3,1,FLIP,none<=12,
9,flip;+1,-1?1;flip,A=(flip;+1) B=(-1?1;flip),period3,(0,x,0),3,1,NEXT,none<=12,
9,flip;+1,-1?1;flip,A=(flip;+1) B=(-1?1;flip),period3,(0,x,0),3,1,PREV,none<=12,
9,flip;+1,-1?1;flip,A=(flip;+1) B=(-1?1;flip),period3,(0,x,0),3,1,CFLIP,none<=12,
9,flip;+1,-1?1;flip,A=(flip;+1) B=(-1?1;flip),period3,(0,x,0),3,1,CNEXT,none<=12,
9,flip;+1,-1?1;flip,A=(flip;+1) B=(-1?1;flip),period3,(0,x,0),3,1,CPREV,none<=12,
9,flip;+1,-1?1;flip,A=(flip;+1) B=(-1?1;flip),period3,(0,x,0),3,2,FLIP,none<=12,
9,flip;+1,-1?1;flip,A=(flip;+1) B=(-1?1;flip),period3,(0,x,0),3,2,NEXT,none<=12,
9,flip;+1,-1?1;flip,A=(flip;+1) B=(-1?1;flip),period3,(0,x,0),3,2,PREV,none<=12,
9,flip;+1,-1?1;flip,A=(flip;+1) B=(-1?1;flip),period3,(0,x,0),3,2,CFLIP,none<=12,
9,flip;+1,-1?1;flip,A=(flip;+1) B=(-1?1;flip),period3,(0,x,0),3,2,CNEXT,none<=12,
9,flip;+1,-1?1;flip,A=(flip;+1) B=(-1?1;flip),period3,(0,x,0),3,2,CPREV,none<=12,
9,flip;+1,-1?1;flip,A=(flip;+1) B=(-1?1;flip),period3,(x,1,1),3,0,FLIP,none<=12,
9,flip;+1,-1?1;flip,A=(flip;+1) B=(-1?1;flip),period3,(x,1,1),3,0,NEXT,none<=12,
9,flip;+1,-1?1;flip,A=(flip;+1) B=(-1?1;flip),period3,(x,1,1),3,0,PREV,none<=12,
9,flip;+1,-1?1;flip,A=(flip;+1) B=(-1?1;flip),period3,(x,1,1),3,0,CFLIP,none<=12,
9,flip;+1,-1?1;flip,A=(flip;+1) B=(-1?1;flip),period3,(x,1,1),3,0,CNEXT,none<=12,
9,flip;+1,-1?1;flip,A=(flip;+1) B=(-1?1;flip),period3,(x,1,1),3,0,CPREV,none<=12,
9,flip;+1,-1?1;flip,A=(flip;+1) B=(-1?1;flip),period3,(x,1,1),3,1,FLIP,none<=12,
9,flip;+1,-1?1;flip,A=(flip;+1) B=(-1?1;flip),period3,(x,1,1),3,1,NEXT,none<=12,
9,flip;+1,-1?1;flip,A=(flip;+1) B=(-1?1;flip),period3,(x,1,1),3,1,PREV,none<=12,
9,flip;+1,-1?1;flip,A=(flip;+1) B=(-1?1;flip),period3,(x,1,1),3,1,CFLIP,none<=12,
9,flip;+1,-1?1;flip,A=(flip;+1) B=(-1?1;flip),period3,(x,1,1),3,1,CNEXT,none<=12,
9,flip;+1,-1?1;flip,A=(flip;+1) B=(-1?1;flip),period3,(x,1,1),3,1,CPREV,none<=12,
9,flip;+1,-1?1;flip,A=(flip;+1) B=(-1?1;flip),period3,(x,1,1),3,2,FLIP,none<=12,
9,flip;+1,-1?1;flip,A=(flip;+1) B=(-1?1;flip),period3,(x,1,1),3,2,NEXT,none<=12,
9,flip;+1,-1?1;flip,A=(flip;+1) B=(-1?1;flip),period3,(x,1,1),3,2,PREV,none<=12,
9,flip;+1,-1?1;flip,A=(flip;+1) B=(-1?1;flip),period3,(x,1,1),3,2,CFLIP,none<=12,
9,flip;+1,-1?1;flip,A=(flip;+1) B=(-1?1;flip),period3,(x,1,1),3,2,CNEXT,none<=12,
9,flip;+1,-1?1;flip,A=(flip;+1) B=(-1?1;flip),period3,(x,1,1),3,2,CPREV,none<=12,
9,flip;+1,-1?1;flip,A=(flip;+1) B=(-1?1;flip),period3,(1,1,x),3,0,FLIP,none<=12,
9,flip;+1,-1?1;flip,A=(flip;+1) B=(-1?1;flip),period3,(1,1,x),3,0,NEXT,none<=12,
9,flip;+1,-1?1;flip,A=(flip;+1) B=(-1?1;flip),period3,(1,1,x),3,0,PREV,none<=12,
9,flip;+1,-1?1;flip,A=(flip;+1) B=(-1?1;flip),period3,(1,1,x),3,0,CFLIP,none<=12,
9,flip;+1,-1?1;flip,A=(flip;+1) B=(-1?1;flip),period3,(1,1,x),3,0,CNEXT,none<=12,
9,flip;+1,-1?1;flip,A=(flip;+1) B=(-1?1;flip),period3,(1,1,x),3,0,CPREV,none<=12,
9,flip;+1,-1?1;flip,A=(flip;+1) B=(-1?1;flip),period3,(1,1,x),3,1,FLIP,none<=12,
9,flip;+1,-1?1;flip,A=(flip;+1) B=(-1?1;flip),period3,(1,1,x),3,1,NEXT,none<=12,
9,flip;+1,-1?1;flip,A=(flip;+1) B=(-1?1;flip),period3,(1,1,x),3,1,PREV,none<=12,
9,flip;+1,-1?1;flip,A=(flip;+1) B=(-1?1;flip),period3,(1,1,x),3,1,CFLIP,none<=12,
9,flip;+1,-1?1;flip,A=(flip;+1) B=(-1?1;flip),period3,(1,1,x),3,1,CNEXT,none<=12,
9,flip;+1,-1?1;flip,A=(flip;+1) B=(-1?1;flip),period3,(1,1,x),3,1,CPREV,none<=12,
9,flip;+1,-1?1;flip,A=(flip;+1) B=(-1?1;flip),period3,(1,1,x),3,2,FLIP,none<=12,
9,flip;+1,-1?1;flip,A=(flip;+1) B=(-1?1;flip),period3,(1,1,x),3,2,NEXT,none<=12,
9,flip;+1,-1?1;flip,A=(flip;+1) B=(-1?1;flip),period3,(1,1,x),3,2,PREV,none<=12,
9,flip;+1,-1?1;flip,A=(flip;+1) B=(-1?1;flip),period3,(1,1,x),3,2,CFLIP,none<=12,
9,flip;+1,-1?1;flip,A=(flip;+1) B=(-1?1;flip),period3,(1,1,x),3,2,CNEXT,none<=12,
9,flip;+1,-1?1;flip,A=(flip;+1) B=(-1?1;flip),period3,(1,1,x),3,2,CPREV,none<=12,
9,flip;+1,-1?1;flip,A=(flip;+1) B=(-1?1;flip),period3,(1,x,1),3,0,FLIP,none<=12,
9,flip;+1,-1?1;flip,A=(flip;+1) B=(-1?1;flip),period3,(1,x,1),3,0,NEXT,none<=12,
9,flip;+1,-1?1;flip,A=(flip;+1) B=(-1?1;flip),period3,(1,x,1),3,0,PREV,none<=12,
9,flip;+1,-1?1;flip,A=(flip;+1) B=(-1?1;flip),period3,(1,x,1),3,0,CFLIP,none<=12,
9,flip;+1,-1?1;flip,A=(flip;+1) B=(-1?1;flip),period3,(1,x,1),3,0,CNEXT,none<=12,
9,flip;+1,-1?1;flip,A=(flip;+1) B=(-1?1;flip),period3,(1,x,1),3,0,CPREV,none<=12,
9,flip;+1,-1?1;flip,A=(flip;+1) B=(-1?1;flip),period3,(1,x,1),3,1,FLIP,none<=12,
9,flip;+1,-1?1;flip,A=(flip;+1) B=(-1?1;flip),period3,(1,x,1),3,1,NEXT,none<=12,
9,flip;+1,-1?1;flip,A=(flip;+1) B=(-1?1;flip),period3,(1,x,1),3,1,PREV,none<=12,
9,flip;+1,-1?1;flip,A=(flip;+1) B=(-1?1;flip),period3,(1,x,1),3,1,CFLIP,none<=12,
9,flip;+1,-1?1;flip,A=(flip;+1) B=(-1?1;flip),period3,(1,x,1),3,1,CNEXT,none<=12,
9,flip;+1,-1?1;flip,A=(flip;+1) B=(-1?1;flip),period3,(1,x,1),3,1,CPREV,none<=12,
9,flip;+1,-1?1;flip,A=(flip;+1) B=(-1?1;flip),period3,(1,x,1),3,2,FLIP,none<=12,
9,flip;+1,-1?1;flip,A=(flip;+1) B=(-1?1;flip),period3,(1,x,1),3,2,NEXT,none<=12,
9,flip;+1,-1?1;flip,A=(flip;+1) B=(-1?1;flip),period3,(1,x,1),3,2,PREV,none<=12,
9,flip;+1,-1?1;flip,A=(flip;+1) B=(-1?1;flip),period3,(1,x,1),3,2,CFLIP,none<=12,
9,flip;+1,-1?1;flip,A=(flip;+1) B=(-1?1;flip),period3,(1,x,1),3,2,CNEXT,none<=12,
9,flip;+1,-1?1;flip,A=(flip;+1) B=(-1?1;flip),period3,(1,x,1),3,2,CPREV,none<=12,
10,+1;flip,-1?0,A=(+1;flip) B=(-1?0),none,(x),1,0,FLIP,none<=12,
10,+1;flip,-1?0,A=(+1;flip) B=(-1?0),none,(x),1,0,NEXT,none<=12,
10,+1;flip,-1?0,A=(+1;flip) B=(-1?0),none,(x),1,0,PREV,none<=12,
10,+1;flip,-1?0,A=(+1;flip) B=(-1?0),none,(x),1,0,CFLIP,none<=12,
10,+1;flip,-1?0,A=(+1;flip) B=(-1?0),none,(x),1,0,CNEXT,none<=12,
10,+1;flip,-1?0,A=(+1;flip) B=(-1?0),none,(x),1,0,CPREV,none<=12,
10,+1;flip,-1?0,A=(+1;flip) B=(-1?0),dual,(x,n),2,0,FLIP,none<=12,
10,+1;flip,-1?0,A=(+1;flip) B=(-1?0),dual,(x,n),2,0,NEXT,none<=12,
10,+1;flip,-1?0,A=(+1;flip) B=(-1?0),dual,(x,n),2,0,PREV,none<=12,
10,+1;flip,-1?0,A=(+1;flip) B=(-1?0),dual,(x,n),2,0,CFLIP,none<=12,
10,+1;flip,-1?0,A=(+1;flip) B=(-1?0),dual,(x,n),2,0,CNEXT,none<=12,
10,+1;flip,-1?0,A=(+1;flip) B=(-1?0),dual,(x,n),2,0,CPREV,none<=12,
10,+1;flip,-1?0,A=(+1;flip) B=(-1?0),dual,(x,n),2,1,FLIP,none<=12,
10,+1;flip,-1?0,A=(+1;flip) B=(-1?0),dual,(x,n),2,1,NEXT,none<=12,
10,+1;flip,-1?0,A=(+1;flip) B=(-1?0),dual,(x,n),2,1,PREV,none<=12,
10,+1;flip,-1?0,A=(+1;flip) B=(-1?0),dual,(x,n),2,1,CFLIP,none<=12,
10,+1;flip,-1?0,A=(+1;flip) B=(-1?0),dual,(x,n),2,1,CNEXT,none<=12,
10,+1;flip,-1?0,A=(+1;flip) B=(-1?0),dual,(x,n),2,1,CPREV,none<=12,
10,+1;flip,-1?0,A=(+1;flip) B=(-1?0),dual,(n,x),2,0,FLIP,none<=12,
10,+1;flip,-1?0,A=(+1;flip) B=(-1?0),dual,(n,x),2,0,NEXT,none<=12,
10,+1;flip,-1?0,A=(+1;flip) B=(-1?0),dual,(n,x),2,0,PREV,none<=12,
10,+1;flip,-1?0,A=(+1;flip) B=(-1?0),dual,(n,x),2,0,CFLIP,none<=12,
10,+1;flip,-1?0,A=(+1;flip) B=(-1?0),dual,(n,x),2,0,CNEXT,none<=12,
10,+1;flip,-1?0,A=(+1;flip) B=(-1?0),dual,(n,x),2,0,CPREV,none<=12,
10,+1;flip,-1?0,A=(+1;flip) B=(-1?0),dual,(n,x),2,1,FLIP,none<=12,
10,+1;flip,-1?0,A=(+1;flip) B=(-1?0),dual,(n,x),2,1,NEXT,none<=12,
10,+1;flip,-1?0,A=(+1;flip) B=(-1?0),dual,(n,x),2,1,PREV,none<=12,
10,+1;flip,-1?0,A=(+1;flip) B=(-1?0),dual,(n,x),2,1,CFLIP,none<=12,
10,+1;flip,-1?0,A=(+1;flip) B=(-1?0),dual,(n,x),2,1,CNEXT,none<=12,
10,+1;flip,-1?0,A=(+1;flip) B=(-1?0),dual,(n,x),2,1,CPREV,none<=12,
10,+1;flip,-1?0,A=(+1;flip) B=(-1?0),scratch,(x,1),2,0,FLIP,none<=12,
10,+1;flip,-1?0,A=(+1;flip) B=(-1?0),scratch,(x,1),2,0,NEXT,none<=12,
10,+1;flip,-1?0,A=(+1;flip) B=(-1?0),scratch,(x,1),2,0,PREV,none<=12,
10,+1;flip,-1?0,A=(+1;flip) B=(-1?0),scratch,(x,1),2,0,CFLIP,none<=12,
10,+1;flip,-1?0,A=(+1;flip) B=(-1?0),scratch,(x,1),2,0,CNEXT,none<=12,
10,+1;flip,-1?0,A=(+1;flip) B=(-1?0),scratch,(x,1),2,0,CPREV,none<=12,
10,+1;flip,-1?0,A=(+1;flip) B=(-1?0),scratch,(x,1),2,1,FLIP,none<=12,
10,+1;flip,-1?0,A=(+1;flip) B=(-1?0),scratch,(x,1),2,1,NEXT,none<=12,
10,+1;flip,-1?0,A=(+1;flip) B=(-1?0),scratch,(x,1),2,1,PREV,none<=12,
10,+1;flip,-1?0,A=(+1;flip) B=(-1?0),scratch,(x,1),2,1,CFLIP,none<=12,
10,+1;flip,-1?0,A=(+1;flip) B=(-1?0),scratch,(x,1),2,1,CNEXT,none<=12,
10,+1;flip,-1?0,A=(+1;flip) B=(-1?0),scratch,(x,1),2,1,CPREV,none<=12,
10,+1;flip,-1?0,A=(+1;flip) B=(-1?0),scratch,(1,x),2,0,FLIP,none<=12,
10,+1;flip,-1?0,A=(+1;flip) B=(-1?0),scratch,(1,x),2,0,NEXT,none<=12,
10,+1;flip,-1?0,A=(+1;flip) B=(-1?0),scratch,(1,x),2,0,PREV,none<=12,
10,+1;flip,-1?0,A=(+1;flip) B=(-1?0),scratch,(1,x),2,0,CFLIP,none<=12,
10,+1;flip,-1?0,A=(+1;flip) B=(-1?0),scratch,(1,x),2,0,CNEXT,none<=12,
10,+1;flip,-1?0,A=(+1;flip) B=(-1?0),scratch,(1,x),2,0,CPREV,none<=12,
10,+1;flip,-1?0,A=(+1;flip) B=(-1?0),scratch,(1,x),2,1,FLIP,none<=12,
10,+1;flip,-1?0,A=(+1;flip) B=(-1?0),scratch,(1,x),2,1,NEXT,none<=12,
10,+1;flip,-1?0,A=(+1;flip) B=(-1?0),scratch,(1,x),2,1,PREV,none<=12,
10,+1;flip,-1?0,A=(+1;flip) B=(-1?0),scratch,(1,x),2,1,CFLIP,none<=12,
10,+1;flip,-1?0,A=(+1;flip) B=(-1?0),scratch,(1,x),2,1,CNEXT,none<=12,
10,+1;flip,-1?0,A=(+1;flip) B=(-1?0),scratch,(1,x),2,1,CPREV,none<=12,
10,+1;flip,-1?0,A=(+1;flip) B=(-1?0),scratch,(x,0),2,0,FLIP,none<=12,
10,+1;flip,-1?0,A=(+1;flip) B=(-1?0),scratch,(x,0),2,0,NEXT,none<=12,
10,+1;flip,-1?0,A=(+1;flip) B=(-1?0),scratch,(x,0),2,0,PREV,none<=12,
10,+1;flip,-1?0,A=(+1;flip) B=(-1?0),scratch,(x,0),2,0,CFLIP,none<=12,
10,+1;flip,-1?0,A=(+1;flip) B=(-1?0),scratch,(x,0),2,0,CNEXT,none<=12,
10,+1;flip,-1?0,A=(+1;flip) B=(-1?0),scratch,(x,0),2,0,CPREV,none<=12,
10,+1;flip,-1?0,A=(+1;flip) B=(-1?0),scratch,(x,0),2,1,FLIP,none<=12,
10,+1;flip,-1?0,A=(+1;flip) B=(-1?0),scratch,(x,0),2,1,NEXT,none<=12,
10,+1;flip,-1?0,A=(+1;flip) B=(-1?0),scratch,(x,0),2,1,PREV,none<=12,
10,+1;flip,-1?0,A=(+1;flip) B=(-1?0),scratch,(x,0),2,1,CFLIP,none<=12,
10,+1;flip,-1?0,A=(+1;flip) B=(-1?0),scratch,(x,0),2,1,CNEXT,none<=12,
10,+1;flip,-1?0,A=(+1;flip) B=(-1?0),scratch,(x,0),2,1,CPREV,none<=12,
10,+1;flip,-1?0,A=(+1;flip) B=(-1?0),scratch,(0,x),2,0,FLIP,none<=12,
10,+1;flip,-1?0,A=(+1;flip) B=(-1?0),scratch,(0,x),2,0,NEXT,none<=12,
10,+1;flip,-1?0,A=(+1;flip) B=(-1?0),scratch,(0,x),2,0,PREV,none<=12,
10,+1;flip,-1?0,A=(+1;flip) B=(-1?0),scratch,(0,x),2,0,CFLIP,none<=12,
10,+1;flip,-1?0,A=(+1;flip) B=(-1?0),scratch,(0,x),2,0,CNEXT,none<=12,
10,+1;flip,-1?0,A=(+1;flip) B=(-1?0),scratch,(0,x),2,0,CPREV,none<=12,
10,+1;flip,-1?0,A=(+1;flip) B=(-1?0),scratch,(0,x),2,1,FLIP,none<=12,
10,+1;flip,-1?0,A=(+1;flip) B=(-1?0),scratch,(0,x),2,1,NEXT,none<=12,
10,+1;flip,-1?0,A=(+1;flip) B=(-1?0),scratch,(0,x),2,1,PREV,none<=12,
10,+1;flip,-1?0,A=(+1;flip) B=(-1?0),scratch,(0,x),2,1,CFLIP,none<=12,
10,+1;flip,-1?0,A=(+1;flip) B=(-1?0),scratch,(0,x),2,1,CNEXT,none<=12,
10,+1;flip,-1?0,A=(+1;flip) B=(-1?0),scratch,(0,x),2,1,CPREV,none<=12,
10,+1;flip,-1?0,A=(+1;flip) B=(-1?0),period3,(x,0,1),3,0,FLIP,none<=12,
10,+1;flip,-1?0,A=(+1;flip) B=(-1?0),period3,(x,0,1),3,0,NEXT,none<=12,
10,+1;flip,-1?0,A=(+1;flip) B=(-1?0),period3,(x,0,1),3,0,PREV,none<=12,
10,+1;flip,-1?0,A=(+1;flip) B=(-1?0),period3,(x,0,1),3,0,CFLIP,none<=12,
10,+1;flip,-1?0,A=(+1;flip) B=(-1?0),period3,(x,0,1),3,0,CNEXT,none<=12,
10,+1;flip,-1?0,A=(+1;flip) B=(-1?0),period3,(x,0,1),3,0,CPREV,none<=12,
10,+1;flip,-1?0,A=(+1;flip) B=(-1?0),period3,(x,0,1),3,1,FLIP,none<=12,
10,+1;flip,-1?0,A=(+1;flip) B=(-1?0),period3,(x,0,1),3,1,NEXT,none<=12,
10,+1;flip,-1?0,A=(+1;flip) B=(-1?0),period3,(x,0,1),3,1,PREV,none<=12,
10,+1;flip,-1?0,A=(+1;flip) B=(-1?0),period3,(x,0,1),3,1,CFLIP,none<=12,
10,+1;flip,-1?0,A=(+1;flip) B=(-1?0),period3,(x,0,1),3,1,CNEXT,none<=12,
10,+1;flip,-1?0,A=(+1;flip) B=(-1?0),period3,(x,0,1),3,1,CPREV,none<=12,
10,+1;flip,-1?0,A=(+1;flip) B=(-1?0),period3,(x,0,1),3,2,FLIP,none<=12,
10,+1;flip,-1?0,A=(+1;flip) B=(-1?0),period3,(x,0,1),3,2,NEXT,none<=12,
10,+1;flip,-1?0,A=(+1;flip) B=(-1?0),period3,(x,0,1),3,2,PREV,none<=12,
10,+1;flip,-1?0,A=(+1;flip) B=(-1?0),period3,(x,0,1),3,2,CFLIP,none<=12,
10,+1;flip,-1?0,A=(+1;flip) B=(-1?0),period3,(x,0,1),3,2,CNEXT,none<=12,
10,+1;flip,-1?0,A=(+1;flip) B=(-1?0),period3,(x,0,1),3,2,CPREV,none<=12,
10,+1;flip,-1?0,A=(+1;flip) B=(-1?0),period3,(0,1,x),3,0,FLIP,none<=12,
10,+1;flip,-1?0,A=(+1;flip) B=(-1?0),period3,(0,1,x),3,0,NEXT,none<=12,
10,+1;flip,-1?0,A=(+1;flip) B=(-1?0),period3,(0,1,x),3,0,PREV,none<=12,
10,+1;flip,-1?0,A=(+1;flip) B=(-1?0),period3,(0,1,x),3,0,CFLIP,none<=12,
10,+1;flip,-1?0,A=(+1;flip) B=(-1?0),period3,(0,1,x),3,0,CNEXT,none<=12,
10,+1;flip,-1?0,A=(+1;flip) B=(-1?0),period3,(0,1,x),3,0,CPREV,none<=12,
10,+1;flip,-1?0,A=(+1;flip) B=(-1?0),period3,(0,1,x),3,1,FLIP,none<=12,
10,+1;flip,-1?0,A=(+1;flip) B=(-1?0),period3,(0,1,x),3,1,NEXT,none<=12,
10,+1;flip,-1?0,A=(+1;flip) B=(-1?0),period3,(0,1,x),3,1,PREV,none<=12,
10,+1;flip,-1?0,A=(+1;flip) B=(-1?0),period3,(0,1,x),3,1,CFLIP,none<=12,
10,+1;flip,-1?0,A=(+1;flip) B=(-1?0),period3,(0,1,x),3,1,CNEXT,none<=12,
10,+1;flip,-1?0,A=(+1;flip) B=(-1?0),period3,(0,1,x),3,1,CPREV,none<=12,
10,+1;flip,-1?0,A=(+1;flip) B=(-1?0),period3,(0,1,x),3,2,FLIP,none<=12,
10,+1;flip,-1?0,A=(+1;flip) B=(-1?0),period3,(0,1,x),3,2,NEXT,none<=12,
10,+1;flip,-1?0,A=(+1;flip) B=(-1?0),period3,(0,1,x),3,2,PREV,none<=12,
10,+1;flip,-1?0,A=(+1;flip) B=(-1?0),period3,(0,1,x),3,2,CFLIP,none<=12,
10,+1;flip,-1?0,A=(+1;flip) B=(-1?0),period3,(0,1,x),3,2,CNEXT,none<=12,
10,+1;flip,-1?0,A=(+1;flip) B=(-1?0),period3,(0,1,x),3,2,CPREV,none<=12,
10,+1;flip,-1?0,A=(+1;flip) B=(-1?0),period3,(1,x,0),3,0,FLIP,none<=12,
10,+1;flip,-1?0,A=(+1;flip) B=(-1?0),period3,(1,x,0),3,0,NEXT,none<=12,
10,+1;flip,-1?0,A=(+1;flip) B=(-1?0),period3,(1,x,0),3,0,PREV,none<=12,
10,+1;flip,-1?0,A=(+1;flip) B=(-1?0),period3,(1,x,0),3,0,CFLIP,none<=12,
10,+1;flip,-1?0,A=(+1;flip) B=(-1?0),period3,(1,x,0),3,0,CNEXT,none<=12,
10,+1;flip,-1?0,A=(+1;flip) B=(-1?0),period3,(1,x,0),3,0,CPREV,none<=12,
10,+1;flip,-1?0,A=(+1;flip) B=(-1?0),period3,(1,x,0),3,1,FLIP,none<=12,
10,+1;flip,-1?0,A=(+1;flip) B=(-1?0),period3,(1,x,0),3,1,NEXT,none<=12,
10,+1;flip,-1?0,A=(+1;flip) B=(-1?0),period3,(1,x,0),3,1,PREV,none<=12,
10,+1;flip,-1?0,A=(+1;flip) B=(-1?0),period3,(1,x,0),3,1,CFLIP,none<=12,
10,+1;flip,-1?0,A=(+1;flip) B=(-1?0),period3,(1,x,0),3,1,CNEXT,none<=12,
10,+1;flip,-1?0,A=(+1;flip) B=(-1?0),period3,(1,x,0),3,1,CPREV,none<=12,
10,+1;flip,-1?0,A=(+1;flip) B=(-1?0),period3,(1,x,0),3,2,FLIP,none<=12,
10,+1;flip,-1?0,A=(+1;flip) B=(-1?0),period3,(1,x,0),3,2,NEXT,none<=12,
10,+1;flip,-1?0,A=(+1;flip) B=(-1?0),period3,(1,x,0),3,2,PREV,none<=12,
10,+1;flip,-1?0,A=(+1;flip) B=(-1?0),period3,(1,x,0),3,2,CFLIP,none<=12,
10,+1;flip,-1?0,A=(+1;flip) B=(-1?0),period3,(1,x,0),3,2,CNEXT,none<=12,
10,+1;flip,-1?0,A=(+1;flip) B=(-1?0),period3,(1,x,0),3,2,CPREV,none<=12,
10,+1;flip,-1?0,A=(+1;flip) B=(-1?0),period3,(x,1,0),3,0,FLIP,none<=12,
10,+1;flip,-1?0,A=(+1;flip) B=(-1?0),period3,(x,1,0),3,0,NEXT,none<=12,
10,+1;flip,-1?0,A=(+1;flip) B=(-1?0),period3,(x,1,0),3,0,PREV,none<=12,
10,+1;flip,-1?0,A=(+1;flip) B=(-1?0),period3,(x,1,0),3,0,CFLIP,none<=12,
10,+1;flip,-1?0,A=(+1;flip) B=(-1?0),period3,(x,1,0),3,0,CNEXT,none<=12,
10,+1;flip,-1?0,A=(+1;flip) B=(-1?0),period3,(x,1,0),3,0,CPREV,none<=12,
10,+1;flip,-1?0,A=(+1;flip) B=(-1?0),period3,(x,1,0),3,1,FLIP,none<=12,
10,+1;flip,-1?0,A=(+1;flip) B=(-1?0),period3,(x,1,0),3,1,NEXT,none<=12,
10,+1;flip,-1?0,A=(+1;flip) B=(-1?0),period3,(x,1,0),3,1,PREV,none<=12,
10,+1;flip,-1?0,A=(+1;flip) B=(-1?0),period3,(x,1,0),3,1,CFLIP,none<=12,
10,+1;flip,-1?0,A=(+1;flip) B=(-1?0),period3,(x,1,0),3,1,CNEXT,none<=12,
10,+1;flip,-1?0,A=(+1;flip) B=(-1?0),period3,(x,1,0),3,1,CPREV,none<=12,
10,+1;flip,-1?0,A=(+1;flip) B=(-1?0),period3,(x,1,0),3,2,FLIP,none<=12,
10,+1;flip,-1?0,A=(+1;flip) B=(-1?0),period3,(x,1,0),3,2,NEXT,none<=12,
10,+1;flip,-1?0,A=(+1;flip) B=(-1?0),period3,(x,1,0),3,2,PREV,none<=12,
10,+1;flip,-1?0,A=(+1;flip) B=(-1?0),period3,(x,1,0),3,2,CFLIP,none<=12,
10,+1;flip,-1?0,A=(+1;flip) B=(-1?0),period3,(x,1,0),3,2,CNEXT,none<=12,
10,+1;flip,-1?0,A=(+1;flip) B=(-1?0),period3,(x,1,0),3,2,CPREV,none<=12,
10,+1;flip,-1?0,A=(+1;flip) B=(-1?0),period3,(1,0,x),3,0,FLIP,none<=12,
10,+1;flip,-1?0,A=(+1;flip) B=(-1?0),period3,(1,0,x),3,0,NEXT,none<=12,
10,+1;flip,-1?0,A=(+1;flip) B=(-1?0),period3,(1,0,x),3,0,PREV,none<=12,
10,+1;flip,-1?0,A=(+1;flip) B=(-1?0),period3,(1,0,x),3,0,CFLIP,none<=12,
10,+1;flip,-1?0,A=(+1;flip) B=(-1?0),period3,(1,0,x),3,0,CNEXT,none<=12,
10,+1;flip,-1?0,A=(+1;flip) B=(-1?0),period3,(1,0,x),3,0,CPREV,none<=12,
10,+1;flip,-1?0,A=(+1;flip) B=(-1?0),period3,(1,0,x),3,1,FLIP,none<=12,
10,+1;flip,-1?0,A=(+1;flip) B=(-1?0),period3,(1,0,x),3,1,NEXT,none<=12,
10,+1;flip,-1?0,A=(+1;flip) B=(-1?0),period3,(1,0,x),3,1,PREV,none<=12,
10,+1;flip,-1?0,A=(+1;flip) B=(-1?0),period3,(1,0,x),3,1,CFLIP,none<=12,
10,+1;flip,-1?0,A=(+1;flip) B=(-1?0),period3,(1,0,x),3,1,CNEXT,none<=12,
10,+1;flip,-1?0,A=(+1;flip) B=(-1?0),period3,(1,0,x),3,1,CPREV,none<=12,
10,+1;flip,-1?0,A=(+1;flip) B=(-1?0),period3,(1,0,x),3,2,FLIP,none<=12,
10,+1;flip,-1?0,A=(+1;flip) B=(-1?0),period3,(1,0,x),3,2,NEXT,none<=12,
10,+1;flip,-1?0,A=(+1;flip) B=(-1?0),period3,(1,0,x),3,2,PREV,none<=12,
10,+1;flip,-1?0,A=(+1;flip) B=(-1?0),period3,(1,0,x),3,2,CFLIP,none<=12,
10,+1;flip,-1?0,A=(+1;flip) B=(-1?0),period3,(1,0,x),3,2,CNEXT,none<=12,
10,+1;flip,-1?0,A=(+1;flip) B=(-1?0),period3,(1,0,x),3,2,CPREV,none<=12,
10,+1;flip,-1?0,A=(+1;flip) B=(-1?0),period3,(0,x,1),3,0,FLIP,none<=12,
10,+1;flip,-1?0,A=(+1;flip) B=(-1?0),period3,(0,x,1),3,0,NEXT,none<=12,
10,+1;flip,-1?0,A=(+1;flip) B=(-1?0),period3,(0,x,1),3,0,PREV,none<=12,
10,+1;flip,-1?0,A=(+1;flip) B=(-1?0),period3,(0,x,1),3,0,CFLIP,none<=12,
10,+1;flip,-1?0,A=(+1;flip) B=(-1?0),period3,(0,x,1),3,0,CNEXT,none<=12,
10,+1;flip,-1?0,A=(+1;flip) B=(-1?0),period3,(0,x,1),3,0,CPREV,none<=12,
10,+1;flip,-1?0,A=(+1;flip) B=(-1?0),period3,(0,x,1),3,1,FLIP,none<=12,
10,+1;flip,-1?0,A=(+1;flip) B=(-1?0),period3,(0,x,1),3,1,NEXT,none<=12,
10,+1;flip,-1?0,A=(+1;flip) B=(-1?0),period3,(0,x,1),3,1,PREV,none<=12,
10,+1;flip,-1?0,A=(+1;flip) B=(-1?0),period3,(0,x,1),3,1,CFLIP,none<=12,
10,+1;flip,-1?0,A=(+1;flip) B=(-1?0),period3,(0,x,1),3,1,CNEXT,none<=12,
10,+1;flip,-1?0,A=(+1;flip) B=(-1?0),period3,(0,x,1),3,1,CPREV,none<=12,
10,+1;flip,-1?0,A=(+1;flip) B=(-1?0),period3,(0,x,1),3,2,FLIP,none<=12,
10,+1;flip,-1?0,A=(+1;flip) B=(-1?0),period3,(0,x,1),3,2,NEXT,none<=12,
10,+1;flip,-1?0,A=(+1;flip) B=(-1?0),period3,(0,x,1),3,2,PREV,none<=12,
10,+1;flip,-1?0,A=(+1;flip) B=(-1?0),period3,(0,x,1),3,2,CFLIP,none<=12,
10,+1;flip,-1?0,A=(+1;flip) B=(-1?0),period3,(0,x,1),3,2,CNEXT,none<=12,
10,+1;flip,-1?0,A=(+1;flip) B=(-1?0),period3,(0,x,1),3,2,CPREV,none<=12,
10,+1;flip,-1?0,A=(+1;flip) B=(-1?0),period3,(x,0,0),3,0,FLIP,none<=12,
10,+1;flip,-1?0,A=(+1;flip) B=(-1?0),period3,(x,0,0),3,0,NEXT,none<=12,
10,+1;flip,-1?0,A=(+1;flip) B=(-1?0),period3,(x,0,0),3,0,PREV,none<=12,
10,+1;flip,-1?0,A=(+1;flip) B=(-1?0),period3,(x,0,0),3,0,CFLIP,none<=12,
10,+1;flip,-1?0,A=(+1;flip) B=(-1?0),period3,(x,0,0),3,0,CNEXT,none<=12,
10,+1;flip,-1?0,A=(+1;flip) B=(-1?0),period3,(x,0,0),3,0,CPREV,none<=12,
10,+1;flip,-1?0,A=(+1;flip) B=(-1?0),period3,(x,0,0),3,1,FLIP,none<=12,
10,+1;flip,-1?0,A=(+1;flip) B=(-1?0),period3,(x,0,0),3,1,NEXT,none<=12,
10,+1;flip,-1?0,A=(+1;flip) B=(-1?0),period3,(x,0,0),3,1,PREV,none<=12,
10,+1;flip,-1?0,A=(+1;flip) B=(-1?0),period3,(x,0,0),3,1,CFLIP,none<=12,
10,+1;flip,-1?0,A=(+1;flip) B=(-1?0),period3,(x,0,0),3,1,CNEXT,none<=12,
10,+1;flip,-1?0,A=(+1;flip) B=(-1?0),period3,(x,0,0),3,1,CPREV,none<=12,
10,+1;flip,-1?0,A=(+1;flip) B=(-1?0),period3,(x,0,0),3,2,FLIP,none<=12,
10,+1;flip,-1?0,A=(+1;flip) B=(-1?0),period3,(x,0,0),3,2,NEXT,none<=12,
10,+1;flip,-1?0,A=(+1;flip) B=(-1?0),period3,(x,0,0),3,2,PREV,none<=12,
10,+1;flip,-1?0,A=(+1;flip) B=(-1?0),period3,(x,0,0),3,2,CFLIP,none<=12,
10,+1;flip,-1?0,A=(+1;flip) B=(-1?0),period3,(x,0,0),3,2,CNEXT,none<=12,
10,+1;flip,-1?0,A=(+1;flip) B=(-1?0),period3,(x,0,0),3,2,CPREV,none<=12,
10,+1;flip,-1?0,A=(+1;flip) B=(-1?0),period3,(0,0,x),3,0,FLIP,none<=12,
10,+1;flip,-1?0,A=(+1;flip) B=(-1?0),period3,(0,0,x),3,0,NEXT,none<=12,
10,+1;flip,-1?0,A=(+1;flip) B=(-1?0),period3,(0,0,x),3,0,PREV,none<=12,
10,+1;flip,-1?0,A=(+1;flip) B=(-1?0),period3,(0,0,x),3,0,CFLIP,none<=12,
10,+1;flip,-1?0,A=(+1;flip) B=(-1?0),period3,(0,0,x),3,0,CNEXT,none<=12,
10,+1;flip,-1?0,A=(+1;flip) B=(-1?0),period3,(0,0,x),3,0,CPREV,none<=12,
10,+1;flip,-1?0,A=(+1;flip) B=(-1?0),period3,(0,0,x),3,1,FLIP,none<=12,
10,+1;flip,-1?0,A=(+1;flip) B=(-1?0),period3,(0,0,x),3,1,NEXT,none<=12,
10,+1;flip,-1?0,A=(+1;flip) B=(-1?0),period3,(0,0,x),3,1,PREV,none<=12,
10,+1;flip,-1?0,A=(+1;flip) B=(-1?0),period3,(0,0,x),3,1,CFLIP,none<=12,
10,+1;flip,-1?0,A=(+1;flip) B=(-1?0),period3,(0,0,x),3,1,CNEXT,none<=12,
10,+1;flip,-1?0,A=(+1;flip) B=(-1?0),period3,(0,0,x),3,1,CPREV,none<=12,
10,+1;flip,-1?0,A=(+1;flip) B=(-1?0),period3,(0,0,x),3,2,FLIP,none<=12,
10,+1;flip,-1?0,A=(+1;flip) B=(-1?0),period3,(0,0,x),3,2,NEXT,none<=12,
10,+1;flip,-1?0,A=(+1;flip) B=(-1?0),period3,(0,0,x),3,2,PREV,none<=12,
10,+1;flip,-1?0,A=(+1;flip) B=(-1?0),period3,(0,0,x),3,2,CFLIP,none<=12,
10,+1;flip,-1?0,A=(+1;flip) B=(-1?0),period3,(0,0,x),3,2,CNEXT,none<=12,
10,+1;flip,-1?0,A=(+1;flip) B=(-1?0),period3,(0,0,x),3,2,CPREV,none<=12,
10,+1;flip,-1?0,A=(+1;flip) B=(-1?0),period3,(0,x,0),3,0,FLIP,none<=12,
10,+1;flip,-1?0,A=(+1;flip) B=(-1?0),period3,(0,x,0),3,0,NEXT,none<=12,
10,+1;flip,-1?0,A=(+1;flip) B=(-1?0),period3,(0,x,0),3,0,PREV,none<=12,
10,+1;flip,-1?0,A=(+1;flip) B=(-1?0),period3,(0,x,0),3,0,CFLIP,none<=12,
10,+1;flip,-1?0,A=(+1;flip) B=(-1?0),period3,(0,x,0),3,0,CNEXT,none<=12,
10,+1;flip,-1?0,A=(+1;flip) B=(-1?0),period3,(0,x,0),3,0,CPREV,none<=12,
10,+1;flip,-1?0,A=(+1;flip) B=(-1?0),period3,(0,x,0),3,1,FLIP,none<=12,
10,+1;flip,-1?0,A=(+1;flip) B=(-1?0),period3,(0,x,0),3,1,NEXT,none<=12,
10,+1;flip,-1?0,A=(+1;flip) B=(-1?0),period3,(0,x,0),3,1,PREV,none<=12,
10,+1;flip,-1?0,A=(+1;flip) B=(-1?0),period3,(0,x,0),3,1,CFLIP,none<=12,
10,+1;flip,-1?0,A=(+1;flip) B=(-1?0),period3,(0,x,0),3,1,CNEXT,none<=12,
10,+1;flip,-1?0,A=(+1;flip) B=(-1?0),period3,(0,x,0),3,1,CPREV,none<=12,
10,+1;flip,-1?0,A=(+1;flip) B=(-1?0),period3,(0,x,0),3,2,FLIP,none<=12,
10,+1;flip,-1?0,A=(+1;flip) B=(-1?0),period3,(0,x,0),3,2,NEXT,none<=12,
10,+1;flip,-1?0,A=(+1;flip) B=(-1?0),period3,(0,x,0),3,2,PREV,none<=12,
10,+1;flip,-1?0,A=(+1;flip) B=(-1?0),period3,(0,x,0),3,2,CFLIP,none<=12,
10,+1;flip,-1?0,A=(+1;flip) B=(-1?0),period3,(0,x,0),3,2,CNEXT,none<=12,
10,+1;flip,-1?0,A=(+1;flip) B=(-1?0),period3,(0,x,0),3,2,CPREV,none<=12,
10,+1;flip,-1?0,A=(+1;flip) B=(-1?0),period3,(x,1,1),3,0,FLIP,none<=12,
10,+1;flip,-1?0,A=(+1;flip) B=(-1?0),period3,(x,1,1),3,0,NEXT,none<=12,
10,+1;flip,-1?0,A=(+1;flip) B=(-1?0),period3,(x,1,1),3,0,PREV,none<=12,
10,+1;flip,-1?0,A=(+1;flip) B=(-1?0),period3,(x,1,1),3,0,CFLIP,none<=12,
10,+1;flip,-1?0,A=(+1;flip) B=(-1?0),period3,(x,1,1),3,0,CNEXT,none<=12,
10,+1;flip,-1?0,A=(+1;flip) B=(-1?0),period3,(x,1,1),3,0,CPREV,none<=12,
10,+1;flip,-1?0,A=(+1;flip) B=(-1?0),period3,(x,1,1),3,1,FLIP,none<=12,
10,+1;flip,-1?0,A=(+1;flip) B=(-1?0),period3,(x,1,1),3,1,NEXT,none<=12,
10,+1;flip,-1?0,A=(+1;flip) B=(-1?0),period3,(x,1,1),3,1,PREV,none<=12,
10,+1;flip,-1?0,A=(+1;flip) B=(-1?0),period3,(x,1,1),3,1,CFLIP,none<=12,
10,+1;flip,-1?0,A=(+1;flip) B=(-1?0),period3,(x,1,1),3,1,CNEXT,none<=12,
10,+1;flip,-1?0,A=(+1;flip) B=(-1?0),period3,(x,1,1),3,1,CPREV,none<=12,
10,+1;flip,-1?0,A=(+1;flip) B=(-1?0),period3,(x,1,1),3,2,FLIP,none<=12,
10,+1;flip,-1?0,A=(+1;flip) B=(-1?0),period3,(x,1,1),3,2,NEXT,none<=12,
10,+1;flip,-1?0,A=(+1;flip) B=(-1?0),period3,(x,1,1),3,2,PREV,none<=12,
10,+1;flip,-1?0,A=(+1;flip) B=(-1?0),period3,(x,1,1),3,2,CFLIP,none<=12,
10,+1;flip,-1?0,A=(+1;flip) B=(-1?0),period3,(x,1,1),3,2,CNEXT,none<=12,
10,+1;flip,-1?0,A=(+1;flip) B=(-1?0),period3,(x,1,1),3,2,CPREV,none<=12,
10,+1;flip,-1?0,A=(+1;flip) B=(-1?0),period3,(1,1,x),3,0,FLIP,none<=12,
10,+1;flip,-1?0,A=(+1;flip) B=(-1?0),period3,(1,1,x),3,0,NEXT,none<=12,
10,+1;flip,-1?0,A=(+1;flip) B=(-1?0),period3,(1,1,x),3,0,PREV,none<=12,
10,+1;flip,-1?0,A=(+1;flip) B=(-1?0),period3,(1,1,x),3,0,CFLIP,none<=12,
10,+1;flip,-1?0,A=(+1;flip) B=(-1?0),period3,(1,1,x),3,0,CNEXT,none<=12,
10,+1;flip,-1?0,A=(+1;flip) B=(-1?0),period3,(1,1,x),3,0,CPREV,none<=12,
10,+1;flip,-1?0,A=(+1;flip) B=(-1?0),period3,(1,1,x),3,1,FLIP,none<=12,
10,+1;flip,-1?0,A=(+1;flip) B=(-1?0),period3,(1,1,x),3,1,NEXT,none<=12,
10,+1;flip,-1?0,A=(+1;flip) B=(-1?0),period3,(1,1,x),3,1,PREV,none<=12,
10,+1;flip,-1?0,A=(+1;flip) B=(-1?0),period3,(1,1,x),3,1,CFLIP,none<=12,
10,+1;flip,-1?0,A=(+1;flip) B=(-1?0),period3,(1,1,x),3,1,CNEXT,none<=12,
10,+1;flip,-1?0,A=(+1;flip) B=(-1?0),period3,(1,1,x),3,1,CPREV,none<=12,
10,+1;flip,-1?0,A=(+1;flip) B=(-1?0),period3,(1,1,x),3,2,FLIP,none<=12,
10,+1;flip,-1?0,A=(+1;flip) B=(-1?0),period3,(1,1,x),3,2,NEXT,none<=12,
10,+1;flip,-1?0,A=(+1;flip) B=(-1?0),period3,(1,1,x),3,2,PREV,none<=12,
10,+1;flip,-1?0,A=(+1;flip) B=(-1?0),period3,(1,1,x),3,2,CFLIP,none<=12,
10,+1;flip,-1?0,A=(+1;flip) B=(-1?0),period3,(1,1,x),3,2,CNEXT,none<=12,
10,+1;flip,-1?0,A=(+1;flip) B=(-1?0),period3,(1,1,x),3,2,CPREV,none<=12,
10,+1;flip,-1?0,A=(+1;flip) B=(-1?0),period3,(1,x,1),3,0,FLIP,none<=12,
10,+1;flip,-1?0,A=(+1;flip) B=(-1?0),period3,(1,x,1),3,0,NEXT,none<=12,
10,+1;flip,-1?0,A=(+1;flip) B=(-1?0),period3,(1,x,1),3,0,PREV,none<=12,
10,+1;flip,-1?0,A=(+1;flip) B=(-1?0),period3,(1,x,1),3,0,CFLIP,none<=12,
10,+1;flip,-1?0,A=(+1;flip) B=(-1?0),period3,(1,x,1),3,0,CNEXT,none<=12,
10,+1;flip,-1?0,A=(+1;flip) B=(-1?0),period3,(1,x,1),3,0,CPREV,none<=12,
10,+1;flip,-1?0,A=(+1;flip) B=(-1?0),period3,(1,x,1),3,1,FLIP,none<=12,
10,+1;flip,-1?0,A=(+1;flip) B=(-1?0),period3,(1,x,1),3,1,NEXT,none<=12,
10,+1;flip,-1?0,A=(+1;flip) B=(-1?0),period3,(1,x,1),3,1,PREV,none<=12,
10,+1;flip,-1?0,A=(+1;flip) B=(-1?0),period3,(1,x,1),3,1,CFLIP,none<=12,
10,+1;flip,-1?0,A=(+1;flip) B=(-1?0),period3,(1,x,1),3,1,CNEXT,none<=12,
10,+1;flip,-1?0,A=(+1;flip) B=(-1?0),period3,(1,x,1),3,1,CPREV,none<=12,
10,+1;flip,-1?0,A=(+1;flip) B=(-1?0),period3,(1,x,1),3,2,FLIP,none<=12,
10,+1;flip,-1?0,A=(+1;flip) B=(-1?0),period3,(1,x,1),3,2,NEXT,none<=12,
10,+1;flip,-1?0,A=(+1;flip) B=(-1?0),period3,(1,x,1),3,2,PREV,none<=12,
10,+1;flip,-1?0,A=(+1;flip) B=(-1?0),period3,(1,x,1),3,2,CFLIP,none<=12,
10,+1;flip,-1?0,A=(+1;flip) B=(-1?0),period3,(1,x,1),3,2,CNEXT,none<=12,
10,+1;flip,-1?0,A=(+1;flip) B=(-1?0),period3,(1,x,1),3,2,CPREV,none<=12,
11,+1;flip,flip;-1?0,A=(+1;flip) B=(flip;-1?0),none,(x),1,0,FLIP,none<=12,
11,+1;flip,flip;-1?0,A=(+1;flip) B=(flip;-1?0),none,(x),1,0,NEXT,none<=12,
11,+1;flip,flip;-1?0,A=(+1;flip) B=(flip;-1?0),none,(x),1,0,PREV,none<=12,
11,+1;flip,flip;-1?0,A=(+1;flip) B=(flip;-1?0),none,(x),1,0,CFLIP,none<=12,
11,+1;flip,flip;-1?0,A=(+1;flip) B=(flip;-1?0),none,(x),1,0,CNEXT,none<=12,
11,+1;flip,flip;-1?0,A=(+1;flip) B=(flip;-1?0),none,(x),1,0,CPREV,none<=12,
11,+1;flip,flip;-1?0,A=(+1;flip) B=(flip;-1?0),dual,(x,n),2,0,FLIP,none<=12,
11,+1;flip,flip;-1?0,A=(+1;flip) B=(flip;-1?0),dual,(x,n),2,0,NEXT,none<=12,
11,+1;flip,flip;-1?0,A=(+1;flip) B=(flip;-1?0),dual,(x,n),2,0,PREV,none<=12,
11,+1;flip,flip;-1?0,A=(+1;flip) B=(flip;-1?0),dual,(x,n),2,0,CFLIP,none<=12,
11,+1;flip,flip;-1?0,A=(+1;flip) B=(flip;-1?0),dual,(x,n),2,0,CNEXT,none<=12,
11,+1;flip,flip;-1?0,A=(+1;flip) B=(flip;-1?0),dual,(x,n),2,0,CPREV,none<=12,
11,+1;flip,flip;-1?0,A=(+1;flip) B=(flip;-1?0),dual,(x,n),2,1,FLIP,none<=12,
11,+1;flip,flip;-1?0,A=(+1;flip) B=(flip;-1?0),dual,(x,n),2,1,NEXT,none<=12,
11,+1;flip,flip;-1?0,A=(+1;flip) B=(flip;-1?0),dual,(x,n),2,1,PREV,none<=12,
11,+1;flip,flip;-1?0,A=(+1;flip) B=(flip;-1?0),dual,(x,n),2,1,CFLIP,none<=12,
11,+1;flip,flip;-1?0,A=(+1;flip) B=(flip;-1?0),dual,(x,n),2,1,CNEXT,none<=12,
11,+1;flip,flip;-1?0,A=(+1;flip) B=(flip;-1?0),dual,(x,n),2,1,CPREV,none<=12,
11,+1;flip,flip;-1?0,A=(+1;flip) B=(flip;-1?0),dual,(n,x),2,0,FLIP,none<=12,
11,+1;flip,flip;-1?0,A=(+1;flip) B=(flip;-1?0),dual,(n,x),2,0,NEXT,none<=12,
11,+1;flip,flip;-1?0,A=(+1;flip) B=(flip;-1?0),dual,(n,x),2,0,PREV,none<=12,
11,+1;flip,flip;-1?0,A=(+1;flip) B=(flip;-1?0),dual,(n,x),2,0,CFLIP,none<=12,
11,+1;flip,flip;-1?0,A=(+1;flip) B=(flip;-1?0),dual,(n,x),2,0,CNEXT,none<=12,
11,+1;flip,flip;-1?0,A=(+1;flip) B=(flip;-1?0),dual,(n,x),2,0,CPREV,none<=12,
11,+1;flip,flip;-1?0,A=(+1;flip) B=(flip;-1?0),dual,(n,x),2,1,FLIP,none<=12,
11,+1;flip,flip;-1?0,A=(+1;flip) B=(flip;-1?0),dual,(n,x),2,1,NEXT,none<=12,
11,+1;flip,flip;-1?0,A=(+1;flip) B=(flip;-1?0),dual,(n,x),2,1,PREV,none<=12,
11,+1;flip,flip;-1?0,A=(+1;flip) B=(flip;-1?0),dual,(n,x),2,1,CFLIP,none<=12,
11,+1;flip,flip;-1?0,A=(+1;flip) B=(flip;-1?0),dual,(n,x),2,1,CNEXT,none<=12,
11,+1;flip,flip;-1?0,A=(+1;flip) B=(flip;-1?0),dual,(n,x),2,1,CPREV,none<=12,
11,+1;flip,flip;-1?0,A=(+1;flip) B=(flip;-1?0),scratch,(x,1),2,0,FLIP,none<=12,
11,+1;flip,flip;-1?0,A=(+1;flip) B=(flip;-1?0),scratch,(x,1),2,0,NEXT,none<=12,
11,+1;flip,flip;-1?0,A=(+1;flip) B=(flip;-1?0),scratch,(x,1),2,0,PREV,none<=12,
11,+1;flip,flip;-1?0,A=(+1;flip) B=(flip;-1?0),scratch,(x,1),2,0,CFLIP,none<=12,
11,+1;flip,flip;-1?0,A=(+1;flip) B=(flip;-1?0),scratch,(x,1),2,0,CNEXT,none<=12,
11,+1;flip,flip;-1?0,A=(+1;flip) B=(flip;-1?0),scratch,(x,1),2,0,CPREV,none<=12,
11,+1;flip,flip;-1?0,A=(+1;flip) B=(flip;-1?0),scratch,(x,1),2,1,FLIP,none<=12,
11,+1;flip,flip;-1?0,A=(+1;flip) B=(flip;-1?0),scratch,(x,1),2,1,NEXT,none<=12,
11,+1;flip,flip;-1?0,A=(+1;flip) B=(flip;-1?0),scratch,(x,1),2,1,PREV,none<=12,
11,+1;flip,flip;-1?0,A=(+1;flip) B=(flip;-1?0),scratch,(x,1),2,1,CFLIP,none<=12,
11,+1;flip,flip;-1?0,A=(+1;flip) B=(flip;-1?0),scratch,(x,1),2,1,CNEXT,none<=12,
11,+1;flip,flip;-1?0,A=(+1;flip) B=(flip;-1?0),scratch,(x,1),2,1,CPREV,none<=12,
11,+1;flip,flip;-1?0,A=(+1;flip) B=(flip;-1?0),scratch,(1,x),2,0,FLIP,none<=12,
11,+1;flip,flip;-1?0,A=(+1;flip) B=(flip;-1?0),scratch,(1,x),2,0,NEXT,none<=12,
11,+1;flip,flip;-1?0,A=(+1;flip) B=(flip;-1?0),scratch,(1,x),2,0,PREV,none<=12,
11,+1;flip,flip;-1?0,A=(+1;flip) B=(flip;-1?0),scratch,(1,x),2,0,CFLIP,none<=12,
11,+1;flip,flip;-1?0,A=(+1;flip) B=(flip;-1?0),scratch,(1,x),2,0,CNEXT,ABAB,4
11,+1;flip,flip;-1?0,A=(+1;flip) B=(flip;-1?0),scratch,(1,x),2,0,CPREV,none<=12,
11,+1;flip,flip;-1?0,A=(+1;flip) B=(flip;-1?0),scratch,(1,x),2,1,FLIP,none<=12,
11,+1;flip,flip;-1?0,A=(+1;flip) B=(flip;-1?0),scratch,(1,x),2,1,NEXT,none<=12,
11,+1;flip,flip;-1?0,A=(+1;flip) B=(flip;-1?0),scratch,(1,x),2,1,PREV,none<=12,
11,+1;flip,flip;-1?0,A=(+1;flip) B=(flip;-1?0),scratch,(1,x),2,1,CFLIP,none<=12,
11,+1;flip,flip;-1?0,A=(+1;flip) B=(flip;-1?0),scratch,(1,x),2,1,CNEXT,none<=12,
11,+1;flip,flip;-1?0,A=(+1;flip) B=(flip;-1?0),scratch,(1,x),2,1,CPREV,none<=12,
11,+1;flip,flip;-1?0,A=(+1;flip) B=(flip;-1?0),scratch,(x,0),2,0,FLIP,none<=12,
11,+1;flip,flip;-1?0,A=(+1;flip) B=(flip;-1?0),scratch,(x,0),2,0,NEXT,none<=12,
11,+1;flip,flip;-1?0,A=(+1;flip) B=(flip;-1?0),scratch,(x,0),2,0,PREV,none<=12,
11,+1;flip,flip;-1?0,A=(+1;flip) B=(flip;-1?0),scratch,(x,0),2,0,CFLIP,none<=12,
11,+1;flip,flip;-1?0,A=(+1;flip) B=(flip;-1?0),scratch,(x,0),2,0,CNEXT,none<=12,
11,+1;flip,flip;-1?0,A=(+1;flip) B=(flip;-1?0),scratch,(x,0),2,0,CPREV,none<=12,
11,+1;flip,flip;-1?0,A=(+1;flip) B=(flip;-1?0),scratch,(x,0),2,1,FLIP,none<=12,
11,+1;flip,flip;-1?0,A=(+1;flip) B=(flip;-1?0),scratch,(x,0),2,1,NEXT,none<=12,
11,+1;flip,flip;-1?0,A=(+1;flip) B=(flip;-1?0),scratch,(x,0),2,1,PREV,none<=12,
11,+1;flip,flip;-1?0,A=(+1;flip) B=(flip;-1?0),scratch,(x,0),2,1,CFLIP,none<=12,
11,+1;flip,flip;-1?0,A=(+1;flip) B=(flip;-1?0),scratch,(x,0),2,1,CNEXT,none<=12,
11,+1;flip,flip;-1?0,A=(+1;flip) B=(flip;-1?0),scratch,(x,0),2,1,CPREV,none<=12,
11,+1;flip,flip;-1?0,A=(+1;flip) B=(flip;-1?0),scratch,(0,x),2,0,FLIP,none<=12,
11,+1;flip,flip;-1?0,A=(+1;flip) B=(flip;-1?0),scratch,(0,x),2,0,NEXT,none<=12,
11,+1;flip,flip;-1?0,A=(+1;flip) B=(flip;-1?0),scratch,(0,x),2,0,PREV,none<=12,
11,+1;flip,flip;-1?0,A=(+1;flip) B=(flip;-1?0),scratch,(0,x),2,0,CFLIP,none<=12,
11,+1;flip,flip;-1?0,A=(+1;flip) B=(flip;-1?0),scratch,(0,x),2,0,CNEXT,none<=12,
11,+1;flip,flip;-1?0,A=(+1;flip) B=(flip;-1?0),scratch,(0,x),2,0,CPREV,none<=12,
11,+1;flip,flip;-1?0,A=(+1;flip) B=(flip;-1?0),scratch,(0,x),2,1,FLIP,none<=12,
11,+1;flip,flip;-1?0,A=(+1;flip) B=(flip;-1?0),scratch,(0,x),2,1,NEXT,none<=12,
11,+1;flip,flip;-1?0,A=(+1;flip) B=(flip;-1?0),scratch,(0,x),2,1,PREV,none<=12,
11,+1;flip,flip;-1?0,A=(+1;flip) B=(flip;-1?0),scratch,(0,x),2,1,CFLIP,none<=12,
11,+1;flip,flip;-1?0,A=(+1;flip) B=(flip;-1?0),scratch,(0,x),2,1,CNEXT,none<=12,
11,+1;flip,flip;-1?0,A=(+1;flip) B=(flip;-1?0),scratch,(0,x),2,1,CPREV,none<=12,
11,+1;flip,flip;-1?0,A=(+1;flip) B=(flip;-1?0),period3,(x,0,1),3,0,FLIP,none<=12,
11,+1;flip,flip;-1?0,A=(+1;flip) B=(flip;-1?0),period3,(x,0,1),3,0,NEXT,none<=12,
11,+1;flip,flip;-1?0,A=(+1;flip) B=(flip;-1?0),period3,(x,0,1),3,0,PREV,none<=12,
11,+1;flip,flip;-1?0,A=(+1;flip) B=(flip;-1?0),period3,(x,0,1),3,0,CFLIP,none<=12,
11,+1;flip,flip;-1?0,A=(+1;flip) B=(flip;-1?0),period3,(x,0,1),3,0,CNEXT,none<=12,
11,+1;flip,flip;-1?0,A=(+1;flip) B=(flip;-1?0),period3,(x,0,1),3,0,CPREV,none<=12,
11,+1;flip,flip;-1?0,A=(+1;flip) B=(flip;-1?0),period3,(x,0,1),3,1,FLIP,none<=12,
11,+1;flip,flip;-1?0,A=(+1;flip) B=(flip;-1?0),period3,(x,0,1),3,1,NEXT,none<=12,
11,+1;flip,flip;-1?0,A=(+1;flip) B=(flip;-1?0),period3,(x,0,1),3,1,PREV,none<=12,
11,+1;flip,flip;-1?0,A=(+1;flip) B=(flip;-1?0),period3,(x,0,1),3,1,CFLIP,none<=12,
11,+1;flip,flip;-1?0,A=(+1;flip) B=(flip;-1?0),period3,(x,0,1),3,1,CNEXT,none<=12,
11,+1;flip,flip;-1?0,A=(+1;flip) B=(flip;-1?0),period3,(x,0,1),3,1,CPREV,none<=12,
11,+1;flip,flip;-1?0,A=(+1;flip) B=(flip;-1?0),period3,(x,0,1),3,2,FLIP,none<=12,
11,+1;flip,flip;-1?0,A=(+1;flip) B=(flip;-1?0),period3,(x,0,1),3,2,NEXT,none<=12,
11,+1;flip,flip;-1?0,A=(+1;flip) B=(flip;-1?0),period3,(x,0,1),3,2,PREV,none<=12,
11,+1;flip,flip;-1?0,A=(+1;flip) B=(flip;-1?0),period3,(x,0,1),3,2,CFLIP,none<=12,
11,+1;flip,flip;-1?0,A=(+1;flip) B=(flip;-1?0),period3,(x,0,1),3,2,CNEXT,none<=12,
11,+1;flip,flip;-1?0,A=(+1;flip) B=(flip;-1?0),period3,(x,0,1),3,2,CPREV,none<=12,
11,+1;flip,flip;-1?0,A=(+1;flip) B=(flip;-1?0),period3,(0,1,x),3,0,FLIP,none<=12,
11,+1;flip,flip;-1?0,A=(+1;flip) B=(flip;-1?0),period3,(0,1,x),3,0,NEXT,none<=12,
11,+1;flip,flip;-1?0,A=(+1;flip) B=(flip;-1?0),period3,(0,1,x),3,0,PREV,none<=12,
11,+1;flip,flip;-1?0,A=(+1;flip) B=(flip;-1?0),period3,(0,1,x),3,0,CFLIP,none<=12,
11,+1;flip,flip;-1?0,A=(+1;flip) B=(flip;-1?0),period3,(0,1,x),3,0,CNEXT,none<=12,
11,+1;flip,flip;-1?0,A=(+1;flip) B=(flip;-1?0),period3,(0,1,x),3,0,CPREV,none<=12,
11,+1;flip,flip;-1?0,A=(+1;flip) B=(flip;-1?0),period3,(0,1,x),3,1,FLIP,none<=12,
11,+1;flip,flip;-1?0,A=(+1;flip) B=(flip;-1?0),period3,(0,1,x),3,1,NEXT,none<=12,
11,+1;flip,flip;-1?0,A=(+1;flip) B=(flip;-1?0),period3,(0,1,x),3,1,PREV,none<=12,
11,+1;flip,flip;-1?0,A=(+1;flip) B=(flip;-1?0),period3,(0,1,x),3,1,CFLIP,none<=12,
11,+1;flip,flip;-1?0,A=(+1;flip) B=(flip;-1?0),period3,(0,1,x),3,1,CNEXT,none<=12,
11,+1;flip,flip;-1?0,A=(+1;flip) B=(flip;-1?0),period3,(0,1,x),3,1,CPREV,none<=12,
11,+1;flip,flip;-1?0,A=(+1;flip) B=(flip;-1?0),period3,(0,1,x),3,2,FLIP,none<=12,
11,+1;flip,flip;-1?0,A=(+1;flip) B=(flip;-1?0),period3,(0,1,x),3,2,NEXT,none<=12,
11,+1;flip,flip;-1?0,A=(+1;flip) B=(flip;-1?0),period3,(0,1,x),3,2,PREV,none<=12,
11,+1;flip,flip;-1?0,A=(+1;flip) B=(flip;-1?0),period3,(0,1,x),3,2,CFLIP,none<=12,
11,+1;flip,flip;-1?0,A=(+1;flip) B=(flip;-1?0),period3,(0,1,x),3,2,CNEXT,none<=12,
11,+1;flip,flip;-1?0,A=(+1;flip) B=(flip;-1?0),period3,(0,1,x),3,2,CPREV,none<=12,
11,+1;flip,flip;-1?0,A=(+1;flip) B=(flip;-1?0),period3,(1,x,0),3,0,FLIP,none<=12,
11,+1;flip,flip;-1?0,A=(+1;flip) B=(flip;-1?0),period3,(1,x,0),3,0,NEXT,none<=12,
11,+1;flip,flip;-1?0,A=(+1;flip) B=(flip;-1?0),period3,(1,x,0),3,0,PREV,none<=12,
11,+1;flip,flip;-1?0,A=(+1;flip) B=(flip;-1?0),period3,(1,x,0),3,0,CFLIP,none<=12,
11,+1;flip,flip;-1?0,A=(+1;flip) B=(flip;-1?0),period3,(1,x,0),3,0,CNEXT,none<=12,
11,+1;flip,flip;-1?0,A=(+1;flip) B=(flip;-1?0),period3,(1,x,0),3,0,CPREV,none<=12,
11,+1;flip,flip;-1?0,A=(+1;flip) B=(flip;-1?0),period3,(1,x,0),3,1,FLIP,none<=12,
11,+1;flip,flip;-1?0,A=(+1;flip) B=(flip;-1?0),period3,(1,x,0),3,1,NEXT,none<=12,
11,+1;flip,flip;-1?0,A=(+1;flip) B=(flip;-1?0),period3,(1,x,0),3,1,PREV,none<=12,
11,+1;flip,flip;-1?0,A=(+1;flip) B=(flip;-1?0),period3,(1,x,0),3,1,CFLIP,none<=12,
11,+1;flip,flip;-1?0,A=(+1;flip) B=(flip;-1?0),period3,(1,x,0),3,1,CNEXT,none<=12,
11,+1;flip,flip;-1?0,A=(+1;flip) B=(flip;-1?0),period3,(1,x,0),3,1,CPREV,none<=12,
11,+1;flip,flip;-1?0,A=(+1;flip) B=(flip;-1?0),period3,(1,x,0),3,2,FLIP,none<=12,
11,+1;flip,flip;-1?0,A=(+1;flip) B=(flip;-1?0),period3,(1,x,0),3,2,NEXT,none<=12,
11,+1;flip,flip;-1?0,A=(+1;flip) B=(flip;-1?0),period3,(1,x,0),3,2,PREV,none<=12,
11,+1;flip,flip;-1?0,A=(+1;flip) B=(flip;-1?0),period3,(1,x,0),3,2,CFLIP,none<=12,
11,+1;flip,flip;-1?0,A=(+1;flip) B=(flip;-1?0),period3,(1,x,0),3,2,CNEXT,none<=12,
11,+1;flip,flip;-1?0,A=(+1;flip) B=(flip;-1?0),period3,(1,x,0),3,2,CPREV,none<=12,
11,+1;flip,flip;-1?0,A=(+1;flip) B=(flip;-1?0),period3,(x,1,0),3,0,FLIP,none<=12,
11,+1;flip,flip;-1?0,A=(+1;flip) B=(flip;-1?0),period3,(x,1,0),3,0,NEXT,none<=12,
11,+1;flip,flip;-1?0,A=(+1;flip) B=(flip;-1?0),period3,(x,1,0),3,0,PREV,none<=12,
11,+1;flip,flip;-1?0,A=(+1;flip) B=(flip;-1?0),period3,(x,1,0),3,0,CFLIP,none<=12,
11,+1;flip,flip;-1?0,A=(+1;flip) B=(flip;-1?0),period3,(x,1,0),3,0,CNEXT,none<=12,
11,+1;flip,flip;-1?0,A=(+1;flip) B=(flip;-1?0),period3,(x,1,0),3,0,CPREV,none<=12,
11,+1;flip,flip;-1?0,A=(+1;flip) B=(flip;-1?0),period3,(x,1,0),3,1,FLIP,none<=12,
11,+1;flip,flip;-1?0,A=(+1;flip) B=(flip;-1?0),period3,(x,1,0),3,1,NEXT,none<=12,
11,+1;flip,flip;-1?0,A=(+1;flip) B=(flip;-1?0),period3,(x,1,0),3,1,PREV,none<=12,
11,+1;flip,flip;-1?0,A=(+1;flip) B=(flip;-1?0),period3,(x,1,0),3,1,CFLIP,none<=12,
11,+1;flip,flip;-1?0,A=(+1;flip) B=(flip;-1?0),period3,(x,1,0),3,1,CNEXT,none<=12,
11,+1;flip,flip;-1?0,A=(+1;flip) B=(flip;-1?0),period3,(x,1,0),3,1,CPREV,none<=12,
11,+1;flip,flip;-1?0,A=(+1;flip) B=(flip;-1?0),period3,(x,1,0),3,2,FLIP,none<=12,
11,+1;flip,flip;-1?0,A=(+1;flip) B=(flip;-1?0),period3,(x,1,0),3,2,NEXT,none<=12,
11,+1;flip,flip;-1?0,A=(+1;flip) B=(flip;-1?0),period3,(x,1,0),3,2,PREV,none<=12,
11,+1;flip,flip;-1?0,A=(+1;flip) B=(flip;-1?0),period3,(x,1,0),3,2,CFLIP,none<=12,
11,+1;flip,flip;-1?0,A=(+1;flip) B=(flip;-1?0),period3,(x,1,0),3,2,CNEXT,none<=12,
11,+1;flip,flip;-1?0,A=(+1;flip) B=(flip;-1?0),period3,(x,1,0),3,2,CPREV,none<=12,
11,+1;flip,flip;-1?0,A=(+1;flip) B=(flip;-1?0),period3,(1,0,x),3,0,FLIP,none<=12,
11,+1;flip,flip;-1?0,A=(+1;flip) B=(flip;-1?0),period3,(1,0,x),3,0,NEXT,none<=12,
11,+1;flip,flip;-1?0,A=(+1;flip) B=(flip;-1?0),period3,(1,0,x),3,0,PREV,none<=12,
11,+1;flip,flip;-1?0,A=(+1;flip) B=(flip;-1?0),period3,(1,0,x),3,0,CFLIP,none<=12,
11,+1;flip,flip;-1?0,A=(+1;flip) B=(flip;-1?0),period3,(1,0,x),3,0,CNEXT,none<=12,
11,+1;flip,flip;-1?0,A=(+1;flip) B=(flip;-1?0),period3,(1,0,x),3,0,CPREV,none<=12,
11,+1;flip,flip;-1?0,A=(+1;flip) B=(flip;-1?0),period3,(1,0,x),3,1,FLIP,none<=12,
11,+1;flip,flip;-1?0,A=(+1;flip) B=(flip;-1?0),period3,(1,0,x),3,1,NEXT,none<=12,
11,+1;flip,flip;-1?0,A=(+1;flip) B=(flip;-1?0),period3,(1,0,x),3,1,PREV,none<=12,
11,+1;flip,flip;-1?0,A=(+1;flip) B=(flip;-1?0),period3,(1,0,x),3,1,CFLIP,none<=12,
11,+1;flip,flip;-1?0,A=(+1;flip) B=(flip;-1?0),period3,(1,0,x),3,1,CNEXT,none<=12,
11,+1;flip,flip;-1?0,A=(+1;flip) B=(flip;-1?0),period3,(1,0,x),3,1,CPREV,none<=12,
11,+1;flip,flip;-1?0,A=(+1;flip) B=(flip;-1?0),period3,(1,0,x),3,2,FLIP,none<=12,
11,+1;flip,flip;-1?0,A=(+1;flip) B=(flip;-1?0),period3,(1,0,x),3,2,NEXT,none<=12,
11,+1;flip,flip;-1?0,A=(+1;flip) B=(flip;-1?0),period3,(1,0,x),3,2,PREV,none<=12,
11,+1;flip,flip;-1?0,A=(+1;flip) B=(flip;-1?0),period3,(1,0,x),3,2,CFLIP,none<=12,
11,+1;flip,flip;-1?0,A=(+1;flip) B=(flip;-1?0),period3,(1,0,x),3,2,CNEXT,none<=12,
11,+1;flip,flip;-1?0,A=(+1;flip) B=(flip;-1?0),period3,(1,0,x),3,2,CPREV,none<=12,
11,+1;flip,flip;-1?0,A=(+1;flip) B=(flip;-1?0),period3,(0,x,1),3,0,FLIP,none<=12,
11,+1;flip,flip;-1?0,A=(+1;flip) B=(flip;-1?0),period3,(0,x,1),3,0,NEXT,none<=12,
11,+1;flip,flip;-1?0,A=(+1;flip) B=(flip;-1?0),period3,(0,x,1),3,0,PREV,none<=12,
11,+1;flip,flip;-1?0,A=(+1;flip) B=(flip;-1?0),period3,(0,x,1),3,0,CFLIP,none<=12,
11,+1;flip,flip;-1?0,A=(+1;flip) B=(flip;-1?0),period3,(0,x,1),3,0,CNEXT,none<=12,
11,+1;flip,flip;-1?0,A=(+1;flip) B=(flip;-1?0),period3,(0,x,1),3,0,CPREV,none<=12,
11,+1;flip,flip;-1?0,A=(+1;flip) B=(flip;-1?0),period3,(0,x,1),3,1,FLIP,none<=12,
11,+1;flip,flip;-1?0,A=(+1;flip) B=(flip;-1?0),period3,(0,x,1),3,1,NEXT,none<=12,
11,+1;flip,flip;-1?0,A=(+1;flip) B=(flip;-1?0),period3,(0,x,1),3,1,PREV,none<=12,
11,+1;flip,flip;-1?0,A=(+1;flip) B=(flip;-1?0),period3,(0,x,1),3,1,CFLIP,none<=12,
11,+1;flip,flip;-1?0,A=(+1;flip) B=(flip;-1?0),period3,(0,x,1),3,1,CNEXT,none<=12,
11,+1;flip,flip;-1?0,A=(+1;flip) B=(flip;-1?0),period3,(0,x,1),3,1,CPREV,none<=12,
11,+1;flip,flip;-1?0,A=(+1;flip) B=(flip;-1?0),period3,(0,x,1),3,2,FLIP,none<=12,
11,+1;flip,flip;-1?0,A=(+1;flip) B=(flip;-1?0),period3,(0,x,1),3,2,NEXT,none<=12,
11,+1;flip,flip;-1?0,A=(+1;flip) B=(flip;-1?0),period3,(0,x,1),3,2,PREV,none<=12,
11,+1;flip,flip;-1?0,A=(+1;flip) B=(flip;-1?0),period3,(0,x,1),3,2,CFLIP,none<=12,
11,+1;flip,flip;-1?0,A=(+1;flip) B=(flip;-1?0),period3,(0,x,1),3,2,CNEXT,none<=12,
11,+1;flip,flip;-1?0,A=(+1;flip) B=(flip;-1?0),period3,(0,x,1),3,2,CPREV,none<=12,
11,+1;flip,flip;-1?0,A=(+1;flip) B=(flip;-1?0),period3,(x,0,0),3,0,FLIP,none<=12,
11,+1;flip,flip;-1?0,A=(+1;flip) B=(flip;-1?0),period3,(x,0,0),3,0,NEXT,none<=12,
11,+1;flip,flip;-1?0,A=(+1;flip) B=(flip;-1?0),period3,(x,0,0),3,0,PREV,none<=12,
11,+1;flip,flip;-1?0,A=(+1;flip) B=(flip;-1?0),period3,(x,0,0),3,0,CFLIP,none<=12,
11,+1;flip,flip;-1?0,A=(+1;flip) B=(flip;-1?0),period3,(x,0,0),3,0,CNEXT,none<=12,
11,+1;flip,flip;-1?0,A=(+1;flip) B=(flip;-1?0),period3,(x,0,0),3,0,CPREV,none<=12,
11,+1;flip,flip;-1?0,A=(+1;flip) B=(flip;-1?0),period3,(x,0,0),3,1,FLIP,none<=12,
11,+1;flip,flip;-1?0,A=(+1;flip) B=(flip;-1?0),period3,(x,0,0),3,1,NEXT,none<=12,
11,+1;flip,flip;-1?0,A=(+1;flip) B=(flip;-1?0),period3,(x,0,0),3,1,PREV,none<=12,
11,+1;flip,flip;-1?0,A=(+1;flip) B=(flip;-1?0),period3,(x,0,0),3,1,CFLIP,none<=12,
11,+1;flip,flip;-1?0,A=(+1;flip) B=(flip;-1?0),period3,(x,0,0),3,1,CNEXT,none<=12,
11,+1;flip,flip;-1?0,A=(+1;flip) B=(flip;-1?0),period3,(x,0,0),3,1,CPREV,none<=12,
11,+1;flip,flip;-1?0,A=(+1;flip) B=(flip;-1?0),period3,(x,0,0),3,2,FLIP,none<=12,
11,+1;flip,flip;-1?0,A=(+1;flip) B=(flip;-1?0),period3,(x,0,0),3,2,NEXT,none<=12,
11,+1;flip,flip;-1?0,A=(+1;flip) B=(flip;-1?0),period3,(x,0,0),3,2,PREV,none<=12,
11,+1;flip,flip;-1?0,A=(+1;flip) B=(flip;-1?0),period3,(x,0,0),3,2,CFLIP,none<=12,
11,+1;flip,flip;-1?0,A=(+1;flip) B=(flip;-1?0),period3,(x,0,0),3,2,CNEXT,none<=12,
11,+1;flip,flip;-1?0,A=(+1;flip) B=(flip;-1?0),period3,(x,0,0),3,2,CPREV,none<=12,
11,+1;flip,flip;-1?0,A=(+1;flip) B=(flip;-1?0),period3,(0,0,x),3,0,FLIP,none<=12,
11,+1;flip,flip;-1?0,A=(+1;flip) B=(flip;-1?0),period3,(0,0,x),3,0,NEXT,none<=12,
11,+1;flip,flip;-1?0,A=(+1;flip) B=(flip;-1?0),period3,(0,0,x),3,0,PREV,none<=12,
11,+1;flip,flip;-1?0,A=(+1;flip) B=(flip;-1?0),period3,(0,0,x),3,0,CFLIP,none<=12,
11,+1;flip,flip;-1?0,A=(+1;flip) B=(flip;-1?0),period3,(0,0,x),3,0,CNEXT,none<=12,
11,+1;flip,flip;-1?0,A=(+1;flip) B=(flip;-1?0),period3,(0,0,x),3,0,CPREV,none<=12,
11,+1;flip,flip;-1?0,A=(+1;flip) B=(flip;-1?0),period3,(0,0,x),3,1,FLIP,none<=12,
11,+1;flip,flip;-1?0,A=(+1;flip) B=(flip;-1?0),period3,(0,0,x),3,1,NEXT,none<=12,
11,+1;flip,flip;-1?0,A=(+1;flip) B=(flip;-1?0),period3,(0,0,x),3,1,PREV,none<=12,
11,+1;flip,flip;-1?0,A=(+1;flip) B=(flip;-1?0),period3,(0,0,x),3,1,CFLIP,none<=12,
11,+1;flip,flip;-1?0,A=(+1;flip) B=(flip;-1?0),period3,(0,0,x),3,1,CNEXT,none<=12,
11,+1;flip,flip;-1?0,A=(+1;flip) B=(flip;-1?0),period3,(0,0,x),3,1,CPREV,none<=12,
11,+1;flip,flip;-1?0,A=(+1;flip) B=(flip;-1?0),period3,(0,0,x),3,2,FLIP,none<=12,
11,+1;flip,flip;-1?0,A=(+1;flip) B=(flip;-1?0),period3,(0,0,x),3,2,NEXT,none<=12,
11,+1;flip,flip;-1?0,A=(+1;flip) B=(flip;-1?0),period3,(0,0,x),3,2,PREV,none<=12,
11,+1;flip,flip;-1?0,A=(+1;flip) B=(flip;-1?0),period3,(0,0,x),3,2,CFLIP,none<=12,
11,+1;flip,flip;-1?0,A=(+1;flip) B=(flip;-1?0),period3,(0,0,x),3,2,CNEXT,none<=12,
11,+1;flip,flip;-1?0,A=(+1;flip) B=(flip;-1?0),period3,(0,0,x),3,2,CPREV,none<=12,
11,+1;flip,flip;-1?0,A=(+1;flip) B=(flip;-1?0),period3,(0,x,0),3,0,FLIP,none<=12,
11,+1;flip,flip;-1?0,A=(+1;flip) B=(flip;-1?0),period3,(0,x,0),3,0,NEXT,none<=12,
11,+1;flip,flip;-1?0,A=(+1;flip) B=(flip;-1?0),period3,(0,x,0),3,0,PREV,none<=12,
11,+1;flip,flip;-1?0,A=(+1;flip) B=(flip;-1?0),period3,(0,x,0),3,0,CFLIP,none<=12,
11,+1;flip,flip;-1?0,A=(+1;flip) B=(flip;-1?0),period3,(0,x,0),3,0,CNEXT,none<=12,
11,+1;flip,flip;-1?0,A=(+1;flip) B=(flip;-1?0),period3,(0,x,0),3,0,CPREV,none<=12,
11,+1;flip,flip;-1?0,A=(+1;flip) B=(flip;-1?0),period3,(0,x,0),3,1,FLIP,none<=12,
11,+1;flip,flip;-1?0,A=(+1;flip) B=(flip;-1?0),period3,(0,x,0),3,1,NEXT,none<=12,
11,+1;flip,flip;-1?0,A=(+1;flip) B=(flip;-1?0),period3,(0,x,0),3,1,PREV,none<=12,
11,+1;flip,flip;-1?0,A=(+1;flip) B=(flip;-1?0),period3,(0,x,0),3,1,CFLIP,none<=12,
11,+1;flip,flip;-1?0,A=(+1;flip) B=(flip;-1?0),period3,(0,x,0),3,1,CNEXT,none<=12,
11,+1;flip,flip;-1?0,A=(+1;flip) B=(flip;-1?0),period3,(0,x,0),3,1,CPREV,none<=12,
11,+1;flip,flip;-1?0,A=(+1;flip) B=(flip;-1?0),period3,(0,x,0),3,2,FLIP,none<=12,
11,+1;flip,flip;-1?0,A=(+1;flip) B=(flip;-1?0),period3,(0,x,0),3,2,NEXT,none<=12,
11,+1;flip,flip;-1?0,A=(+1;flip) B=(flip;-1?0),period3,(0,x,0),3,2,PREV,none<=12,
11,+1;flip,flip;-1?0,A=(+1;flip) B=(flip;-1?0),period3,(0,x,0),3,2,CFLIP,none<=12,
11,+1;flip,flip;-1?0,A=(+1;flip) B=(flip;-1?0),period3,(0,x,0),3,2,CNEXT,none<=12,
11,+1;flip,flip;-1?0,A=(+1;flip) B=(flip;-1?0),period3,(0,x,0),3,2,CPREV,none<=12,
11,+1;flip,flip;-1?0,A=(+1;flip) B=(flip;-1?0),period3,(x,1,1),3,0,FLIP,none<=12,
11,+1;flip,flip;-1?0,A=(+1;flip) B=(flip;-1?0),period3,(x,1,1),3,0,NEXT,none<=12,
11,+1;flip,flip;-1?0,A=(+1;flip) B=(flip;-1?0),period3,(x,1,1),3,0,PREV,none<=12,
11,+1;flip,flip;-1?0,A=(+1;flip) B=(flip;-1?0),period3,(x,1,1),3,0,CFLIP,none<=12,
11,+1;flip,flip;-1?0,A=(+1;flip) B=(flip;-1?0),period3,(x,1,1),3,0,CNEXT,none<=12,
11,+1;flip,flip;-1?0,A=(+1;flip) B=(flip;-1?0),period3,(x,1,1),3,0,CPREV,none<=12,
11,+1;flip,flip;-1?0,A=(+1;flip) B=(flip;-1?0),period3,(x,1,1),3,1,FLIP,none<=12,
11,+1;flip,flip;-1?0,A=(+1;flip) B=(flip;-1?0),period3,(x,1,1),3,1,NEXT,none<=12,
11,+1;flip,flip;-1?0,A=(+1;flip) B=(flip;-1?0),period3,(x,1,1),3,1,PREV,none<=12,
11,+1;flip,flip;-1?0,A=(+1;flip) B=(flip;-1?0),period3,(x,1,1),3,1,CFLIP,none<=12,
11,+1;flip,flip;-1?0,A=(+1;flip) B=(flip;-1?0),period3,(x,1,1),3,1,CNEXT,none<=12,
11,+1;flip,flip;-1?0,A=(+1;flip) B=(flip;-1?0),period3,(x,1,1),3,1,CPREV,none<=12,
11,+1;flip,flip;-1?0,A=(+1;flip) B=(flip;-1?0),period3,(x,1,1),3,2,FLIP,none<=12,
11,+1;flip,flip;-1?0,A=(+1;flip) B=(flip;-1?0),period3,(x,1,1),3,2,NEXT,none<=12,
11,+1;flip,flip;-1?0,A=(+1;flip) B=(flip;-1?0),period3,(x,1,1),3,2,PREV,none<=12,
11,+1;flip,flip;-1?0,A=(+1;flip) B=(flip;-1?0),period3,(x,1,1),3,2,CFLIP,none<=12,
11,+1;flip,flip;-1?0,A=(+1;flip) B=(flip;-1?0),period3,(x,1,1),3,2,CNEXT,none<=12,
11,+1;flip,flip;-1?0,A=(+1;flip) B=(flip;-1?0),period3,(x,1,1),3,2,CPREV,none<=12,
11,+1;flip,flip;-1?0,A=(+1;flip) B=(flip;-1?0),period3,(1,1,x),3,0,FLIP,none<=12,
11,+1;flip,flip;-1?0,A=(+1;flip) B=(flip;-1?0),period3,(1,1,x),3,0,NEXT,none<=12,
11,+1;flip,flip;-1?0,A=(+1;flip) B=(flip;-1?0),period3,(1,1,x),3,0,PREV,none<=12,
11,+1;flip,flip;-1?0,A=(+1;flip) B=(flip;-1?0),period3,(1,1,x),3,0,CFLIP,none<=12,
11,+1;flip,flip;-1?0,A=(+1;flip) B=(flip;-1?0),period3,(1,1,x),3,0,CNEXT,none<=12,
11,+1;flip,flip;-1?0,A=(+1;flip) B=(flip;-1?0),period3,(1,1,x),3,0,CPREV,none<=12,
11,+1;flip,flip;-1?0,A=(+1;flip) B=(flip;-1?0),period3,(1,1,x),3,1,FLIP,none<=12,
11,+1;flip,flip;-1?0,A=(+1;flip) B=(flip;-1?0),period3,(1,1,x),3,1,NEXT,none<=12,
11,+1;flip,flip;-1?0,A=(+1;flip) B=(flip;-1?0),period3,(1,1,x),3,1,PREV,none<=12,
11,+1;flip,flip;-1?0,A=(+1;flip) B=(flip;-1?0),period3,(1,1,x),3,1,CFLIP,none<=12,
11,+1;flip,flip;-1?0,A=(+1;flip) B=(flip;-1?0),period3,(1,1,x),3,1,CNEXT,ABABAB,6
11,+1;flip,flip;-1?0,A=(+1;flip) B=(flip;-1?0),period3,(1,1,x),3,1,CPREV,none<=12,
11,+1;flip,flip;-1?0,A=(+1;flip) B=(flip;-1?0),period3,(1,1,x),3,2,FLIP,none<=12,
11,+1;flip,flip;-1?0,A=(+1;flip) B=(flip;-1?0),period3,(1,1,x),3,2,NEXT,none<=12,
11,+1;flip,flip;-1?0,A=(+1;flip) B=(flip;-1?0),period3,(1,1,x),3,2,PREV,none<=12,
11,+1;flip,flip;-1?0,A=(+1;flip) B=(flip;-1?0),period3,(1,1,x),3,2,CFLIP,none<=12,
11,+1;flip,flip;-1?0,A=(+1;flip) B=(flip;-1?0),period3,(1,1,x),3,2,CNEXT,none<=12,
11,+1;flip,flip;-1?0,A=(+1;flip) B=(flip;-1?0),period3,(1,1,x),3,2,CPREV,none<=12,
11,+1;flip,flip;-1?0,A=(+1;flip) B=(flip;-1?0),period3,(1,x,1),3,0,FLIP,none<=12,
11,+1;flip,flip;-1?0,A=(+1;flip) B=(flip;-1?0),period3,(1,x,1),3,0,NEXT,none<=12,
11,+1;flip,flip;-1?0,A=(+1;flip) B=(flip;-1?0),period3,(1,x,1),3,0,PREV,none<=12,
11,+1;flip,flip;-1?0,A=(+1;flip) B=(flip;-1?0),period3,(1,x,1),3,0,CFLIP,none<=12,
11,+1;flip,flip;-1?0,A=(+1;flip) B=(flip;-1?0),period3,(1,x,1),3,0,CNEXT,ABABAB,6
11,+1;flip,flip;-1?0,A=(+1;flip) B=(flip;-1?0),period3,(1,x,1),3,0,CPREV,none<=12,
11,+1;flip,flip;-1?0,A=(+1;flip) B=(flip;-1?0),period3,(1,x,1),3,1,FLIP,none<=12,
11,+1;flip,flip;-1?0,A=(+1;flip) B=(flip;-1?0),period3,(1,x,1),3,1,NEXT,none<=12,
11,+1;flip,flip;-1?0,A=(+1;flip) B=(flip;-1?0),period3,(1,x,1),3,1,PREV,none<=12,
11,+1;flip,flip;-1?0,A=(+1;flip) B=(flip;-1?0),period3,(1,x,1),3,1,CFLIP,none<=12,
11,+1;flip,flip;-1?0,A=(+1;flip) B=(flip;-1?0),period3,(1,x,1),3,1,CNEXT,none<=12,
11,+1;flip,flip;-1?0,A=(+1;flip) B=(flip;-1?0),period3,(1,x,1),3,1,CPREV,none<=12,
11,+1;flip,flip;-1?0,A=(+1;flip) B=(flip;-1?0),period3,(1,x,1),3,2,FLIP,none<=12,
11,+1;flip,flip;-1?0,A=(+1;flip) B=(flip;-1?0),period3,(1,x,1),3,2,NEXT,none<=12,
11,+1;flip,flip;-1?0,A=(+1;flip) B=(flip;-1?0),period3,(1,x,1),3,2,PREV,none<=12,
11,+1;flip,flip;-1?0,A=(+1;flip) B=(flip;-1?0),period3,(1,x,1),3,2,CFLIP,none<=12,
11,+1;flip,flip;-1?0,A=(+1;flip) B=(flip;-1?0),period3,(1,x,1),3,2,CNEXT,none<=12,
11,+1;flip,flip;-1?0,A=(+1;flip) B=(flip;-1?0),period3,(1,x,1),3,2,CPREV,none<=12,
12,+1;flip,-1?0;flip,A=(+1;flip) B=(-1?0;flip),none,(x),1,0,FLIP,none<=12,
12,+1;flip,-1?0;flip,A=(+1;flip) B=(-1?0;flip),none,(x),1,0,NEXT,none<=12,
12,+1;flip,-1?0;flip,A=(+1;flip) B=(-1?0;flip),none,(x),1,0,PREV,none<=12,
12,+1;flip,-1?0;flip,A=(+1;flip) B=(-1?0;flip),none,(x),1,0,CFLIP,none<=12,
12,+1;flip,-1?0;flip,A=(+1;flip) B=(-1?0;flip),none,(x),1,0,CNEXT,none<=12,
12,+1;flip,-1?0;flip,A=(+1;flip) B=(-1?0;flip),none,(x),1,0,CPREV,none<=12,
12,+1;flip,-1?0;flip,A=(+1;flip) B=(-1?0;flip),dual,(x,n),2,0,FLIP,none<=12,
12,+1;flip,-1?0;flip,A=(+1;flip) B=(-1?0;flip),dual,(x,n),2,0,NEXT,none<=12,
12,+1;flip,-1?0;flip,A=(+1;flip) B=(-1?0;flip),dual,(x,n),2,0,PREV,none<=12,
12,+1;flip,-1?0;flip,A=(+1;flip) B=(-1?0;flip),dual,(x,n),2,0,CFLIP,none<=12,
12,+1;flip,-1?0;flip,A=(+1;flip) B=(-1?0;flip),dual,(x,n),2,0,CNEXT,none<=12,
12,+1;flip,-1?0;flip,A=(+1;flip) B=(-1?0;flip),dual,(x,n),2,0,CPREV,none<=12,
12,+1;flip,-1?0;flip,A=(+1;flip) B=(-1?0;flip),dual,(x,n),2,1,FLIP,none<=12,
12,+1;flip,-1?0;flip,A=(+1;flip) B=(-1?0;flip),dual,(x,n),2,1,NEXT,none<=12,
12,+1;flip,-1?0;flip,A=(+1;flip) B=(-1?0;flip),dual,(x,n),2,1,PREV,none<=12,
12,+1;flip,-1?0;flip,A=(+1;flip) B=(-1?0;flip),dual,(x,n),2,1,CFLIP,none<=12,
12,+1;flip,-1?0;flip,A=(+1;flip) B=(-1?0;flip),dual,(x,n),2,1,CNEXT,none<=12,
12,+1;flip,-1?0;flip,A=(+1;flip) B=(-1?0;flip),dual,(x,n),2,1,CPREV,none<=12,
12,+1;flip,-1?0;flip,A=(+1;flip) B=(-1?0;flip),dual,(n,x),2,0,FLIP,none<=12,
12,+1;flip,-1?0;flip,A=(+1;flip) B=(-1?0;flip),dual,(n,x),2,0,NEXT,none<=12,
12,+1;flip,-1?0;flip,A=(+1;flip) B=(-1?0;flip),dual,(n,x),2,0,PREV,none<=12,
12,+1;flip,-1?0;flip,A=(+1;flip) B=(-1?0;flip),dual,(n,x),2,0,CFLIP,ABBABB,6
12,+1;flip,-1?0;flip,A=(+1;flip) B=(-1?0;flip),dual,(n,x),2,0,CNEXT,none<=12,
12,+1;flip,-1?0;flip,A=(+1;flip) B=(-1?0;flip),dual,(n,x),2,0,CPREV,none<=12,
12,+1;flip,-1?0;flip,A=(+1;flip) B=(-1?0;flip),dual,(n,x),2,1,FLIP,none<=12,
12,+1;flip,-1?0;flip,A=(+1;flip) B=(-1?0;flip),dual,(n,x),2,1,NEXT,none<=12,
12,+1;flip,-1?0;flip,A=(+1;flip) B=(-1?0;flip),dual,(n,x),2,1,PREV,none<=12,
12,+1;flip,-1?0;flip,A=(+1;flip) B=(-1?0;flip),dual,(n,x),2,1,CFLIP,none<=12,
12,+1;flip,-1?0;flip,A=(+1;flip) B=(-1?0;flip),dual,(n,x),2,1,CNEXT,none<=12,
12,+1;flip,-1?0;flip,A=(+1;flip) B=(-1?0;flip),dual,(n,x),2,1,CPREV,none<=12,
12,+1;flip,-1?0;flip,A=(+1;flip) B=(-1?0;flip),scratch,(x,1),2,0,FLIP,none<=12,
12,+1;flip,-1?0;flip,A=(+1;flip) B=(-1?0;flip),scratch,(x,1),2,0,NEXT,none<=12,
12,+1;flip,-1?0;flip,A=(+1;flip) B=(-1?0;flip),scratch,(x,1),2,0,PREV,none<=12,
12,+1;flip,-1?0;flip,A=(+1;flip) B=(-1?0;flip),scratch,(x,1),2,0,CFLIP,none<=12,
12,+1;flip,-1?0;flip,A=(+1;flip) B=(-1?0;flip),scratch,(x,1),2,0,CNEXT,none<=12,
12,+1;flip,-1?0;flip,A=(+1;flip) B=(-1?0;flip),scratch,(x,1),2,0,CPREV,none<=12,
12,+1;flip,-1?0;flip,A=(+1;flip) B=(-1?0;flip),scratch,(x,1),2,1,FLIP,BBA,3
12,+1;flip,-1?0;flip,A=(+1;flip) B=(-1?0;flip),scratch,(x,1),2,1,NEXT,AABA,4
12,+1;flip,-1?0;flip,A=(+1;flip) B=(-1?0;flip),scratch,(x,1),2,1,PREV,none<=12,
12,+1;flip,-1?0;flip,A=(+1;flip) B=(-1?0;flip),scratch,(x,1),2,1,CFLIP,none<=12,
12,+1;flip,-1?0;flip,A=(+1;flip) B=(-1?0;flip),scratch,(x,1),2,1,CNEXT,none<=12,
12,+1;flip,-1?0;flip,A=(+1;flip) B=(-1?0;flip),scratch,(x,1),2,1,CPREV,none<=12,
12,+1;flip,-1?0;flip,A=(+1;flip) B=(-1?0;flip),scratch,(1,x),2,0,FLIP,none<=12,
12,+1;flip,-1?0;flip,A=(+1;flip) B=(-1?0;flip),scratch,(1,x),2,0,NEXT,AABA,4
12,+1;flip,-1?0;flip,A=(+1;flip) B=(-1?0;flip),scratch,(1,x),2,0,PREV,none<=12,
12,+1;flip,-1?0;flip,A=(+1;flip) B=(-1?0;flip),scratch,(1,x),2,0,CFLIP,none<=12,
12,+1;flip,-1?0;flip,A=(+1;flip) B=(-1?0;flip),scratch,(1,x),2,0,CNEXT,none<=12,
12,+1;flip,-1?0;flip,A=(+1;flip) B=(-1?0;flip),scratch,(1,x),2,0,CPREV,none<=12,
12,+1;flip,-1?0;flip,A=(+1;flip) B=(-1?0;flip),scratch,(1,x),2,1,FLIP,none<=12,
12,+1;flip,-1?0;flip,A=(+1;flip) B=(-1?0;flip),scratch,(1,x),2,1,NEXT,none<=12,
12,+1;flip,-1?0;flip,A=(+1;flip) B=(-1?0;flip),scratch,(1,x),2,1,PREV,none<=12,
12,+1;flip,-1?0;flip,A=(+1;flip) B=(-1?0;flip),scratch,(1,x),2,1,CFLIP,none<=12,
12,+1;flip,-1?0;flip,A=(+1;flip) B=(-1?0;flip),scratch,(1,x),2,1,CNEXT,none<=12,
12,+1;flip,-1?0;flip,A=(+1;flip) B=(-1?0;flip),scratch,(1,x),2,1,CPREV,none<=12,
12,+1;flip,-1?0;flip,A=(+1;flip) B=(-1?0;flip),scratch,(x,0),2,0,FLIP,ABB,3
12,+1;flip,-1?0;flip,A=(+1;flip) B=(-1?0;flip),scratch,(x,0),2,0,NEXT,ABAABB,6
12,+1;flip,-1?0;flip,A=(+1;flip) B=(-1?0;flip),scratch,(x,0),2,0,PREV,none<=12,
12,+1;flip,-1?0;flip,A=(+1;flip) B=(-1?0;flip),scratch,(x,0),2,0,CFLIP,none<=12,
12,+1;flip,-1?0;flip,A=(+1;flip) B=(-1?0;flip),scratch,(x,0),2,0,CNEXT,none<=12,
12,+1;flip,-1?0;flip,A=(+1;flip) B=(-1?0;flip),scratch,(x,0),2,0,CPREV,none<=12,
12,+1;flip,-1?0;flip,A=(+1;flip) B=(-1?0;flip),scratch,(x,0),2,1,FLIP,BAB,3
12,+1;flip,-1?0;flip,A=(+1;flip) B=(-1?0;flip),scratch,(x,0),2,1,NEXT,AABBAB,6
12,+1;flip,-1?0;flip,A=(+1;flip) B=(-1?0;flip),scratch,(x,0),2,1,PREV,none<=12,
12,+1;flip,-1?0;flip,A=(+1;flip) B=(-1?0;flip),scratch,(x,0),2,1,CFLIP,none<=12,
12,+1;flip,-1?0;flip,A=(+1;flip) B=(-1?0;flip),scratch,(x,0),2,1,CNEXT,none<=12,
12,+1;flip,-1?0;flip,A=(+1;flip) B=(-1?0;flip),scratch,(x,0),2,1,CPREV,none<=12,
12,+1;flip,-1?0;flip,A=(+1;flip) B=(-1?0;flip),scratch,(0,x),2,0,FLIP,none<=12,
12,+1;flip,-1?0;flip,A=(+1;flip) B=(-1?0;flip),scratch,(0,x),2,0,NEXT,AABBAB,6
12,+1;flip,-1?0;flip,A=(+1;flip) B=(-1?0;flip),scratch,(0,x),2,0,PREV,none<=12,
12,+1;flip,-1?0;flip,A=(+1;flip) B=(-1?0;flip),scratch,(0,x),2,0,CFLIP,none<=12,
12,+1;flip,-1?0;flip,A=(+1;flip) B=(-1?0;flip),scratch,(0,x),2,0,CNEXT,none<=12,
12,+1;flip,-1?0;flip,A=(+1;flip) B=(-1?0;flip),scratch,(0,x),2,0,CPREV,none<=12,
12,+1;flip,-1?0;flip,A=(+1;flip) B=(-1?0;flip),scratch,(0,x),2,1,FLIP,ABB,3
12,+1;flip,-1?0;flip,A=(+1;flip) B=(-1?0;flip),scratch,(0,x),2,1,NEXT,ABAABB,6
12,+1;flip,-1?0;flip,A=(+1;flip) B=(-1?0;flip),scratch,(0,x),2,1,PREV,none<=12,
12,+1;flip,-1?0;flip,A=(+1;flip) B=(-1?0;flip),scratch,(0,x),2,1,CFLIP,none<=12,
12,+1;flip,-1?0;flip,A=(+1;flip) B=(-1?0;flip),scratch,(0,x),2,1,CNEXT,none<=12,
12,+1;flip,-1?0;flip,A=(+1;flip) B=(-1?0;flip),scratch,(0,x),2,1,CPREV,none<=12,
12,+1;flip,-1?0;flip,A=(+1;flip) B=(-1?0;flip),period3,(x,0,1),3,0,FLIP,ABB,3
12,+1;flip,-1?0;flip,A=(+1;flip) B=(-1?0;flip),period3,(x,0,1),3,0,NEXT,AABAAABB,8
12,+1;flip,-1?0;flip,A=(+1;flip) B=(-1?0;flip),period3,(x,0,1),3,0,PREV,none<=12,
12,+1;flip,-1?0;flip,A=(+1;flip) B=(-1?0;flip),period3,(x,0,1),3,0,CFLIP,none<=12,
12,+1;flip,-1?0;flip,A=(+1;flip) B=(-1?0;flip),period3,(x,0,1),3,0,CNEXT,none<=12,
12,+1;flip,-1?0;flip,A=(+1;flip) B=(-1?0;flip),period3,(x,0,1),3,0,CPREV,none<=12,
12,+1;flip,-1?0;flip,A=(+1;flip) B=(-1?0;flip),period3,(x,0,1),3,1,FLIP,BAB,3
12,+1;flip,-1?0;flip,A=(+1;flip) B=(-1?0;flip),period3,(x,0,1),3,1,NEXT,ABBAAABBAB,10
12,+1;flip,-1?0;flip,A=(+1;flip) B=(-1?0;flip),period3,(x,0,1),3,1,PREV,none<=12,
12,+1;flip,-1?0;flip,A=(+1;flip) B=(-1?0;flip),period3,(x,0,1),3,1,CFLIP,none<=12,
12,+1;flip,-1?0;flip,A=(+1;flip) B=(-1?0;flip),period3,(x,0,1),3,1,CNEXT,none<=12,
12,+1;flip,-1?0;flip,A=(+1;flip) B=(-1?0;flip),period3,(x,0,1),3,1,CPREV,none<=12,
12,+1;flip,-1?0;flip,A=(+1;flip) B=(-1?0;flip),period3,(x,0,1),3,2,FLIP,BBBBABA,7
12,+1;flip,-1?0;flip,A=(+1;flip) B=(-1?0;flip),period3,(x,0,1),3,2,NEXT,AAABBABA,8
12,+1;flip,-1?0;flip,A=(+1;flip) B=(-1?0;flip),period3,(x,0,1),3,2,PREV,none<=12,
12,+1;flip,-1?0;flip,A=(+1;flip) B=(-1?0;flip),period3,(x,0,1),3,2,CFLIP,none<=12,
12,+1;flip,-1?0;flip,A=(+1;flip) B=(-1?0;flip),period3,(x,0,1),3,2,CNEXT,none<=12,
12,+1;flip,-1?0;flip,A=(+1;flip) B=(-1?0;flip),period3,(x,0,1),3,2,CPREV,none<=12,
12,+1;flip,-1?0;flip,A=(+1;flip) B=(-1?0;flip),period3,(0,1,x),3,0,FLIP,none<=12,
12,+1;flip,-1?0;flip,A=(+1;flip) B=(-1?0;flip),period3,(0,1,x),3,0,NEXT,ABBAAABBAB,10
12,+1;flip,-1?0;flip,A=(+1;flip) B=(-1?0;flip),period3,(0,1,x),3,0,PREV,none<=12,
12,+1;flip,-1?0;flip,A=(+1;flip) B=(-1?0;flip),period3,(0,1,x),3,0,CFLIP,none<=12,
12,+1;flip,-1?0;flip,A=(+1;flip) B=(-1?0;flip),period3,(0,1,x),3,0,CNEXT,none<=12,
12,+1;flip,-1?0;flip,A=(+1;flip) B=(-1?0;flip),period3,(0,1,x),3,0,CPREV,none<=12,
12,+1;flip,-1?0;flip,A=(+1;flip) B=(-1?0;flip),period3,(0,1,x),3,1,FLIP,none<=12,
12,+1;flip,-1?0;flip,A=(+1;flip) B=(-1?0;flip),period3,(0,1,x),3,1,NEXT,AAABBABA,8
12,+1;flip,-1?0;flip,A=(+1;flip) B=(-1?0;flip),period3,(0,1,x),3,1,PREV,none<=12,
12,+1;flip,-1?0;flip,A=(+1;flip) B=(-1?0;flip),period3,(0,1,x),3,1,CFLIP,none<=12,
12,+1;flip,-1?0;flip,A=(+1;flip) B=(-1?0;flip),period3,(0,1,x),3,1,CNEXT,none<=12,
12,+1;flip,-1?0;flip,A=(+1;flip) B=(-1?0;flip),period3,(0,1,x),3,1,CPREV,none<=12,
12,+1;flip,-1?0;flip,A=(+1;flip) B=(-1?0;flip),period3,(0,1,x),3,2,FLIP,ABB,3
12,+1;flip,-1?0;flip,A=(+1;flip) B=(-1?0;flip),period3,(0,1,x),3,2,NEXT,AABAAABB,8
12,+1;flip,-1?0;flip,A=(+1;flip) B=(-1?0;flip),period3,(0,1,x),3,2,PREV,none<=12,
12,+1;flip,-1?0;flip,A=(+1;flip) B=(-1?0;flip),period3,(0,1,x),3,2,CFLIP,none<=12,
12,+1;flip,-1?0;flip,A=(+1;flip) B=(-1?0;flip),period3,(0,1,x),3,2,CNEXT,none<=12,
12,+1;flip,-1?0;flip,A=(+1;flip) B=(-1?0;flip),period3,(0,1,x),3,2,CPREV,none<=12,
12,+1;flip,-1?0;flip,A=(+1;flip) B=(-1?0;flip),period3,(1,x,0),3,0,FLIP,none<=12,
12,+1;flip,-1?0;flip,A=(+1;flip) B=(-1?0;flip),period3,(1,x,0),3,0,NEXT,AAABBABA,8
12,+1;flip,-1?0;flip,A=(+1;flip) B=(-1?0;flip),period3,(1,x,0),3,0,PREV,none<=12,
12,+1;flip,-1?0;flip,A=(+1;flip) B=(-1?0;flip),period3,(1,x,0),3,0,CFLIP,none<=12,
12,+1;flip,-1?0;flip,A=(+1;flip) B=(-1?0;flip),period3,(1,x,0),3,0,CNEXT,none<=12,
12,+1;flip,-1?0;flip,A=(+1;flip) B=(-1?0;flip),period3,(1,x,0),3,0,CPREV,none<=12,
12,+1;flip,-1?0;flip,A=(+1;flip) B=(-1?0;flip),period3,(1,x,0),3,1,FLIP,ABB,3
12,+1;flip,-1?0;flip,A=(+1;flip) B=(-1?0;flip),period3,(1,x,0),3,1,NEXT,AABAAABB,8
12,+1;flip,-1?0;flip,A=(+1;flip) B=(-1?0;flip),period3,(1,x,0),3,1,PREV,none<=12,
12,+1;flip,-1?0;flip,A=(+1;flip) B=(-1?0;flip),period3,(1,x,0),3,1,CFLIP,none<=12,
12,+1;flip,-1?0;flip,A=(+1;flip) B=(-1?0;flip),period3,(1,x,0),3,1,CNEXT,none<=12,
12,+1;flip,-1?0;flip,A=(+1;flip) B=(-1?0;flip),period3,(1,x,0),3,1,CPREV,none<=12,
12,+1;flip,-1?0;flip,A=(+1;flip) B=(-1?0;flip),period3,(1,x,0),3,2,FLIP,BAB,3
12,+1;flip,-1?0;flip,A=(+1;flip) B=(-1?0;flip),period3,(1,x,0),3,2,NEXT,ABBAAABBAB,10
12,+1;flip,-1?0;flip,A=(+1;flip) B=(-1?0;flip),period3,(1,x,0),3,2,PREV,none<=12,
12,+1;flip,-1?0;flip,A=(+1;flip) B=(-1?0;flip),period3,(1,x,0),3,2,CFLIP,none<=12,
12,+1;flip,-1?0;flip,A=(+1;flip) B=(-1?0;flip),period3,(1,x,0),3,2,CNEXT,none<=12,
12,+1;flip,-1?0;flip,A=(+1;flip) B=(-1?0;flip),period3,(1,x,0),3,2,CPREV,none<=12,
12,+1;flip,-1?0;flip,A=(+1;flip) B=(-1?0;flip),period3,(x,1,0),3,0,FLIP,none<=12,
12,+1;flip,-1?0;flip,A=(+1;flip) B=(-1?0;flip),period3,(x,1,0),3,0,NEXT,none<=12,
12,+1;flip,-1?0;flip,A=(+1;flip) B=(-1?0;flip),period3,(x,1,0),3,0,PREV,none<=12,
12,+1;flip,-1?0;flip,A=(+1;flip) B=(-1?0;flip),period3,(x,1,0),3,0,CFLIP,none<=12,
12,+1;flip,-1?0;flip,A=(+1;flip) B=(-1?0;flip),period3,(x,1,0),3,0,CNEXT,none<=12,
12,+1;flip,-1?0;flip,A=(+1;flip) B=(-1?0;flip),period3,(x,1,0),3,0,CPREV,none<=12,
12,+1;flip,-1?0;flip,A=(+1;flip) B=(-1?0;flip),period3,(x,1,0),3,1,FLIP,BBA,3
12,+1;flip,-1?0;flip,A=(+1;flip) B=(-1?0;flip),period3,(x,1,0),3,1,NEXT,ABAABA,6
12,+1;flip,-1?0;flip,A=(+1;flip) B=(-1?0;flip),period3,(x,1,0),3,1,PREV,none<=12,
12,+1;flip,-1?0;flip,A=(+1;flip) B=(-1?0;flip),period3,(x,1,0),3,1,CFLIP,none<=12,
12,+1;flip,-1?0;flip,A=(+1;flip) B=(-1?0;flip),period3,(x,1,0),3,1,CNEXT,none<=12,
12,+1;flip,-1?0;flip,A=(+1;flip) B=(-1?0;flip),period3,(x,1,0),3,1,CPREV,none<=12,
12,+1;flip,-1?0;flip,A=(+1;flip) B=(-1?0;flip),period3,(x,1,0),3,2,FLIP,BBAAB,5
12,+1;flip,-1?0;flip,A=(+1;flip) B=(-1?0;flip),period3,(x,1,0),3,2,NEXT,AABAAB,6
12,+1;flip,-1?0;flip,A=(+1;flip) B=(-1?0;flip),period3,(x,1,0),3,2,PREV,none<=12,
12,+1;flip,-1?0;flip,A=(+1;flip) B=(-1?0;flip),period3,(x,1,0),3,2,CFLIP,none<=12,
12,+1;flip,-1?0;flip,A=(+1;flip) B=(-1?0;flip),period3,(x,1,0),3,2,CNEXT,none<=12,
12,+1;flip,-1?0;flip,A=(+1;flip) B=(-1?0;flip),period3,(x,1,0),3,2,CPREV,none<=12,
12,+1;flip,-1?0;flip,A=(+1;flip) B=(-1?0;flip),period3,(1,0,x),3,0,FLIP,none<=12,
12,+1;flip,-1?0;flip,A=(+1;flip) B=(-1?0;flip),period3,(1,0,x),3,0,NEXT,ABAABA,6
12,+1;flip,-1?0;flip,A=(+1;flip) B=(-1?0;flip),period3,(1,0,x),3,0,PREV,none<=12,
12,+1;flip,-1?0;flip,A=(+1;flip) B=(-1?0;flip),period3,(1,0,x),3,0,CFLIP,none<=12,
12,+1;flip,-1?0;flip,A=(+1;flip) B=(-1?0;flip),period3,(1,0,x),3,0,CNEXT,none<=12,
12,+1;flip,-1?0;flip,A=(+1;flip) B=(-1?0;flip),period3,(1,0,x),3,0,CPREV,none<=12,
12,+1;flip,-1?0;flip,A=(+1;flip) B=(-1?0;flip),period3,(1,0,x),3,1,FLIP,none<=12,
12,+1;flip,-1?0;flip,A=(+1;flip) B=(-1?0;flip),period3,(1,0,x),3,1,NEXT,AABAAB,6
12,+1;flip,-1?0;flip,A=(+1;flip) B=(-1?0;flip),period3,(1,0,x),3,1,PREV,none<=12,
12,+1;flip,-1?0;flip,A=(+1;flip) B=(-1?0;flip),period3,(1,0,x),3,1,CFLIP,none<=12,
12,+1;flip,-1?0;flip,A=(+1;flip) B=(-1?0;flip),period3,(1,0,x),3,1,CNEXT,none<=12,
12,+1;flip,-1?0;flip,A=(+1;flip) B=(-1?0;flip),period3,(1,0,x),3,1,CPREV,none<=12,
12,+1;flip,-1?0;flip,A=(+1;flip) B=(-1?0;flip),period3,(1,0,x),3,2,FLIP,none<=12,
12,+1;flip,-1?0;flip,A=(+1;flip) B=(-1?0;flip),period3,(1,0,x),3,2,NEXT,none<=12,
12,+1;flip,-1?0;flip,A=(+1;flip) B=(-1?0;flip),period3,(1,0,x),3,2,PREV,none<=12,
12,+1;flip,-1?0;flip,A=(+1;flip) B=(-1?0;flip),period3,(1,0,x),3,2,CFLIP,none<=12,
12,+1;flip,-1?0;flip,A=(+1;flip) B=(-1?0;flip),period3,(1,0,x),3,2,CNEXT,none<=12,
12,+1;flip,-1?0;flip,A=(+1;flip) B=(-1?0;flip),period3,(1,0,x),3,2,CPREV,none<=12,
12,+1;flip,-1?0;flip,A=(+1;flip) B=(-1?0;flip),period3,(0,x,1),3,0,FLIP,none<=12,
12,+1;flip,-1?0;flip,A=(+1;flip) B=(-1?0;flip),period3,(0,x,1),3,0,NEXT,AABAAB,6
12,+1;flip,-1?0;flip,A=(+1;flip) B=(-1?0;flip),period3,(0,x,1),3,0,PREV,none<=12,
12,+1;flip,-1?0;flip,A=(+1;flip) B=(-1?0;flip),period3,(0,x,1),3,0,CFLIP,none<=12,
12,+1;flip,-1?0;flip,A=(+1;flip) B=(-1?0;flip),period3,(0,x,1),3,0,CNEXT,none<=12,
12,+1;flip,-1?0;flip,A=(+1;flip) B=(-1?0;flip),period3,(0,x,1),3,0,CPREV,none<=12,
12,+1;flip,-1?0;flip,A=(+1;flip) B=(-1?0;flip),period3,(0,x,1),3,1,FLIP,none<=12,
12,+1;flip,-1?0;flip,A=(+1;flip) B=(-1?0;flip),period3,(0,x,1),3,1,NEXT,none<=12,
12,+1;flip,-1?0;flip,A=(+1;flip) B=(-1?0;flip),period3,(0,x,1),3,1,PREV,none<=12,
12,+1;flip,-1?0;flip,A=(+1;flip) B=(-1?0;flip),period3,(0,x,1),3,1,CFLIP,none<=12,
12,+1;flip,-1?0;flip,A=(+1;flip) B=(-1?0;flip),period3,(0,x,1),3,1,CNEXT,none<=12,
12,+1;flip,-1?0;flip,A=(+1;flip) B=(-1?0;flip),period3,(0,x,1),3,1,CPREV,none<=12,
12,+1;flip,-1?0;flip,A=(+1;flip) B=(-1?0;flip),period3,(0,x,1),3,2,FLIP,BBA,3
12,+1;flip,-1?0;flip,A=(+1;flip) B=(-1?0;flip),period3,(0,x,1),3,2,NEXT,ABAABA,6
12,+1;flip,-1?0;flip,A=(+1;flip) B=(-1?0;flip),period3,(0,x,1),3,2,PREV,none<=12,
12,+1;flip,-1?0;flip,A=(+1;flip) B=(-1?0;flip),period3,(0,x,1),3,2,CFLIP,none<=12,
12,+1;flip,-1?0;flip,A=(+1;flip) B=(-1?0;flip),period3,(0,x,1),3,2,CNEXT,none<=12,
12,+1;flip,-1?0;flip,A=(+1;flip) B=(-1?0;flip),period3,(0,x,1),3,2,CPREV,none<=12,
12,+1;flip,-1?0;flip,A=(+1;flip) B=(-1?0;flip),period3,(x,0,0),3,0,FLIP,ABB,3
12,+1;flip,-1?0;flip,A=(+1;flip) B=(-1?0;flip),period3,(x,0,0),3,0,NEXT,ABABAABB,8
12,+1;flip,-1?0;flip,A=(+1;flip) B=(-1?0;flip),period3,(x,0,0),3,0,PREV,none<=12,
12,+1;flip,-1?0;flip,A=(+1;flip) B=(-1?0;flip),period3,(x,0,0),3,0,CFLIP,none<=12,
12,+1;flip,-1?0;flip,A=(+1;flip) B=(-1?0;flip),period3,(x,0,0),3,0,CNEXT,none<=12,
12,+1;flip,-1?0;flip,A=(+1;flip) B=(-1?0;flip),period3,(x,0,0),3,0,CPREV,none<=12,
12,+1;flip,-1?0;flip,A=(+1;flip) B=(-1?0;flip),period3,(x,0,0),3,1,FLIP,BAB,3
12,+1;flip,-1?0;flip,A=(+1;flip) B=(-1?0;flip),period3,(x,0,0),3,1,NEXT,ABAABBAB,8
12,+1;flip,-1?0;flip,A=(+1;flip) B=(-1?0;flip),period3,(x,0,0),3,1,PREV,none<=12,
12,+1;flip,-1?0;flip,A=(+1;flip) B=(-1?0;flip),period3,(x,0,0),3,1,CFLIP,none<=12,
12,+1;flip,-1?0;flip,A=(+1;flip) B=(-1?0;flip),period3,(x,0,0),3,1,CNEXT,none<=12,
12,+1;flip,-1?0;flip,A=(+1;flip) B=(-1?0;flip),period3,(x,0,0),3,1,CPREV,none<=12,
12,+1;flip,-1?0;flip,A=(+1;flip) B=(-1?0;flip),period3,(x,0,0),3,2,FLIP,BBBABAB,7
12,+1;flip,-1?0;flip,A=(+1;flip) B=(-1?0;flip),period3,(x,0,0),3,2,NEXT,AABBABAB,8
12,+1;flip,-1?0;flip,A=(+1;flip) B=(-1?0;flip),period3,(x,0,0),3,2,PREV,none<=12,
12,+1;flip,-1?0;flip,A=(+1;flip) B=(-1?0;flip),period3,(x,0,0),3,2,CFLIP,none<=12,
12,+1;flip,-1?0;flip,A=(+1;flip) B=(-1?0;flip),period3,(x,0,0),3,2,CNEXT,none<=12,
12,+1;flip,-1?0;flip,A=(+1;flip) B=(-1?0;flip),period3,(x,0,0),3,2,CPREV,none<=12,
12,+1;flip,-1?0;flip,A=(+1;flip) B=(-1?0;flip),period3,(0,0,x),3,0,FLIP,none<=12,
12,+1;flip,-1?0;flip,A=(+1;flip) B=(-1?0;flip),period3,(0,0,x),3,0,NEXT,ABAABBAB,8
12,+1;flip,-1?0;flip,A=(+1;flip) B=(-1?0;flip),period3,(0,0,x),3,0,PREV,none<=12,
12,+1;flip,-1?0;flip,A=(+1;flip) B=(-1?0;flip),period3,(0,0,x),3,0,CFLIP,none<=12,
12,+1;flip,-1?0;flip,A=(+1;flip) B=(-1?0;flip),period3,(0,0,x),3,0,CNEXT,none<=12,
12,+1;flip,-1?0;flip,A=(+1;flip) B=(-1?0;flip),period3,(0,0,x),3,0,CPREV,none<=12,
12,+1;flip,-1?0;flip,A=(+1;flip) B=(-1?0;flip),period3,(0,0,x),3,1,FLIP,none<=12,
12,+1;flip,-1?0;flip,A=(+1;flip) B=(-1?0;flip),period3,(0,0,x),3,1,NEXT,AABBABAB,8
12,+1;flip,-1?0;flip,A=(+1;flip) B=(-1?0;flip),period3,(0,0,x),3,1,PREV,none<=12,
12,+1;flip,-1?0;flip,A=(+1;flip) B=(-1?0;flip),period3,(0,0,x),3,1,CFLIP,none<=12,
12,+1;flip,-1?0;flip,A=(+1;flip) B=(-1?0;flip),period3,(0,0,x),3,1,CNEXT,none<=12,
12,+1;flip,-1?0;flip,A=(+1;flip) B=(-1?0;flip),period3,(0,0,x),3,1,CPREV,none<=12,
12,+1;flip,-1?0;flip,A=(+1;flip) B=(-1?0;flip),period3,(0,0,x),3,2,FLIP,ABB,3
12,+1;flip,-1?0;flip,A=(+1;flip) B=(-1?0;flip),period3,(0,0,x),3,2,NEXT,ABABAABB,8
12,+1;flip,-1?0;flip,A=(+1;flip) B=(-1?0;flip),period3,(0,0,x),3,2,PREV,none<=12,
12,+1;flip,-1?0;flip,A=(+1;flip) B=(-1?0;flip),period3,(0,0,x),3,2,CFLIP,none<=12,
12,+1;flip,-1?0;flip,A=(+1;flip) B=(-1?0;flip),period3,(0,0,x),3,2,CNEXT,none<=12,
12,+1;flip,-1?0;flip,A=(+1;flip) B=(-1?0;flip),period3,(0,0,x),3,2,CPREV,none<=12,
12,+1;flip,-1?0;flip,A=(+1;flip) B=(-1?0;flip),period3,(0,x,0),3,0,FLIP,none<=12,
12,+1;flip,-1?0;flip,A=(+1;flip) B=(-1?0;flip),period3,(0,x,0),3,0,NEXT,AABBABAB,8
12,+1;flip,-1?0;flip,A=(+1;flip) B=(-1?0;flip),period3,(0,x,0),3,0,PREV,none<=12,
12,+1;flip,-1?0;flip,A=(+1;flip) B=(-1?0;flip),period3,(0,x,0),3,0,CFLIP,none<=12,
12,+1;flip,-1?0;flip,A=(+1;flip) B=(-1?0;flip),period3,(0,x,0),3,0,CNEXT,none<=12,
12,+1;flip,-1?0;flip,A=(+1;flip) B=(-1?0;flip),period3,(0,x,0),3,0,CPREV,none<=12,
12,+1;flip,-1?0;flip,A=(+1;flip) B=(-1?0;flip),period3,(0,x,0),3,1,FLIP,ABB,3
12,+1;flip,-1?0;flip,A=(+1;flip) B=(-1?0;flip),period3,(0,x,0),3,1,NEXT,ABABAABB,8
12,+1;flip,-1?0;flip,A=(+1;flip) B=(-1?0;flip),period3,(0,x,0),3,1,PREV,none<=12,
12,+1;flip,-1?0;flip,A=(+1;flip) B=(-1?0;flip),period3,(0,x,0),3,1,CFLIP,none<=12,
12,+1;flip,-1?0;flip,A=(+1;flip) B=(-1?0;flip),period3,(0,x,0),3,1,CNEXT,none<=12,
12,+1;flip,-1?0;flip,A=(+1;flip) B=(-1?0;flip),period3,(0,x,0),3,1,CPREV,none<=12,
12,+1;flip,-1?0;flip,A=(+1;flip) B=(-1?0;flip),period3,(0,x,0),3,2,FLIP,BAB,3
12,+1;flip,-1?0;flip,A=(+1;flip) B=(-1?0;flip),period3,(0,x,0),3,2,NEXT,ABAABBAB,8
12,+1;flip,-1?0;flip,A=(+1;flip) B=(-1?0;flip),period3,(0,x,0),3,2,PREV,none<=12,
12,+1;flip,-1?0;flip,A=(+1;flip) B=(-1?0;flip),period3,(0,x,0),3,2,CFLIP,none<=12,
12,+1;flip,-1?0;flip,A=(+1;flip) B=(-1?0;flip),period3,(0,x,0),3,2,CNEXT,none<=12,
12,+1;flip,-1?0;flip,A=(+1;flip) B=(-1?0;flip),period3,(0,x,0),3,2,CPREV,none<=12,
12,+1;flip,-1?0;flip,A=(+1;flip) B=(-1?0;flip),period3,(x,1,1),3,0,FLIP,none<=12,
12,+1;flip,-1?0;flip,A=(+1;flip) B=(-1?0;flip),period3,(x,1,1),3,0,NEXT,none<=12,
12,+1;flip,-1?0;flip,A=(+1;flip) B=(-1?0;flip),period3,(x,1,1),3,0,PREV,none<=12,
12,+1;flip,-1?0;flip,A=(+1;flip) B=(-1?0;flip),period3,(x,1,1),3,0,CFLIP,none<=12,
12,+1;flip,-1?0;flip,A=(+1;flip) B=(-1?0;flip),period3,(x,1,1),3,0,CNEXT,none<=12,
12,+1;flip,-1?0;flip,A=(+1;flip) B=(-1?0;flip),period3,(x,1,1),3,0,CPREV,none<=12,
12,+1;flip,-1?0;flip,A=(+1;flip) B=(-1?0;flip),period3,(x,1,1),3,1,FLIP,BBA,3
12,+1;flip,-1?0;flip,A=(+1;flip) B=(-1?0;flip),period3,(x,1,1),3,1,NEXT,BABAAABA,8
12,+1;flip,-1?0;flip,A=(+1;flip) B=(-1?0;flip),period3,(x,1,1),3,1,PREV,none<=12,
12,+1;flip,-1?0;flip,A=(+1;flip) B=(-1?0;flip),period3,(x,1,1),3,1,CFLIP,none<=12,
12,+1;flip,-1?0;flip,A=(+1;flip) B=(-1?0;flip),period3,(x,1,1),3,1,CNEXT,none<=12,
12,+1;flip,-1?0;flip,A=(+1;flip) B=(-1?0;flip),period3,(x,1,1),3,1,CPREV,none<=12,
12,+1;flip,-1?0;flip,A=(+1;flip) B=(-1?0;flip),period3,(x,1,1),3,2,FLIP,BBBAA,5
12,+1;flip,-1?0;flip,A=(+1;flip) B=(-1?0;flip),period3,(x,1,1),3,2,NEXT,AAABBBAA,8
12,+1;flip,-1?0;flip,A=(+1;flip) B=(-1?0;flip),period3,(x,1,1),3,2,PREV,none<=12,
12,+1;flip,-1?0;flip,A=(+1;flip) B=(-1?0;flip),period3,(x,1,1),3,2,CFLIP,none<=12,
12,+1;flip,-1?0;flip,A=(+1;flip) B=(-1?0;flip),period3,(x,1,1),3,2,CNEXT,none<=12,
12,+1;flip,-1?0;flip,A=(+1;flip) B=(-1?0;flip),period3,(x,1,1),3,2,CPREV,none<=12,
12,+1;flip,-1?0;flip,A=(+1;flip) B=(-1?0;flip),period3,(1,1,x),3,0,FLIP,none<=12,
12,+1;flip,-1?0;flip,A=(+1;flip) B=(-1?0;flip),period3,(1,1,x),3,0,NEXT,BABAAABA,8
12,+1;flip,-1?0;flip,A=(+1;flip) B=(-1?0;flip),period3,(1,1,x),3,0,PREV,none<=12,
12,+1;flip,-1?0;flip,A=(+1;flip) B=(-1?0;flip),period3,(1,1,x),3,0,CFLIP,none<=12,
12,+1;flip,-1?0;flip,A=(+1;flip) B=(-1?0;flip),period3,(1,1,x),3,0,CNEXT,none<=12,
12,+1;flip,-1?0;flip,A=(+1;flip) B=(-1?0;flip),period3,(1,1,x),3,0,CPREV,none<=12,
12,+1;flip,-1?0;flip,A=(+1;flip) B=(-1?0;flip),period3,(1,1,x),3,1,FLIP,none<=12,
12,+1;flip,-1?0;flip,A=(+1;flip) B=(-1?0;flip),period3,(1,1,x),3,1,NEXT,AAABBBAA,8
12,+1;flip,-1?0;flip,A=(+1;flip) B=(-1?0;flip),period3,(1,1,x),3,1,PREV,none<=12,
12,+1;flip,-1?0;flip,A=(+1;flip) B=(-1?0;flip),period3,(1,1,x),3,1,CFLIP,none<=12,
12,+1;flip,-1?0;flip,A=(+1;flip) B=(-1?0;flip),period3,(1,1,x),3,1,CNEXT,none<=12,
12,+1;flip,-1?0;flip,A=(+1;flip) B=(-1?0;flip),period3,(1,1,x),3,1,CPREV,none<=12,
12,+1;flip,-1?0;flip,A=(+1;flip) B=(-1?0;flip),period3,(1,1,x),3,2,FLIP,none<=12,
12,+1;flip,-1?0;flip,A=(+1;flip) B=(-1?0;flip),period3,(1,1,x),3,2,NEXT,none<=12,
12,+1;flip,-1?0;flip,A=(+1;flip) B=(-1?0;flip),period3,(1,1,x),3,2,PREV,none<=12,
12,+1;flip,-1?0;flip,A=(+1;flip) B=(-1?0;flip),period3,(1,1,x),3,2,CFLIP,none<=12,
12,+1;flip,-1?0;flip,A=(+1;flip) B=(-1?0;flip),period3,(1,1,x),3,2,CNEXT,none<=12,
12,+1;flip,-1?0;flip,A=(+1;flip) B=(-1?0;flip),period3,(1,1,x),3,2,CPREV,none<=12,
12,+1;flip,-1?0;flip,A=(+1;flip) B=(-1?0;flip),period3,(1,x,1),3,0,FLIP,none<=12,
12,+1;flip,-1?0;flip,A=(+1;flip) B=(-1?0;flip),period3,(1,x,1),3,0,NEXT,AAABBBAA,8
12,+1;flip,-1?0;flip,A=(+1;flip) B=(-1?0;flip),period3,(1,x,1),3,0,PREV,none<=12,
12,+1;flip,-1?0;flip,A=(+1;flip) B=(-1?0;flip),period3,(1,x,1),3,0,CFLIP,none<=12,
12,+1;flip,-1?0;flip,A=(+1;flip) B=(-1?0;flip),period3,(1,x,1),3,0,CNEXT,none<=12,
12,+1;flip,-1?0;flip,A=(+1;flip) B=(-1?0;flip),period3,(1,x,1),3,0,CPREV,none<=12,
12,+1;flip,-1?0;flip,A=(+1;flip) B=(-1?0;flip),period3,(1,x,1),3,1,FLIP,none<=12,
12,+1;flip,-1?0;flip,A=(+1;flip) B=(-1?0;flip),period3,(1,x,1),3,1,NEXT,none<=12,
12,+1;flip,-1?0;flip,A=(+1;flip) B=(-1?0;flip),period3,(1,x,1),3,1,PREV,none<=12,
12,+1;flip,-1?0;flip,A=(+1;flip) B=(-1?0;flip),period3,(1,x,1),3,1,CFLIP,none<=12,
12,+1;flip,-1?0;flip,A=(+1;flip) B=(-1?0;flip),period3,(1,x,1),3,1,CNEXT,none<=12,
12,+1;flip,-1?0;flip,A=(+1;flip) B=(-1?0;flip),period3,(1,x,1),3,1,CPREV,none<=12,
12,+1;flip,-1?0;flip,A=(+1;flip) B=(-1?0;flip),period3,(1,x,1),3,2,FLIP,BBA,3
12,+1;flip,-1?0;flip,A=(+1;flip) B=(-1?0;flip),period3,(1,x,1),3,2,NEXT,BABAAABA,8
12,+1;flip,-1?0;flip,A=(+1;flip) B=(-1?0;flip),period3,(1,x,1),3,2,PREV,none<=12,
12,+1;flip,-1?0;flip,A=(+1;flip) B=(-1?0;flip),period3,(1,x,1),3,2,CFLIP,none<=12,
12,+1;flip,-1?0;flip,A=(+1;flip) B=(-1?0;flip),period3,(1,x,1),3,2,CNEXT,none<=12,
12,+1;flip,-1?0;flip,A=(+1;flip) B=(-1?0;flip),period3,(1,x,1),3,2,CPREV,none<=12,
13,+1;flip,-1?1,A=(+1;flip) B=(-1?1),none,(x),1,0,FLIP,none<=12,
13,+1;flip,-1?1,A=(+1;flip) B=(-1?1),none,(x),1,0,NEXT,none<=12,
13,+1;flip,-1?1,A=(+1;flip) B=(-1?1),none,(x),1,0,PREV,none<=12,
13,+1;flip,-1?1,A=(+1;flip) B=(-1?1),none,(x),1,0,CFLIP,none<=12,
13,+1;flip,-1?1,A=(+1;flip) B=(-1?1),none,(x),1,0,CNEXT,none<=12,
13,+1;flip,-1?1,A=(+1;flip) B=(-1?1),none,(x),1,0,CPREV,B,1
13,+1;flip,-1?1,A=(+1;flip) B=(-1?1),dual,(x,n),2,0,FLIP,none<=12,
13,+1;flip,-1?1,A=(+1;flip) B=(-1?1),dual,(x,n),2,0,NEXT,none<=12,
13,+1;flip,-1?1,A=(+1;flip) B=(-1?1),dual,(x,n),2,0,PREV,none<=12,
13,+1;flip,-1?1,A=(+1;flip) B=(-1?1),dual,(x,n),2,0,CFLIP,none<=12,
13,+1;flip,-1?1,A=(+1;flip) B=(-1?1),dual,(x,n),2,0,CNEXT,none<=12,
13,+1;flip,-1?1,A=(+1;flip) B=(-1?1),dual,(x,n),2,0,CPREV,none<=12,
13,+1;flip,-1?1,A=(+1;flip) B=(-1?1),dual,(x,n),2,1,FLIP,none<=12,
13,+1;flip,-1?1,A=(+1;flip) B=(-1?1),dual,(x,n),2,1,NEXT,none<=12,
13,+1;flip,-1?1,A=(+1;flip) B=(-1?1),dual,(x,n),2,1,PREV,none<=12,
13,+1;flip,-1?1,A=(+1;flip) B=(-1?1),dual,(x,n),2,1,CFLIP,none<=12,
13,+1;flip,-1?1,A=(+1;flip) B=(-1?1),dual,(x,n),2,1,CNEXT,none<=12,
13,+1;flip,-1?1,A=(+1;flip) B=(-1?1),dual,(x,n),2,1,CPREV,none<=12,
13,+1;flip,-1?1,A=(+1;flip) B=(-1?1),dual,(n,x),2,0,FLIP,none<=12,
13,+1;flip,-1?1,A=(+1;flip) B=(-1?1),dual,(n,x),2,0,NEXT,none<=12,
13,+1;flip,-1?1,A=(+1;flip) B=(-1?1),dual,(n,x),2,0,PREV,none<=12,
13,+1;flip,-1?1,A=(+1;flip) B=(-1?1),dual,(n,x),2,0,CFLIP,none<=12,
13,+1;flip,-1?1,A=(+1;flip) B=(-1?1),dual,(n,x),2,0,CNEXT,none<=12,
13,+1;flip,-1?1,A=(+1;flip) B=(-1?1),dual,(n,x),2,0,CPREV,none<=12,
13,+1;flip,-1?1,A=(+1;flip) B=(-1?1),dual,(n,x),2,1,FLIP,none<=12,
13,+1;flip,-1?1,A=(+1;flip) B=(-1?1),dual,(n,x),2,1,NEXT,none<=12,
13,+1;flip,-1?1,A=(+1;flip) B=(-1?1),dual,(n,x),2,1,PREV,none<=12,
13,+1;flip,-1?1,A=(+1;flip) B=(-1?1),dual,(n,x),2,1,CFLIP,none<=12,
13,+1;flip,-1?1,A=(+1;flip) B=(-1?1),dual,(n,x),2,1,CNEXT,none<=12,
13,+1;flip,-1?1,A=(+1;flip) B=(-1?1),dual,(n,x),2,1,CPREV,none<=12,
13,+1;flip,-1?1,A=(+1;flip) B=(-1?1),scratch,(x,1),2,0,FLIP,none<=12,
13,+1;flip,-1?1,A=(+1;flip) B=(-1?1),scratch,(x,1),2,0,NEXT,none<=12,
13,+1;flip,-1?1,A=(+1;flip) B=(-1?1),scratch,(x,1),2,0,PREV,none<=12,
13,+1;flip,-1?1,A=(+1;flip) B=(-1?1),scratch,(x,1),2,0,CFLIP,none<=12,
13,+1;flip,-1?1,A=(+1;flip) B=(-1?1),scratch,(x,1),2,0,CNEXT,none<=12,
13,+1;flip,-1?1,A=(+1;flip) B=(-1?1),scratch,(x,1),2,0,CPREV,BB,2
13,+1;flip,-1?1,A=(+1;flip) B=(-1?1),scratch,(x,1),2,1,FLIP,none<=12,
13,+1;flip,-1?1,A=(+1;flip) B=(-1?1),scratch,(x,1),2,1,NEXT,none<=12,
13,+1;flip,-1?1,A=(+1;flip) B=(-1?1),scratch,(x,1),2,1,PREV,none<=12,
13,+1;flip,-1?1,A=(+1;flip) B=(-1?1),scratch,(x,1),2,1,CFLIP,none<=12,
13,+1;flip,-1?1,A=(+1;flip) B=(-1?1),scratch,(x,1),2,1,CNEXT,none<=12,
13,+1;flip,-1?1,A=(+1;flip) B=(-1?1),scratch,(x,1),2,1,CPREV,none<=12,
13,+1;flip,-1?1,A=(+1;flip) B=(-1?1),scratch,(1,x),2,0,FLIP,none<=12,
13,+1;flip,-1?1,A=(+1;flip) B=(-1?1),scratch,(1,x),2,0,NEXT,none<=12,
13,+1;flip,-1?1,A=(+1;flip) B=(-1?1),scratch,(1,x),2,0,PREV,none<=12,
13,+1;flip,-1?1,A=(+1;flip) B=(-1?1),scratch,(1,x),2,0,CFLIP,none<=12,
13,+1;flip,-1?1,A=(+1;flip) B=(-1?1),scratch,(1,x),2,0,CNEXT,none<=12,
13,+1;flip,-1?1,A=(+1;flip) B=(-1?1),scratch,(1,x),2,0,CPREV,none<=12,
13,+1;flip,-1?1,A=(+1;flip) B=(-1?1),scratch,(1,x),2,1,FLIP,none<=12,
13,+1;flip,-1?1,A=(+1;flip) B=(-1?1),scratch,(1,x),2,1,NEXT,none<=12,
13,+1;flip,-1?1,A=(+1;flip) B=(-1?1),scratch,(1,x),2,1,PREV,none<=12,
13,+1;flip,-1?1,A=(+1;flip) B=(-1?1),scratch,(1,x),2,1,CFLIP,none<=12,
13,+1;flip,-1?1,A=(+1;flip) B=(-1?1),scratch,(1,x),2,1,CNEXT,none<=12,
13,+1;flip,-1?1,A=(+1;flip) B=(-1?1),scratch,(1,x),2,1,CPREV,BB,2
13,+1;flip,-1?1,A=(+1;flip) B=(-1?1),scratch,(x,0),2,0,FLIP,none<=12,
13,+1;flip,-1?1,A=(+1;flip) B=(-1?1),scratch,(x,0),2,0,NEXT,none<=12,
13,+1;flip,-1?1,A=(+1;flip) B=(-1?1),scratch,(x,0),2,0,PREV,none<=12,
13,+1;flip,-1?1,A=(+1;flip) B=(-1?1),scratch,(x,0),2,0,CFLIP,none<=12,
13,+1;flip,-1?1,A=(+1;flip) B=(-1?1),scratch,(x,0),2,0,CNEXT,none<=12,
13,+1;flip,-1?1,A=(+1;flip) B=(-1?1),scratch,(x,0),2,0,CPREV,none<=12,
13,+1;flip,-1?1,A=(+1;flip) B=(-1?1),scratch,(x,0),2,1,FLIP,none<=12,
13,+1;flip,-1?1,A=(+1;flip) B=(-1?1),scratch,(x,0),2,1,NEXT,none<=12,
13,+1;flip,-1?1,A=(+1;flip) B=(-1?1),scratch,(x,0),2,1,PREV,none<=12,
13,+1;flip,-1?1,A=(+1;flip) B=(-1?1),scratch,(x,0),2,1,CFLIP,none<=12,
13,+1;flip,-1?1,A=(+1;flip) B=(-1?1),scratch,(x,0),2,1,CNEXT,none<=12,
13,+1;flip,-1?1,A=(+1;flip) B=(-1?1),scratch,(x,0),2,1,CPREV,none<=12,
13,+1;flip,-1?1,A=(+1;flip) B=(-1?1),scratch,(0,x),2,0,FLIP,none<=12,
13,+1;flip,-1?1,A=(+1;flip) B=(-1?1),scratch,(0,x),2,0,NEXT,none<=12,
13,+1;flip,-1?1,A=(+1;flip) B=(-1?1),scratch,(0,x),2,0,PREV,none<=12,
13,+1;flip,-1?1,A=(+1;flip) B=(-1?1),scratch,(0,x),2,0,CFLIP,none<=12,
13,+1;flip,-1?1,A=(+1;flip) B=(-1?1),scratch,(0,x),2,0,CNEXT,none<=12,
13,+1;flip,-1?1,A=(+1;flip) B=(-1?1),scratch,(0,x),2,0,CPREV,none<=12,
13,+1;flip,-1?1,A=(+1;flip) B=(-1?1),scratch,(0,x),2,1,FLIP,none<=12,
13,+1;flip,-1?1,A=(+1;flip) B=(-1?1),scratch,(0,x),2,1,NEXT,none<=12,
13,+1;flip,-1?1,A=(+1;flip) B=(-1?1),scratch,(0,x),2,1,PREV,none<=12,
13,+1;flip,-1?1,A=(+1;flip) B=(-1?1),scratch,(0,x),2,1,CFLIP,none<=12,
13,+1;flip,-1?1,A=(+1;flip) B=(-1?1),scratch,(0,x),2,1,CNEXT,none<=12,
13,+1;flip,-1?1,A=(+1;flip) B=(-1?1),scratch,(0,x),2,1,CPREV,none<=12,
13,+1;flip,-1?1,A=(+1;flip) B=(-1?1),period3,(x,0,1),3,0,FLIP,none<=12,
13,+1;flip,-1?1,A=(+1;flip) B=(-1?1),period3,(x,0,1),3,0,NEXT,none<=12,
13,+1;flip,-1?1,A=(+1;flip) B=(-1?1),period3,(x,0,1),3,0,PREV,none<=12,
13,+1;flip,-1?1,A=(+1;flip) B=(-1?1),period3,(x,0,1),3,0,CFLIP,none<=12,
13,+1;flip,-1?1,A=(+1;flip) B=(-1?1),period3,(x,0,1),3,0,CNEXT,none<=12,
13,+1;flip,-1?1,A=(+1;flip) B=(-1?1),period3,(x,0,1),3,0,CPREV,none<=12,
13,+1;flip,-1?1,A=(+1;flip) B=(-1?1),period3,(x,0,1),3,1,FLIP,none<=12,
13,+1;flip,-1?1,A=(+1;flip) B=(-1?1),period3,(x,0,1),3,1,NEXT,none<=12,
13,+1;flip,-1?1,A=(+1;flip) B=(-1?1),period3,(x,0,1),3,1,PREV,none<=12,
13,+1;flip,-1?1,A=(+1;flip) B=(-1?1),period3,(x,0,1),3,1,CFLIP,none<=12,
13,+1;flip,-1?1,A=(+1;flip) B=(-1?1),period3,(x,0,1),3,1,CNEXT,none<=12,
13,+1;flip,-1?1,A=(+1;flip) B=(-1?1),period3,(x,0,1),3,1,CPREV,none<=12,
13,+1;flip,-1?1,A=(+1;flip) B=(-1?1),period3,(x,0,1),3,2,FLIP,none<=12,
13,+1;flip,-1?1,A=(+1;flip) B=(-1?1),period3,(x,0,1),3,2,NEXT,none<=12,
13,+1;flip,-1?1,A=(+1;flip) B=(-1?1),period3,(x,0,1),3,2,PREV,none<=12,
13,+1;flip,-1?1,A=(+1;flip) B=(-1?1),period3,(x,0,1),3,2,CFLIP,none<=12,
13,+1;flip,-1?1,A=(+1;flip) B=(-1?1),period3,(x,0,1),3,2,CNEXT,none<=12,
13,+1;flip,-1?1,A=(+1;flip) B=(-1?1),period3,(x,0,1),3,2,CPREV,none<=12,
13,+1;flip,-1?1,A=(+1;flip) B=(-1?1),period3,(0,1,x),3,0,FLIP,none<=12,
13,+1;flip,-1?1,A=(+1;flip) B=(-1?1),period3,(0,1,x),3,0,NEXT,none<=12,
13,+1;flip,-1?1,A=(+1;flip) B=(-1?1),period3,(0,1,x),3,0,PREV,none<=12,
13,+1;flip,-1?1,A=(+1;flip) B=(-1?1),period3,(0,1,x),3,0,CFLIP,none<=12,
13,+1;flip,-1?1,A=(+1;flip) B=(-1?1),period3,(0,1,x),3,0,CNEXT,none<=12,
13,+1;flip,-1?1,A=(+1;flip) B=(-1?1),period3,(0,1,x),3,0,CPREV,none<=12,
13,+1;flip,-1?1,A=(+1;flip) B=(-1?1),period3,(0,1,x),3,1,FLIP,none<=12,
13,+1;flip,-1?1,A=(+1;flip) B=(-1?1),period3,(0,1,x),3,1,NEXT,none<=12,
13,+1;flip,-1?1,A=(+1;flip) B=(-1?1),period3,(0,1,x),3,1,PREV,none<=12,
13,+1;flip,-1?1,A=(+1;flip) B=(-1?1),period3,(0,1,x),3,1,CFLIP,none<=12,
13,+1;flip,-1?1,A=(+1;flip) B=(-1?1),period3,(0,1,x),3,1,CNEXT,none<=12,
13,+1;flip,-1?1,A=(+1;flip) B=(-1?1),period3,(0,1,x),3,1,CPREV,none<=12,
13,+1;flip,-1?1,A=(+1;flip) B=(-1?1),period3,(0,1,x),3,2,FLIP,none<=12,
13,+1;flip,-1?1,A=(+1;flip) B=(-1?1),period3,(0,1,x),3,2,NEXT,none<=12,
13,+1;flip,-1?1,A=(+1;flip) B=(-1?1),period3,(0,1,x),3,2,PREV,none<=12,
13,+1;flip,-1?1,A=(+1;flip) B=(-1?1),period3,(0,1,x),3,2,CFLIP,none<=12,
13,+1;flip,-1?1,A=(+1;flip) B=(-1?1),period3,(0,1,x),3,2,CNEXT,none<=12,
13,+1;flip,-1?1,A=(+1;flip) B=(-1?1),period3,(0,1,x),3,2,CPREV,none<=12,
13,+1;flip,-1?1,A=(+1;flip) B=(-1?1),period3,(1,x,0),3,0,FLIP,none<=12,
13,+1;flip,-1?1,A=(+1;flip) B=(-1?1),period3,(1,x,0),3,0,NEXT,none<=12,
13,+1;flip,-1?1,A=(+1;flip) B=(-1?1),period3,(1,x,0),3,0,PREV,none<=12,
13,+1;flip,-1?1,A=(+1;flip) B=(-1?1),period3,(1,x,0),3,0,CFLIP,none<=12,
13,+1;flip,-1?1,A=(+1;flip) B=(-1?1),period3,(1,x,0),3,0,CNEXT,none<=12,
13,+1;flip,-1?1,A=(+1;flip) B=(-1?1),period3,(1,x,0),3,0,CPREV,none<=12,
13,+1;flip,-1?1,A=(+1;flip) B=(-1?1),period3,(1,x,0),3,1,FLIP,none<=12,
13,+1;flip,-1?1,A=(+1;flip) B=(-1?1),period3,(1,x,0),3,1,NEXT,none<=12,
13,+1;flip,-1?1,A=(+1;flip) B=(-1?1),period3,(1,x,0),3,1,PREV,none<=12,
13,+1;flip,-1?1,A=(+1;flip) B=(-1?1),period3,(1,x,0),3,1,CFLIP,none<=12,
13,+1;flip,-1?1,A=(+1;flip) B=(-1?1),period3,(1,x,0),3,1,CNEXT,none<=12,
13,+1;flip,-1?1,A=(+1;flip) B=(-1?1),period3,(1,x,0),3,1,CPREV,none<=12,
13,+1;flip,-1?1,A=(+1;flip) B=(-1?1),period3,(1,x,0),3,2,FLIP,none<=12,
13,+1;flip,-1?1,A=(+1;flip) B=(-1?1),period3,(1,x,0),3,2,NEXT,none<=12,
13,+1;flip,-1?1,A=(+1;flip) B=(-1?1),period3,(1,x,0),3,2,PREV,none<=12,
13,+1;flip,-1?1,A=(+1;flip) B=(-1?1),period3,(1,x,0),3,2,CFLIP,none<=12,
13,+1;flip,-1?1,A=(+1;flip) B=(-1?1),period3,(1,x,0),3,2,CNEXT,none<=12,
13,+1;flip,-1?1,A=(+1;flip) B=(-1?1),period3,(1,x,0),3,2,CPREV,none<=12,
13,+1;flip,-1?1,A=(+1;flip) B=(-1?1),period3,(x,1,0),3,0,FLIP,none<=12,
13,+1;flip,-1?1,A=(+1;flip) B=(-1?1),period3,(x,1,0),3,0,NEXT,none<=12,
13,+1;flip,-1?1,A=(+1;flip) B=(-1?1),period3,(x,1,0),3,0,PREV,none<=12,
13,+1;flip,-1?1,A=(+1;flip) B=(-1?1),period3,(x,1,0),3,0,CFLIP,none<=12,
13,+1;flip,-1?1,A=(+1;flip) B=(-1?1),period3,(x,1,0),3,0,CNEXT,none<=12,
13,+1;flip,-1?1,A=(+1;flip) B=(-1?1),period3,(x,1,0),3,0,CPREV,none<=12,
13,+1;flip,-1?1,A=(+1;flip) B=(-1?1),period3,(x,1,0),3,1,FLIP,none<=12,
13,+1;flip,-1?1,A=(+1;flip) B=(-1?1),period3,(x,1,0),3,1,NEXT,none<=12,
13,+1;flip,-1?1,A=(+1;flip) B=(-1?1),period3,(x,1,0),3,1,PREV,none<=12,
13,+1;flip,-1?1,A=(+1;flip) B=(-1?1),period3,(x,1,0),3,1,CFLIP,none<=12,
13,+1;flip,-1?1,A=(+1;flip) B=(-1?1),period3,(x,1,0),3,1,CNEXT,none<=12,
13,+1;flip,-1?1,A=(+1;flip) B=(-1?1),period3,(x,1,0),3,1,CPREV,none<=12,
13,+1;flip,-1?1,A=(+1;flip) B=(-1?1),period3,(x,1,0),3,2,FLIP,none<=12,
13,+1;flip,-1?1,A=(+1;flip) B=(-1?1),period3,(x,1,0),3,2,NEXT,none<=12,
13,+1;flip,-1?1,A=(+1;flip) B=(-1?1),period3,(x,1,0),3,2,PREV,none<=12,
13,+1;flip,-1?1,A=(+1;flip) B=(-1?1),period3,(x,1,0),3,2,CFLIP,none<=12,
13,+1;flip,-1?1,A=(+1;flip) B=(-1?1),period3,(x,1,0),3,2,CNEXT,none<=12,
13,+1;flip,-1?1,A=(+1;flip) B=(-1?1),period3,(x,1,0),3,2,CPREV,none<=12,
13,+1;flip,-1?1,A=(+1;flip) B=(-1?1),period3,(1,0,x),3,0,FLIP,none<=12,
13,+1;flip,-1?1,A=(+1;flip) B=(-1?1),period3,(1,0,x),3,0,NEXT,none<=12,
13,+1;flip,-1?1,A=(+1;flip) B=(-1?1),period3,(1,0,x),3,0,PREV,none<=12,
13,+1;flip,-1?1,A=(+1;flip) B=(-1?1),period3,(1,0,x),3,0,CFLIP,none<=12,
13,+1;flip,-1?1,A=(+1;flip) B=(-1?1),period3,(1,0,x),3,0,CNEXT,none<=12,
13,+1;flip,-1?1,A=(+1;flip) B=(-1?1),period3,(1,0,x),3,0,CPREV,none<=12,
13,+1;flip,-1?1,A=(+1;flip) B=(-1?1),period3,(1,0,x),3,1,FLIP,none<=12,
13,+1;flip,-1?1,A=(+1;flip) B=(-1?1),period3,(1,0,x),3,1,NEXT,none<=12,
13,+1;flip,-1?1,A=(+1;flip) B=(-1?1),period3,(1,0,x),3,1,PREV,none<=12,
13,+1;flip,-1?1,A=(+1;flip) B=(-1?1),period3,(1,0,x),3,1,CFLIP,none<=12,
13,+1;flip,-1?1,A=(+1;flip) B=(-1?1),period3,(1,0,x),3,1,CNEXT,none<=12,
13,+1;flip,-1?1,A=(+1;flip) B=(-1?1),period3,(1,0,x),3,1,CPREV,none<=12,
13,+1;flip,-1?1,A=(+1;flip) B=(-1?1),period3,(1,0,x),3,2,FLIP,none<=12,
13,+1;flip,-1?1,A=(+1;flip) B=(-1?1),period3,(1,0,x),3,2,NEXT,none<=12,
13,+1;flip,-1?1,A=(+1;flip) B=(-1?1),period3,(1,0,x),3,2,PREV,none<=12,
13,+1;flip,-1?1,A=(+1;flip) B=(-1?1),period3,(1,0,x),3,2,CFLIP,none<=12,
13,+1;flip,-1?1,A=(+1;flip) B=(-1?1),period3,(1,0,x),3,2,CNEXT,none<=12,
13,+1;flip,-1?1,A=(+1;flip) B=(-1?1),period3,(1,0,x),3,2,CPREV,none<=12,
13,+1;flip,-1?1,A=(+1;flip) B=(-1?1),period3,(0,x,1),3,0,FLIP,none<=12,
13,+1;flip,-1?1,A=(+1;flip) B=(-1?1),period3,(0,x,1),3,0,NEXT,none<=12,
13,+1;flip,-1?1,A=(+1;flip) B=(-1?1),period3,(0,x,1),3,0,PREV,none<=12,
13,+1;flip,-1?1,A=(+1;flip) B=(-1?1),period3,(0,x,1),3,0,CFLIP,none<=12,
13,+1;flip,-1?1,A=(+1;flip) B=(-1?1),period3,(0,x,1),3,0,CNEXT,none<=12,
13,+1;flip,-1?1,A=(+1;flip) B=(-1?1),period3,(0,x,1),3,0,CPREV,none<=12,
13,+1;flip,-1?1,A=(+1;flip) B=(-1?1),period3,(0,x,1),3,1,FLIP,none<=12,
13,+1;flip,-1?1,A=(+1;flip) B=(-1?1),period3,(0,x,1),3,1,NEXT,none<=12,
13,+1;flip,-1?1,A=(+1;flip) B=(-1?1),period3,(0,x,1),3,1,PREV,none<=12,
13,+1;flip,-1?1,A=(+1;flip) B=(-1?1),period3,(0,x,1),3,1,CFLIP,none<=12,
13,+1;flip,-1?1,A=(+1;flip) B=(-1?1),period3,(0,x,1),3,1,CNEXT,none<=12,
13,+1;flip,-1?1,A=(+1;flip) B=(-1?1),period3,(0,x,1),3,1,CPREV,none<=12,
13,+1;flip,-1?1,A=(+1;flip) B=(-1?1),period3,(0,x,1),3,2,FLIP,none<=12,
13,+1;flip,-1?1,A=(+1;flip) B=(-1?1),period3,(0,x,1),3,2,NEXT,none<=12,
13,+1;flip,-1?1,A=(+1;flip) B=(-1?1),period3,(0,x,1),3,2,PREV,none<=12,
13,+1;flip,-1?1,A=(+1;flip) B=(-1?1),period3,(0,x,1),3,2,CFLIP,none<=12,
13,+1;flip,-1?1,A=(+1;flip) B=(-1?1),period3,(0,x,1),3,2,CNEXT,none<=12,
13,+1;flip,-1?1,A=(+1;flip) B=(-1?1),period3,(0,x,1),3,2,CPREV,none<=12,
13,+1;flip,-1?1,A=(+1;flip) B=(-1?1),period3,(x,0,0),3,0,FLIP,none<=12,
13,+1;flip,-1?1,A=(+1;flip) B=(-1?1),period3,(x,0,0),3,0,NEXT,none<=12,
13,+1;flip,-1?1,A=(+1;flip) B=(-1?1),period3,(x,0,0),3,0,PREV,none<=12,
13,+1;flip,-1?1,A=(+1;flip) B=(-1?1),period3,(x,0,0),3,0,CFLIP,none<=12,
13,+1;flip,-1?1,A=(+1;flip) B=(-1?1),period3,(x,0,0),3,0,CNEXT,none<=12,
13,+1;flip,-1?1,A=(+1;flip) B=(-1?1),period3,(x,0,0),3,0,CPREV,none<=12,
13,+1;flip,-1?1,A=(+1;flip) B=(-1?1),period3,(x,0,0),3,1,FLIP,none<=12,
13,+1;flip,-1?1,A=(+1;flip) B=(-1?1),period3,(x,0,0),3,1,NEXT,none<=12,
13,+1;flip,-1?1,A=(+1;flip) B=(-1?1),period3,(x,0,0),3,1,PREV,none<=12,
13,+1;flip,-1?1,A=(+1;flip) B=(-1?1),period3,(x,0,0),3,1,CFLIP,none<=12,
13,+1;flip,-1?1,A=(+1;flip) B=(-1?1),period3,(x,0,0),3,1,CNEXT,none<=12,
13,+1;flip,-1?1,A=(+1;flip) B=(-1?1),period3,(x,0,0),3,1,CPREV,none<=12,
13,+1;flip,-1?1,A=(+1;flip) B=(-1?1),period3,(x,0,0),3,2,FLIP,none<=12,
13,+1;flip,-1?1,A=(+1;flip) B=(-1?1),period3,(x,0,0),3,2,NEXT,none<=12,
13,+1;flip,-1?1,A=(+1;flip) B=(-1?1),period3,(x,0,0),3,2,PREV,none<=12,
13,+1;flip,-1?1,A=(+1;flip) B=(-1?1),period3,(x,0,0),3,2,CFLIP,none<=12,
13,+1;flip,-1?1,A=(+1;flip) B=(-1?1),period3,(x,0,0),3,2,CNEXT,none<=12,
13,+1;flip,-1?1,A=(+1;flip) B=(-1?1),period3,(x,0,0),3,2,CPREV,none<=12,
13,+1;flip,-1?1,A=(+1;flip) B=(-1?1),period3,(0,0,x),3,0,FLIP,none<=12,
13,+1;flip,-1?1,A=(+1;flip) B=(-1?1),period3,(0,0,x),3,0,NEXT,none<=12,
13,+1;flip,-1?1,A=(+1;flip) B=(-1?1),period3,(0,0,x),3,0,PREV,none<=12,
13,+1;flip,-1?1,A=(+1;flip) B=(-1?1),period3,(0,0,x),3,0,CFLIP,none<=12,
13,+1;flip,-1?1,A=(+1;flip) B=(-1?1),period3,(0,0,x),3,0,CNEXT,none<=12,
13,+1;flip,-1?1,A=(+1;flip) B=(-1?1),period3,(0,0,x),3,0,CPREV,none<=12,
13,+1;flip,-1?1,A=(+1;flip) B=(-1?1),period3,(0,0,x),3,1,FLIP,none<=12,
13,+1;flip,-1?1,A=(+1;flip) B=(-1?1),period3,(0,0,x),3,1,NEXT,none<=12,
13,+1;flip,-1?1,A=(+1;flip) B=(-1?1),period3,(0,0,x),3,1,PREV,none<=12,
13,+1;flip,-1?1,A=(+1;flip) B=(-1?1),period3,(0,0,x),3,1,CFLIP,none<=12,
13,+1;flip,-1?1,A=(+1;flip) B=(-1?1),period3,(0,0,x),3,1,CNEXT,none<=12,
13,+1;flip,-1?1,A=(+1;flip) B=(-1?1),period3,(0,0,x),3,1,CPREV,none<=12,
13,+1;flip,-1?1,A=(+1;flip) B=(-1?1),period3,(0,0,x),3,2,FLIP,none<=12,
13,+1;flip,-1?1,A=(+1;flip) B=(-1?1),period3,(0,0,x),3,2,NEXT,none<=12,
13,+1;flip,-1?1,A=(+1;flip) B=(-1?1),period3,(0,0,x),3,2,PREV,none<=12,
13,+1;flip,-1?1,A=(+1;flip) B=(-1?1),period3,(0,0,x),3,2,CFLIP,none<=12,
13,+1;flip,-1?1,A=(+1;flip) B=(-1?1),period3,(0,0,x),3,2,CNEXT,none<=12,
13,+1;flip,-1?1,A=(+1;flip) B=(-1?1),period3,(0,0,x),3,2,CPREV,none<=12,
13,+1;flip,-1?1,A=(+1;flip) B=(-1?1),period3,(0,x,0),3,0,FLIP,none<=12,
13,+1;flip,-1?1,A=(+1;flip) B=(-1?1),period3,(0,x,0),3,0,NEXT,none<=12,
13,+1;flip,-1?1,A=(+1;flip) B=(-1?1),period3,(0,x,0),3,0,PREV,none<=12,
13,+1;flip,-1?1,A=(+1;flip) B=(-1?1),period3,(0,x,0),3,0,CFLIP,none<=12,
13,+1;flip,-1?1,A=(+1;flip) B=(-1?1),period3,(0,x,0),3,0,CNEXT,none<=12,
13,+1;flip,-1?1,A=(+1;flip) B=(-1?1),period3,(0,x,0),3,0,CPREV,none<=12,
13,+1;flip,-1?1,A=(+1;flip) B=(-1?1),period3,(0,x,0),3,1,FLIP,none<=12,
13,+1;flip,-1?1,A=(+1;flip) B=(-1?1),period3,(0,x,0),3,1,NEXT,none<=12,
13,+1;flip,-1?1,A=(+1;flip) B=(-1?1),period3,(0,x,0),3,1,PREV,none<=12,
13,+1;flip,-1?1,A=(+1;flip) B=(-1?1),period3,(0,x,0),3,1,CFLIP,none<=12,
13,+1;flip,-1?1,A=(+1;flip) B=(-1?1),period3,(0,x,0),3,1,CNEXT,none<=12,
13,+1;flip,-1?1,A=(+1;flip) B=(-1?1),period3,(0,x,0),3,1,CPREV,none<=12,
13,+1;flip,-1?1,A=(+1;flip) B=(-1?1),period3,(0,x,0),3,2,FLIP,none<=12,
13,+1;flip,-1?1,A=(+1;flip) B=(-1?1),period3,(0,x,0),3,2,NEXT,none<=12,
13,+1;flip,-1?1,A=(+1;flip) B=(-1?1),period3,(0,x,0),3,2,PREV,none<=12,
13,+1;flip,-1?1,A=(+1;flip) B=(-1?1),period3,(0,x,0),3,2,CFLIP,none<=12,
13,+1;flip,-1?1,A=(+1;flip) B=(-1?1),period3,(0,x,0),3,2,CNEXT,none<=12,
13,+1;flip,-1?1,A=(+1;flip) B=(-1?1),period3,(0,x,0),3,2,CPREV,none<=12,
13,+1;flip,-1?1,A=(+1;flip) B=(-1?1),period3,(x,1,1),3,0,FLIP,none<=12,
13,+1;flip,-1?1,A=(+1;flip) B=(-1?1),period3,(x,1,1),3,0,NEXT,none<=12,
13,+1;flip,-1?1,A=(+1;flip) B=(-1?1),period3,(x,1,1),3,0,PREV,none<=12,
13,+1;flip,-1?1,A=(+1;flip) B=(-1?1),period3,(x,1,1),3,0,CFLIP,none<=12,
13,+1;flip,-1?1,A=(+1;flip) B=(-1?1),period3,(x,1,1),3,0,CNEXT,none<=12,
13,+1;flip,-1?1,A=(+1;flip) B=(-1?1),period3,(x,1,1),3,0,CPREV,BBB,3
13,+1;flip,-1?1,A=(+1;flip) B=(-1?1),period3,(x,1,1),3,1,FLIP,none<=12,
13,+1;flip,-1?1,A=(+1;flip) B=(-1?1),period3,(x,1,1),3,1,NEXT,none<=12,
13,+1;flip,-1?1,A=(+1;flip) B=(-1?1),period3,(x,1,1),3,1,PREV,none<=12,
13,+1;flip,-1?1,A=(+1;flip) B=(-1?1),period3,(x,1,1),3,1,CFLIP,none<=12,
13,+1;flip,-1?1,A=(+1;flip) B=(-1?1),period3,(x,1,1),3,1,CNEXT,none<=12,
13,+1;flip,-1?1,A=(+1;flip) B=(-1?1),period3,(x,1,1),3,1,CPREV,none<=12,
13,+1;flip,-1?1,A=(+1;flip) B=(-1?1),period3,(x,1,1),3,2,FLIP,none<=12,
13,+1;flip,-1?1,A=(+1;flip) B=(-1?1),period3,(x,1,1),3,2,NEXT,none<=12,
13,+1;flip,-1?1,A=(+1;flip) B=(-1?1),period3,(x,1,1),3,2,PREV,none<=12,
13,+1;flip,-1?1,A=(+1;flip) B=(-1?1),period3,(x,1,1),3,2,CFLIP,none<=12,
13,+1;flip,-1?1,A=(+1;flip) B=(-1?1),period3,(x,1,1),3,2,CNEXT,none<=12,
13,+1;flip,-1?1,A=(+1;flip) B=(-1?1),period3,(x,1,1),3,2,CPREV,none<=12,
13,+1;flip,-1?1,A=(+1;flip) B=(-1?1),period3,(1,1,x),3,0,FLIP,none<=12,
13,+1;flip,-1?1,A=(+1;flip) B=(-1?1),period3,(1,1,x),3,0,NEXT,none<=12,
13,+1;flip,-1?1,A=(+1;flip) B=(-1?1),period3,(1,1,x),3,0,PREV,none<=12,
13,+1;flip,-1?1,A=(+1;flip) B=(-1?1),period3,(1,1,x),3,0,CFLIP,none<=12,
13,+1;flip,-1?1,A=(+1;flip) B=(-1?1),period3,(1,1,x),3,0,CNEXT,none<=12,
13,+1;flip,-1?1,A=(+1;flip) B=(-1?1),period3,(1,1,x),3,0,CPREV,none<=12,
13,+1;flip,-1?1,A=(+1;flip) B=(-1?1),period3,(1,1,x),3,1,FLIP,none<=12,
13,+1;flip,-1?1,A=(+1;flip) B=(-1?1),period3,(1,1,x),3,1,NEXT,none<=12,
13,+1;flip,-1?1,A=(+1;flip) B=(-1?1),period3,(1,1,x),3,1,PREV,none<=12,
13,+1;flip,-1?1,A=(+1;flip) B=(-1?1),period3,(1,1,x),3,1,CFLIP,none<=12,
13,+1;flip,-1?1,A=(+1;flip) B=(-1?1),period3,(1,1,x),3,1,CNEXT,none<=12,
13,+1;flip,-1?1,A=(+1;flip) B=(-1?1),period3,(1,1,x),3,1,CPREV,none<=12,
13,+1;flip,-1?1,A=(+1;flip) B=(-1?1),period3,(1,1,x),3,2,FLIP,none<=12,
13,+1;flip,-1?1,A=(+1;flip) B=(-1?1),period3,(1,1,x),3,2,NEXT,none<=12,
13,+1;flip,-1?1,A=(+1;flip) B=(-1?1),period3,(1,1,x),3,2,PREV,none<=12,
13,+1;flip,-1?1,A=(+1;flip) B=(-1?1),period3,(1,1,x),3,2,CFLIP,none<=12,
13,+1;flip,-1?1,A=(+1;flip) B=(-1?1),period3,(1,1,x),3,2,CNEXT,none<=12,
13,+1;flip,-1?1,A=(+1;flip) B=(-1?1),period3,(1,1,x),3,2,CPREV,BBB,3
13,+1;flip,-1?1,A=(+1;flip) B=(-1?1),period3,(1,x,1),3,0,FLIP,none<=12,
13,+1;flip,-1?1,A=(+1;flip) B=(-1?1),period3,(1,x,1),3,0,NEXT,none<=12,
13,+1;flip,-1?1,A=(+1;flip) B=(-1?1),period3,(1,x,1),3,0,PREV,none<=12,
13,+1;flip,-1?1,A=(+1;flip) B=(-1?1),period3,(1,x,1),3,0,CFLIP,none<=12,
13,+1;flip,-1?1,A=(+1;flip) B=(-1?1),period3,(1,x,1),3,0,CNEXT,none<=12,
13,+1;flip,-1?1,A=(+1;flip) B=(-1?1),period3,(1,x,1),3,0,CPREV,none<=12,
13,+1;flip,-1?1,A=(+1;flip) B=(-1?1),period3,(1,x,1),3,1,FLIP,none<=12,
13,+1;flip,-1?1,A=(+1;flip) B=(-1?1),period3,(1,x,1),3,1,NEXT,none<=12,
13,+1;flip,-1?1,A=(+1;flip) B=(-1?1),period3,(1,x,1),3,1,PREV,none<=12,
13,+1;flip,-1?1,A=(+1;flip) B=(-1?1),period3,(1,x,1),3,1,CFLIP,none<=12,
13,+1;flip,-1?1,A=(+1;flip) B=(-1?1),period3,(1,x,1),3,1,CNEXT,none<=12,
13,+1;flip,-1?1,A=(+1;flip) B=(-1?1),period3,(1,x,1),3,1,CPREV,BBB,3
13,+1;flip,-1?1,A=(+1;flip) B=(-1?1),period3,(1,x,1),3,2,FLIP,none<=12,
13,+1;flip,-1?1,A=(+1;flip) B=(-1?1),period3,(1,x,1),3,2,NEXT,none<=12,
13,+1;flip,-1?1,A=(+1;flip) B=(-1?1),period3,(1,x,1),3,2,PREV,none<=12,
13,+1;flip,-1?1,A=(+1;flip) B=(-1?1),period3,(1,x,1),3,2,CFLIP,none<=12,
13,+1;flip,-1?1,A=(+1;flip) B=(-1?1),period3,(1,x,1),3,2,CNEXT,none<=12,
13,+1;flip,-1?1,A=(+1;flip) B=(-1?1),period3,(1,x,1),3,2,CPREV,none<=12,
14,+1;flip,flip;-1?1,A=(+1;flip) B=(flip;-1?1),none,(x),1,0,FLIP,none<=12,
14,+1;flip,flip;-1?1,A=(+1;flip) B=(flip;-1?1),none,(x),1,0,NEXT,none<=12,
14,+1;flip,flip;-1?1,A=(+1;flip) B=(flip;-1?1),none,(x),1,0,PREV,none<=12,
14,+1;flip,flip;-1?1,A=(+1;flip) B=(flip;-1?1),none,(x),1,0,CFLIP,none<=12,
14,+1;flip,flip;-1?1,A=(+1;flip) B=(flip;-1?1),none,(x),1,0,CNEXT,none<=12,
14,+1;flip,flip;-1?1,A=(+1;flip) B=(flip;-1?1),none,(x),1,0,CPREV,none<=12,
14,+1;flip,flip;-1?1,A=(+1;flip) B=(flip;-1?1),dual,(x,n),2,0,FLIP,none<=12,
14,+1;flip,flip;-1?1,A=(+1;flip) B=(flip;-1?1),dual,(x,n),2,0,NEXT,none<=12,
14,+1;flip,flip;-1?1,A=(+1;flip) B=(flip;-1?1),dual,(x,n),2,0,PREV,none<=12,
14,+1;flip,flip;-1?1,A=(+1;flip) B=(flip;-1?1),dual,(x,n),2,0,CFLIP,none<=12,
14,+1;flip,flip;-1?1,A=(+1;flip) B=(flip;-1?1),dual,(x,n),2,0,CNEXT,none<=12,
14,+1;flip,flip;-1?1,A=(+1;flip) B=(flip;-1?1),dual,(x,n),2,0,CPREV,none<=12,
14,+1;flip,flip;-1?1,A=(+1;flip) B=(flip;-1?1),dual,(x,n),2,1,FLIP,none<=12,
14,+1;flip,flip;-1?1,A=(+1;flip) B=(flip;-1?1),dual,(x,n),2,1,NEXT,none<=12,
14,+1;flip,flip;-1?1,A=(+1;flip) B=(flip;-1?1),dual,(x,n),2,1,PREV,none<=12,
14,+1;flip,flip;-1?1,A=(+1;flip) B=(flip;-1?1),dual,(x,n),2,1,CFLIP,none<=12,
14,+1;flip,flip;-1?1,A=(+1;flip) B=(flip;-1?1),dual,(x,n),2,1,CNEXT,none<=12,
14,+1;flip,flip;-1?1,A=(+1;flip) B=(flip;-1?1),dual,(x,n),2,1,CPREV,none<=12,
14,+1;flip,flip;-1?1,A=(+1;flip) B=(flip;-1?1),dual,(n,x),2,0,FLIP,none<=12,
14,+1;flip,flip;-1?1,A=(+1;flip) B=(flip;-1?1),dual,(n,x),2,0,NEXT,none<=12,
14,+1;flip,flip;-1?1,A=(+1;flip) B=(flip;-1?1),dual,(n,x),2,0,PREV,none<=12,
14,+1;flip,flip;-1?1,A=(+1;flip) B=(flip;-1?1),dual,(n,x),2,0,CFLIP,none<=12,
14,+1;flip,flip;-1?1,A=(+1;flip) B=(flip;-1?1),dual,(n,x),2,0,CNEXT,none<=12,
14,+1;flip,flip;-1?1,A=(+1;flip) B=(flip;-1?1),dual,(n,x),2,0,CPREV,none<=12,
14,+1;flip,flip;-1?1,A=(+1;flip) B=(flip;-1?1),dual,(n,x),2,1,FLIP,none<=12,
14,+1;flip,flip;-1?1,A=(+1;flip) B=(flip;-1?1),dual,(n,x),2,1,NEXT,none<=12,
14,+1;flip,flip;-1?1,A=(+1;flip) B=(flip;-1?1),dual,(n,x),2,1,PREV,none<=12,
14,+1;flip,flip;-1?1,A=(+1;flip) B=(flip;-1?1),dual,(n,x),2,1,CFLIP,none<=12,
14,+1;flip,flip;-1?1,A=(+1;flip) B=(flip;-1?1),dual,(n,x),2,1,CNEXT,none<=12,
14,+1;flip,flip;-1?1,A=(+1;flip) B=(flip;-1?1),dual,(n,x),2,1,CPREV,none<=12,
14,+1;flip,flip;-1?1,A=(+1;flip) B=(flip;-1?1),scratch,(x,1),2,0,FLIP,none<=12,
14,+1;flip,flip;-1?1,A=(+1;flip) B=(flip;-1?1),scratch,(x,1),2,0,NEXT,none<=12,
14,+1;flip,flip;-1?1,A=(+1;flip) B=(flip;-1?1),scratch,(x,1),2,0,PREV,none<=12,
14,+1;flip,flip;-1?1,A=(+1;flip) B=(flip;-1?1),scratch,(x,1),2,0,CFLIP,none<=12,
14,+1;flip,flip;-1?1,A=(+1;flip) B=(flip;-1?1),scratch,(x,1),2,0,CNEXT,none<=12,
14,+1;flip,flip;-1?1,A=(+1;flip) B=(flip;-1?1),scratch,(x,1),2,0,CPREV,none<=12,
14,+1;flip,flip;-1?1,A=(+1;flip) B=(flip;-1?1),scratch,(x,1),2,1,FLIP,none<=12,
14,+1;flip,flip;-1?1,A=(+1;flip) B=(flip;-1?1),scratch,(x,1),2,1,NEXT,none<=12,
14,+1;flip,flip;-1?1,A=(+1;flip) B=(flip;-1?1),scratch,(x,1),2,1,PREV,none<=12,
14,+1;flip,flip;-1?1,A=(+1;flip) B=(flip;-1?1),scratch,(x,1),2,1,CFLIP,none<=12,
14,+1;flip,flip;-1?1,A=(+1;flip) B=(flip;-1?1),scratch,(x,1),2,1,CNEXT,none<=12,
14,+1;flip,flip;-1?1,A=(+1;flip) B=(flip;-1?1),scratch,(x,1),2,1,CPREV,none<=12,
14,+1;flip,flip;-1?1,A=(+1;flip) B=(flip;-1?1),scratch,(1,x),2,0,FLIP,none<=12,
14,+1;flip,flip;-1?1,A=(+1;flip) B=(flip;-1?1),scratch,(1,x),2,0,NEXT,none<=12,
14,+1;flip,flip;-1?1,A=(+1;flip) B=(flip;-1?1),scratch,(1,x),2,0,PREV,none<=12,
14,+1;flip,flip;-1?1,A=(+1;flip) B=(flip;-1?1),scratch,(1,x),2,0,CFLIP,none<=12,
14,+1;flip,flip;-1?1,A=(+1;flip) B=(flip;-1?1),scratch,(1,x),2,0,CNEXT,none<=12,
14,+1;flip,flip;-1?1,A=(+1;flip) B=(flip;-1?1),scratch,(1,x),2,0,CPREV,none<=12,
14,+1;flip,flip;-1?1,A=(+1;flip) B=(flip;-1?1),scratch,(1,x),2,1,FLIP,none<=12,
14,+1;flip,flip;-1?1,A=(+1;flip) B=(flip;-1?1),scratch,(1,x),2,1,NEXT,none<=12,
14,+1;flip,flip;-1?1,A=(+1;flip) B=(flip;-1?1),scratch,(1,x),2,1,PREV,none<=12,
14,+1;flip,flip;-1?1,A=(+1;flip) B=(flip;-1?1),scratch,(1,x),2,1,CFLIP,none<=12,
14,+1;flip,flip;-1?1,A=(+1;flip) B=(flip;-1?1),scratch,(1,x),2,1,CNEXT,none<=12,
14,+1;flip,flip;-1?1,A=(+1;flip) B=(flip;-1?1),scratch,(1,x),2,1,CPREV,none<=12,
14,+1;flip,flip;-1?1,A=(+1;flip) B=(flip;-1?1),scratch,(x,0),2,0,FLIP,none<=12,
14,+1;flip,flip;-1?1,A=(+1;flip) B=(flip;-1?1),scratch,(x,0),2,0,NEXT,none<=12,
14,+1;flip,flip;-1?1,A=(+1;flip) B=(flip;-1?1),scratch,(x,0),2,0,PREV,none<=12,
14,+1;flip,flip;-1?1,A=(+1;flip) B=(flip;-1?1),scratch,(x,0),2,0,CFLIP,none<=12,
14,+1;flip,flip;-1?1,A=(+1;flip) B=(flip;-1?1),scratch,(x,0),2,0,CNEXT,none<=12,
14,+1;flip,flip;-1?1,A=(+1;flip) B=(flip;-1?1),scratch,(x,0),2,0,CPREV,none<=12,
14,+1;flip,flip;-1?1,A=(+1;flip) B=(flip;-1?1),scratch,(x,0),2,1,FLIP,none<=12,
14,+1;flip,flip;-1?1,A=(+1;flip) B=(flip;-1?1),scratch,(x,0),2,1,NEXT,none<=12,
14,+1;flip,flip;-1?1,A=(+1;flip) B=(flip;-1?1),scratch,(x,0),2,1,PREV,none<=12,
14,+1;flip,flip;-1?1,A=(+1;flip) B=(flip;-1?1),scratch,(x,0),2,1,CFLIP,none<=12,
14,+1;flip,flip;-1?1,A=(+1;flip) B=(flip;-1?1),scratch,(x,0),2,1,CNEXT,none<=12,
14,+1;flip,flip;-1?1,A=(+1;flip) B=(flip;-1?1),scratch,(x,0),2,1,CPREV,none<=12,
14,+1;flip,flip;-1?1,A=(+1;flip) B=(flip;-1?1),scratch,(0,x),2,0,FLIP,none<=12,
14,+1;flip,flip;-1?1,A=(+1;flip) B=(flip;-1?1),scratch,(0,x),2,0,NEXT,none<=12,
14,+1;flip,flip;-1?1,A=(+1;flip) B=(flip;-1?1),scratch,(0,x),2,0,PREV,none<=12,
14,+1;flip,flip;-1?1,A=(+1;flip) B=(flip;-1?1),scratch,(0,x),2,0,CFLIP,none<=12,
14,+1;flip,flip;-1?1,A=(+1;flip) B=(flip;-1?1),scratch,(0,x),2,0,CNEXT,none<=12,
14,+1;flip,flip;-1?1,A=(+1;flip) B=(flip;-1?1),scratch,(0,x),2,0,CPREV,none<=12,
14,+1;flip,flip;-1?1,A=(+1;flip) B=(flip;-1?1),scratch,(0,x),2,1,FLIP,none<=12,
14,+1;flip,flip;-1?1,A=(+1;flip) B=(flip;-1?1),scratch,(0,x),2,1,NEXT,none<=12,
14,+1;flip,flip;-1?1,A=(+1;flip) B=(flip;-1?1),scratch,(0,x),2,1,PREV,none<=12,
14,+1;flip,flip;-1?1,A=(+1;flip) B=(flip;-1?1),scratch,(0,x),2,1,CFLIP,none<=12,
14,+1;flip,flip;-1?1,A=(+1;flip) B=(flip;-1?1),scratch,(0,x),2,1,CNEXT,none<=12,
14,+1;flip,flip;-1?1,A=(+1;flip) B=(flip;-1?1),scratch,(0,x),2,1,CPREV,none<=12,
14,+1;flip,flip;-1?1,A=(+1;flip) B=(flip;-1?1),period3,(x,0,1),3,0,FLIP,none<=12,
14,+1;flip,flip;-1?1,A=(+1;flip) B=(flip;-1?1),period3,(x,0,1),3,0,NEXT,none<=12,
14,+1;flip,flip;-1?1,A=(+1;flip) B=(flip;-1?1),period3,(x,0,1),3,0,PREV,none<=12,
14,+1;flip,flip;-1?1,A=(+1;flip) B=(flip;-1?1),period3,(x,0,1),3,0,CFLIP,none<=12,
14,+1;flip,flip;-1?1,A=(+1;flip) B=(flip;-1?1),period3,(x,0,1),3,0,CNEXT,none<=12,
14,+1;flip,flip;-1?1,A=(+1;flip) B=(flip;-1?1),period3,(x,0,1),3,0,CPREV,none<=12,
14,+1;flip,flip;-1?1,A=(+1;flip) B=(flip;-1?1),period3,(x,0,1),3,1,FLIP,none<=12,
14,+1;flip,flip;-1?1,A=(+1;flip) B=(flip;-1?1),period3,(x,0,1),3,1,NEXT,none<=12,
14,+1;flip,flip;-1?1,A=(+1;flip) B=(flip;-1?1),period3,(x,0,1),3,1,PREV,none<=12,
14,+1;flip,flip;-1?1,A=(+1;flip) B=(flip;-1?1),period3,(x,0,1),3,1,CFLIP,none<=12,
14,+1;flip,flip;-1?1,A=(+1;flip) B=(flip;-1?1),period3,(x,0,1),3,1,CNEXT,none<=12,
14,+1;flip,flip;-1?1,A=(+1;flip) B=(flip;-1?1),period3,(x,0,1),3,1,CPREV,none<=12,
14,+1;flip,flip;-1?1,A=(+1;flip) B=(flip;-1?1),period3,(x,0,1),3,2,FLIP,none<=12,
14,+1;flip,flip;-1?1,A=(+1;flip) B=(flip;-1?1),period3,(x,0,1),3,2,NEXT,none<=12,
14,+1;flip,flip;-1?1,A=(+1;flip) B=(flip;-1?1),period3,(x,0,1),3,2,PREV,none<=12,
14,+1;flip,flip;-1?1,A=(+1;flip) B=(flip;-1?1),period3,(x,0,1),3,2,CFLIP,none<=12,
14,+1;flip,flip;-1?1,A=(+1;flip) B=(flip;-1?1),period3,(x,0,1),3,2,CNEXT,none<=12,
14,+1;flip,flip;-1?1,A=(+1;flip) B=(flip;-1?1),period3,(x,0,1),3,2,CPREV,none<=12,
14,+1;flip,flip;-1?1,A=(+1;flip) B=(flip;-1?1),period3,(0,1,x),3,0,FLIP,none<=12,
14,+1;flip,flip;-1?1,A=(+1;flip) B=(flip;-1?1),period3,(0,1,x),3,0,NEXT,none<=12,
14,+1;flip,flip;-1?1,A=(+1;flip) B=(flip;-1?1),period3,(0,1,x),3,0,PREV,none<=12,
14,+1;flip,flip;-1?1,A=(+1;flip) B=(flip;-1?1),period3,(0,1,x),3,0,CFLIP,none<=12,
14,+1;flip,flip;-1?1,A=(+1;flip) B=(flip;-1?1),period3,(0,1,x),3,0,CNEXT,none<=12,
14,+1;flip,flip;-1?1,A=(+1;flip) B=(flip;-1?1),period3,(0,1,x),3,0,CPREV,none<=12,
14,+1;flip,flip;-1?1,A=(+1;flip) B=(flip;-1?1),period3,(0,1,x),3,1,FLIP,none<=12,
14,+1;flip,flip;-1?1,A=(+1;flip) B=(flip;-1?1),period3,(0,1,x),3,1,NEXT,none<=12,
14,+1;flip,flip;-1?1,A=(+1;flip) B=(flip;-1?1),period3,(0,1,x),3,1,PREV,none<=12,
14,+1;flip,flip;-1?1,A=(+1;flip) B=(flip;-1?1),period3,(0,1,x),3,1,CFLIP,none<=12,
14,+1;flip,flip;-1?1,A=(+1;flip) B=(flip;-1?1),period3,(0,1,x),3,1,CNEXT,none<=12,
14,+1;flip,flip;-1?1,A=(+1;flip) B=(flip;-1?1),period3,(0,1,x),3,1,CPREV,none<=12,
14,+1;flip,flip;-1?1,A=(+1;flip) B=(flip;-1?1),period3,(0,1,x),3,2,FLIP,none<=12,
14,+1;flip,flip;-1?1,A=(+1;flip) B=(flip;-1?1),period3,(0,1,x),3,2,NEXT,none<=12,
14,+1;flip,flip;-1?1,A=(+1;flip) B=(flip;-1?1),period3,(0,1,x),3,2,PREV,none<=12,
14,+1;flip,flip;-1?1,A=(+1;flip) B=(flip;-1?1),period3,(0,1,x),3,2,CFLIP,none<=12,
14,+1;flip,flip;-1?1,A=(+1;flip) B=(flip;-1?1),period3,(0,1,x),3,2,CNEXT,none<=12,
14,+1;flip,flip;-1?1,A=(+1;flip) B=(flip;-1?1),period3,(0,1,x),3,2,CPREV,none<=12,
14,+1;flip,flip;-1?1,A=(+1;flip) B=(flip;-1?1),period3,(1,x,0),3,0,FLIP,none<=12,
14,+1;flip,flip;-1?1,A=(+1;flip) B=(flip;-1?1),period3,(1,x,0),3,0,NEXT,none<=12,
14,+1;flip,flip;-1?1,A=(+1;flip) B=(flip;-1?1),period3,(1,x,0),3,0,PREV,none<=12,
14,+1;flip,flip;-1?1,A=(+1;flip) B=(flip;-1?1),period3,(1,x,0),3,0,CFLIP,none<=12,
14,+1;flip,flip;-1?1,A=(+1;flip) B=(flip;-1?1),period3,(1,x,0),3,0,CNEXT,none<=12,
14,+1;flip,flip;-1?1,A=(+1;flip) B=(flip;-1?1),period3,(1,x,0),3,0,CPREV,none<=12,
14,+1;flip,flip;-1?1,A=(+1;flip) B=(flip;-1?1),period3,(1,x,0),3,1,FLIP,none<=12,
14,+1;flip,flip;-1?1,A=(+1;flip) B=(flip;-1?1),period3,(1,x,0),3,1,NEXT,none<=12,
14,+1;flip,flip;-1?1,A=(+1;flip) B=(flip;-1?1),period3,(1,x,0),3,1,PREV,none<=12,
14,+1;flip,flip;-1?1,A=(+1;flip) B=(flip;-1?1),period3,(1,x,0),3,1,CFLIP,none<=12,
14,+1;flip,flip;-1?1,A=(+1;flip) B=(flip;-1?1),period3,(1,x,0),3,1,CNEXT,none<=12,
14,+1;flip,flip;-1?1,A=(+1;flip) B=(flip;-1?1),period3,(1,x,0),3,1,CPREV,none<=12,
14,+1;flip,flip;-1?1,A=(+1;flip) B=(flip;-1?1),period3,(1,x,0),3,2,FLIP,none<=12,
14,+1;flip,flip;-1?1,A=(+1;flip) B=(flip;-1?1),period3,(1,x,0),3,2,NEXT,none<=12,
14,+1;flip,flip;-1?1,A=(+1;flip) B=(flip;-1?1),period3,(1,x,0),3,2,PREV,none<=12,
14,+1;flip,flip;-1?1,A=(+1;flip) B=(flip;-1?1),period3,(1,x,0),3,2,CFLIP,none<=12,
14,+1;flip,flip;-1?1,A=(+1;flip) B=(flip;-1?1),period3,(1,x,0),3,2,CNEXT,none<=12,
14,+1;flip,flip;-1?1,A=(+1;flip) B=(flip;-1?1),period3,(1,x,0),3,2,CPREV,none<=12,
14,+1;flip,flip;-1?1,A=(+1;flip) B=(flip;-1?1),period3,(x,1,0),3,0,FLIP,none<=12,
14,+1;flip,flip;-1?1,A=(+1;flip) B=(flip;-1?1),period3,(x,1,0),3,0,NEXT,none<=12,
14,+1;flip,flip;-1?1,A=(+1;flip) B=(flip;-1?1),period3,(x,1,0),3,0,PREV,none<=12,
14,+1;flip,flip;-1?1,A=(+1;flip) B=(flip;-1?1),period3,(x,1,0),3,0,CFLIP,none<=12,
14,+1;flip,flip;-1?1,A=(+1;flip) B=(flip;-1?1),period3,(x,1,0),3,0,CNEXT,none<=12,
14,+1;flip,flip;-1?1,A=(+1;flip) B=(flip;-1?1),period3,(x,1,0),3,0,CPREV,none<=12,
14,+1;flip,flip;-1?1,A=(+1;flip) B=(flip;-1?1),period3,(x,1,0),3,1,FLIP,none<=12,
14,+1;flip,flip;-1?1,A=(+1;flip) B=(flip;-1?1),period3,(x,1,0),3,1,NEXT,none<=12,
14,+1;flip,flip;-1?1,A=(+1;flip) B=(flip;-1?1),period3,(x,1,0),3,1,PREV,none<=12,
14,+1;flip,flip;-1?1,A=(+1;flip) B=(flip;-1?1),period3,(x,1,0),3,1,CFLIP,none<=12,
14,+1;flip,flip;-1?1,A=(+1;flip) B=(flip;-1?1),period3,(x,1,0),3,1,CNEXT,none<=12,
14,+1;flip,flip;-1?1,A=(+1;flip) B=(flip;-1?1),period3,(x,1,0),3,1,CPREV,none<=12,
14,+1;flip,flip;-1?1,A=(+1;flip) B=(flip;-1?1),period3,(x,1,0),3,2,FLIP,none<=12,
14,+1;flip,flip;-1?1,A=(+1;flip) B=(flip;-1?1),period3,(x,1,0),3,2,NEXT,none<=12,
14,+1;flip,flip;-1?1,A=(+1;flip) B=(flip;-1?1),period3,(x,1,0),3,2,PREV,none<=12,
14,+1;flip,flip;-1?1,A=(+1;flip) B=(flip;-1?1),period3,(x,1,0),3,2,CFLIP,none<=12,
14,+1;flip,flip;-1?1,A=(+1;flip) B=(flip;-1?1),period3,(x,1,0),3,2,CNEXT,none<=12,
14,+1;flip,flip;-1?1,A=(+1;flip) B=(flip;-1?1),period3,(x,1,0),3,2,CPREV,none<=12,
14,+1;flip,flip;-1?1,A=(+1;flip) B=(flip;-1?1),period3,(1,0,x),3,0,FLIP,none<=12,
14,+1;flip,flip;-1?1,A=(+1;flip) B=(flip;-1?1),period3,(1,0,x),3,0,NEXT,none<=12,
14,+1;flip,flip;-1?1,A=(+1;flip) B=(flip;-1?1),period3,(1,0,x),3,0,PREV,none<=12,
14,+1;flip,flip;-1?1,A=(+1;flip) B=(flip;-1?1),period3,(1,0,x),3,0,CFLIP,none<=12,
14,+1;flip,flip;-1?1,A=(+1;flip) B=(flip;-1?1),period3,(1,0,x),3,0,CNEXT,none<=12,
14,+1;flip,flip;-1?1,A=(+1;flip) B=(flip;-1?1),period3,(1,0,x),3,0,CPREV,none<=12,
14,+1;flip,flip;-1?1,A=(+1;flip) B=(flip;-1?1),period3,(1,0,x),3,1,FLIP,none<=12,
14,+1;flip,flip;-1?1,A=(+1;flip) B=(flip;-1?1),period3,(1,0,x),3,1,NEXT,none<=12,
14,+1;flip,flip;-1?1,A=(+1;flip) B=(flip;-1?1),period3,(1,0,x),3,1,PREV,none<=12,
14,+1;flip,flip;-1?1,A=(+1;flip) B=(flip;-1?1),period3,(1,0,x),3,1,CFLIP,none<=12,
14,+1;flip,flip;-1?1,A=(+1;flip) B=(flip;-1?1),period3,(1,0,x),3,1,CNEXT,none<=12,
14,+1;flip,flip;-1?1,A=(+1;flip) B=(flip;-1?1),period3,(1,0,x),3,1,CPREV,none<=12,
14,+1;flip,flip;-1?1,A=(+1;flip) B=(flip;-1?1),period3,(1,0,x),3,2,FLIP,none<=12,
14,+1;flip,flip;-1?1,A=(+1;flip) B=(flip;-1?1),period3,(1,0,x),3,2,NEXT,none<=12,
14,+1;flip,flip;-1?1,A=(+1;flip) B=(flip;-1?1),period3,(1,0,x),3,2,PREV,none<=12,
14,+1;flip,flip;-1?1,A=(+1;flip) B=(flip;-1?1),period3,(1,0,x),3,2,CFLIP,none<=12,
14,+1;flip,flip;-1?1,A=(+1;flip) B=(flip;-1?1),period3,(1,0,x),3,2,CNEXT,none<=12,
14,+1;flip,flip;-1?1,A=(+1;flip) B=(flip;-1?1),period3,(1,0,x),3,2,CPREV,none<=12,
14,+1;flip,flip;-1?1,A=(+1;flip) B=(flip;-1?1),period3,(0,x,1),3,0,FLIP,none<=12,
14,+1;flip,flip;-1?1,A=(+1;flip) B=(flip;-1?1),period3,(0,x,1),3,0,NEXT,none<=12,
14,+1;flip,flip;-1?1,A=(+1;flip) B=(flip;-1?1),period3,(0,x,1),3,0,PREV,none<=12,
14,+1;flip,flip;-1?1,A=(+1;flip) B=(flip;-1?1),period3,(0,x,1),3,0,CFLIP,none<=12,
14,+1;flip,flip;-1?1,A=(+1;flip) B=(flip;-1?1),period3,(0,x,1),3,0,CNEXT,none<=12,
14,+1;flip,flip;-1?1,A=(+1;flip) B=(flip;-1?1),period3,(0,x,1),3,0,CPREV,none<=12,
14,+1;flip,flip;-1?1,A=(+1;flip) B=(flip;-1?1),period3,(0,x,1),3,1,FLIP,none<=12,
14,+1;flip,flip;-1?1,A=(+1;flip) B=(flip;-1?1),period3,(0,x,1),3,1,NEXT,none<=12,
14,+1;flip,flip;-1?1,A=(+1;flip) B=(flip;-1?1),period3,(0,x,1),3,1,PREV,none<=12,
14,+1;flip,flip;-1?1,A=(+1;flip) B=(flip;-1?1),period3,(0,x,1),3,1,CFLIP,none<=12,
14,+1;flip,flip;-1?1,A=(+1;flip) B=(flip;-1?1),period3,(0,x,1),3,1,CNEXT,none<=12,
14,+1;flip,flip;-1?1,A=(+1;flip) B=(flip;-1?1),period3,(0,x,1),3,1,CPREV,none<=12,
14,+1;flip,flip;-1?1,A=(+1;flip) B=(flip;-1?1),period3,(0,x,1),3,2,FLIP,none<=12,
14,+1;flip,flip;-1?1,A=(+1;flip) B=(flip;-1?1),period3,(0,x,1),3,2,NEXT,none<=12,
14,+1;flip,flip;-1?1,A=(+1;flip) B=(flip;-1?1),period3,(0,x,1),3,2,PREV,none<=12,
14,+1;flip,flip;-1?1,A=(+1;flip) B=(flip;-1?1),period3,(0,x,1),3,2,CFLIP,none<=12,
14,+1;flip,flip;-1?1,A=(+1;flip) B=(flip;-1?1),period3,(0,x,1),3,2,CNEXT,none<=12,
14,+1;flip,flip;-1?1,A=(+1;flip) B=(flip;-1?1),period3,(0,x,1),3,2,CPREV,none<=12,
14,+1;flip,flip;-1?1,A=(+1;flip) B=(flip;-1?1),period3,(x,0,0),3,0,FLIP,none<=12,
14,+1;flip,flip;-1?1,A=(+1;flip) B=(flip;-1?1),period3,(x,0,0),3,0,NEXT,none<=12,
14,+1;flip,flip;-1?1,A=(+1;flip) B=(flip;-1?1),period3,(x,0,0),3,0,PREV,none<=12,
14,+1;flip,flip;-1?1,A=(+1;flip) B=(flip;-1?1),period3,(x,0,0),3,0,CFLIP,none<=12,
14,+1;flip,flip;-1?1,A=(+1;flip) B=(flip;-1?1),period3,(x,0,0),3,0,CNEXT,none<=12,
14,+1;flip,flip;-1?1,A=(+1;flip) B=(flip;-1?1),period3,(x,0,0),3,0,CPREV,none<=12,
14,+1;flip,flip;-1?1,A=(+1;flip) B=(flip;-1?1),period3,(x,0,0),3,1,FLIP,none<=12,
14,+1;flip,flip;-1?1,A=(+1;flip) B=(flip;-1?1),period3,(x,0,0),3,1,NEXT,none<=12,
14,+1;flip,flip;-1?1,A=(+1;flip) B=(flip;-1?1),period3,(x,0,0),3,1,PREV,none<=12,
14,+1;flip,flip;-1?1,A=(+1;flip) B=(flip;-1?1),period3,(x,0,0),3,1,CFLIP,none<=12,
14,+1;flip,flip;-1?1,A=(+1;flip) B=(flip;-1?1),period3,(x,0,0),3,1,CNEXT,none<=12,
14,+1;flip,flip;-1?1,A=(+1;flip) B=(flip;-1?1),period3,(x,0,0),3,1,CPREV,none<=12,
14,+1;flip,flip;-1?1,A=(+1;flip) B=(flip;-1?1),period3,(x,0,0),3,2,FLIP,none<=12,
14,+1;flip,flip;-1?1,A=(+1;flip) B=(flip;-1?1),period3,(x,0,0),3,2,NEXT,none<=12,
14,+1;flip,flip;-1?1,A=(+1;flip) B=(flip;-1?1),period3,(x,0,0),3,2,PREV,none<=12,
14,+1;flip,flip;-1?1,A=(+1;flip) B=(flip;-1?1),period3,(x,0,0),3,2,CFLIP,none<=12,
14,+1;flip,flip;-1?1,A=(+1;flip) B=(flip;-1?1),period3,(x,0,0),3,2,CNEXT,none<=12,
14,+1;flip,flip;-1?1,A=(+1;flip) B=(flip;-1?1),period3,(x,0,0),3,2,CPREV,none<=12,
14,+1;flip,flip;-1?1,A=(+1;flip) B=(flip;-1?1),period3,(0,0,x),3,0,FLIP,none<=12,
14,+1;flip,flip;-1?1,A=(+1;flip) B=(flip;-1?1),period3,(0,0,x),3,0,NEXT,none<=12,
14,+1;flip,flip;-1?1,A=(+1;flip) B=(flip;-1?1),period3,(0,0,x),3,0,PREV,none<=12,
14,+1;flip,flip;-1?1,A=(+1;flip) B=(flip;-1?1),period3,(0,0,x),3,0,CFLIP,none<=12,
14,+1;flip,flip;-1?1,A=(+1;flip) B=(flip;-1?1),period3,(0,0,x),3,0,CNEXT,none<=12,
14,+1;flip,flip;-1?1,A=(+1;flip) B=(flip;-1?1),period3,(0,0,x),3,0,CPREV,none<=12,
14,+1;flip,flip;-1?1,A=(+1;flip) B=(flip;-1?1),period3,(0,0,x),3,1,FLIP,none<=12,
14,+1;flip,flip;-1?1,A=(+1;flip) B=(flip;-1?1),period3,(0,0,x),3,1,NEXT,none<=12,
14,+1;flip,flip;-1?1,A=(+1;flip) B=(flip;-1?1),period3,(0,0,x),3,1,PREV,none<=12,
14,+1;flip,flip;-1?1,A=(+1;flip) B=(flip;-1?1),period3,(0,0,x),3,1,CFLIP,none<=12,
14,+1;flip,flip;-1?1,A=(+1;flip) B=(flip;-1?1),period3,(0,0,x),3,1,CNEXT,none<=12,
14,+1;flip,flip;-1?1,A=(+1;flip) B=(flip;-1?1),period3,(0,0,x),3,1,CPREV,none<=12,
14,+1;flip,flip;-1?1,A=(+1;flip) B=(flip;-1?1),period3,(0,0,x),3,2,FLIP,none<=12,
14,+1;flip,flip;-1?1,A=(+1;flip) B=(flip;-1?1),period3,(0,0,x),3,2,NEXT,none<=12,
14,+1;flip,flip;-1?1,A=(+1;flip) B=(flip;-1?1),period3,(0,0,x),3,2,PREV,none<=12,
14,+1;flip,flip;-1?1,A=(+1;flip) B=(flip;-1?1),period3,(0,0,x),3,2,CFLIP,none<=12,
14,+1;flip,flip;-1?1,A=(+1;flip) B=(flip;-1?1),period3,(0,0,x),3,2,CNEXT,none<=12,
14,+1;flip,flip;-1?1,A=(+1;flip) B=(flip;-1?1),period3,(0,0,x),3,2,CPREV,none<=12,
14,+1;flip,flip;-1?1,A=(+1;flip) B=(flip;-1?1),period3,(0,x,0),3,0,FLIP,none<=12,
14,+1;flip,flip;-1?1,A=(+1;flip) B=(flip;-1?1),period3,(0,x,0),3,0,NEXT,none<=12,
14,+1;flip,flip;-1?1,A=(+1;flip) B=(flip;-1?1),period3,(0,x,0),3,0,PREV,none<=12,
14,+1;flip,flip;-1?1,A=(+1;flip) B=(flip;-1?1),period3,(0,x,0),3,0,CFLIP,none<=12,
14,+1;flip,flip;-1?1,A=(+1;flip) B=(flip;-1?1),period3,(0,x,0),3,0,CNEXT,none<=12,
14,+1;flip,flip;-1?1,A=(+1;flip) B=(flip;-1?1),period3,(0,x,0),3,0,CPREV,none<=12,
14,+1;flip,flip;-1?1,A=(+1;flip) B=(flip;-1?1),period3,(0,x,0),3,1,FLIP,none<=12,
14,+1;flip,flip;-1?1,A=(+1;flip) B=(flip;-1?1),period3,(0,x,0),3,1,NEXT,none<=12,
14,+1;flip,flip;-1?1,A=(+1;flip) B=(flip;-1?1),period3,(0,x,0),3,1,PREV,none<=12,
14,+1;flip,flip;-1?1,A=(+1;flip) B=(flip;-1?1),period3,(0,x,0),3,1,CFLIP,none<=12,
14,+1;flip,flip;-1?1,A=(+1;flip) B=(flip;-1?1),period3,(0,x,0),3,1,CNEXT,none<=12,
14,+1;flip,flip;-1?1,A=(+1;flip) B=(flip;-1?1),period3,(0,x,0),3,1,CPREV,none<=12,
14,+1;flip,flip;-1?1,A=(+1;flip) B=(flip;-1?1),period3,(0,x,0),3,2,FLIP,none<=12,
14,+1;flip,flip;-1?1,A=(+1;flip) B=(flip;-1?1),period3,(0,x,0),3,2,NEXT,none<=12,
14,+1;flip,flip;-1?1,A=(+1;flip) B=(flip;-1?1),period3,(0,x,0),3,2,PREV,none<=12,
14,+1;flip,flip;-1?1,A=(+1;flip) B=(flip;-1?1),period3,(0,x,0),3,2,CFLIP,none<=12,
14,+1;flip,flip;-1?1,A=(+1;flip) B=(flip;-1?1),period3,(0,x,0),3,2,CNEXT,none<=12,
14,+1;flip,flip;-1?1,A=(+1;flip) B=(flip;-1?1),period3,(0,x,0),3,2,CPREV,none<=12,
14,+1;flip,flip;-1?1,A=(+1;flip) B=(flip;-1?1),period3,(x,1,1),3,0,FLIP,none<=12,
14,+1;flip,flip;-1?1,A=(+1;flip) B=(flip;-1?1),period3,(x,1,1),3,0,NEXT,none<=12,
14,+1;flip,flip;-1?1,A=(+1;flip) B=(flip;-1?1),period3,(x,1,1),3,0,PREV,none<=12,
14,+1;flip,flip;-1?1,A=(+1;flip) B=(flip;-1?1),period3,(x,1,1),3,0,CFLIP,none<=12,
14,+1;flip,flip;-1?1,A=(+1;flip) B=(flip;-1?1),period3,(x,1,1),3,0,CNEXT,none<=12,
14,+1;flip,flip;-1?1,A=(+1;flip) B=(flip;-1?1),period3,(x,1,1),3,0,CPREV,none<=12,
14,+1;flip,flip;-1?1,A=(+1;flip) B=(flip;-1?1),period3,(x,1,1),3,1,FLIP,none<=12,
14,+1;flip,flip;-1?1,A=(+1;flip) B=(flip;-1?1),period3,(x,1,1),3,1,NEXT,none<=12,
14,+1;flip,flip;-1?1,A=(+1;flip) B=(flip;-1?1),period3,(x,1,1),3,1,PREV,none<=12,
14,+1;flip,flip;-1?1,A=(+1;flip) B=(flip;-1?1),period3,(x,1,1),3,1,CFLIP,none<=12,
14,+1;flip,flip;-1?1,A=(+1;flip) B=(flip;-1?1),period3,(x,1,1),3,1,CNEXT,none<=12,
14,+1;flip,flip;-1?1,A=(+1;flip) B=(flip;-1?1),period3,(x,1,1),3,1,CPREV,none<=12,
14,+1;flip,flip;-1?1,A=(+1;flip) B=(flip;-1?1),period3,(x,1,1),3,2,FLIP,none<=12,
14,+1;flip,flip;-1?1,A=(+1;flip) B=(flip;-1?1),period3,(x,1,1),3,2,NEXT,none<=12,
14,+1;flip,flip;-1?1,A=(+1;flip) B=(flip;-1?1),period3,(x,1,1),3,2,PREV,none<=12,
14,+1;flip,flip;-1?1,A=(+1;flip) B=(flip;-1?1),period3,(x,1,1),3,2,CFLIP,none<=12,
14,+1;flip,flip;-1?1,A=(+1;flip) B=(flip;-1?1),period3,(x,1,1),3,2,CNEXT,none<=12,
14,+1;flip,flip;-1?1,A=(+1;flip) B=(flip;-1?1),period3,(x,1,1),3,2,CPREV,none<=12,
14,+1;flip,flip;-1?1,A=(+1;flip) B=(flip;-1?1),period3,(1,1,x),3,0,FLIP,none<=12,
14,+1;flip,flip;-1?1,A=(+1;flip) B=(flip;-1?1),period3,(1,1,x),3,0,NEXT,none<=12,
14,+1;flip,flip;-1?1,A=(+1;flip) B=(flip;-1?1),period3,(1,1,x),3,0,PREV,none<=12,
14,+1;flip,flip;-1?1,A=(+1;flip) B=(flip;-1?1),period3,(1,1,x),3,0,CFLIP,none<=12,
14,+1;flip,flip;-1?1,A=(+1;flip) B=(flip;-1?1),period3,(1,1,x),3,0,CNEXT,none<=12,
14,+1;flip,flip;-1?1,A=(+1;flip) B=(flip;-1?1),period3,(1,1,x),3,0,CPREV,none<=12,
14,+1;flip,flip;-1?1,A=(+1;flip) B=(flip;-1?1),period3,(1,1,x),3,1,FLIP,none<=12,
14,+1;flip,flip;-1?1,A=(+1;flip) B=(flip;-1?1),period3,(1,1,x),3,1,NEXT,none<=12,
14,+1;flip,flip;-1?1,A=(+1;flip) B=(flip;-1?1),period3,(1,1,x),3,1,PREV,none<=12,
14,+1;flip,flip;-1?1,A=(+1;flip) B=(flip;-1?1),period3,(1,1,x),3,1,CFLIP,none<=12,
14,+1;flip,flip;-1?1,A=(+1;flip) B=(flip;-1?1),period3,(1,1,x),3,1,CNEXT,none<=12,
14,+1;flip,flip;-1?1,A=(+1;flip) B=(flip;-1?1),period3,(1,1,x),3,1,CPREV,none<=12,
14,+1;flip,flip;-1?1,A=(+1;flip) B=(flip;-1?1),period3,(1,1,x),3,2,FLIP,none<=12,
14,+1;flip,flip;-1?1,A=(+1;flip) B=(flip;-1?1),period3,(1,1,x),3,2,NEXT,none<=12,
14,+1;flip,flip;-1?1,A=(+1;flip) B=(flip;-1?1),period3,(1,1,x),3,2,PREV,none<=12,
14,+1;flip,flip;-1?1,A=(+1;flip) B=(flip;-1?1),period3,(1,1,x),3,2,CFLIP,none<=12,
14,+1;flip,flip;-1?1,A=(+1;flip) B=(flip;-1?1),period3,(1,1,x),3,2,CNEXT,none<=12,
14,+1;flip,flip;-1?1,A=(+1;flip) B=(flip;-1?1),period3,(1,1,x),3,2,CPREV,none<=12,
14,+1;flip,flip;-1?1,A=(+1;flip) B=(flip;-1?1),period3,(1,x,1),3,0,FLIP,none<=12,
14,+1;flip,flip;-1?1,A=(+1;flip) B=(flip;-1?1),period3,(1,x,1),3,0,NEXT,none<=12,
14,+1;flip,flip;-1?1,A=(+1;flip) B=(flip;-1?1),period3,(1,x,1),3,0,PREV,none<=12,
14,+1;flip,flip;-1?1,A=(+1;flip) B=(flip;-1?1),period3,(1,x,1),3,0,CFLIP,none<=12,
14,+1;flip,flip;-1?1,A=(+1;flip) B=(flip;-1?1),period3,(1,x,1),3,0,CNEXT,none<=12,
14,+1;flip,flip;-1?1,A=(+1;flip) B=(flip;-1?1),period3,(1,x,1),3,0,CPREV,none<=12,
14,+1;flip,flip;-1?1,A=(+1;flip) B=(flip;-1?1),period3,(1,x,1),3,1,FLIP,none<=12,
14,+1;flip,flip;-1?1,A=(+1;flip) B=(flip;-1?1),period3,(1,x,1),3,1,NEXT,none<=12,
14,+1;flip,flip;-1?1,A=(+1;flip) B=(flip;-1?1),period3,(1,x,1),3,1,PREV,none<=12,
14,+1;flip,flip;-1?1,A=(+1;flip) B=(flip;-1?1),period3,(1,x,1),3,1,CFLIP,none<=12,
14,+1;flip,flip;-1?1,A=(+1;flip) B=(flip;-1?1),period3,(1,x,1),3,1,CNEXT,none<=12,
14,+1;flip,flip;-1?1,A=(+1;flip) B=(flip;-1?1),period3,(1,x,1),3,1,CPREV,none<=12,
14,+1;flip,flip;-1?1,A=(+1;flip) B=(flip;-1?1),period3,(1,x,1),3,2,FLIP,none<=12,
14,+1;flip,flip;-1?1,A=(+1;flip) B=(flip;-1?1),period3,(1,x,1),3,2,NEXT,none<=12,
14,+1;flip,flip;-1?1,A=(+1;flip) B=(flip;-1?1),period3,(1,x,1),3,2,PREV,none<=12,
14,+1;flip,flip;-1?1,A=(+1;flip) B=(flip;-1?1),period3,(1,x,1),3,2,CFLIP,none<=12,
14,+1;flip,flip;-1?1,A=(+1;flip) B=(flip;-1?1),period3,(1,x,1),3,2,CNEXT,none<=12,
14,+1;flip,flip;-1?1,A=(+1;flip) B=(flip;-1?1),period3,(1,x,1),3,2,CPREV,none<=12,
15,+1;flip,-1?1;flip,A=(+1;flip) B=(-1?1;flip),none,(x),1,0,FLIP,none<=12,
15,+1;flip,-1?1;flip,A=(+1;flip) B=(-1?1;flip),none,(x),1,0,NEXT,none<=12,
15,+1;flip,-1?1;flip,A=(+1;flip) B=(-1?1;flip),none,(x),1,0,PREV,none<=12,
15,+1;flip,-1?1;flip,A=(+1;flip) B=(-1?1;flip),none,(x),1,0,CFLIP,none<=12,
15,+1;flip,-1?1;flip,A=(+1;flip) B=(-1?1;flip),none,(x),1,0,CNEXT,none<=12,
15,+1;flip,-1?1;flip,A=(+1;flip) B=(-1?1;flip),none,(x),1,0,CPREV,none<=12,
15,+1;flip,-1?1;flip,A=(+1;flip) B=(-1?1;flip),dual,(x,n),2,0,FLIP,none<=12,
15,+1;flip,-1?1;flip,A=(+1;flip) B=(-1?1;flip),dual,(x,n),2,0,NEXT,none<=12,
15,+1;flip,-1?1;flip,A=(+1;flip) B=(-1?1;flip),dual,(x,n),2,0,PREV,none<=12,
15,+1;flip,-1?1;flip,A=(+1;flip) B=(-1?1;flip),dual,(x,n),2,0,CFLIP,ABBABB,6
15,+1;flip,-1?1;flip,A=(+1;flip) B=(-1?1;flip),dual,(x,n),2,0,CNEXT,none<=12,
15,+1;flip,-1?1;flip,A=(+1;flip) B=(-1?1;flip),dual,(x,n),2,0,CPREV,none<=12,
15,+1;flip,-1?1;flip,A=(+1;flip) B=(-1?1;flip),dual,(x,n),2,1,FLIP,none<=12,
15,+1;flip,-1?1;flip,A=(+1;flip) B=(-1?1;flip),dual,(x,n),2,1,NEXT,none<=12,
15,+1;flip,-1?1;flip,A=(+1;flip) B=(-1?1;flip),dual,(x,n),2,1,PREV,none<=12,
15,+1;flip,-1?1;flip,A=(+1;flip) B=(-1?1;flip),dual,(x,n),2,1,CFLIP,none<=12,
15,+1;flip,-1?1;flip,A=(+1;flip) B=(-1?1;flip),dual,(x,n),2,1,CNEXT,none<=12,
15,+1;flip,-1?1;flip,A=(+1;flip) B=(-1?1;flip),dual,(x,n),2,1,CPREV,none<=12,
15,+1;flip,-1?1;flip,A=(+1;flip) B=(-1?1;flip),dual,(n,x),2,0,FLIP,none<=12,
15,+1;flip,-1?1;flip,A=(+1;flip) B=(-1?1;flip),dual,(n,x),2,0,NEXT,none<=12,
15,+1;flip,-1?1;flip,A=(+1;flip) B=(-1?1;flip),dual,(n,x),2,0,PREV,none<=12,
15,+1;flip,-1?1;flip,A=(+1;flip) B=(-1?1;flip),dual,(n,x),2,0,CFLIP,none<=12,
15,+1;flip,-1?1;flip,A=(+1;flip) B=(-1?1;flip),dual,(n,x),2,0,CNEXT,none<=12,
15,+1;flip,-1?1;flip,A=(+1;flip) B=(-1?1;flip),dual,(n,x),2,0,CPREV,none<=12,
15,+1;flip,-1?1;flip,A=(+1;flip) B=(-1?1;flip),dual,(n,x),2,1,FLIP,none<=12,
15,+1;flip,-1?1;flip,A=(+1;flip) B=(-1?1;flip),dual,(n,x),2,1,NEXT,none<=12,
15,+1;flip,-1?1;flip,A=(+1;flip) B=(-1?1;flip),dual,(n,x),2,1,PREV,none<=12,
15,+1;flip,-1?1;flip,A=(+1;flip) B=(-1?1;flip),dual,(n,x),2,1,CFLIP,none<=12,
15,+1;flip,-1?1;flip,A=(+1;flip) B=(-1?1;flip),dual,(n,x),2,1,CNEXT,none<=12,
15,+1;flip,-1?1;flip,A=(+1;flip) B=(-1?1;flip),dual,(n,x),2,1,CPREV,none<=12,
15,+1;flip,-1?1;flip,A=(+1;flip) B=(-1?1;flip),scratch,(x,1),2,0,FLIP,ABB,3
15,+1;flip,-1?1;flip,A=(+1;flip) B=(-1?1;flip),scratch,(x,1),2,0,NEXT,ABAABB,6
15,+1;flip,-1?1;flip,A=(+1;flip) B=(-1?1;flip),scratch,(x,1),2,0,PREV,none<=12,
15,+1;flip,-1?1;flip,A=(+1;flip) B=(-1?1;flip),scratch,(x,1),2,0,CFLIP,none<=12,
15,+1;flip,-1?1;flip,A=(+1;flip) B=(-1?1;flip),scratch,(x,1),2,0,CNEXT,none<=12,
15,+1;flip,-1?1;flip,A=(+1;flip) B=(-1?1;flip),scratch,(x,1),2,0,CPREV,BABBBABB,8
15,+1;flip,-1?1;flip,A=(+1;flip) B=(-1?1;flip),scratch,(x,1),2,1,FLIP,BAB,3
15,+1;flip,-1?1;flip,A=(+1;flip) B=(-1?1;flip),scratch,(x,1),2,1,NEXT,AABBAB,6
15,+1;flip,-1?1;flip,A=(+1;flip) B=(-1?1;flip),scratch,(x,1),2,1,PREV,none<=12,
15,+1;flip,-1?1;flip,A=(+1;flip) B=(-1?1;flip),scratch,(x,1),2,1,CFLIP,none<=12,
15,+1;flip,-1?1;flip,A=(+1;flip) B=(-1?1;flip),scratch,(x,1),2,1,CNEXT,none<=12,
15,+1;flip,-1?1;flip,A=(+1;flip) B=(-1?1;flip),scratch,(x,1),2,1,CPREV,none<=12,
15,+1;flip,-1?1;flip,A=(+1;flip) B=(-1?1;flip),scratch,(1,x),2,0,FLIP,none<=12,
15,+1;flip,-1?1;flip,A=(+1;flip) B=(-1?1;flip),scratch,(1,x),2,0,NEXT,AABBAB,6
15,+1;flip,-1?1;flip,A=(+1;flip) B=(-1?1;flip),scratch,(1,x),2,0,PREV,none<=12,
15,+1;flip,-1?1;flip,A=(+1;flip) B=(-1?1;flip),scratch,(1,x),2,0,CFLIP,none<=12,
15,+1;flip,-1?1;flip,A=(+1;flip) B=(-1?1;flip),scratch,(1,x),2,0,CNEXT,none<=12,
15,+1;flip,-1?1;flip,A=(+1;flip) B=(-1?1;flip),scratch,(1,x),2,0,CPREV,none<=12,
15,+1;flip,-1?1;flip,A=(+1;flip) B=(-1?1;flip),scratch,(1,x),2,1,FLIP,ABB,3
15,+1;flip,-1?1;flip,A=(+1;flip) B=(-1?1;flip),scratch,(1,x),2,1,NEXT,ABAABB,6
15,+1;flip,-1?1;flip,A=(+1;flip) B=(-1?1;flip),scratch,(1,x),2,1,PREV,none<=12,
15,+1;flip,-1?1;flip,A=(+1;flip) B=(-1?1;flip),scratch,(1,x),2,1,CFLIP,none<=12,
15,+1;flip,-1?1;flip,A=(+1;flip) B=(-1?1;flip),scratch,(1,x),2,1,CNEXT,none<=12,
15,+1;flip,-1?1;flip,A=(+1;flip) B=(-1?1;flip),scratch,(1,x),2,1,CPREV,BABBBABB,8
15,+1;flip,-1?1;flip,A=(+1;flip) B=(-1?1;flip),scratch,(x,0),2,0,FLIP,none<=12,
15,+1;flip,-1?1;flip,A=(+1;flip) B=(-1?1;flip),scratch,(x,0),2,0,NEXT,none<=12,
15,+1;flip,-1?1;flip,A=(+1;flip) B=(-1?1;flip),scratch,(x,0),2,0,PREV,none<=12,
15,+1;flip,-1?1;flip,A=(+1;flip) B=(-1?1;flip),scratch,(x,0),2,0,CFLIP,none<=12,
15,+1;flip,-1?1;flip,A=(+1;flip) B=(-1?1;flip),scratch,(x,0),2,0,CNEXT,none<=12,
15,+1;flip,-1?1;flip,A=(+1;flip) B=(-1?1;flip),scratch,(x,0),2,0,CPREV,none<=12,
15,+1;flip,-1?1;flip,A=(+1;flip) B=(-1?1;flip),scratch,(x,0),2,1,FLIP,BBA,3
15,+1;flip,-1?1;flip,A=(+1;flip) B=(-1?1;flip),scratch,(x,0),2,1,NEXT,AABA,4
15,+1;flip,-1?1;flip,A=(+1;flip) B=(-1?1;flip),scratch,(x,0),2,1,PREV,none<=12,
15,+1;flip,-1?1;flip,A=(+1;flip) B=(-1?1;flip),scratch,(x,0),2,1,CFLIP,none<=12,
15,+1;flip,-1?1;flip,A=(+1;flip) B=(-1?1;flip),scratch,(x,0),2,1,CNEXT,none<=12,
15,+1;flip,-1?1;flip,A=(+1;flip) B=(-1?1;flip),scratch,(x,0),2,1,CPREV,none<=12,
15,+1;flip,-1?1;flip,A=(+1;flip) B=(-1?1;flip),scratch,(0,x),2,0,FLIP,none<=12,
15,+1;flip,-1?1;flip,A=(+1;flip) B=(-1?1;flip),scratch,(0,x),2,0,NEXT,AABA,4
15,+1;flip,-1?1;flip,A=(+1;flip) B=(-1?1;flip),scratch,(0,x),2,0,PREV,none<=12,
15,+1;flip,-1?1;flip,A=(+1;flip) B=(-1?1;flip),scratch,(0,x),2,0,CFLIP,none<=12,
15,+1;flip,-1?1;flip,A=(+1;flip) B=(-1?1;flip),scratch,(0,x),2,0,CNEXT,none<=12,
15,+1;flip,-1?1;flip,A=(+1;flip) B=(-1?1;flip),scratch,(0,x),2,0,CPREV,none<=12,
15,+1;flip,-1?1;flip,A=(+1;flip) B=(-1?1;flip),scratch,(0,x),2,1,FLIP,none<=12,
15,+1;flip,-1?1;flip,A=(+1;flip) B=(-1?1;flip),scratch,(0,x),2,1,NEXT,none<=12,
15,+1;flip,-1?1;flip,A=(+1;flip) B=(-1?1;flip),scratch,(0,x),2,1,PREV,none<=12,
15,+1;flip,-1?1;flip,A=(+1;flip) B=(-1?1;flip),scratch,(0,x),2,1,CFLIP,none<=12,
15,+1;flip,-1?1;flip,A=(+1;flip) B=(-1?1;flip),scratch,(0,x),2,1,CNEXT,none<=12,
15,+1;flip,-1?1;flip,A=(+1;flip) B=(-1?1;flip),scratch,(0,x),2,1,CPREV,none<=12,
15,+1;flip,-1?1;flip,A=(+1;flip) B=(-1?1;flip),period3,(x,0,1),3,0,FLIP,none<=12,
15,+1;flip,-1?1;flip,A=(+1;flip) B=(-1?1;flip),period3,(x,0,1),3,0,NEXT,none<=12,
15,+1;flip,-1?1;flip,A=(+1;flip) B=(-1?1;flip),period3,(x,0,1),3,0,PREV,none<=12,
15,+1;flip,-1?1;flip,A=(+1;flip) B=(-1?1;flip),period3,(x,0,1),3,0,CFLIP,none<=12,
15,+1;flip,-1?1;flip,A=(+1;flip) B=(-1?1;flip),period3,(x,0,1),3,0,CNEXT,none<=12,
15,+1;flip,-1?1;flip,A=(+1;flip) B=(-1?1;flip),period3,(x,0,1),3,0,CPREV,none<=12,
15,+1;flip,-1?1;flip,A=(+1;flip) B=(-1?1;flip),period3,(x,0,1),3,1,FLIP,BBA,3
15,+1;flip,-1?1;flip,A=(+1;flip) B=(-1?1;flip),period3,(x,0,1),3,1,NEXT,ABAABA,6
15,+1;flip,-1?1;flip,A=(+1;flip) B=(-1?1;flip),period3,(x,0,1),3,1,PREV,none<=12,
15,+1;flip,-1?1;flip,A=(+1;flip) B=(-1?1;flip),period3,(x,0,1),3,1,CFLIP,none<=12,
15,+1;flip,-1?1;flip,A=(+1;flip) B=(-1?1;flip),period3,(x,0,1),3,1,CNEXT,none<=12,
15,+1;flip,-1?1;flip,A=(+1;flip) B=(-1?1;flip),period3,(x,0,1),3,1,CPREV,none<=12,
15,+1;flip,-1?1;flip,A=(+1;flip) B=(-1?1;flip),period3,(x,0,1),3,2,FLIP,BBAAB,5
15,+1;flip,-1?1;flip,A=(+1;flip) B=(-1?1;flip),period3,(x,0,1),3,2,NEXT,AABAAB,6
15,+1;flip,-1?1;flip,A=(+1;flip) B=(-1?1;flip),period3,(x,0,1),3,2,PREV,none<=12,
15,+1;flip,-1?1;flip,A=(+1;flip) B=(-1?1;flip),period3,(x,0,1),3,2,CFLIP,none<=12,
15,+1;flip,-1?1;flip,A=(+1;flip) B=(-1?1;flip),period3,(x,0,1),3,2,CNEXT,none<=12,
15,+1;flip,-1?1;flip,A=(+1;flip) B=(-1?1;flip),period3,(x,0,1),3,2,CPREV,none<=12,
15,+1;flip,-1?1;flip,A=(+1;flip) B=(-1?1;flip),period3,(0,1,x),3,0,FLIP,none<=12,
15,+1;flip,-1?1;flip,A=(+1;flip) B=(-1?1;flip),period3,(0,1,x),3,0,NEXT,ABAABA,6
15,+1;flip,-1?1;flip,A=(+1;flip) B=(-1?1;flip),period3,(0,1,x),3,0,PREV,none<=12,
15,+1;flip,-1?1;flip,A=(+1;flip) B=(-1?1;flip),period3,(0,1,x),3,0,CFLIP,none<=12,
15,+1;flip,-1?1;flip,A=(+1;flip) B=(-1?1;flip),period3,(0,1,x),3,0,CNEXT,none<=12,
15,+1;flip,-1?1;flip,A=(+1;flip) B=(-1?1;flip),period3,(0,1,x),3,0,CPREV,none<=12,
15,+1;flip,-1?1;flip,A=(+1;flip) B=(-1?1;flip),period3,(0,1,x),3,1,FLIP,none<=12,
15,+1;flip,-1?1;flip,A=(+1;flip) B=(-1?1;flip),period3,(0,1,x),3,1,NEXT,AABAAB,6
15,+1;flip,-1?1;flip,A=(+1;flip) B=(-1?1;flip),period3,(0,1,x),3,1,PREV,none<=12,
15,+1;flip,-1?1;flip,A=(+1;flip) B=(-1?1;flip),period3,(0,1,x),3,1,CFLIP,none<=12,
15,+1;flip,-1?1;flip,A=(+1;flip) B=(-1?1;flip),period3,(0,1,x),3,1,CNEXT,none<=12,
15,+1;flip,-1?1;flip,A=(+1;flip) B=(-1?1;flip),period3,(0,1,x),3,1,CPREV,none<=12,
15,+1;flip,-1?1;flip,A=(+1;flip) B=(-1?1;flip),period3,(0,1,x),3,2,FLIP,none<=12,
15,+1;flip,-1?1;flip,A=(+1;flip) B=(-1?1;flip),period3,(0,1,x),3,2,NEXT,none<=12,
15,+1;flip,-1?1;flip,A=(+1;flip) B=(-1?1;flip),period3,(0,1,x),3,2,PREV,none<=12,
15,+1;flip,-1?1;flip,A=(+1;flip) B=(-1?1;flip),period3,(0,1,x),3,2,CFLIP,none<=12,
15,+1;flip,-1?1;flip,A=(+1;flip) B=(-1?1;flip),period3,(0,1,x),3,2,CNEXT,none<=12,
15,+1;flip,-1?1;flip,A=(+1;flip) B=(-1?1;flip),period3,(0,1,x),3,2,CPREV,none<=12,
15,+1;flip,-1?1;flip,A=(+1;flip) B=(-1?1;flip),period3,(1,x,0),3,0,FLIP,none<=12,
15,+1;flip,-1?1;flip,A=(+1;flip) B=(-1?1;flip),period3,(1,x,0),3,0,NEXT,AABAAB,6
15,+1;flip,-1?1;flip,A=(+1;flip) B=(-1?1;flip),period3,(1,x,0),3,0,PREV,none<=12,
15,+1;flip,-1?1;flip,A=(+1;flip) B=(-1?1;flip),period3,(1,x,0),3,0,CFLIP,none<=12,
15,+1;flip,-1?1;flip,A=(+1;flip) B=(-1?1;flip),period3,(1,x,0),3,0,CNEXT,none<=12,
15,+1;flip,-1?1;flip,A=(+1;flip) B=(-1?1;flip),period3,(1,x,0),3,0,CPREV,none<=12,
15,+1;flip,-1?1;flip,A=(+1;flip) B=(-1?1;flip),period3,(1,x,0),3,1,FLIP,none<=12,
15,+1;flip,-1?1;flip,A=(+1;flip) B=(-1?1;flip),period3,(1,x,0),3,1,NEXT,none<=12,
15,+1;flip,-1?1;flip,A=(+1;flip) B=(-1?1;flip),period3,(1,x,0),3,1,PREV,none<=12,
15,+1;flip,-1?1;flip,A=(+1;flip) B=(-1?1;flip),period3,(1,x,0),3,1,CFLIP,none<=12,
15,+1;flip,-1?1;flip,A=(+1;flip) B=(-1?1;flip),period3,(1,x,0),3,1,CNEXT,none<=12,
15,+1;flip,-1?1;flip,A=(+1;flip) B=(-1?1;flip),period3,(1,x,0),3,1,CPREV,none<=12,
15,+1;flip,-1?1;flip,A=(+1;flip) B=(-1?1;flip),period3,(1,x,0),3,2,FLIP,BBA,3
15,+1;flip,-1?1;flip,A=(+1;flip) B=(-1?1;flip),period3,(1,x,0),3,2,NEXT,ABAABA,6
15,+1;flip,-1?1;flip,A=(+1;flip) B=(-1?1;flip),period3,(1,x,0),3,2,PREV,none<=12,
15,+1;flip,-1?1;flip,A=(+1;flip) B=(-1?1;flip),period3,(1,x,0),3,2,CFLIP,none<=12,
15,+1;flip,-1?1;flip,A=(+1;flip) B=(-1?1;flip),period3,(1,x,0),3,2,CNEXT,none<=12,
15,+1;flip,-1?1;flip,A=(+1;flip) B=(-1?1;flip),period3,(1,x,0),3,2,CPREV,none<=12,
15,+1;flip,-1?1;flip,A=(+1;flip) B=(-1?1;flip),period3,(x,1,0),3,0,FLIP,ABB,3
15,+1;flip,-1?1;flip,A=(+1;flip) B=(-1?1;flip),period3,(x,1,0),3,0,NEXT,AABAAABB,8
15,+1;flip,-1?1;flip,A=(+1;flip) B=(-1?1;flip),period3,(x,1,0),3,0,PREV,none<=12,
15,+1;flip,-1?1;flip,A=(+1;flip) B=(-1?1;flip),period3,(x,1,0),3,0,CFLIP,none<=12,
15,+1;flip,-1?1;flip,A=(+1;flip) B=(-1?1;flip),period3,(x,1,0),3,0,CNEXT,none<=12,
15,+1;flip,-1?1;flip,A=(+1;flip) B=(-1?1;flip),period3,(x,1,0),3,0,CPREV,none<=12,
15,+1;flip,-1?1;flip,A=(+1;flip) B=(-1?1;flip),period3,(x,1,0),3,1,FLIP,BAB,3
15,+1;flip,-1?1;flip,A=(+1;flip) B=(-1?1;flip),period3,(x,1,0),3,1,NEXT,ABBAAABBAB,10
15,+1;flip,-1?1;flip,A=(+1;flip) B=(-1?1;flip),period3,(x,1,0),3,1,PREV,none<=12,
15,+1;flip,-1?1;flip,A=(+1;flip) B=(-1?1;flip),period3,(x,1,0),3,1,CFLIP,none<=12,
15,+1;flip,-1?1;flip,A=(+1;flip) B=(-1?1;flip),period3,(x,1,0),3,1,CNEXT,none<=12,
15,+1;flip,-1?1;flip,A=(+1;flip) B=(-1?1;flip),period3,(x,1,0),3,1,CPREV,none<=12,
15,+1;flip,-1?1;flip,A=(+1;flip) B=(-1?1;flip),period3,(x,1,0),3,2,FLIP,BBBBABA,7
15,+1;flip,-1?1;flip,A=(+1;flip) B=(-1?1;flip),period3,(x,1,0),3,2,NEXT,AAABBABA,8
15,+1;flip,-1?1;flip,A=(+1;flip) B=(-1?1;flip),period3,(x,1,0),3,2,PREV,none<=12,
15,+1;flip,-1?1;flip,A=(+1;flip) B=(-1?1;flip),period3,(x,1,0),3,2,CFLIP,none<=12,
15,+1;flip,-1?1;flip,A=(+1;flip) B=(-1?1;flip),period3,(x,1,0),3,2,CNEXT,none<=12,
15,+1;flip,-1?1;flip,A=(+1;flip) B=(-1?1;flip),period3,(x,1,0),3,2,CPREV,none<=12,
15,+1;flip,-1?1;flip,A=(+1;flip) B=(-1?1;flip),period3,(1,0,x),3,0,FLIP,none<=12,
15,+1;flip,-1?1;flip,A=(+1;flip) B=(-1?1;flip),period3,(1,0,x),3,0,NEXT,ABBAAABBAB,10
15,+1;flip,-1?1;flip,A=(+1;flip) B=(-1?1;flip),period3,(1,0,x),3,0,PREV,none<=12,
15,+1;flip,-1?1;flip,A=(+1;flip) B=(-1?1;flip),period3,(1,0,x),3,0,CFLIP,none<=12,
15,+1;flip,-1?1;flip,A=(+1;flip) B=(-1?1;flip),period3,(1,0,x),3,0,CNEXT,none<=12,
15,+1;flip,-1?1;flip,A=(+1;flip) B=(-1?1;flip),period3,(1,0,x),3,0,CPREV,none<=12,
15,+1;flip,-1?1;flip,A=(+1;flip) B=(-1?1;flip),period3,(1,0,x),3,1,FLIP,none<=12,
15,+1;flip,-1?1;flip,A=(+1;flip) B=(-1?1;flip),period3,(1,0,x),3,1,NEXT,AAABBABA,8
15,+1;flip,-1?1;flip,A=(+1;flip) B=(-1?1;flip),period3,(1,0,x),3,1,PREV,none<=12,
15,+1;flip,-1?1;flip,A=(+1;flip) B=(-1?1;flip),period3,(1,0,x),3,1,CFLIP,none<=12,
15,+1;flip,-1?1;flip,A=(+1;flip) B=(-1?1;flip),period3,(1,0,x),3,1,CNEXT,none<=12,
15,+1;flip,-1?1;flip,A=(+1;flip) B=(-1?1;flip),period3,(1,0,x),3,1,CPREV,none<=12,
15,+1;flip,-1?1;flip,A=(+1;flip) B=(-1?1;flip),period3,(1,0,x),3,2,FLIP,ABB,3
15,+1;flip,-1?1;flip,A=(+1;flip) B=(-1?1;flip),period3,(1,0,x),3,2,NEXT,AABAAABB,8
15,+1;flip,-1?1;flip,A=(+1;flip) B=(-1?1;flip),period3,(1,0,x),3,2,PREV,none<=12,
15,+1;flip,-1?1;flip,A=(+1;flip) B=(-1?1;flip),period3,(1,0,x),3,2,CFLIP,none<=12,
15,+1;flip,-1?1;flip,A=(+1;flip) B=(-1?1;flip),period3,(1,0,x),3,2,CNEXT,none<=12,
15,+1;flip,-1?1;flip,A=(+1;flip) B=(-1?1;flip),period3,(1,0,x),3,2,CPREV,none<=12,
15,+1;flip,-1?1;flip,A=(+1;flip) B=(-1?1;flip),period3,(0,x,1),3,0,FLIP,none<=12,
15,+1;flip,-1?1;flip,A=(+1;flip) B=(-1?1;flip),period3,(0,x,1),3,0,NEXT,AAABBABA,8
15,+1;flip,-1?1;flip,A=(+1;flip) B=(-1?1;flip),period3,(0,x,1),3,0,PREV,none<=12,
15,+1;flip,-1?1;flip,A=(+1;flip) B=(-1?1;flip),period3,(0,x,1),3,0,CFLIP,none<=12,
15,+1;flip,-1?1;flip,A=(+1;flip) B=(-1?1;flip),period3,(0,x,1),3,0,CNEXT,none<=12,
15,+1;flip,-1?1;flip,A=(+1;flip) B=(-1?1;flip),period3,(0,x,1),3,0,CPREV,none<=12,
15,+1;flip,-1?1;flip,A=(+1;flip) B=(-1?1;flip),period3,(0,x,1),3,1,FLIP,ABB,3
15,+1;flip,-1?1;flip,A=(+1;flip) B=(-1?1;flip),period3,(0,x,1),3,1,NEXT,AABAAABB,8
15,+1;flip,-1?1;flip,A=(+1;flip) B=(-1?1;flip),period3,(0,x,1),3,1,PREV,none<=12,
15,+1;flip,-1?1;flip,A=(+1;flip) B=(-1?1;flip),period3,(0,x,1),3,1,CFLIP,none<=12,
15,+1;flip,-1?1;flip,A=(+1;flip) B=(-1?1;flip),period3,(0,x,1),3,1,CNEXT,none<=12,
15,+1;flip,-1?1;flip,A=(+1;flip) B=(-1?1;flip),period3,(0,x,1),3,1,CPREV,none<=12,
15,+1;flip,-1?1;flip,A=(+1;flip) B=(-1?1;flip),period3,(0,x,1),3,2,FLIP,BAB,3
15,+1;flip,-1?1;flip,A=(+1;flip) B=(-1?1;flip),period3,(0,x,1),3,2,NEXT,ABBAAABBAB,10
15,+1;flip,-1?1;flip,A=(+1;flip) B=(-1?1;flip),period3,(0,x,1),3,2,PREV,none<=12,
15,+1;flip,-1?1;flip,A=(+1;flip) B=(-1?1;flip),period3,(0,x,1),3,2,CFLIP,none<=12,
15,+1;flip,-1?1;flip,A=(+1;flip) B=(-1?1;flip),period3,(0,x,1),3,2,CNEXT,none<=12,
15,+1;flip,-1?1;flip,A=(+1;flip) B=(-1?1;flip),period3,(0,x,1),3,2,CPREV,none<=12,
15,+1;flip,-1?1;flip,A=(+1;flip) B=(-1?1;flip),period3,(x,0,0),3,0,FLIP,none<=12,
15,+1;flip,-1?1;flip,A=(+1;flip) B=(-1?1;flip),period3,(x,0,0),3,0,NEXT,none<=12,
15,+1;flip,-1?1;flip,A=(+1;flip) B=(-1?1;flip),period3,(x,0,0),3,0,PREV,none<=12,
15,+1;flip,-1?1;flip,A=(+1;flip) B=(-1?1;flip),period3,(x,0,0),3,0,CFLIP,none<=12,
15,+1;flip,-1?1;flip,A=(+1;flip) B=(-1?1;flip),period3,(x,0,0),3,0,CNEXT,none<=12,
15,+1;flip,-1?1;flip,A=(+1;flip) B=(-1?1;flip),period3,(x,0,0),3,0,CPREV,none<=12,
15,+1;flip,-1?1;flip,A=(+1;flip) B=(-1?1;flip),period3,(x,0,0),3,1,FLIP,BBA,3
15,+1;flip,-1?1;flip,A=(+1;flip) B=(-1?1;flip),period3,(x,0,0),3,1,NEXT,BABAAABA,8
15,+1;flip,-1?1;flip,A=(+1;flip) B=(-1?1;flip),period3,(x,0,0),3,1,PREV,none<=12,
15,+1;flip,-1?1;flip,A=(+1;flip) B=(-1?1;flip),period3,(x,0,0),3,1,CFLIP,none<=12,
15,+1;flip,-1?1;flip,A=(+1;flip) B=(-1?1;flip),period3,(x,0,0),3,1,CNEXT,none<=12,
15,+1;flip,-1?1;flip,A=(+1;flip) B=(-1?1;flip),period3,(x,0,0),3,1,CPREV,none<=12,
15,+1;flip,-1?1;flip,A=(+1;flip) B=(-1?1;flip),period3,(x,0,0),3,2,FLIP,BBBAA,5
15,+1;flip,-1?1;flip,A=(+1;flip) B=(-1?1;flip),period3,(x,0,0),3,2,NEXT,AAABBBAA,8
15,+1;flip,-1?1;flip,A=(+1;flip) B=(-1?1;flip),period3,(x,0,0),3,2,PREV,none<=12,
15,+1;flip,-1?1;flip,A=(+1;flip) B=(-1?1;flip),period3,(x,0,0),3,2,CFLIP,none<=12,
15,+1;flip,-1?1;flip,A=(+1;flip) B=(-1?1;flip),period3,(x,0,0),3,2,CNEXT,none<=12,
15,+1;flip,-1?1;flip,A=(+1;flip) B=(-1?1;flip),period3,(x,0,0),3,2,CPREV,none<=12,
15,+1;flip,-1?1;flip,A=(+1;flip) B=(-1?1;flip),period3,(0,0,x),3,0,FLIP,none<=12,
15,+1;flip,-1?1;flip,A=(+1;flip) B=(-1?1;flip),period3,(0,0,x),3,0,NEXT,BABAAABA,8
15,+1;flip,-1?1;flip,A=(+1;flip) B=(-1?1;flip),period3,(0,0,x),3,0,PREV,none<=12,
15,+1;flip,-1?1;flip,A=(+1;flip) B=(-1?1;flip),period3,(0,0,x),3,0,CFLIP,none<=12,
15,+1;flip,-1?1;flip,A=(+1;flip) B=(-1?1;flip),period3,(0,0,x),3,0,CNEXT,none<=12,
15,+1;flip,-1?1;flip,A=(+1;flip) B=(-1?1;flip),period3,(0,0,x),3,0,CPREV,none<=12,
15,+1;flip,-1?1;flip,A=(+1;flip) B=(-1?1;flip),period3,(0,0,x),3,1,FLIP,none<=12,
15,+1;flip,-1?1;flip,A=(+1;flip) B=(-1?1;flip),period3,(0,0,x),3,1,NEXT,AAABBBAA,8
15,+1;flip,-1?1;flip,A=(+1;flip) B=(-1?1;flip),period3,(0,0,x),3,1,PREV,none<=12,
15,+1;flip,-1?1;flip,A=(+1;flip) B=(-1?1;flip),period3,(0,0,x),3,1,CFLIP,none<=12,
15,+1;flip,-1?1;flip,A=(+1;flip) B=(-1?1;flip),period3,(0,0,x),3,1,CNEXT,none<=12,
15,+1;flip,-1?1;flip,A=(+1;flip) B=(-1?1;flip),period3,(0,0,x),3,1,CPREV,none<=12,
15,+1;flip,-1?1;flip,A=(+1;flip) B=(-1?1;flip),period3,(0,0,x),3,2,FLIP,none<=12,
15,+1;flip,-1?1;flip,A=(+1;flip) B=(-1?1;flip),period3,(0,0,x),3,2,NEXT,none<=12,
15,+1;flip,-1?1;flip,A=(+1;flip) B=(-1?1;flip),period3,(0,0,x),3,2,PREV,none<=12,
15,+1;flip,-1?1;flip,A=(+1;flip) B=(-1?1;flip),period3,(0,0,x),3,2,CFLIP,none<=12,
15,+1;flip,-1?1;flip,A=(+1;flip) B=(-1?1;flip),period3,(0,0,x),3,2,CNEXT,none<=12,
15,+1;flip,-1?1;flip,A=(+1;flip) B=(-1?1;flip),period3,(0,0,x),3,2,CPREV,none<=12,
15,+1;flip,-1?1;flip,A=(+1;flip) B=(-1?1;flip),period3,(0,x,0),3,0,FLIP,none<=12,
15,+1;flip,-1?1;flip,A=(+1;flip) B=(-1?1;flip),period3,(0,x,0),3,0,NEXT,AAABBBAA,8
15,+1;flip,-1?1;flip,A=(+1;flip) B=(-1?1;flip),period3,(0,x,0),3,0,PREV,none<=12,
15,+1;flip,-1?1;flip,A=(+1;flip) B=(-1?1;flip),period3,(0,x,0),3,0,CFLIP,none<=12,
15,+1;flip,-1?1;flip,A=(+1;flip) B=(-1?1;flip),period3,(0,x,0),3,0,CNEXT,none<=12,
15,+1;flip,-1?1;flip,A=(+1;flip) B=(-1?1;flip),period3,(0,x,0),3,0,CPREV,none<=12,
15,+1;flip,-1?1;flip,A=(+1;flip) B=(-1?1;flip),period3,(0,x,0),3,1,FLIP,none<=12,
15,+1;flip,-1?1;flip,A=(+1;flip) B=(-1?1;flip),period3,(0,x,0),3,1,NEXT,none<=12,
15,+1;flip,-1?1;flip,A=(+1;flip) B=(-1?1;flip),period3,(0,x,0),3,1,PREV,none<=12,
15,+1;flip,-1?1;flip,A=(+1;flip) B=(-1?1;flip),period3,(0,x,0),3,1,CFLIP,none<=12,
15,+1;flip,-1?1;flip,A=(+1;flip) B=(-1?1;flip),period3,(0,x,0),3,1,CNEXT,none<=12,
15,+1;flip,-1?1;flip,A=(+1;flip) B=(-1?1;flip),period3,(0,x,0),3,1,CPREV,none<=12,
15,+1;flip,-1?1;flip,A=(+1;flip) B=(-1?1;flip),period3,(0,x,0),3,2,FLIP,BBA,3
15,+1;flip,-1?1;flip,A=(+1;flip) B=(-1?1;flip),period3,(0,x,0),3,2,NEXT,BABAAABA,8
15,+1;flip,-1?1;flip,A=(+1;flip) B=(-1?1;flip),period3,(0,x,0),3,2,PREV,none<=12,
15,+1;flip,-1?1;flip,A=(+1;flip) B=(-1?1;flip),period3,(0,x,0),3,2,CFLIP,none<=12,
15,+1;flip,-1?1;flip,A=(+1;flip) B=(-1?1;flip),period3,(0,x,0),3,2,CNEXT,none<=12,
15,+1;flip,-1?1;flip,A=(+1;flip) B=(-1?1;flip),period3,(0,x,0),3,2,CPREV,none<=12,
15,+1;flip,-1?1;flip,A=(+1;flip) B=(-1?1;flip),period3,(x,1,1),3,0,FLIP,ABB,3
15,+1;flip,-1?1;flip,A=(+1;flip) B=(-1?1;flip),period3,(x,1,1),3,0,NEXT,ABABAABB,8
15,+1;flip,-1?1;flip,A=(+1;flip) B=(-1?1;flip),period3,(x,1,1),3,0,PREV,none<=12,
15,+1;flip,-1?1;flip,A=(+1;flip) B=(-1?1;flip),period3,(x,1,1),3,0,CFLIP,none<=12,
15,+1;flip,-1?1;flip,A=(+1;flip) B=(-1?1;flip),period3,(x,1,1),3,0,CNEXT,none<=12,
15,+1;flip,-1?1;flip,A=(+1;flip) B=(-1?1;flip),period3,(x,1,1),3,0,CPREV,BABBBABBBABB,12
15,+1;flip,-1?1;flip,A=(+1;flip) B=(-1?1;flip),period3,(x,1,1),3,1,FLIP,BAB,3
15,+1;flip,-1?1;flip,A=(+1;flip) B=(-1?1;flip),period3,(x,1,1),3,1,NEXT,ABAABBAB,8
15,+1;flip,-1?1;flip,A=(+1;flip) B=(-1?1;flip),period3,(x,1,1),3,1,PREV,none<=12,
15,+1;flip,-1?1;flip,A=(+1;flip) B=(-1?1;flip),period3,(x,1,1),3,1,CFLIP,none<=12,
15,+1;flip,-1?1;flip,A=(+1;flip) B=(-1?1;flip),period3,(x,1,1),3,1,CNEXT,none<=12,
15,+1;flip,-1?1;flip,A=(+1;flip) B=(-1?1;flip),period3,(x,1,1),3,1,CPREV,none<=12,
15,+1;flip,-1?1;flip,A=(+1;flip) B=(-1?1;flip),period3,(x,1,1),3,2,FLIP,BBBABAB,7
15,+1;flip,-1?1;flip,A=(+1;flip) B=(-1?1;flip),period3,(x,1,1),3,2,NEXT,AABBABAB,8
15,+1;flip,-1?1;flip,A=(+1;flip) B=(-1?1;flip),period3,(x,1,1),3,2,PREV,none<=12,
15,+1;flip,-1?1;flip,A=(+1;flip) B=(-1?1;flip),period3,(x,1,1),3,2,CFLIP,none<=12,
15,+1;flip,-1?1;flip,A=(+1;flip) B=(-1?1;flip),period3,(x,1,1),3,2,CNEXT,none<=12,
15,+1;flip,-1?1;flip,A=(+1;flip) B=(-1?1;flip),period3,(x,1,1),3,2,CPREV,none<=12,
15,+1;flip,-1?1;flip,A=(+1;flip) B=(-1?1;flip),period3,(1,1,x),3,0,FLIP,none<=12,
15,+1;flip,-1?1;flip,A=(+1;flip) B=(-1?1;flip),period3,(1,1,x),3,0,NEXT,ABAABBAB,8
15,+1;flip,-1?1;flip,A=(+1;flip) B=(-1?1;flip),period3,(1,1,x),3,0,PREV,none<=12,
15,+1;flip,-1?1;flip,A=(+1;flip) B=(-1?1;flip),period3,(1,1,x),3,0,CFLIP,none<=12,
15,+1;flip,-1?1;flip,A=(+1;flip) B=(-1?1;flip),period3,(1,1,x),3,0,CNEXT,none<=12,
15,+1;flip,-1?1;flip,A=(+1;flip) B=(-1?1;flip),period3,(1,1,x),3,0,CPREV,none<=12,
15,+1;flip,-1?1;flip,A=(+1;flip) B=(-1?1;flip),period3,(1,1,x),3,1,FLIP,none<=12,
15,+1;flip,-1?1;flip,A=(+1;flip) B=(-1?1;flip),period3,(1,1,x),3,1,NEXT,AABBABAB,8
15,+1;flip,-1?1;flip,A=(+1;flip) B=(-1?1;flip),period3,(1,1,x),3,1,PREV,none<=12,
15,+1;flip,-1?1;flip,A=(+1;flip) B=(-1?1;flip),period3,(1,1,x),3,1,CFLIP,none<=12,
15,+1;flip,-1?1;flip,A=(+1;flip) B=(-1?1;flip),period3,(1,1,x),3,1,CNEXT,none<=12,
15,+1;flip,-1?1;flip,A=(+1;flip) B=(-1?1;flip),period3,(1,1,x),3,1,CPREV,none<=12,
15,+1;flip,-1?1;flip,A=(+1;flip) B=(-1?1;flip),period3,(1,1,x),3,2,FLIP,ABB,3
15,+1;flip,-1?1;flip,A=(+1;flip) B=(-1?1;flip),period3,(1,1,x),3,2,NEXT,ABABAABB,8
15,+1;flip,-1?1;flip,A=(+1;flip) B=(-1?1;flip),period3,(1,1,x),3,2,PREV,none<=12,
15,+1;flip,-1?1;flip,A=(+1;flip) B=(-1?1;flip),period3,(1,1,x),3,2,CFLIP,none<=12,
15,+1;flip,-1?1;flip,A=(+1;flip) B=(-1?1;flip),period3,(1,1,x),3,2,CNEXT,none<=12,
15,+1;flip,-1?1;flip,A=(+1;flip) B=(-1?1;flip),period3,(1,1,x),3,2,CPREV,BABBBABBBABB,12
15,+1;flip,-1?1;flip,A=(+1;flip) B=(-1?1;flip),period3,(1,x,1),3,0,FLIP,none<=12,
15,+1;flip,-1?1;flip,A=(+1;flip) B=(-1?1;flip),period3,(1,x,1),3,0,NEXT,AABBABAB,8
15,+1;flip,-1?1;flip,A=(+1;flip) B=(-1?1;flip),period3,(1,x,1),3,0,PREV,none<=12,
15,+1;flip,-1?1;flip,A=(+1;flip) B=(-1?1;flip),period3,(1,x,1),3,0,CFLIP,none<=12,
15,+1;flip,-1?1;flip,A=(+1;flip) B=(-1?1;flip),period3,(1,x,1),3,0,CNEXT,none<=12,
15,+1;flip,-1?1;flip,A=(+1;flip) B=(-1?1;flip),period3,(1,x,1),3,0,CPREV,none<=12,
15,+1;flip,-1?1;flip,A=(+1;flip) B=(-1?1;flip),period3,(1,x,1),3,1,FLIP,ABB,3
15,+1;flip,-1?1;flip,A=(+1;flip) B=(-1?1;flip),period3,(1,x,1),3,1,NEXT,ABABAABB,8
15,+1;flip,-1?1;flip,A=(+1;flip) B=(-1?1;flip),period3,(1,x,1),3,1,PREV,none<=12,
15,+1;flip,-1?1;flip,A=(+1;flip) B=(-1?1;flip),period3,(1,x,1),3,1,CFLIP,none<=12,
15,+1;flip,-1?1;flip,A=(+1;flip) B=(-1?1;flip),period3,(1,x,1),3,1,CNEXT,none<=12,
15,+1;flip,-1?1;flip,A=(+1;flip) B=(-1?1;flip),period3,(1,x,1),3,1,CPREV,BABBBABBBABB,12
15,+1;flip,-1?1;flip,A=(+1;flip) B=(-1?1;flip),period3,(1,x,1),3,2,FLIP,BAB,3
15,+1;flip,-1?1;flip,A=(+1;flip) B=(-1?1;flip),period3,(1,x,1),3,2,NEXT,ABAABBAB,8
15,+1;flip,-1?1;flip,A=(+1;flip) B=(-1?1;flip),period3,(1,x,1),3,2,PREV,none<=12,
15,+1;flip,-1?1;flip,A=(+1;flip) B=(-1?1;flip),period3,(1,x,1),3,2,CFLIP,none<=12,
15,+1;flip,-1?1;flip,A=(+1;flip) B=(-1?1;flip),period3,(1,x,1),3,2,CNEXT,none<=12,
15,+1;flip,-1?1;flip,A=(+1;flip) B=(-1?1;flip),period3,(1,x,1),3,2,CPREV,none<=12,
16,+1?0,flip;-1,A=(+1?0) B=(flip;-1),none,(x),1,0,FLIP,none<=12,
16,+1?0,flip;-1,A=(+1?0) B=(flip;-1),none,(x),1,0,NEXT,none<=12,
16,+1?0,flip;-1,A=(+1?0) B=(flip;-1),none,(x),1,0,PREV,none<=12,
16,+1?0,flip;-1,A=(+1?0) B=(flip;-1),none,(x),1,0,CFLIP,none<=12,
16,+1?0,flip;-1,A=(+1?0) B=(flip;-1),none,(x),1,0,CNEXT,none<=12,
16,+1?0,flip;-1,A=(+1?0) B=(flip;-1),none,(x),1,0,CPREV,none<=12,
16,+1?0,flip;-1,A=(+1?0) B=(flip;-1),dual,(x,n),2,0,FLIP,none<=12,
16,+1?0,flip;-1,A=(+1?0) B=(flip;-1),dual,(x,n),2,0,NEXT,none<=12,
16,+1?0,flip;-1,A=(+1?0) B=(flip;-1),dual,(x,n),2,0,PREV,none<=12,
16,+1?0,flip;-1,A=(+1?0) B=(flip;-1),dual,(x,n),2,0,CFLIP,none<=12,
16,+1?0,flip;-1,A=(+1?0) B=(flip;-1),dual,(x,n),2,0,CNEXT,none<=12,
16,+1?0,flip;-1,A=(+1?0) B=(flip;-1),dual,(x,n),2,0,CPREV,none<=12,
16,+1?0,flip;-1,A=(+1?0) B=(flip;-1),dual,(x,n),2,1,FLIP,none<=12,
16,+1?0,flip;-1,A=(+1?0) B=(flip;-1),dual,(x,n),2,1,NEXT,none<=12,
16,+1?0,flip;-1,A=(+1?0) B=(flip;-1),dual,(x,n),2,1,PREV,none<=12,
16,+1?0,flip;-1,A=(+1?0) B=(flip;-1),dual,(x,n),2,1,CFLIP,none<=12,
16,+1?0,flip;-1,A=(+1?0) B=(flip;-1),dual,(x,n),2,1,CNEXT,none<=12,
16,+1?0,flip;-1,A=(+1?0) B=(flip;-1),dual,(x,n),2,1,CPREV,none<=12,
16,+1?0,flip;-1,A=(+1?0) B=(flip;-1),dual,(n,x),2,0,FLIP,none<=12,
16,+1?0,flip;-1,A=(+1?0) B=(flip;-1),dual,(n,x),2,0,NEXT,none<=12,
16,+1?0,flip;-1,A=(+1?0) B=(flip;-1),dual,(n,x),2,0,PREV,none<=12,
16,+1?0,flip;-1,A=(+1?0) B=(flip;-1),dual,(n,x),2,0,CFLIP,none<=12,
16,+1?0,flip;-1,A=(+1?0) B=(flip;-1),dual,(n,x),2,0,CNEXT,none<=12,
16,+1?0,flip;-1,A=(+1?0) B=(flip;-1),dual,(n,x),2,0,CPREV,none<=12,
16,+1?0,flip;-1,A=(+1?0) B=(flip;-1),dual,(n,x),2,1,FLIP,none<=12,
16,+1?0,flip;-1,A=(+1?0) B=(flip;-1),dual,(n,x),2,1,NEXT,none<=12,
16,+1?0,flip;-1,A=(+1?0) B=(flip;-1),dual,(n,x),2,1,PREV,none<=12,
16,+1?0,flip;-1,A=(+1?0) B=(flip;-1),dual,(n,x),2,1,CFLIP,none<=12,
16,+1?0,flip;-1,A=(+1?0) B=(flip;-1),dual,(n,x),2,1,CNEXT,none<=12,
16,+1?0,flip;-1,A=(+1?0) B=(flip;-1),dual,(n,x),2,1,CPREV,none<=12,
16,+1?0,flip;-1,A=(+1?0) B=(flip;-1),scratch,(x,1),2,0,FLIP,none<=12,
16,+1?0,flip;-1,A=(+1?0) B=(flip;-1),scratch,(x,1),2,0,NEXT,none<=12,
16,+1?0,flip;-1,A=(+1?0) B=(flip;-1),scratch,(x,1),2,0,PREV,none<=12,
16,+1?0,flip;-1,A=(+1?0) B=(flip;-1),scratch,(x,1),2,0,CFLIP,none<=12,
16,+1?0,flip;-1,A=(+1?0) B=(flip;-1),scratch,(x,1),2,0,CNEXT,none<=12,
16,+1?0,flip;-1,A=(+1?0) B=(flip;-1),scratch,(x,1),2,0,CPREV,none<=12,
16,+1?0,flip;-1,A=(+1?0) B=(flip;-1),scratch,(x,1),2,1,FLIP,none<=12,
16,+1?0,flip;-1,A=(+1?0) B=(flip;-1),scratch,(x,1),2,1,NEXT,none<=12,
16,+1?0,flip;-1,A=(+1?0) B=(flip;-1),scratch,(x,1),2,1,PREV,none<=12,
16,+1?0,flip;-1,A=(+1?0) B=(flip;-1),scratch,(x,1),2,1,CFLIP,none<=12,
16,+1?0,flip;-1,A=(+1?0) B=(flip;-1),scratch,(x,1),2,1,CNEXT,none<=12,
16,+1?0,flip;-1,A=(+1?0) B=(flip;-1),scratch,(x,1),2,1,CPREV,none<=12,
16,+1?0,flip;-1,A=(+1?0) B=(flip;-1),scratch,(1,x),2,0,FLIP,none<=12,
16,+1?0,flip;-1,A=(+1?0) B=(flip;-1),scratch,(1,x),2,0,NEXT,none<=12,
16,+1?0,flip;-1,A=(+1?0) B=(flip;-1),scratch,(1,x),2,0,PREV,none<=12,
16,+1?0,flip;-1,A=(+1?0) B=(flip;-1),scratch,(1,x),2,0,CFLIP,none<=12,
16,+1?0,flip;-1,A=(+1?0) B=(flip;-1),scratch,(1,x),2,0,CNEXT,none<=12,
16,+1?0,flip;-1,A=(+1?0) B=(flip;-1),scratch,(1,x),2,0,CPREV,none<=12,
16,+1?0,flip;-1,A=(+1?0) B=(flip;-1),scratch,(1,x),2,1,FLIP,none<=12,
16,+1?0,flip;-1,A=(+1?0) B=(flip;-1),scratch,(1,x),2,1,NEXT,none<=12,
16,+1?0,flip;-1,A=(+1?0) B=(flip;-1),scratch,(1,x),2,1,PREV,none<=12,
16,+1?0,flip;-1,A=(+1?0) B=(flip;-1),scratch,(1,x),2,1,CFLIP,none<=12,
16,+1?0,flip;-1,A=(+1?0) B=(flip;-1),scratch,(1,x),2,1,CNEXT,none<=12,
16,+1?0,flip;-1,A=(+1?0) B=(flip;-1),scratch,(1,x),2,1,CPREV,none<=12,
16,+1?0,flip;-1,A=(+1?0) B=(flip;-1),scratch,(x,0),2,0,FLIP,BA,2
16,+1?0,flip;-1,A=(+1?0) B=(flip;-1),scratch,(x,0),2,0,NEXT,none<=12,
16,+1?0,flip;-1,A=(+1?0) B=(flip;-1),scratch,(x,0),2,0,PREV,none<=12,
16,+1?0,flip;-1,A=(+1?0) B=(flip;-1),scratch,(x,0),2,0,CFLIP,none<=12,
16,+1?0,flip;-1,A=(+1?0) B=(flip;-1),scratch,(x,0),2,0,CNEXT,none<=12,
16,+1?0,flip;-1,A=(+1?0) B=(flip;-1),scratch,(x,0),2,0,CPREV,none<=12,
16,+1?0,flip;-1,A=(+1?0) B=(flip;-1),scratch,(x,0),2,1,FLIP,none<=12,
16,+1?0,flip;-1,A=(+1?0) B=(flip;-1),scratch,(x,0),2,1,NEXT,none<=12,
16,+1?0,flip;-1,A=(+1?0) B=(flip;-1),scratch,(x,0),2,1,PREV,none<=12,
16,+1?0,flip;-1,A=(+1?0) B=(flip;-1),scratch,(x,0),2,1,CFLIP,none<=12,
16,+1?0,flip;-1,A=(+1?0) B=(flip;-1),scratch,(x,0),2,1,CNEXT,none<=12,
16,+1?0,flip;-1,A=(+1?0) B=(flip;-1),scratch,(x,0),2,1,CPREV,none<=12,
16,+1?0,flip;-1,A=(+1?0) B=(flip;-1),scratch,(0,x),2,0,FLIP,AB,2
16,+1?0,flip;-1,A=(+1?0) B=(flip;-1),scratch,(0,x),2,0,NEXT,none<=12,
16,+1?0,flip;-1,A=(+1?0) B=(flip;-1),scratch,(0,x),2,0,PREV,none<=12,
16,+1?0,flip;-1,A=(+1?0) B=(flip;-1),scratch,(0,x),2,0,CFLIP,none<=12,
16,+1?0,flip;-1,A=(+1?0) B=(flip;-1),scratch,(0,x),2,0,CNEXT,none<=12,
16,+1?0,flip;-1,A=(+1?0) B=(flip;-1),scratch,(0,x),2,0,CPREV,none<=12,
16,+1?0,flip;-1,A=(+1?0) B=(flip;-1),scratch,(0,x),2,1,FLIP,BA,2
16,+1?0,flip;-1,A=(+1?0) B=(flip;-1),scratch,(0,x),2,1,NEXT,none<=12,
16,+1?0,flip;-1,A=(+1?0) B=(flip;-1),scratch,(0,x),2,1,PREV,none<=12,
16,+1?0,flip;-1,A=(+1?0) B=(flip;-1),scratch,(0,x),2,1,CFLIP,none<=12,
16,+1?0,flip;-1,A=(+1?0) B=(flip;-1),scratch,(0,x),2,1,CNEXT,none<=12,
16,+1?0,flip;-1,A=(+1?0) B=(flip;-1),scratch,(0,x),2,1,CPREV,none<=12,
16,+1?0,flip;-1,A=(+1?0) B=(flip;-1),period3,(x,0,1),3,0,FLIP,none<=12,
16,+1?0,flip;-1,A=(+1?0) B=(flip;-1),period3,(x,0,1),3,0,NEXT,none<=12,
16,+1?0,flip;-1,A=(+1?0) B=(flip;-1),period3,(x,0,1),3,0,PREV,none<=12,
16,+1?0,flip;-1,A=(+1?0) B=(flip;-1),period3,(x,0,1),3,0,CFLIP,none<=12,
16,+1?0,flip;-1,A=(+1?0) B=(flip;-1),period3,(x,0,1),3,0,CNEXT,none<=12,
16,+1?0,flip;-1,A=(+1?0) B=(flip;-1),period3,(x,0,1),3,0,CPREV,none<=12,
16,+1?0,flip;-1,A=(+1?0) B=(flip;-1),period3,(x,0,1),3,1,FLIP,none<=12,
16,+1?0,flip;-1,A=(+1?0) B=(flip;-1),period3,(x,0,1),3,1,NEXT,none<=12,
16,+1?0,flip;-1,A=(+1?0) B=(flip;-1),period3,(x,0,1),3,1,PREV,none<=12,
16,+1?0,flip;-1,A=(+1?0) B=(flip;-1),period3,(x,0,1),3,1,CFLIP,none<=12,
16,+1?0,flip;-1,A=(+1?0) B=(flip;-1),period3,(x,0,1),3,1,CNEXT,none<=12,
16,+1?0,flip;-1,A=(+1?0) B=(flip;-1),period3,(x,0,1),3,1,CPREV,none<=12,
16,+1?0,flip;-1,A=(+1?0) B=(flip;-1),period3,(x,0,1),3,2,FLIP,none<=12,
16,+1?0,flip;-1,A=(+1?0) B=(flip;-1),period3,(x,0,1),3,2,NEXT,none<=12,
16,+1?0,flip;-1,A=(+1?0) B=(flip;-1),period3,(x,0,1),3,2,PREV,none<=12,
16,+1?0,flip;-1,A=(+1?0) B=(flip;-1),period3,(x,0,1),3,2,CFLIP,none<=12,
16,+1?0,flip;-1,A=(+1?0) B=(flip;-1),period3,(x,0,1),3,2,CNEXT,none<=12,
16,+1?0,flip;-1,A=(+1?0) B=(flip;-1),period3,(x,0,1),3,2,CPREV,none<=12,
16,+1?0,flip;-1,A=(+1?0) B=(flip;-1),period3,(0,1,x),3,0,FLIP,ABAABB,6
16,+1?0,flip;-1,A=(+1?0) B=(flip;-1),period3,(0,1,x),3,0,NEXT,none<=12,
16,+1?0,flip;-1,A=(+1?0) B=(flip;-1),period3,(0,1,x),3,0,PREV,none<=12,
16,+1?0,flip;-1,A=(+1?0) B=(flip;-1),period3,(0,1,x),3,0,CFLIP,none<=12,
16,+1?0,flip;-1,A=(+1?0) B=(flip;-1),period3,(0,1,x),3,0,CNEXT,none<=12,
16,+1?0,flip;-1,A=(+1?0) B=(flip;-1),period3,(0,1,x),3,0,CPREV,none<=12,
16,+1?0,flip;-1,A=(+1?0) B=(flip;-1),period3,(0,1,x),3,1,FLIP,BAABBA,6
16,+1?0,flip;-1,A=(+1?0) B=(flip;-1),period3,(0,1,x),3,1,NEXT,none<=12,
16,+1?0,flip;-1,A=(+1?0) B=(flip;-1),period3,(0,1,x),3,1,PREV,none<=12,
16,+1?0,flip;-1,A=(+1?0) B=(flip;-1),period3,(0,1,x),3,1,CFLIP,none<=12,
16,+1?0,flip;-1,A=(+1?0) B=(flip;-1),period3,(0,1,x),3,1,CNEXT,none<=12,
16,+1?0,flip;-1,A=(+1?0) B=(flip;-1),period3,(0,1,x),3,1,CPREV,none<=12,
16,+1?0,flip;-1,A=(+1?0) B=(flip;-1),period3,(0,1,x),3,2,FLIP,none<=12,
16,+1?0,flip;-1,A=(+1?0) B=(flip;-1),period3,(0,1,x),3,2,NEXT,none<=12,
16,+1?0,flip;-1,A=(+1?0) B=(flip;-1),period3,(0,1,x),3,2,PREV,none<=12,
16,+1?0,flip;-1,A=(+1?0) B=(flip;-1),period3,(0,1,x),3,2,CFLIP,none<=12,
16,+1?0,flip;-1,A=(+1?0) B=(flip;-1),period3,(0,1,x),3,2,CNEXT,none<=12,
16,+1?0,flip;-1,A=(+1?0) B=(flip;-1),period3,(0,1,x),3,2,CPREV,none<=12,
16,+1?0,flip;-1,A=(+1?0) B=(flip;-1),period3,(1,x,0),3,0,FLIP,BAABBA,6
16,+1?0,flip;-1,A=(+1?0) B=(flip;-1),period3,(1,x,0),3,0,NEXT,none<=12,
16,+1?0,flip;-1,A=(+1?0) B=(flip;-1),period3,(1,x,0),3,0,PREV,none<=12,
16,+1?0,flip;-1,A=(+1?0) B=(flip;-1),period3,(1,x,0),3,0,CFLIP,none<=12,
16,+1?0,flip;-1,A=(+1?0) B=(flip;-1),period3,(1,x,0),3,0,CNEXT,none<=12,
16,+1?0,flip;-1,A=(+1?0) B=(flip;-1),period3,(1,x,0),3,0,CPREV,none<=12,
16,+1?0,flip;-1,A=(+1?0) B=(flip;-1),period3,(1,x,0),3,1,FLIP,none<=12,
16,+1?0,flip;-1,A=(+1?0) B=(flip;-1),period3,(1,x,0),3,1,NEXT,none<=12,
16,+1?0,flip;-1,A=(+1?0) B=(flip;-1),period3,(1,x,0),3,1,PREV,none<=12,
16,+1?0,flip;-1,A=(+1?0) B=(flip;-1),period3,(1,x,0),3,1,CFLIP,none<=12,
16,+1?0,flip;-1,A=(+1?0) B=(flip;-1),period3,(1,x,0),3,1,CNEXT,none<=12,
16,+1?0,flip;-1,A=(+1?0) B=(flip;-1),period3,(1,x,0),3,1,CPREV,none<=12,
16,+1?0,flip;-1,A=(+1?0) B=(flip;-1),period3,(1,x,0),3,2,FLIP,none<=12,
16,+1?0,flip;-1,A=(+1?0) B=(flip;-1),period3,(1,x,0),3,2,NEXT,none<=12,
16,+1?0,flip;-1,A=(+1?0) B=(flip;-1),period3,(1,x,0),3,2,PREV,none<=12,
16,+1?0,flip;-1,A=(+1?0) B=(flip;-1),period3,(1,x,0),3,2,CFLIP,none<=12,
16,+1?0,flip;-1,A=(+1?0) B=(flip;-1),period3,(1,x,0),3,2,CNEXT,none<=12,
16,+1?0,flip;-1,A=(+1?0) B=(flip;-1),period3,(1,x,0),3,2,CPREV,none<=12,
16,+1?0,flip;-1,A=(+1?0) B=(flip;-1),period3,(x,1,0),3,0,FLIP,BA,2
16,+1?0,flip;-1,A=(+1?0) B=(flip;-1),period3,(x,1,0),3,0,NEXT,none<=12,
16,+1?0,flip;-1,A=(+1?0) B=(flip;-1),period3,(x,1,0),3,0,PREV,none<=12,
16,+1?0,flip;-1,A=(+1?0) B=(flip;-1),period3,(x,1,0),3,0,CFLIP,none<=12,
16,+1?0,flip;-1,A=(+1?0) B=(flip;-1),period3,(x,1,0),3,0,CNEXT,none<=12,
16,+1?0,flip;-1,A=(+1?0) B=(flip;-1),period3,(x,1,0),3,0,CPREV,none<=12,
16,+1?0,flip;-1,A=(+1?0) B=(flip;-1),period3,(x,1,0),3,1,FLIP,none<=12,
16,+1?0,flip;-1,A=(+1?0) B=(flip;-1),period3,(x,1,0),3,1,NEXT,none<=12,
16,+1?0,flip;-1,A=(+1?0) B=(flip;-1),period3,(x,1,0),3,1,PREV,none<=12,
16,+1?0,flip;-1,A=(+1?0) B=(flip;-1),period3,(x,1,0),3,1,CFLIP,none<=12,
16,+1?0,flip;-1,A=(+1?0) B=(flip;-1),period3,(x,1,0),3,1,CNEXT,none<=12,
16,+1?0,flip;-1,A=(+1?0) B=(flip;-1),period3,(x,1,0),3,1,CPREV,none<=12,
16,+1?0,flip;-1,A=(+1?0) B=(flip;-1),period3,(x,1,0),3,2,FLIP,none<=12,
16,+1?0,flip;-1,A=(+1?0) B=(flip;-1),period3,(x,1,0),3,2,NEXT,none<=12,
16,+1?0,flip;-1,A=(+1?0) B=(flip;-1),period3,(x,1,0),3,2,PREV,none<=12,
16,+1?0,flip;-1,A=(+1?0) B=(flip;-1),period3,(x,1,0),3,2,CFLIP,none<=12,
16,+1?0,flip;-1,A=(+1?0) B=(flip;-1),period3,(x,1,0),3,2,CNEXT,none<=12,
16,+1?0,flip;-1,A=(+1?0) B=(flip;-1),period3,(x,1,0),3,2,CPREV,none<=12,
16,+1?0,flip;-1,A=(+1?0) B=(flip;-1),period3,(1,0,x),3,0,FLIP,none<=12,
16,+1?0,flip;-1,A=(+1?0) B=(flip;-1),period3,(1,0,x),3,0,NEXT,none<=12,
16,+1?0,flip;-1,A=(+1?0) B=(flip;-1),period3,(1,0,x),3,0,PREV,none<=12,
16,+1?0,flip;-1,A=(+1?0) B=(flip;-1),period3,(1,0,x),3,0,CFLIP,none<=12,
16,+1?0,flip;-1,A=(+1?0) B=(flip;-1),period3,(1,0,x),3,0,CNEXT,none<=12,
16,+1?0,flip;-1,A=(+1?0) B=(flip;-1),period3,(1,0,x),3,0,CPREV,none<=12,
16,+1?0,flip;-1,A=(+1?0) B=(flip;-1),period3,(1,0,x),3,1,FLIP,AB,2
16,+1?0,flip;-1,A=(+1?0) B=(flip;-1),period3,(1,0,x),3,1,NEXT,none<=12,
16,+1?0,flip;-1,A=(+1?0) B=(flip;-1),period3,(1,0,x),3,1,PREV,none<=12,
16,+1?0,flip;-1,A=(+1?0) B=(flip;-1),period3,(1,0,x),3,1,CFLIP,none<=12,
16,+1?0,flip;-1,A=(+1?0) B=(flip;-1),period3,(1,0,x),3,1,CNEXT,none<=12,
16,+1?0,flip;-1,A=(+1?0) B=(flip;-1),period3,(1,0,x),3,1,CPREV,none<=12,
16,+1?0,flip;-1,A=(+1?0) B=(flip;-1),period3,(1,0,x),3,2,FLIP,BA,2
16,+1?0,flip;-1,A=(+1?0) B=(flip;-1),period3,(1,0,x),3,2,NEXT,none<=12,
16,+1?0,flip;-1,A=(+1?0) B=(flip;-1),period3,(1,0,x),3,2,PREV,none<=12,
16,+1?0,flip;-1,A=(+1?0) B=(flip;-1),period3,(1,0,x),3,2,CFLIP,none<=12,
16,+1?0,flip;-1,A=(+1?0) B=(flip;-1),period3,(1,0,x),3,2,CNEXT,none<=12,
16,+1?0,flip;-1,A=(+1?0) B=(flip;-1),period3,(1,0,x),3,2,CPREV,none<=12,
16,+1?0,flip;-1,A=(+1?0) B=(flip;-1),period3,(0,x,1),3,0,FLIP,AB,2
16,+1?0,flip;-1,A=(+1?0) B=(flip;-1),period3,(0,x,1),3,0,NEXT,none<=12,
16,+1?0,flip;-1,A=(+1?0) B=(flip;-1),period3,(0,x,1),3,0,PREV,none<=12,
16,+1?0,flip;-1,A=(+1?0) B=(flip;-1),period3,(0,x,1),3,0,CFLIP,none<=12,
16,+1?0,flip;-1,A=(+1?0) B=(flip;-1),period3,(0,x,1),3,0,CNEXT,none<=12,
16,+1?0,flip;-1,A=(+1?0) B=(flip;-1),period3,(0,x,1),3,0,CPREV,none<=12,
16,+1?0,flip;-1,A=(+1?0) B=(flip;-1),period3,(0,x,1),3,1,FLIP,BA,2
16,+1?0,flip;-1,A=(+1?0) B=(flip;-1),period3,(0,x,1),3,1,NEXT,none<=12,
16,+1?0,flip;-1,A=(+1?0) B=(flip;-1),period3,(0,x,1),3,1,PREV,none<=12,
16,+1?0,flip;-1,A=(+1?0) B=(flip;-1),period3,(0,x,1),3,1,CFLIP,none<=12,
16,+1?0,flip;-1,A=(+1?0) B=(flip;-1),period3,(0,x,1),3,1,CNEXT,none<=12,
16,+1?0,flip;-1,A=(+1?0) B=(flip;-1),period3,(0,x,1),3,1,CPREV,none<=12,
16,+1?0,flip;-1,A=(+1?0) B=(flip;-1),period3,(0,x,1),3,2,FLIP,none<=12,
16,+1?0,flip;-1,A=(+1?0) B=(flip;-1),period3,(0,x,1),3,2,NEXT,none<=12,
16,+1?0,flip;-1,A=(+1?0) B=(flip;-1),period3,(0,x,1),3,2,PREV,none<=12,
16,+1?0,flip;-1,A=(+1?0) B=(flip;-1),period3,(0,x,1),3,2,CFLIP,none<=12,
16,+1?0,flip;-1,A=(+1?0) B=(flip;-1),period3,(0,x,1),3,2,CNEXT,none<=12,
16,+1?0,flip;-1,A=(+1?0) B=(flip;-1),period3,(0,x,1),3,2,CPREV,none<=12,
16,+1?0,flip;-1,A=(+1?0) B=(flip;-1),period3,(x,0,0),3,0,FLIP,BA,2
16,+1?0,flip;-1,A=(+1?0) B=(flip;-1),period3,(x,0,0),3,0,NEXT,none<=12,
16,+1?0,flip;-1,A=(+1?0) B=(flip;-1),period3,(x,0,0),3,0,PREV,none<=12,
16,+1?0,flip;-1,A=(+1?0) B=(flip;-1),period3,(x,0,0),3,0,CFLIP,none<=12,
16,+1?0,flip;-1,A=(+1?0) B=(flip;-1),period3,(x,0,0),3,0,CNEXT,none<=12,
16,+1?0,flip;-1,A=(+1?0) B=(flip;-1),period3,(x,0,0),3,0,CPREV,none<=12,
16,+1?0,flip;-1,A=(+1?0) B=(flip;-1),period3,(x,0,0),3,1,FLIP,none<=12,
16,+1?0,flip;-1,A=(+1?0) B=(flip;-1),period3,(x,0,0),3,1,NEXT,none<=12,
16,+1?0,flip;-1,A=(+1?0) B=(flip;-1),period3,(x,0,0),3,1,PREV,none<=12,
16,+1?0,flip;-1,A=(+1?0) B=(flip;-1),period3,(x,0,0),3,1,CFLIP,none<=12,
16,+1?0,flip;-1,A=(+1?0) B=(flip;-1),period3,(x,0,0),3,1,CNEXT,none<=12,
16,+1?0,flip;-1,A=(+1?0) B=(flip;-1),period3,(x,0,0),3,1,CPREV,none<=12,
16,+1?0,flip;-1,A=(+1?0) B=(flip;-1),period3,(x,0,0),3,2,FLIP,none<=12,
16,+1?0,flip;-1,A=(+1?0) B=(flip;-1),period3,(x,0,0),3,2,NEXT,none<=12,
16,+1?0,flip;-1,A=(+1?0) B=(flip;-1),period3,(x,0,0),3,2,PREV,none<=12,
16,+1?0,flip;-1,A=(+1?0) B=(flip;-1),period3,(x,0,0),3,2,CFLIP,none<=12,
16,+1?0,flip;-1,A=(+1?0) B=(flip;-1),period3,(x,0,0),3,2,CNEXT,none<=12,
16,+1?0,flip;-1,A=(+1?0) B=(flip;-1),period3,(x,0,0),3,2,CPREV,none<=12,
16,+1?0,flip;-1,A=(+1?0) B=(flip;-1),period3,(0,0,x),3,0,FLIP,AABBAB,6
16,+1?0,flip;-1,A=(+1?0) B=(flip;-1),period3,(0,0,x),3,0,NEXT,none<=12,
16,+1?0,flip;-1,A=(+1?0) B=(flip;-1),period3,(0,0,x),3,0,PREV,none<=12,
16,+1?0,flip;-1,A=(+1?0) B=(flip;-1),period3,(0,0,x),3,0,CFLIP,none<=12,
16,+1?0,flip;-1,A=(+1?0) B=(flip;-1),period3,(0,0,x),3,0,CNEXT,none<=12,
16,+1?0,flip;-1,A=(+1?0) B=(flip;-1),period3,(0,0,x),3,0,CPREV,none<=12,
16,+1?0,flip;-1,A=(+1?0) B=(flip;-1),period3,(0,0,x),3,1,FLIP,AB,2
16,+1?0,flip;-1,A=(+1?0) B=(flip;-1),period3,(0,0,x),3,1,NEXT,none<=12,
16,+1?0,flip;-1,A=(+1?0) B=(flip;-1),period3,(0,0,x),3,1,PREV,none<=12,
16,+1?0,flip;-1,A=(+1?0) B=(flip;-1),period3,(0,0,x),3,1,CFLIP,none<=12,
16,+1?0,flip;-1,A=(+1?0) B=(flip;-1),period3,(0,0,x),3,1,CNEXT,none<=12,
16,+1?0,flip;-1,A=(+1?0) B=(flip;-1),period3,(0,0,x),3,1,CPREV,none<=12,
16,+1?0,flip;-1,A=(+1?0) B=(flip;-1),period3,(0,0,x),3,2,FLIP,BA,2
16,+1?0,flip;-1,A=(+1?0) B=(flip;-1),period3,(0,0,x),3,2,NEXT,none<=12,
16,+1?0,flip;-1,A=(+1?0) B=(flip;-1),period3,(0,0,x),3,2,PREV,none<=12,
16,+1?0,flip;-1,A=(+1?0) B=(flip;-1),period3,(0,0,x),3,2,CFLIP,none<=12,
16,+1?0,flip;-1,A=(+1?0) B=(flip;-1),period3,(0,0,x),3,2,CNEXT,none<=12,
16,+1?0,flip;-1,A=(+1?0) B=(flip;-1),period3,(0,0,x),3,2,CPREV,none<=12,
16,+1?0,flip;-1,A=(+1?0) B=(flip;-1),period3,(0,x,0),3,0,FLIP,AB,2
16,+1?0,flip;-1,A=(+1?0) B=(flip;-1),period3,(0,x,0),3,0,NEXT,none<=12,
16,+1?0,flip;-1,A=(+1?0) B=(flip;-1),period3,(0,x,0),3,0,PREV,none<=12,
16,+1?0,flip;-1,A=(+1?0) B=(flip;-1),period3,(0,x,0),3,0,CFLIP,none<=12,
16,+1?0,flip;-1,A=(+1?0) B=(flip;-1),period3,(0,x,0),3,0,CNEXT,none<=12,
16,+1?0,flip;-1,A=(+1?0) B=(flip;-1),period3,(0,x,0),3,0,CPREV,none<=12,
16,+1?0,flip;-1,A=(+1?0) B=(flip;-1),period3,(0,x,0),3,1,FLIP,BA,2
16,+1?0,flip;-1,A=(+1?0) B=(flip;-1),period3,(0,x,0),3,1,NEXT,none<=12,
16,+1?0,flip;-1,A=(+1?0) B=(flip;-1),period3,(0,x,0),3,1,PREV,none<=12,
16,+1?0,flip;-1,A=(+1?0) B=(flip;-1),period3,(0,x,0),3,1,CFLIP,none<=12,
16,+1?0,flip;-1,A=(+1?0) B=(flip;-1),period3,(0,x,0),3,1,CNEXT,none<=12,
16,+1?0,flip;-1,A=(+1?0) B=(flip;-1),period3,(0,x,0),3,1,CPREV,none<=12,
16,+1?0,flip;-1,A=(+1?0) B=(flip;-1),period3,(0,x,0),3,2,FLIP,none<=12,
16,+1?0,flip;-1,A=(+1?0) B=(flip;-1),period3,(0,x,0),3,2,NEXT,none<=12,
16,+1?0,flip;-1,A=(+1?0) B=(flip;-1),period3,(0,x,0),3,2,PREV,none<=12,
16,+1?0,flip;-1,A=(+1?0) B=(flip;-1),period3,(0,x,0),3,2,CFLIP,none<=12,
16,+1?0,flip;-1,A=(+1?0) B=(flip;-1),period3,(0,x,0),3,2,CNEXT,none<=12,
16,+1?0,flip;-1,A=(+1?0) B=(flip;-1),period3,(0,x,0),3,2,CPREV,none<=12,
16,+1?0,flip;-1,A=(+1?0) B=(flip;-1),period3,(x,1,1),3,0,FLIP,none<=12,
16,+1?0,flip;-1,A=(+1?0) B=(flip;-1),period3,(x,1,1),3,0,NEXT,none<=12,
16,+1?0,flip;-1,A=(+1?0) B=(flip;-1),period3,(x,1,1),3,0,PREV,none<=12,
16,+1?0,flip;-1,A=(+1?0) B=(flip;-1),period3,(x,1,1),3,0,CFLIP,none<=12,
16,+1?0,flip;-1,A=(+1?0) B=(flip;-1),period3,(x,1,1),3,0,CNEXT,none<=12,
16,+1?0,flip;-1,A=(+1?0) B=(flip;-1),period3,(x,1,1),3,0,CPREV,none<=12,
16,+1?0,flip;-1,A=(+1?0) B=(flip;-1),period3,(x,1,1),3,1,FLIP,none<=12,
16,+1?0,flip;-1,A=(+1?0) B=(flip;-1),period3,(x,1,1),3,1,NEXT,none<=12,
16,+1?0,flip;-1,A=(+1?0) B=(flip;-1),period3,(x,1,1),3,1,PREV,none<=12,
16,+1?0,flip;-1,A=(+1?0) B=(flip;-1),period3,(x,1,1),3,1,CFLIP,none<=12,
16,+1?0,flip;-1,A=(+1?0) B=(flip;-1),period3,(x,1,1),3,1,CNEXT,none<=12,
16,+1?0,flip;-1,A=(+1?0) B=(flip;-1),period3,(x,1,1),3,1,CPREV,none<=12,
16,+1?0,flip;-1,A=(+1?0) B=(flip;-1),period3,(x,1,1),3,2,FLIP,none<=12,
16,+1?0,flip;-1,A=(+1?0) B=(flip;-1),period3,(x,1,1),3,2,NEXT,none<=12,
16,+1?0,flip;-1,A=(+1?0) B=(flip;-1),period3,(x,1,1),3,2,PREV,none<=12,
16,+1?0,flip;-1,A=(+1?0) B=(flip;-1),period3,(x,1,1),3,2,CFLIP,none<=12,
16,+1?0,flip;-1,A=(+1?0) B=(flip;-1),period3,(x,1,1),3,2,CNEXT,none<=12,
16,+1?0,flip;-1,A=(+1?0) B=(flip;-1),period3,(x,1,1),3,2,CPREV,none<=12,
16,+1?0,flip;-1,A=(+1?0) B=(flip;-1),period3,(1,1,x),3,0,FLIP,none<=12,
16,+1?0,flip;-1,A=(+1?0) B=(flip;-1),period3,(1,1,x),3,0,NEXT,none<=12,
16,+1?0,flip;-1,A=(+1?0) B=(flip;-1),period3,(1,1,x),3,0,PREV,none<=12,
16,+1?0,flip;-1,A=(+1?0) B=(flip;-1),period3,(1,1,x),3,0,CFLIP,none<=12,
16,+1?0,flip;-1,A=(+1?0) B=(flip;-1),period3,(1,1,x),3,0,CNEXT,none<=12,
16,+1?0,flip;-1,A=(+1?0) B=(flip;-1),period3,(1,1,x),3,0,CPREV,none<=12,
16,+1?0,flip;-1,A=(+1?0) B=(flip;-1),period3,(1,1,x),3,1,FLIP,none<=12,
16,+1?0,flip;-1,A=(+1?0) B=(flip;-1),period3,(1,1,x),3,1,NEXT,none<=12,
16,+1?0,flip;-1,A=(+1?0) B=(flip;-1),period3,(1,1,x),3,1,PREV,none<=12,
16,+1?0,flip;-1,A=(+1?0) B=(flip;-1),period3,(1,1,x),3,1,CFLIP,none<=12,
16,+1?0,flip;-1,A=(+1?0) B=(flip;-1),period3,(1,1,x),3,1,CNEXT,none<=12,
16,+1?0,flip;-1,A=(+1?0) B=(flip;-1),period3,(1,1,x),3,1,CPREV,none<=12,
16,+1?0,flip;-1,A=(+1?0) B=(flip;-1),period3,(1,1,x),3,2,FLIP,none<=12,
16,+1?0,flip;-1,A=(+1?0) B=(flip;-1),period3,(1,1,x),3,2,NEXT,none<=12,
16,+1?0,flip;-1,A=(+1?0) B=(flip;-1),period3,(1,1,x),3,2,PREV,none<=12,
16,+1?0,flip;-1,A=(+1?0) B=(flip;-1),period3,(1,1,x),3,2,CFLIP,none<=12,
16,+1?0,flip;-1,A=(+1?0) B=(flip;-1),period3,(1,1,x),3,2,CNEXT,none<=12,
16,+1?0,flip;-1,A=(+1?0) B=(flip;-1),period3,(1,1,x),3,2,CPREV,none<=12,
16,+1?0,flip;-1,A=(+1?0) B=(flip;-1),period3,(1,x,1),3,0,FLIP,none<=12,
16,+1?0,flip;-1,A=(+1?0) B=(flip;-1),period3,(1,x,1),3,0,NEXT,none<=12,
16,+1?0,flip;-1,A=(+1?0) B=(flip;-1),period3,(1,x,1),3,0,PREV,none<=12,
16,+1?0,flip;-1,A=(+1?0) B=(flip;-1),period3,(1,x,1),3,0,CFLIP,none<=12,
16,+1?0,flip;-1,A=(+1?0) B=(flip;-1),period3,(1,x,1),3,0,CNEXT,none<=12,
16,+1?0,flip;-1,A=(+1?0) B=(flip;-1),period3,(1,x,1),3,0,CPREV,none<=12,
16,+1?0,flip;-1,A=(+1?0) B=(flip;-1),period3,(1,x,1),3,1,FLIP,none<=12,
16,+1?0,flip;-1,A=(+1?0) B=(flip;-1),period3,(1,x,1),3,1,NEXT,none<=12,
16,+1?0,flip;-1,A=(+1?0) B=(flip;-1),period3,(1,x,1),3,1,PREV,none<=12,
16,+1?0,flip;-1,A=(+1?0) B=(flip;-1),period3,(1,x,1),3,1,CFLIP,none<=12,
16,+1?0,flip;-1,A=(+1?0) B=(flip;-1),period3,(1,x,1),3,1,CNEXT,none<=12,
16,+1?0,flip;-1,A=(+1?0) B=(flip;-1),period3,(1,x,1),3,1,CPREV,none<=12,
16,+1?0,flip;-1,A=(+1?0) B=(flip;-1),period3,(1,x,1),3,2,FLIP,none<=12,
16,+1?0,flip;-1,A=(+1?0) B=(flip;-1),period3,(1,x,1),3,2,NEXT,none<=12,
16,+1?0,flip;-1,A=(+1?0) B=(flip;-1),period3,(1,x,1),3,2,PREV,none<=12,
16,+1?0,flip;-1,A=(+1?0) B=(flip;-1),period3,(1,x,1),3,2,CFLIP,none<=12,
16,+1?0,flip;-1,A=(+1?0) B=(flip;-1),period3,(1,x,1),3,2,CNEXT,none<=12,
16,+1?0,flip;-1,A=(+1?0) B=(flip;-1),period3,(1,x,1),3,2,CPREV,none<=12,
17,+1?0,-1;flip,A=(+1?0) B=(-1;flip),none,(x),1,0,FLIP,none<=12,
17,+1?0,-1;flip,A=(+1?0) B=(-1;flip),none,(x),1,0,NEXT,none<=12,
17,+1?0,-1;flip,A=(+1?0) B=(-1;flip),none,(x),1,0,PREV,none<=12,
17,+1?0,-1;flip,A=(+1?0) B=(-1;flip),none,(x),1,0,CFLIP,none<=12,
17,+1?0,-1;flip,A=(+1?0) B=(-1;flip),none,(x),1,0,CNEXT,none<=12,
17,+1?0,-1;flip,A=(+1?0) B=(-1;flip),none,(x),1,0,CPREV,none<=12,
17,+1?0,-1;flip,A=(+1?0) B=(-1;flip),dual,(x,n),2,0,FLIP,none<=12,
17,+1?0,-1;flip,A=(+1?0) B=(-1;flip),dual,(x,n),2,0,NEXT,none<=12,
17,+1?0,-1;flip,A=(+1?0) B=(-1;flip),dual,(x,n),2,0,PREV,none<=12,
17,+1?0,-1;flip,A=(+1?0) B=(-1;flip),dual,(x,n),2,0,CFLIP,none<=12,
17,+1?0,-1;flip,A=(+1?0) B=(-1;flip),dual,(x,n),2,0,CNEXT,none<=12,
17,+1?0,-1;flip,A=(+1?0) B=(-1;flip),dual,(x,n),2,0,CPREV,none<=12,
17,+1?0,-1;flip,A=(+1?0) B=(-1;flip),dual,(x,n),2,1,FLIP,none<=12,
17,+1?0,-1;flip,A=(+1?0) B=(-1;flip),dual,(x,n),2,1,NEXT,none<=12,
17,+1?0,-1;flip,A=(+1?0) B=(-1;flip),dual,(x,n),2,1,PREV,none<=12,
17,+1?0,-1;flip,A=(+1?0) B=(-1;flip),dual,(x,n),2,1,CFLIP,none<=12,
17,+1?0,-1;flip,A=(+1?0) B=(-1;flip),dual,(x,n),2,1,CNEXT,none<=12,
17,+1?0,-1;flip,A=(+1?0) B=(-1;flip),dual,(x,n),2,1,CPREV,none<=12,
17,+1?0,-1;flip,A=(+1?0) B=(-1;flip),dual,(n,x),2,0,FLIP,none<=12,
17,+1?0,-1;flip,A=(+1?0) B=(-1;flip),dual,(n,x),2,0,NEXT,none<=12,
17,+1?0,-1;flip,A=(+1?0) B=(-1;flip),dual,(n,x),2,0,PREV,none<=12,
17,+1?0,-1;flip,A=(+1?0) B=(-1;flip),dual,(n,x),2,0,CFLIP,none<=12,
17,+1?0,-1;flip,A=(+1?0) B=(-1;flip),dual,(n,x),2,0,CNEXT,none<=12,
17,+1?0,-1;flip,A=(+1?0) B=(-1;flip),dual,(n,x),2,0,CPREV,none<=12,
17,+1?0,-1;flip,A=(+1?0) B=(-1;flip),dual,(n,x),2,1,FLIP,none<=12,
17,+1?0,-1;flip,A=(+1?0) B=(-1;flip),dual,(n,x),2,1,NEXT,none<=12,
17,+1?0,-1;flip,A=(+1?0) B=(-1;flip),dual,(n,x),2,1,PREV,none<=12,
17,+1?0,-1;flip,A=(+1?0) B=(-1;flip),dual,(n,x),2,1,CFLIP,none<=12,
17,+1?0,-1;flip,A=(+1?0) B=(-1;flip),dual,(n,x),2,1,CNEXT,none<=12,
17,+1?0,-1;flip,A=(+1?0) B=(-1;flip),dual,(n,x),2,1,CPREV,none<=12,
17,+1?0,-1;flip,A=(+1?0) B=(-1;flip),scratch,(x,1),2,0,FLIP,none<=12,
17,+1?0,-1;flip,A=(+1?0) B=(-1;flip),scratch,(x,1),2,0,NEXT,none<=12,
17,+1?0,-1;flip,A=(+1?0) B=(-1;flip),scratch,(x,1),2,0,PREV,none<=12,
17,+1?0,-1;flip,A=(+1?0) B=(-1;flip),scratch,(x,1),2,0,CFLIP,none<=12,
17,+1?0,-1;flip,A=(+1?0) B=(-1;flip),scratch,(x,1),2,0,CNEXT,none<=12,
17,+1?0,-1;flip,A=(+1?0) B=(-1;flip),scratch,(x,1),2,0,CPREV,none<=12,
17,+1?0,-1;flip,A=(+1?0) B=(-1;flip),scratch,(x,1),2,1,FLIP,none<=12,
17,+1?0,-1;flip,A=(+1?0) B=(-1;flip),scratch,(x,1),2,1,NEXT,none<=12,
17,+1?0,-1;flip,A=(+1?0) B=(-1;flip),scratch,(x,1),2,1,PREV,none<=12,
17,+1?0,-1;flip,A=(+1?0) B=(-1;flip),scratch,(x,1),2,1,CFLIP,none<=12,
17,+1?0,-1;flip,A=(+1?0) B=(-1;flip),scratch,(x,1),2,1,CNEXT,none<=12,
17,+1?0,-1;flip,A=(+1?0) B=(-1;flip),scratch,(x,1),2,1,CPREV,none<=12,
17,+1?0,-1;flip,A=(+1?0) B=(-1;flip),scratch,(1,x),2,0,FLIP,none<=12,
17,+1?0,-1;flip,A=(+1?0) B=(-1;flip),scratch,(1,x),2,0,NEXT,none<=12,
17,+1?0,-1;flip,A=(+1?0) B=(-1;flip),scratch,(1,x),2,0,PREV,none<=12,
17,+1?0,-1;flip,A=(+1?0) B=(-1;flip),scratch,(1,x),2,0,CFLIP,none<=12,
17,+1?0,-1;flip,A=(+1?0) B=(-1;flip),scratch,(1,x),2,0,CNEXT,none<=12,
17,+1?0,-1;flip,A=(+1?0) B=(-1;flip),scratch,(1,x),2,0,CPREV,none<=12,
17,+1?0,-1;flip,A=(+1?0) B=(-1;flip),scratch,(1,x),2,1,FLIP,none<=12,
17,+1?0,-1;flip,A=(+1?0) B=(-1;flip),scratch,(1,x),2,1,NEXT,none<=12,
17,+1?0,-1;flip,A=(+1?0) B=(-1;flip),scratch,(1,x),2,1,PREV,none<=12,
17,+1?0,-1;flip,A=(+1?0) B=(-1;flip),scratch,(1,x),2,1,CFLIP,none<=12,
17,+1?0,-1;flip,A=(+1?0) B=(-1;flip),scratch,(1,x),2,1,CNEXT,none<=12,
17,+1?0,-1;flip,A=(+1?0) B=(-1;flip),scratch,(1,x),2,1,CPREV,none<=12,
17,+1?0,-1;flip,A=(+1?0) B=(-1;flip),scratch,(x,0),2,0,FLIP,none<=12,
17,+1?0,-1;flip,A=(+1?0) B=(-1;flip),scratch,(x,0),2,0,NEXT,none<=12,
17,+1?0,-1;flip,A=(+1?0) B=(-1;flip),scratch,(x,0),2,0,PREV,none<=12,
17,+1?0,-1;flip,A=(+1?0) B=(-1;flip),scratch,(x,0),2,0,CFLIP,none<=12,
17,+1?0,-1;flip,A=(+1?0) B=(-1;flip),scratch,(x,0),2,0,CNEXT,none<=12,
17,+1?0,-1;flip,A=(+1?0) B=(-1;flip),scratch,(x,0),2,0,CPREV,none<=12,
17,+1?0,-1;flip,A=(+1?0) B=(-1;flip),scratch,(x,0),2,1,FLIP,none<=12,
17,+1?0,-1;flip,A=(+1?0) B=(-1;flip),scratch,(x,0),2,1,NEXT,none<=12,
17,+1?0,-1;flip,A=(+1?0) B=(-1;flip),scratch,(x,0),2,1,PREV,none<=12,
17,+1?0,-1;flip,A=(+1?0) B=(-1;flip),scratch,(x,0),2,1,CFLIP,none<=12,
17,+1?0,-1;flip,A=(+1?0) B=(-1;flip),scratch,(x,0),2,1,CNEXT,none<=12,
17,+1?0,-1;flip,A=(+1?0) B=(-1;flip),scratch,(x,0),2,1,CPREV,none<=12,
17,+1?0,-1;flip,A=(+1?0) B=(-1;flip),scratch,(0,x),2,0,FLIP,none<=12,
17,+1?0,-1;flip,A=(+1?0) B=(-1;flip),scratch,(0,x),2,0,NEXT,none<=12,
17,+1?0,-1;flip,A=(+1?0) B=(-1;flip),scratch,(0,x),2,0,PREV,none<=12,
17,+1?0,-1;flip,A=(+1?0) B=(-1;flip),scratch,(0,x),2,0,CFLIP,none<=12,
17,+1?0,-1;flip,A=(+1?0) B=(-1;flip),scratch,(0,x),2,0,CNEXT,none<=12,
17,+1?0,-1;flip,A=(+1?0) B=(-1;flip),scratch,(0,x),2,0,CPREV,none<=12,
17,+1?0,-1;flip,A=(+1?0) B=(-1;flip),scratch,(0,x),2,1,FLIP,none<=12,
17,+1?0,-1;flip,A=(+1?0) B=(-1;flip),scratch,(0,x),2,1,NEXT,none<=12,
17,+1?0,-1;flip,A=(+1?0) B=(-1;flip),scratch,(0,x),2,1,PREV,none<=12,
17,+1?0,-1;flip,A=(+1?0) B=(-1;flip),scratch,(0,x),2,1,CFLIP,none<=12,
17,+1?0,-1;flip,A=(+1?0) B=(-1;flip),scratch,(0,x),2,1,CNEXT,none<=12,
17,+1?0,-1;flip,A=(+1?0) B=(-1;flip),scratch,(0,x),2,1,CPREV,none<=12,
17,+1?0,-1;flip,A=(+1?0) B=(-1;flip),period3,(x,0,1),3,0,FLIP,none<=12,
17,+1?0,-1;flip,A=(+1?0) B=(-1;flip),period3,(x,0,1),3,0,NEXT,none<=12,
17,+1?0,-1;flip,A=(+1?0) B=(-1;flip),period3,(x,0,1),3,0,PREV,none<=12,
17,+1?0,-1;flip,A=(+1?0) B=(-1;flip),period3,(x,0,1),3,0,CFLIP,none<=12,
17,+1?0,-1;flip,A=(+1?0) B=(-1;flip),period3,(x,0,1),3,0,CNEXT,none<=12,
17,+1?0,-1;flip,A=(+1?0) B=(-1;flip),period3,(x,0,1),3,0,CPREV,none<=12,
17,+1?0,-1;flip,A=(+1?0) B=(-1;flip),period3,(x,0,1),3,1,FLIP,none<=12,
17,+1?0,-1;flip,A=(+1?0) B=(-1;flip),period3,(x,0,1),3,1,NEXT,none<=12,
17,+1?0,-1;flip,A=(+1?0) B=(-1;flip),period3,(x,0,1),3,1,PREV,none<=12,
17,+1?0,-1;flip,A=(+1?0) B=(-1;flip),period3,(x,0,1),3,1,CFLIP,none<=12,
17,+1?0,-1;flip,A=(+1?0) B=(-1;flip),period3,(x,0,1),3,1,CNEXT,none<=12,
17,+1?0,-1;flip,A=(+1?0) B=(-1;flip),period3,(x,0,1),3,1,CPREV,none<=12,
17,+1?0,-1;flip,A=(+1?0) B=(-1;flip),period3,(x,0,1),3,2,FLIP,none<=12,
17,+1?0,-1;flip,A=(+1?0) B=(-1;flip),period3,(x,0,1),3,2,NEXT,none<=12,
17,+1?0,-1;flip,A=(+1?0) B=(-1;flip),period3,(x,0,1),3,2,PREV,none<=12,
17,+1?0,-1;flip,A=(+1?0) B=(-1;flip),period3,(x,0,1),3,2,CFLIP,none<=12,
17,+1?0,-1;flip,A=(+1?0) B=(-1;flip),period3,(x,0,1),3,2,CNEXT,none<=12,
17,+1?0,-1;flip,A=(+1?0) B=(-1;flip),period3,(x,0,1),3,2,CPREV,none<=12,
17,+1?0,-1;flip,A=(+1?0) B=(-1;flip),period3,(0,1,x),3,0,FLIP,none<=12,
17,+1?0,-1;flip,A=(+1?0) B=(-1;flip),period3,(0,1,x),3,0,NEXT,none<=12,
17,+1?0,-1;flip,A=(+1?0) B=(-1;flip),period3,(0,1,x),3,0,PREV,none<=12,
17,+1?0,-1;flip,A=(+1?0) B=(-1;flip),period3,(0,1,x),3,0,CFLIP,none<=12,
17,+1?0,-1;flip,A=(+1?0) B=(-1;flip),period3,(0,1,x),3,0,CNEXT,none<=12,
17,+1?0,-1;flip,A=(+1?0) B=(-1;flip),period3,(0,1,x),3,0,CPREV,none<=12,
17,+1?0,-1;flip,A=(+1?0) B=(-1;flip),period3,(0,1,x),3,1,FLIP,none<=12,
17,+1?0,-1;flip,A=(+1?0) B=(-1;flip),period3,(0,1,x),3,1,NEXT,none<=12,
17,+1?0,-1;flip,A=(+1?0) B=(-1;flip),period3,(0,1,x),3,1,PREV,none<=12,
17,+1?0,-1;flip,A=(+1?0) B=(-1;flip),period3,(0,1,x),3,1,CFLIP,none<=12,
17,+1?0,-1;flip,A=(+1?0) B=(-1;flip),period3,(0,1,x),3,1,CNEXT,none<=12,
17,+1?0,-1;flip,A=(+1?0) B=(-1;flip),period3,(0,1,x),3,1,CPREV,none<=12,
17,+1?0,-1;flip,A=(+1?0) B=(-1;flip),period3,(0,1,x),3,2,FLIP,none<=12,
17,+1?0,-1;flip,A=(+1?0) B=(-1;flip),period3,(0,1,x),3,2,NEXT,none<=12,
17,+1?0,-1;flip,A=(+1?0) B=(-1;flip),period3,(0,1,x),3,2,PREV,none<=12,
17,+1?0,-1;flip,A=(+1?0) B=(-1;flip),period3,(0,1,x),3,2,CFLIP,none<=12,
17,+1?0,-1;flip,A=(+1?0) B=(-1;flip),period3,(0,1,x),3,2,CNEXT,none<=12,
17,+1?0,-1;flip,A=(+1?0) B=(-1;flip),period3,(0,1,x),3,2,CPREV,none<=12,
17,+1?0,-1;flip,A=(+1?0) B=(-1;flip),period3,(1,x,0),3,0,FLIP,none<=12,
17,+1?0,-1;flip,A=(+1?0) B=(-1;flip),period3,(1,x,0),3,0,NEXT,none<=12,
17,+1?0,-1;flip,A=(+1?0) B=(-1;flip),period3,(1,x,0),3,0,PREV,none<=12,
17,+1?0,-1;flip,A=(+1?0) B=(-1;flip),period3,(1,x,0),3,0,CFLIP,none<=12,
17,+1?0,-1;flip,A=(+1?0) B=(-1;flip),period3,(1,x,0),3,0,CNEXT,none<=12,
17,+1?0,-1;flip,A=(+1?0) B=(-1;flip),period3,(1,x,0),3,0,CPREV,none<=12,
17,+1?0,-1;flip,A=(+1?0) B=(-1;flip),period3,(1,x,0),3,1,FLIP,none<=12,
17,+1?0,-1;flip,A=(+1?0) B=(-1;flip),period3,(1,x,0),3,1,NEXT,none<=12,
17,+1?0,-1;flip,A=(+1?0) B=(-1;flip),period3,(1,x,0),3,1,PREV,none<=12,
17,+1?0,-1;flip,A=(+1?0) B=(-1;flip),period3,(1,x,0),3,1,CFLIP,none<=12,
17,+1?0,-1;flip,A=(+1?0) B=(-1;flip),period3,(1,x,0),3,1,CNEXT,none<=12,
17,+1?0,-1;flip,A=(+1?0) B=(-1;flip),period3,(1,x,0),3,1,CPREV,none<=12,
17,+1?0,-1;flip,A=(+1?0) B=(-1;flip),period3,(1,x,0),3,2,FLIP,none<=12,
17,+1?0,-1;flip,A=(+1?0) B=(-1;flip),period3,(1,x,0),3,2,NEXT,none<=12,
17,+1?0,-1;flip,A=(+1?0) B=(-1;flip),period3,(1,x,0),3,2,PREV,none<=12,
17,+1?0,-1;flip,A=(+1?0) B=(-1;flip),period3,(1,x,0),3,2,CFLIP,none<=12,
17,+1?0,-1;flip,A=(+1?0) B=(-1;flip),period3,(1,x,0),3,2,CNEXT,none<=12,
17,+1?0,-1;flip,A=(+1?0) B=(-1;flip),period3,(1,x,0),3,2,CPREV,none<=12,
17,+1?0,-1;flip,A=(+1?0) B=(-1;flip),period3,(x,1,0),3,0,FLIP,none<=12,
17,+1?0,-1;flip,A=(+1?0) B=(-1;flip),period3,(x,1,0),3,0,NEXT,none<=12,
17,+1?0,-1;flip,A=(+1?0) B=(-1;flip),period3,(x,1,0),3,0,PREV,none<=12,
17,+1?0,-1;flip,A=(+1?0) B=(-1;flip),period3,(x,1,0),3,0,CFLIP,none<=12,
17,+1?0,-1;flip,A=(+1?0) B=(-1;flip),period3,(x,1,0),3,0,CNEXT,none<=12,
17,+1?0,-1;flip,A=(+1?0) B=(-1;flip),period3,(x,1,0),3,0,CPREV,none<=12,
17,+1?0,-1;flip,A=(+1?0) B=(-1;flip),period3,(x,1,0),3,1,FLIP,none<=12,
17,+1?0,-1;flip,A=(+1?0) B=(-1;flip),period3,(x,1,0),3,1,NEXT,none<=12,
17,+1?0,-1;flip,A=(+1?0) B=(-1;flip),period3,(x,1,0),3,1,PREV,none<=12,
17,+1?0,-1;flip,A=(+1?0) B=(-1;flip),period3,(x,1,0),3,1,CFLIP,none<=12,
17,+1?0,-1;flip,A=(+1?0) B=(-1;flip),period3,(x,1,0),3,1,CNEXT,none<=12,
17,+1?0,-1;flip,A=(+1?0) B=(-1;flip),period3,(x,1,0),3,1,CPREV,none<=12,
17,+1?0,-1;flip,A=(+1?0) B=(-1;flip),period3,(x,1,0),3,2,FLIP,none<=12,
17,+1?0,-1;flip,A=(+1?0) B=(-1;flip),period3,(x,1,0),3,2,NEXT,none<=12,
17,+1?0,-1;flip,A=(+1?0) B=(-1;flip),period3,(x,1,0),3,2,PREV,none<=12,
17,+1?0,-1;flip,A=(+1?0) B=(-1;flip),period3,(x,1,0),3,2,CFLIP,none<=12,
17,+1?0,-1;flip,A=(+1?0) B=(-1;flip),period3,(x,1,0),3,2,CNEXT,none<=12,
17,+1?0,-1;flip,A=(+1?0) B=(-1;flip),period3,(x,1,0),3,2,CPREV,none<=12,
17,+1?0,-1;flip,A=(+1?0) B=(-1;flip),period3,(1,0,x),3,0,FLIP,none<=12,
17,+1?0,-1;flip,A=(+1?0) B=(-1;flip),period3,(1,0,x),3,0,NEXT,none<=12,
17,+1?0,-1;flip,A=(+1?0) B=(-1;flip),period3,(1,0,x),3,0,PREV,none<=12,
17,+1?0,-1;flip,A=(+1?0) B=(-1;flip),period3,(1,0,x),3,0,CFLIP,none<=12,
17,+1?0,-1;flip,A=(+1?0) B=(-1;flip),period3,(1,0,x),3,0,CNEXT,none<=12,
17,+1?0,-1;flip,A=(+1?0) B=(-1;flip),period3,(1,0,x),3,0,CPREV,none<=12,
17,+1?0,-1;flip,A=(+1?0) B=(-1;flip),period3,(1,0,x),3,1,FLIP,none<=12,
17,+1?0,-1;flip,A=(+1?0) B=(-1;flip),period3,(1,0,x),3,1,NEXT,none<=12,
17,+1?0,-1;flip,A=(+1?0) B=(-1;flip),period3,(1,0,x),3,1,PREV,none<=12,
17,+1?0,-1;flip,A=(+1?0) B=(-1;flip),period3,(1,0,x),3,1,CFLIP,none<=12,
17,+1?0,-1;flip,A=(+1?0) B=(-1;flip),period3,(1,0,x),3,1,CNEXT,none<=12,
17,+1?0,-1;flip,A=(+1?0) B=(-1;flip),period3,(1,0,x),3,1,CPREV,none<=12,
17,+1?0,-1;flip,A=(+1?0) B=(-1;flip),period3,(1,0,x),3,2,FLIP,none<=12,
17,+1?0,-1;flip,A=(+1?0) B=(-1;flip),period3,(1,0,x),3,2,NEXT,none<=12,
17,+1?0,-1;flip,A=(+1?0) B=(-1;flip),period3,(1,0,x),3,2,PREV,none<=12,
17,+1?0,-1;flip,A=(+1?0) B=(-1;flip),period3,(1,0,x),3,2,CFLIP,none<=12,
17,+1?0,-1;flip,A=(+1?0) B=(-1;flip),period3,(1,0,x),3,2,CNEXT,none<=12,
17,+1?0,-1;flip,A=(+1?0) B=(-1;flip),period3,(1,0,x),3,2,CPREV,none<=12,
17,+1?0,-1;flip,A=(+1?0) B=(-1;flip),period3,(0,x,1),3,0,FLIP,none<=12,
17,+1?0,-1;flip,A=(+1?0) B=(-1;flip),period3,(0,x,1),3,0,NEXT,none<=12,
17,+1?0,-1;flip,A=(+1?0) B=(-1;flip),period3,(0,x,1),3,0,PREV,none<=12,
17,+1?0,-1;flip,A=(+1?0) B=(-1;flip),period3,(0,x,1),3,0,CFLIP,none<=12,
17,+1?0,-1;flip,A=(+1?0) B=(-1;flip),period3,(0,x,1),3,0,CNEXT,none<=12,
17,+1?0,-1;flip,A=(+1?0) B=(-1;flip),period3,(0,x,1),3,0,CPREV,none<=12,
17,+1?0,-1;flip,A=(+1?0) B=(-1;flip),period3,(0,x,1),3,1,FLIP,none<=12,
17,+1?0,-1;flip,A=(+1?0) B=(-1;flip),period3,(0,x,1),3,1,NEXT,none<=12,
17,+1?0,-1;flip,A=(+1?0) B=(-1;flip),period3,(0,x,1),3,1,PREV,none<=12,
17,+1?0,-1;flip,A=(+1?0) B=(-1;flip),period3,(0,x,1),3,1,CFLIP,none<=12,
17,+1?0,-1;flip,A=(+1?0) B=(-1;flip),period3,(0,x,1),3,1,CNEXT,none<=12,
17,+1?0,-1;flip,A=(+1?0) B=(-1;flip),period3,(0,x,1),3,1,CPREV,none<=12,
17,+1?0,-1;flip,A=(+1?0) B=(-1;flip),period3,(0,x,1),3,2,FLIP,none<=12,
17,+1?0,-1;flip,A=(+1?0) B=(-1;flip),period3,(0,x,1),3,2,NEXT,none<=12,
17,+1?0,-1;flip,A=(+1?0) B=(-1;flip),period3,(0,x,1),3,2,PREV,none<=12,
17,+1?0,-1;flip,A=(+1?0) B=(-1;flip),period3,(0,x,1),3,2,CFLIP,none<=12,
17,+1?0,-1;flip,A=(+1?0) B=(-1;flip),period3,(0,x,1),3,2,CNEXT,none<=12,
17,+1?0,-1;flip,A=(+1?0) B=(-1;flip),period3,(0,x,1),3,2,CPREV,none<=12,
17,+1?0,-1;flip,A=(+1?0) B=(-1;flip),period3,(x,0,0),3,0,FLIP,none<=12,
17,+1?0,-1;flip,A=(+1?0) B=(-1;flip),period3,(x,0,0),3,0,NEXT,none<=12,
17,+1?0,-1;flip,A=(+1?0) B=(-1;flip),period3,(x,0,0),3,0,PREV,none<=12,
17,+1?0,-1;flip,A=(+1?0) B=(-1;flip),period3,(x,0,0),3,0,CFLIP,none<=12,
17,+1?0,-1;flip,A=(+1?0) B=(-1;flip),period3,(x,0,0),3,0,CNEXT,none<=12,
17,+1?0,-1;flip,A=(+1?0) B=(-1;flip),period3,(x,0,0),3,0,CPREV,none<=12,
17,+1?0,-1;flip,A=(+1?0) B=(-1;flip),period3,(x,0,0),3,1,FLIP,none<=12,
17,+1?0,-1;flip,A=(+1?0) B=(-1;flip),period3,(x,0,0),3,1,NEXT,none<=12,
17,+1?0,-1;flip,A=(+1?0) B=(-1;flip),period3,(x,0,0),3,1,PREV,none<=12,
17,+1?0,-1;flip,A=(+1?0) B=(-1;flip),period3,(x,0,0),3,1,CFLIP,none<=12,
17,+1?0,-1;flip,A=(+1?0) B=(-1;flip),period3,(x,0,0),3,1,CNEXT,none<=12,
17,+1?0,-1;flip,A=(+1?0) B=(-1;flip),period3,(x,0,0),3,1,CPREV,none<=12,
17,+1?0,-1;flip,A=(+1?0) B=(-1;flip),period3,(x,0,0),3,2,FLIP,none<=12,
17,+1?0,-1;flip,A=(+1?0) B=(-1;flip),period3,(x,0,0),3,2,NEXT,none<=12,
17,+1?0,-1;flip,A=(+1?0) B=(-1;flip),period3,(x,0,0),3,2,PREV,none<=12,
17,+1?0,-1;flip,A=(+1?0) B=(-1;flip),period3,(x,0,0),3,2,CFLIP,none<=12,
17,+1?0,-1;flip,A=(+1?0) B=(-1;flip),period3,(x,0,0),3,2,CNEXT,none<=12,
17,+1?0,-1;flip,A=(+1?0) B=(-1;flip),period3,(x,0,0),3,2,CPREV,none<=12,
17,+1?0,-1;flip,A=(+1?0) B=(-1;flip),period3,(0,0,x),3,0,FLIP,none<=12,
17,+1?0,-1;flip,A=(+1?0) B=(-1;flip),period3,(0,0,x),3,0,NEXT,none<=12,
17,+1?0,-1;flip,A=(+1?0) B=(-1;flip),period3,(0,0,x),3,0,PREV,none<=12,
17,+1?0,-1;flip,A=(+1?0) B=(-1;flip),period3,(0,0,x),3,0,CFLIP,none<=12,
17,+1?0,-1;flip,A=(+1?0) B=(-1;flip),period3,(0,0,x),3,0,CNEXT,none<=12,
17,+1?0,-1;flip,A=(+1?0) B=(-1;flip),period3,(0,0,x),3,0,CPREV,none<=12,
17,+1?0,-1;flip,A=(+1?0) B=(-1;flip),period3,(0,0,x),3,1,FLIP,none<=12,
17,+1?0,-1;flip,A=(+1?0) B=(-1;flip),period3,(0,0,x),3,1,NEXT,none<=12,
17,+1?0,-1;flip,A=(+1?0) B=(-1;flip),period3,(0,0,x),3,1,PREV,none<=12,
17,+1?0,-1;flip,A=(+1?0) B=(-1;flip),period3,(0,0,x),3,1,CFLIP,none<=12,
17,+1?0,-1;flip,A=(+1?0) B=(-1;flip),period3,(0,0,x),3,1,CNEXT,none<=12,
17,+1?0,-1;flip,A=(+1?0) B=(-1;flip),period3,(0,0,x),3,1,CPREV,none<=12,
17,+1?0,-1;flip,A=(+1?0) B=(-1;flip),period3,(0,0,x),3,2,FLIP,none<=12,
17,+1?0,-1;flip,A=(+1?0) B=(-1;flip),period3,(0,0,x),3,2,NEXT,none<=12,
17,+1?0,-1;flip,A=(+1?0) B=(-1;flip),period3,(0,0,x),3,2,PREV,none<=12,
17,+1?0,-1;flip,A=(+1?0) B=(-1;flip),period3,(0,0,x),3,2,CFLIP,none<=12,
17,+1?0,-1;flip,A=(+1?0) B=(-1;flip),period3,(0,0,x),3,2,CNEXT,none<=12,
17,+1?0,-1;flip,A=(+1?0) B=(-1;flip),period3,(0,0,x),3,2,CPREV,none<=12,
17,+1?0,-1;flip,A=(+1?0) B=(-1;flip),period3,(0,x,0),3,0,FLIP,none<=12,
17,+1?0,-1;flip,A=(+1?0) B=(-1;flip),period3,(0,x,0),3,0,NEXT,none<=12,
17,+1?0,-1;flip,A=(+1?0) B=(-1;flip),period3,(0,x,0),3,0,PREV,none<=12,
17,+1?0,-1;flip,A=(+1?0) B=(-1;flip),period3,(0,x,0),3,0,CFLIP,none<=12,
17,+1?0,-1;flip,A=(+1?0) B=(-1;flip),period3,(0,x,0),3,0,CNEXT,none<=12,
17,+1?0,-1;flip,A=(+1?0) B=(-1;flip),period3,(0,x,0),3,0,CPREV,none<=12,
17,+1?0,-1;flip,A=(+1?0) B=(-1;flip),period3,(0,x,0),3,1,FLIP,none<=12,
17,+1?0,-1;flip,A=(+1?0) B=(-1;flip),period3,(0,x,0),3,1,NEXT,none<=12,
17,+1?0,-1;flip,A=(+1?0) B=(-1;flip),period3,(0,x,0),3,1,PREV,none<=12,
17,+1?0,-1;flip,A=(+1?0) B=(-1;flip),period3,(0,x,0),3,1,CFLIP,none<=12,
17,+1?0,-1;flip,A=(+1?0) B=(-1;flip),period3,(0,x,0),3,1,CNEXT,none<=12,
17,+1?0,-1;flip,A=(+1?0) B=(-1;flip),period3,(0,x,0),3,1,CPREV,none<=12,
17,+1?0,-1;flip,A=(+1?0) B=(-1;flip),period3,(0,x,0),3,2,FLIP,none<=12,
17,+1?0,-1;flip,A=(+1?0) B=(-1;flip),period3,(0,x,0),3,2,NEXT,none<=12,
17,+1?0,-1;flip,A=(+1?0) B=(-1;flip),period3,(0,x,0),3,2,PREV,none<=12,
17,+1?0,-1;flip,A=(+1?0) B=(-1;flip),period3,(0,x,0),3,2,CFLIP,none<=12,
17,+1?0,-1;flip,A=(+1?0) B=(-1;flip),period3,(0,x,0),3,2,CNEXT,none<=12,
17,+1?0,-1;flip,A=(+1?0) B=(-1;flip),period3,(0,x,0),3,2,CPREV,none<=12,
17,+1?0,-1;flip,A=(+1?0) B=(-1;flip),period3,(x,1,1),3,0,FLIP,none<=12,
17,+1?0,-1;flip,A=(+1?0) B=(-1;flip),period3,(x,1,1),3,0,NEXT,none<=12,
17,+1?0,-1;flip,A=(+1?0) B=(-1;flip),period3,(x,1,1),3,0,PREV,none<=12,
17,+1?0,-1;flip,A=(+1?0) B=(-1;flip),period3,(x,1,1),3,0,CFLIP,none<=12,
17,+1?0,-1;flip,A=(+1?0) B=(-1;flip),period3,(x,1,1),3,0,CNEXT,none<=12,
17,+1?0,-1;flip,A=(+1?0) B=(-1;flip),period3,(x,1,1),3,0,CPREV,none<=12,
17,+1?0,-1;flip,A=(+1?0) B=(-1;flip),period3,(x,1,1),3,1,FLIP,none<=12,
17,+1?0,-1;flip,A=(+1?0) B=(-1;flip),period3,(x,1,1),3,1,NEXT,none<=12,
17,+1?0,-1;flip,A=(+1?0) B=(-1;flip),period3,(x,1,1),3,1,PREV,none<=12,
17,+1?0,-1;flip,A=(+1?0) B=(-1;flip),period3,(x,1,1),3,1,CFLIP,none<=12,
17,+1?0,-1;flip,A=(+1?0) B=(-1;flip),period3,(x,1,1),3,1,CNEXT,none<=12,
17,+1?0,-1;flip,A=(+1?0) B=(-1;flip),period3,(x,1,1),3,1,CPREV,none<=12,
17,+1?0,-1;flip,A=(+1?0) B=(-1;flip),period3,(x,1,1),3,2,FLIP,none<=12,
17,+1?0,-1;flip,A=(+1?0) B=(-1;flip),period3,(x,1,1),3,2,NEXT,none<=12,
17,+1?0,-1;flip,A=(+1?0) B=(-1;flip),period3,(x,1,1),3,2,PREV,none<=12,
17,+1?0,-1;flip,A=(+1?0) B=(-1;flip),period3,(x,1,1),3,2,CFLIP,none<=12,
17,+1?0,-1;flip,A=(+1?0) B=(-1;flip),period3,(x,1,1),3,2,CNEXT,none<=12,
17,+1?0,-1;flip,A=(+1?0) B=(-1;flip),period3,(x,1,1),3,2,CPREV,none<=12,
17,+1?0,-1;flip,A=(+1?0) B=(-1;flip),period3,(1,1,x),3,0,FLIP,none<=12,
17,+1?0,-1;flip,A=(+1?0) B=(-1;flip),period3,(1,1,x),3,0,NEXT,none<=12,
17,+1?0,-1;flip,A=(+1?0) B=(-1;flip),period3,(1,1,x),3,0,PREV,none<=12,
17,+1?0,-1;flip,A=(+1?0) B=(-1;flip),period3,(1,1,x),3,0,CFLIP,none<=12,
17,+1?0,-1;flip,A=(+1?0) B=(-1;flip),period3,(1,1,x),3,0,CNEXT,none<=12,
17,+1?0,-1;flip,A=(+1?0) B=(-1;flip),period3,(1,1,x),3,0,CPREV,none<=12,
17,+1?0,-1;flip,A=(+1?0) B=(-1;flip),period3,(1,1,x),3,1,FLIP,none<=12,
17,+1?0,-1;flip,A=(+1?0) B=(-1;flip),period3,(1,1,x),3,1,NEXT,none<=12,
17,+1?0,-1;flip,A=(+1?0) B=(-1;flip),period3,(1,1,x),3,1,PREV,none<=12,
17,+1?0,-1;flip,A=(+1?0) B=(-1;flip),period3,(1,1,x),3,1,CFLIP,none<=12,
17,+1?0,-1;flip,A=(+1?0) B=(-1;flip),period3,(1,1,x),3,1,CNEXT,none<=12,
17,+1?0,-1;flip,A=(+1?0) B=(-1;flip),period3,(1,1,x),3,1,CPREV,none<=12,
17,+1?0,-1;flip,A=(+1?0) B=(-1;flip),period3,(1,1,x),3,2,FLIP,none<=12,
17,+1?0,-1;flip,A=(+1?0) B=(-1;flip),period3,(1,1,x),3,2,NEXT,none<=12,
17,+1?0,-1;flip,A=(+1?0) B=(-1;flip),period3,(1,1,x),3,2,PREV,none<=12,
17,+1?0,-1;flip,A=(+1?0) B=(-1;flip),period3,(1,1,x),3,2,CFLIP,none<=12,
17,+1?0,-1;flip,A=(+1?0) B=(-1;flip),period3,(1,1,x),3,2,CNEXT,none<=12,
17,+1?0,-1;flip,A=(+1?0) B=(-1;flip),period3,(1,1,x),3,2,CPREV,none<=12,
17,+1?0,-1;flip,A=(+1?0) B=(-1;flip),period3,(1,x,1),3,0,FLIP,none<=12,
17,+1?0,-1;flip,A=(+1?0) B=(-1;flip),period3,(1,x,1),3,0,NEXT,none<=12,
17,+1?0,-1;flip,A=(+1?0) B=(-1;flip),period3,(1,x,1),3,0,PREV,none<=12,
17,+1?0,-1;flip,A=(+1?0) B=(-1;flip),period3,(1,x,1),3,0,CFLIP,none<=12,
17,+1?0,-1;flip,A=(+1?0) B=(-1;flip),period3,(1,x,1),3,0,CNEXT,none<=12,
17,+1?0,-1;flip,A=(+1?0) B=(-1;flip),period3,(1,x,1),3,0,CPREV,none<=12,
17,+1?0,-1;flip,A=(+1?0) B=(-1;flip),period3,(1,x,1),3,1,FLIP,none<=12,
17,+1?0,-1;flip,A=(+1?0) B=(-1;flip),period3,(1,x,1),3,1,NEXT,none<=12,
17,+1?0,-1;flip,A=(+1?0) B=(-1;flip),period3,(1,x,1),3,1,PREV,none<=12,
17,+1?0,-1;flip,A=(+1?0) B=(-1;flip),period3,(1,x,1),3,1,CFLIP,none<=12,
17,+1?0,-1;flip,A=(+1?0) B=(-1;flip),period3,(1,x,1),3,1,CNEXT,none<=12,
17,+1?0,-1;flip,A=(+1?0) B=(-1;flip),period3,(1,x,1),3,1,CPREV,none<=12,
17,+1?0,-1;flip,A=(+1?0) B=(-1;flip),period3,(1,x,1),3,2,FLIP,none<=12,
17,+1?0,-1;flip,A=(+1?0) B=(-1;flip),period3,(1,x,1),3,2,NEXT,none<=12,
17,+1?0,-1;flip,A=(+1?0) B=(-1;flip),period3,(1,x,1),3,2,PREV,none<=12,
17,+1?0,-1;flip,A=(+1?0) B=(-1;flip),period3,(1,x,1),3,2,CFLIP,none<=12,
17,+1?0,-1;flip,A=(+1?0) B=(-1;flip),period3,(1,x,1),3,2,CNEXT,none<=12,
17,+1?0,-1;flip,A=(+1?0) B=(-1;flip),period3,(1,x,1),3,2,CPREV,none<=12,
18,+1?0,flip;-1?0,A=(+1?0) B=(flip;-1?0),none,(x),1,0,FLIP,none<=12,
18,+1?0,flip;-1?0,A=(+1?0) B=(flip;-1?0),none,(x),1,0,NEXT,none<=12,
18,+1?0,flip;-1?0,A=(+1?0) B=(flip;-1?0),none,(x),1,0,PREV,none<=12,
18,+1?0,flip;-1?0,A=(+1?0) B=(flip;-1?0),none,(x),1,0,CFLIP,none<=12,
18,+1?0,flip;-1?0,A=(+1?0) B=(flip;-1?0),none,(x),1,0,CNEXT,none<=12,
18,+1?0,flip;-1?0,A=(+1?0) B=(flip;-1?0),none,(x),1,0,CPREV,none<=12,
18,+1?0,flip;-1?0,A=(+1?0) B=(flip;-1?0),dual,(x,n),2,0,FLIP,none<=12,
18,+1?0,flip;-1?0,A=(+1?0) B=(flip;-1?0),dual,(x,n),2,0,NEXT,none<=12,
18,+1?0,flip;-1?0,A=(+1?0) B=(flip;-1?0),dual,(x,n),2,0,PREV,none<=12,
18,+1?0,flip;-1?0,A=(+1?0) B=(flip;-1?0),dual,(x,n),2,0,CFLIP,none<=12,
18,+1?0,flip;-1?0,A=(+1?0) B=(flip;-1?0),dual,(x,n),2,0,CNEXT,none<=12,
18,+1?0,flip;-1?0,A=(+1?0) B=(flip;-1?0),dual,(x,n),2,0,CPREV,none<=12,
18,+1?0,flip;-1?0,A=(+1?0) B=(flip;-1?0),dual,(x,n),2,1,FLIP,none<=12,
18,+1?0,flip;-1?0,A=(+1?0) B=(flip;-1?0),dual,(x,n),2,1,NEXT,none<=12,
18,+1?0,flip;-1?0,A=(+1?0) B=(flip;-1?0),dual,(x,n),2,1,PREV,none<=12,
18,+1?0,flip;-1?0,A=(+1?0) B=(flip;-1?0),dual,(x,n),2,1,CFLIP,none<=12,
18,+1?0,flip;-1?0,A=(+1?0) B=(flip;-1?0),dual,(x,n),2,1,CNEXT,none<=12,
18,+1?0,flip;-1?0,A=(+1?0) B=(flip;-1?0),dual,(x,n),2,1,CPREV,none<=12,
18,+1?0,flip;-1?0,A=(+1?0) B=(flip;-1?0),dual,(n,x),2,0,FLIP,none<=12,
18,+1?0,flip;-1?0,A=(+1?0) B=(flip;-1?0),dual,(n,x),2,0,NEXT,none<=12,
18,+1?0,flip;-1?0,A=(+1?0) B=(flip;-1?0),dual,(n,x),2,0,PREV,none<=12,
18,+1?0,flip;-1?0,A=(+1?0) B=(flip;-1?0),dual,(n,x),2,0,CFLIP,none<=12,
18,+1?0,flip;-1?0,A=(+1?0) B=(flip;-1?0),dual,(n,x),2,0,CNEXT,none<=12,
18,+1?0,flip;-1?0,A=(+1?0) B=(flip;-1?0),dual,(n,x),2,0,CPREV,none<=12,
18,+1?0,flip;-1?0,A=(+1?0) B=(flip;-1?0),dual,(n,x),2,1,FLIP,none<=12,
18,+1?0,flip;-1?0,A=(+1?0) B=(flip;-1?0),dual,(n,x),2,1,NEXT,none<=12,
18,+1?0,flip;-1?0,A=(+1?0) B=(flip;-1?0),dual,(n,x),2,1,PREV,none<=12,
18,+1?0,flip;-1?0,A=(+1?0) B=(flip;-1?0),dual,(n,x),2,1,CFLIP,none<=12,
18,+1?0,flip;-1?0,A=(+1?0) B=(flip;-1?0),dual,(n,x),2,1,CNEXT,none<=12,
18,+1?0,flip;-1?0,A=(+1?0) B=(flip;-1?0),dual,(n,x),2,1,CPREV,none<=12,
18,+1?0,flip;-1?0,A=(+1?0) B=(flip;-1?0),scratch,(x,1),2,0,FLIP,none<=12,
18,+1?0,flip;-1?0,A=(+1?0) B=(flip;-1?0),scratch,(x,1),2,0,NEXT,none<=12,
18,+1?0,flip;-1?0,A=(+1?0) B=(flip;-1?0),scratch,(x,1),2,0,PREV,none<=12,
18,+1?0,flip;-1?0,A=(+1?0) B=(flip;-1?0),scratch,(x,1),2,0,CFLIP,none<=12,
18,+1?0,flip;-1?0,A=(+1?0) B=(flip;-1?0),scratch,(x,1),2,0,CNEXT,none<=12,
18,+1?0,flip;-1?0,A=(+1?0) B=(flip;-1?0),scratch,(x,1),2,0,CPREV,none<=12,
18,+1?0,flip;-1?0,A=(+1?0) B=(flip;-1?0),scratch,(x,1),2,1,FLIP,none<=12,
18,+1?0,flip;-1?0,A=(+1?0) B=(flip;-1?0),scratch,(x,1),2,1,NEXT,none<=12,
18,+1?0,flip;-1?0,A=(+1?0) B=(flip;-1?0),scratch,(x,1),2,1,PREV,none<=12,
18,+1?0,flip;-1?0,A=(+1?0) B=(flip;-1?0),scratch,(x,1),2,1,CFLIP,none<=12,
18,+1?0,flip;-1?0,A=(+1?0) B=(flip;-1?0),scratch,(x,1),2,1,CNEXT,none<=12,
18,+1?0,flip;-1?0,A=(+1?0) B=(flip;-1?0),scratch,(x,1),2,1,CPREV,none<=12,
18,+1?0,flip;-1?0,A=(+1?0) B=(flip;-1?0),scratch,(1,x),2,0,FLIP,none<=12,
18,+1?0,flip;-1?0,A=(+1?0) B=(flip;-1?0),scratch,(1,x),2,0,NEXT,none<=12,
18,+1?0,flip;-1?0,A=(+1?0) B=(flip;-1?0),scratch,(1,x),2,0,PREV,none<=12,
18,+1?0,flip;-1?0,A=(+1?0) B=(flip;-1?0),scratch,(1,x),2,0,CFLIP,none<=12,
18,+1?0,flip;-1?0,A=(+1?0) B=(flip;-1?0),scratch,(1,x),2,0,CNEXT,none<=12,
18,+1?0,flip;-1?0,A=(+1?0) B=(flip;-1?0),scratch,(1,x),2,0,CPREV,none<=12,
18,+1?0,flip;-1?0,A=(+1?0) B=(flip;-1?0),scratch,(1,x),2,1,FLIP,none<=12,
18,+1?0,flip;-1?0,A=(+1?0) B=(flip;-1?0),scratch,(1,x),2,1,NEXT,none<=12,
18,+1?0,flip;-1?0,A=(+1?0) B=(flip;-1?0),scratch,(1,x),2,1,PREV,none<=12,
18,+1?0,flip;-1?0,A=(+1?0) B=(flip;-1?0),scratch,(1,x),2,1,CFLIP,none<=12,
18,+1?0,flip;-1?0,A=(+1?0) B=(flip;-1?0),scratch,(1,x),2,1,CNEXT,none<=12,
18,+1?0,flip;-1?0,A=(+1?0) B=(flip;-1?0),scratch,(1,x),2,1,CPREV,none<=12,
18,+1?0,flip;-1?0,A=(+1?0) B=(flip;-1?0),scratch,(x,0),2,0,FLIP,BA,2
18,+1?0,flip;-1?0,A=(+1?0) B=(flip;-1?0),scratch,(x,0),2,0,NEXT,none<=12,
18,+1?0,flip;-1?0,A=(+1?0) B=(flip;-1?0),scratch,(x,0),2,0,PREV,none<=12,
18,+1?0,flip;-1?0,A=(+1?0) B=(flip;-1?0),scratch,(x,0),2,0,CFLIP,none<=12,
18,+1?0,flip;-1?0,A=(+1?0) B=(flip;-1?0),scratch,(x,0),2,0,CNEXT,none<=12,
18,+1?0,flip;-1?0,A=(+1?0) B=(flip;-1?0),scratch,(x,0),2,0,CPREV,none<=12,
18,+1?0,flip;-1?0,A=(+1?0) B=(flip;-1?0),scratch,(x,0),2,1,FLIP,none<=12,
18,+1?0,flip;-1?0,A=(+1?0) B=(flip;-1?0),scratch,(x,0),2,1,NEXT,none<=12,
18,+1?0,flip;-1?0,A=(+1?0) B=(flip;-1?0),scratch,(x,0),2,1,PREV,none<=12,
18,+1?0,flip;-1?0,A=(+1?0) B=(flip;-1?0),scratch,(x,0),2,1,CFLIP,none<=12,
18,+1?0,flip;-1?0,A=(+1?0) B=(flip;-1?0),scratch,(x,0),2,1,CNEXT,none<=12,
18,+1?0,flip;-1?0,A=(+1?0) B=(flip;-1?0),scratch,(x,0),2,1,CPREV,none<=12,
18,+1?0,flip;-1?0,A=(+1?0) B=(flip;-1?0),scratch,(0,x),2,0,FLIP,none<=12,
18,+1?0,flip;-1?0,A=(+1?0) B=(flip;-1?0),scratch,(0,x),2,0,NEXT,none<=12,
18,+1?0,flip;-1?0,A=(+1?0) B=(flip;-1?0),scratch,(0,x),2,0,PREV,none<=12,
18,+1?0,flip;-1?0,A=(+1?0) B=(flip;-1?0),scratch,(0,x),2,0,CFLIP,none<=12,
18,+1?0,flip;-1?0,A=(+1?0) B=(flip;-1?0),scratch,(0,x),2,0,CNEXT,none<=12,
18,+1?0,flip;-1?0,A=(+1?0) B=(flip;-1?0),scratch,(0,x),2,0,CPREV,none<=12,
18,+1?0,flip;-1?0,A=(+1?0) B=(flip;-1?0),scratch,(0,x),2,1,FLIP,BA,2
18,+1?0,flip;-1?0,A=(+1?0) B=(flip;-1?0),scratch,(0,x),2,1,NEXT,none<=12,
18,+1?0,flip;-1?0,A=(+1?0) B=(flip;-1?0),scratch,(0,x),2,1,PREV,none<=12,
18,+1?0,flip;-1?0,A=(+1?0) B=(flip;-1?0),scratch,(0,x),2,1,CFLIP,none<=12,
18,+1?0,flip;-1?0,A=(+1?0) B=(flip;-1?0),scratch,(0,x),2,1,CNEXT,none<=12,
18,+1?0,flip;-1?0,A=(+1?0) B=(flip;-1?0),scratch,(0,x),2,1,CPREV,none<=12,
18,+1?0,flip;-1?0,A=(+1?0) B=(flip;-1?0),period3,(x,0,1),3,0,FLIP,none<=12,
18,+1?0,flip;-1?0,A=(+1?0) B=(flip;-1?0),period3,(x,0,1),3,0,NEXT,none<=12,
18,+1?0,flip;-1?0,A=(+1?0) B=(flip;-1?0),period3,(x,0,1),3,0,PREV,none<=12,
18,+1?0,flip;-1?0,A=(+1?0) B=(flip;-1?0),period3,(x,0,1),3,0,CFLIP,none<=12,
18,+1?0,flip;-1?0,A=(+1?0) B=(flip;-1?0),period3,(x,0,1),3,0,CNEXT,none<=12,
18,+1?0,flip;-1?0,A=(+1?0) B=(flip;-1?0),period3,(x,0,1),3,0,CPREV,none<=12,
18,+1?0,flip;-1?0,A=(+1?0) B=(flip;-1?0),period3,(x,0,1),3,1,FLIP,none<=12,
18,+1?0,flip;-1?0,A=(+1?0) B=(flip;-1?0),period3,(x,0,1),3,1,NEXT,none<=12,
18,+1?0,flip;-1?0,A=(+1?0) B=(flip;-1?0),period3,(x,0,1),3,1,PREV,none<=12,
18,+1?0,flip;-1?0,A=(+1?0) B=(flip;-1?0),period3,(x,0,1),3,1,CFLIP,none<=12,
18,+1?0,flip;-1?0,A=(+1?0) B=(flip;-1?0),period3,(x,0,1),3,1,CNEXT,none<=12,
18,+1?0,flip;-1?0,A=(+1?0) B=(flip;-1?0),period3,(x,0,1),3,1,CPREV,none<=12,
18,+1?0,flip;-1?0,A=(+1?0) B=(flip;-1?0),period3,(x,0,1),3,2,FLIP,none<=12,
18,+1?0,flip;-1?0,A=(+1?0) B=(flip;-1?0),period3,(x,0,1),3,2,NEXT,none<=12,
18,+1?0,flip;-1?0,A=(+1?0) B=(flip;-1?0),period3,(x,0,1),3,2,PREV,none<=12,
18,+1?0,flip;-1?0,A=(+1?0) B=(flip;-1?0),period3,(x,0,1),3,2,CFLIP,none<=12,
18,+1?0,flip;-1?0,A=(+1?0) B=(flip;-1?0),period3,(x,0,1),3,2,CNEXT,none<=12,
18,+1?0,flip;-1?0,A=(+1?0) B=(flip;-1?0),period3,(x,0,1),3,2,CPREV,none<=12,
18,+1?0,flip;-1?0,A=(+1?0) B=(flip;-1?0),period3,(0,1,x),3,0,FLIP,none<=12,
18,+1?0,flip;-1?0,A=(+1?0) B=(flip;-1?0),period3,(0,1,x),3,0,NEXT,none<=12,
18,+1?0,flip;-1?0,A=(+1?0) B=(flip;-1?0),period3,(0,1,x),3,0,PREV,none<=12,
18,+1?0,flip;-1?0,A=(+1?0) B=(flip;-1?0),period3,(0,1,x),3,0,CFLIP,none<=12,
18,+1?0,flip;-1?0,A=(+1?0) B=(flip;-1?0),period3,(0,1,x),3,0,CNEXT,none<=12,
18,+1?0,flip;-1?0,A=(+1?0) B=(flip;-1?0),period3,(0,1,x),3,0,CPREV,none<=12,
18,+1?0,flip;-1?0,A=(+1?0) B=(flip;-1?0),period3,(0,1,x),3,1,FLIP,none<=12,
18,+1?0,flip;-1?0,A=(+1?0) B=(flip;-1?0),period3,(0,1,x),3,1,NEXT,none<=12,
18,+1?0,flip;-1?0,A=(+1?0) B=(flip;-1?0),period3,(0,1,x),3,1,PREV,none<=12,
18,+1?0,flip;-1?0,A=(+1?0) B=(flip;-1?0),period3,(0,1,x),3,1,CFLIP,none<=12,
18,+1?0,flip;-1?0,A=(+1?0) B=(flip;-1?0),period3,(0,1,x),3,1,CNEXT,none<=12,
18,+1?0,flip;-1?0,A=(+1?0) B=(flip;-1?0),period3,(0,1,x),3,1,CPREV,none<=12,
18,+1?0,flip;-1?0,A=(+1?0) B=(flip;-1?0),period3,(0,1,x),3,2,FLIP,none<=12,
18,+1?0,flip;-1?0,A=(+1?0) B=(flip;-1?0),period3,(0,1,x),3,2,NEXT,none<=12,
18,+1?0,flip;-1?0,A=(+1?0) B=(flip;-1?0),period3,(0,1,x),3,2,PREV,none<=12,
18,+1?0,flip;-1?0,A=(+1?0) B=(flip;-1?0),period3,(0,1,x),3,2,CFLIP,none<=12,
18,+1?0,flip;-1?0,A=(+1?0) B=(flip;-1?0),period3,(0,1,x),3,2,CNEXT,none<=12,
18,+1?0,flip;-1?0,A=(+1?0) B=(flip;-1?0),period3,(0,1,x),3,2,CPREV,none<=12,
18,+1?0,flip;-1?0,A=(+1?0) B=(flip;-1?0),period3,(1,x,0),3,0,FLIP,none<=12,
18,+1?0,flip;-1?0,A=(+1?0) B=(flip;-1?0),period3,(1,x,0),3,0,NEXT,none<=12,
18,+1?0,flip;-1?0,A=(+1?0) B=(flip;-1?0),period3,(1,x,0),3,0,PREV,none<=12,
18,+1?0,flip;-1?0,A=(+1?0) B=(flip;-1?0),period3,(1,x,0),3,0,CFLIP,none<=12,
18,+1?0,flip;-1?0,A=(+1?0) B=(flip;-1?0),period3,(1,x,0),3,0,CNEXT,none<=12,
18,+1?0,flip;-1?0,A=(+1?0) B=(flip;-1?0),period3,(1,x,0),3,0,CPREV,none<=12,
18,+1?0,flip;-1?0,A=(+1?0) B=(flip;-1?0),period3,(1,x,0),3,1,FLIP,none<=12,
18,+1?0,flip;-1?0,A=(+1?0) B=(flip;-1?0),period3,(1,x,0),3,1,NEXT,none<=12,
18,+1?0,flip;-1?0,A=(+1?0) B=(flip;-1?0),period3,(1,x,0),3,1,PREV,none<=12,
18,+1?0,flip;-1?0,A=(+1?0) B=(flip;-1?0),period3,(1,x,0),3,1,CFLIP,none<=12,
18,+1?0,flip;-1?0,A=(+1?0) B=(flip;-1?0),period3,(1,x,0),3,1,CNEXT,none<=12,
18,+1?0,flip;-1?0,A=(+1?0) B=(flip;-1?0),period3,(1,x,0),3,1,CPREV,none<=12,
18,+1?0,flip;-1?0,A=(+1?0) B=(flip;-1?0),period3,(1,x,0),3,2,FLIP,none<=12,
18,+1?0,flip;-1?0,A=(+1?0) B=(flip;-1?0),period3,(1,x,0),3,2,NEXT,none<=12,
18,+1?0,flip;-1?0,A=(+1?0) B=(flip;-1?0),period3,(1,x,0),3,2,PREV,none<=12,
18,+1?0,flip;-1?0,A=(+1?0) B=(flip;-1?0),period3,(1,x,0),3,2,CFLIP,none<=12,
18,+1?0,flip;-1?0,A=(+1?0) B=(flip;-1?0),period3,(1,x,0),3,2,CNEXT,none<=12,
18,+1?0,flip;-1?0,A=(+1?0) B=(flip;-1?0),period3,(1,x,0),3,2,CPREV,none<=12,
18,+1?0,flip;-1?0,A=(+1?0) B=(flip;-1?0),period3,(x,1,0),3,0,FLIP,BA,2
18,+1?0,flip;-1?0,A=(+1?0) B=(flip;-1?0),period3,(x,1,0),3,0,NEXT,none<=12,
18,+1?0,flip;-1?0,A=(+1?0) B=(flip;-1?0),period3,(x,1,0),3,0,PREV,none<=12,
18,+1?0,flip;-1?0,A=(+1?0) B=(flip;-1?0),period3,(x,1,0),3,0,CFLIP,none<=12,
18,+1?0,flip;-1?0,A=(+1?0) B=(flip;-1?0),period3,(x,1,0),3,0,CNEXT,none<=12,
18,+1?0,flip;-1?0,A=(+1?0) B=(flip;-1?0),period3,(x,1,0),3,0,CPREV,none<=12,
18,+1?0,flip;-1?0,A=(+1?0) B=(flip;-1?0),period3,(x,1,0),3,1,FLIP,none<=12,
18,+1?0,flip;-1?0,A=(+1?0) B=(flip;-1?0),period3,(x,1,0),3,1,NEXT,none<=12,
18,+1?0,flip;-1?0,A=(+1?0) B=(flip;-1?0),period3,(x,1,0),3,1,PREV,none<=12,
18,+1?0,flip;-1?0,A=(+1?0) B=(flip;-1?0),period3,(x,1,0),3,1,CFLIP,none<=12,
18,+1?0,flip;-1?0,A=(+1?0) B=(flip;-1?0),period3,(x,1,0),3,1,CNEXT,none<=12,
18,+1?0,flip;-1?0,A=(+1?0) B=(flip;-1?0),period3,(x,1,0),3,1,CPREV,none<=12,
18,+1?0,flip;-1?0,A=(+1?0) B=(flip;-1?0),period3,(x,1,0),3,2,FLIP,none<=12,
18,+1?0,flip;-1?0,A=(+1?0) B=(flip;-1?0),period3,(x,1,0),3,2,NEXT,none<=12,
18,+1?0,flip;-1?0,A=(+1?0) B=(flip;-1?0),period3,(x,1,0),3,2,PREV,none<=12,
18,+1?0,flip;-1?0,A=(+1?0) B=(flip;-1?0),period3,(x,1,0),3,2,CFLIP,none<=12,
18,+1?0,flip;-1?0,A=(+1?0) B=(flip;-1?0),period3,(x,1,0),3,2,CNEXT,none<=12,
18,+1?0,flip;-1?0,A=(+1?0) B=(flip;-1?0),period3,(x,1,0),3,2,CPREV,none<=12,
18,+1?0,flip;-1?0,A=(+1?0) B=(flip;-1?0),period3,(1,0,x),3,0,FLIP,none<=12,
18,+1?0,flip;-1?0,A=(+1?0) B=(flip;-1?0),period3,(1,0,x),3,0,NEXT,none<=12,
18,+1?0,flip;-1?0,A=(+1?0) B=(flip;-1?0),period3,(1,0,x),3,0,PREV,none<=12,
18,+1?0,flip;-1?0,A=(+1?0) B=(flip;-1?0),period3,(1,0,x),3,0,CFLIP,none<=12,
18,+1?0,flip;-1?0,A=(+1?0) B=(flip;-1?0),period3,(1,0,x),3,0,CNEXT,none<=12,
18,+1?0,flip;-1?0,A=(+1?0) B=(flip;-1?0),period3,(1,0,x),3,0,CPREV,none<=12,
18,+1?0,flip;-1?0,A=(+1?0) B=(flip;-1?0),period3,(1,0,x),3,1,FLIP,none<=12,
18,+1?0,flip;-1?0,A=(+1?0) B=(flip;-1?0),period3,(1,0,x),3,1,NEXT,none<=12,
18,+1?0,flip;-1?0,A=(+1?0) B=(flip;-1?0),period3,(1,0,x),3,1,PREV,none<=12,
18,+1?0,flip;-1?0,A=(+1?0) B=(flip;-1?0),period3,(1,0,x),3,1,CFLIP,none<=12,
18,+1?0,flip;-1?0,A=(+1?0) B=(flip;-1?0),period3,(1,0,x),3,1,CNEXT,none<=12,
18,+1?0,flip;-1?0,A=(+1?0) B=(flip;-1?0),period3,(1,0,x),3,1,CPREV,none<=12,
18,+1?0,flip;-1?0,A=(+1?0) B=(flip;-1?0),period3,(1,0,x),3,2,FLIP,BA,2
18,+1?0,flip;-1?0,A=(+1?0) B=(flip;-1?0),period3,(1,0,x),3,2,NEXT,none<=12,
18,+1?0,flip;-1?0,A=(+1?0) B=(flip;-1?0),period3,(1,0,x),3,2,PREV,none<=12,
18,+1?0,flip;-1?0,A=(+1?0) B=(flip;-1?0),period3,(1,0,x),3,2,CFLIP,none<=12,
18,+1?0,flip;-1?0,A=(+1?0) B=(flip;-1?0),period3,(1,0,x),3,2,CNEXT,none<=12,
18,+1?0,flip;-1?0,A=(+1?0) B=(flip;-1?0),period3,(1,0,x),3,2,CPREV,none<=12,
18,+1?0,flip;-1?0,A=(+1?0) B=(flip;-1?0),period3,(0,x,1),3,0,FLIP,none<=12,
18,+1?0,flip;-1?0,A=(+1?0) B=(flip;-1?0),period3,(0,x,1),3,0,NEXT,none<=12,
18,+1?0,flip;-1?0,A=(+1?0) B=(flip;-1?0),period3,(0,x,1),3,0,PREV,none<=12,
18,+1?0,flip;-1?0,A=(+1?0) B=(flip;-1?0),period3,(0,x,1),3,0,CFLIP,none<=12,
18,+1?0,flip;-1?0,A=(+1?0) B=(flip;-1?0),period3,(0,x,1),3,0,CNEXT,none<=12,
18,+1?0,flip;-1?0,A=(+1?0) B=(flip;-1?0),period3,(0,x,1),3,0,CPREV,none<=12,
18,+1?0,flip;-1?0,A=(+1?0) B=(flip;-1?0),period3,(0,x,1),3,1,FLIP,BA,2
18,+1?0,flip;-1?0,A=(+1?0) B=(flip;-1?0),period3,(0,x,1),3,1,NEXT,none<=12,
18,+1?0,flip;-1?0,A=(+1?0) B=(flip;-1?0),period3,(0,x,1),3,1,PREV,none<=12,
18,+1?0,flip;-1?0,A=(+1?0) B=(flip;-1?0),period3,(0,x,1),3,1,CFLIP,none<=12,
18,+1?0,flip;-1?0,A=(+1?0) B=(flip;-1?0),period3,(0,x,1),3,1,CNEXT,none<=12,
18,+1?0,flip;-1?0,A=(+1?0) B=(flip;-1?0),period3,(0,x,1),3,1,CPREV,none<=12,
18,+1?0,flip;-1?0,A=(+1?0) B=(flip;-1?0),period3,(0,x,1),3,2,FLIP,none<=12,
18,+1?0,flip;-1?0,A=(+1?0) B=(flip;-1?0),period3,(0,x,1),3,2,NEXT,none<=12,
18,+1?0,flip;-1?0,A=(+1?0) B=(flip;-1?0),period3,(0,x,1),3,2,PREV,none<=12,
18,+1?0,flip;-1?0,A=(+1?0) B=(flip;-1?0),period3,(0,x,1),3,2,CFLIP,none<=12,
18,+1?0,flip;-1?0,A=(+1?0) B=(flip;-1?0),period3,(0,x,1),3,2,CNEXT,none<=12,
18,+1?0,flip;-1?0,A=(+1?0) B=(flip;-1?0),period3,(0,x,1),3,2,CPREV,none<=12,
18,+1?0,flip;-1?0,A=(+1?0) B=(flip;-1?0),period3,(x,0,0),3,0,FLIP,BA,2
18,+1?0,flip;-1?0,A=(+1?0) B=(flip;-1?0),period3,(x,0,0),3,0,NEXT,none<=12,
18,+1?0,flip;-1?0,A=(+1?0) B=(flip;-1?0),period3,(x,0,0),3,0,PREV,none<=12,
18,+1?0,flip;-1?0,A=(+1?0) B=(flip;-1?0),period3,(x,0,0),3,0,CFLIP,none<=12,
18,+1?0,flip;-1?0,A=(+1?0) B=(flip;-1?0),period3,(x,0,0),3,0,CNEXT,none<=12,
18,+1?0,flip;-1?0,A=(+1?0) B=(flip;-1?0),period3,(x,0,0),3,0,CPREV,none<=12,
18,+1?0,flip;-1?0,A=(+1?0) B=(flip;-1?0),period3,(x,0,0),3,1,FLIP,none<=12,
18,+1?0,flip;-1?0,A=(+1?0) B=(flip;-1?0),period3,(x,0,0),3,1,NEXT,none<=12,
18,+1?0,flip;-1?0,A=(+1?0) B=(flip;-1?0),period3,(x,0,0),3,1,PREV,none<=12,
18,+1?0,flip;-1?0,A=(+1?0) B=(flip;-1?0),period3,(x,0,0),3,1,CFLIP,none<=12,
18,+1?0,flip;-1?0,A=(+1?0) B=(flip;-1?0),period3,(x,0,0),3,1,CNEXT,none<=12,
18,+1?0,flip;-1?0,A=(+1?0) B=(flip;-1?0),period3,(x,0,0),3,1,CPREV,none<=12,
18,+1?0,flip;-1?0,A=(+1?0) B=(flip;-1?0),period3,(x,0,0),3,2,FLIP,none<=12,
18,+1?0,flip;-1?0,A=(+1?0) B=(flip;-1?0),period3,(x,0,0),3,2,NEXT,none<=12,
18,+1?0,flip;-1?0,A=(+1?0) B=(flip;-1?0),period3,(x,0,0),3,2,PREV,none<=12,
18,+1?0,flip;-1?0,A=(+1?0) B=(flip;-1?0),period3,(x,0,0),3,2,CFLIP,none<=12,
18,+1?0,flip;-1?0,A=(+1?0) B=(flip;-1?0),period3,(x,0,0),3,2,CNEXT,none<=12,
18,+1?0,flip;-1?0,A=(+1?0) B=(flip;-1?0),period3,(x,0,0),3,2,CPREV,none<=12,
18,+1?0,flip;-1?0,A=(+1?0) B=(flip;-1?0),period3,(0,0,x),3,0,FLIP,none<=12,
18,+1?0,flip;-1?0,A=(+1?0) B=(flip;-1?0),period3,(0,0,x),3,0,NEXT,none<=12,
18,+1?0,flip;-1?0,A=(+1?0) B=(flip;-1?0),period3,(0,0,x),3,0,PREV,none<=12,
18,+1?0,flip;-1?0,A=(+1?0) B=(flip;-1?0),period3,(0,0,x),3,0,CFLIP,none<=12,
18,+1?0,flip;-1?0,A=(+1?0) B=(flip;-1?0),period3,(0,0,x),3,0,CNEXT,none<=12,
18,+1?0,flip;-1?0,A=(+1?0) B=(flip;-1?0),period3,(0,0,x),3,0,CPREV,none<=12,
18,+1?0,flip;-1?0,A=(+1?0) B=(flip;-1?0),period3,(0,0,x),3,1,FLIP,none<=12,
18,+1?0,flip;-1?0,A=(+1?0) B=(flip;-1?0),period3,(0,0,x),3,1,NEXT,none<=12,
18,+1?0,flip;-1?0,A=(+1?0) B=(flip;-1?0),period3,(0,0,x),3,1,PREV,none<=12,
18,+1?0,flip;-1?0,A=(+1?0) B=(flip;-1?0),period3,(0,0,x),3,1,CFLIP,none<=12,
18,+1?0,flip;-1?0,A=(+1?0) B=(flip;-1?0),period3,(0,0,x),3,1,CNEXT,none<=12,
18,+1?0,flip;-1?0,A=(+1?0) B=(flip;-1?0),period3,(0,0,x),3,1,CPREV,none<=12,
18,+1?0,flip;-1?0,A=(+1?0) B=(flip;-1?0),period3,(0,0,x),3,2,FLIP,BA,2
18,+1?0,flip;-1?0,A=(+1?0) B=(flip;-1?0),period3,(0,0,x),3,2,NEXT,none<=12,
18,+1?0,flip;-1?0,A=(+1?0) B=(flip;-1?0),period3,(0,0,x),3,2,PREV,none<=12,
18,+1?0,flip;-1?0,A=(+1?0) B=(flip;-1?0),period3,(0,0,x),3,2,CFLIP,none<=12,
18,+1?0,flip;-1?0,A=(+1?0) B=(flip;-1?0),period3,(0,0,x),3,2,CNEXT,none<=12,
18,+1?0,flip;-1?0,A=(+1?0) B=(flip;-1?0),period3,(0,0,x),3,2,CPREV,none<=12,
18,+1?0,flip;-1?0,A=(+1?0) B=(flip;-1?0),period3,(0,x,0),3,0,FLIP,none<=12,
18,+1?0,flip;-1?0,A=(+1?0) B=(flip;-1?0),period3,(0,x,0),3,0,NEXT,none<=12,
18,+1?0,flip;-1?0,A=(+1?0) B=(flip;-1?0),period3,(0,x,0),3,0,PREV,none<=12,
18,+1?0,flip;-1?0,A=(+1?0) B=(flip;-1?0),period3,(0,x,0),3,0,CFLIP,none<=12,
18,+1?0,flip;-1?0,A=(+1?0) B=(flip;-1?0),period3,(0,x,0),3,0,CNEXT,none<=12,
18,+1?0,flip;-1?0,A=(+1?0) B=(flip;-1?0),period3,(0,x,0),3,0,CPREV,none<=12,
18,+1?0,flip;-1?0,A=(+1?0) B=(flip;-1?0),period3,(0,x,0),3,1,FLIP,BA,2
18,+1?0,flip;-1?0,A=(+1?0) B=(flip;-1?0),period3,(0,x,0),3,1,NEXT,none<=12,
18,+1?0,flip;-1?0,A=(+1?0) B=(flip;-1?0),period3,(0,x,0),3,1,PREV,none<=12,
18,+1?0,flip;-1?0,A=(+1?0) B=(flip;-1?0),period3,(0,x,0),3,1,CFLIP,none<=12,
18,+1?0,flip;-1?0,A=(+1?0) B=(flip;-1?0),period3,(0,x,0),3,1,CNEXT,none<=12,
18,+1?0,flip;-1?0,A=(+1?0) B=(flip;-1?0),period3,(0,x,0),3,1,CPREV,none<=12,
18,+1?0,flip;-1?0,A=(+1?0) B=(flip;-1?0),period3,(0,x,0),3,2,FLIP,none<=12,
18,+1?0,flip;-1?0,A=(+1?0) B=(flip;-1?0),period3,(0,x,0),3,2,NEXT,none<=12,
18,+1?0,flip;-1?0,A=(+1?0) B=(flip;-1?0),period3,(0,x,0),3,2,PREV,none<=12,
18,+1?0,flip;-1?0,A=(+1?0) B=(flip;-1?0),period3,(0,x,0),3,2,CFLIP,none<=12,
18,+1?0,flip;-1?0,A=(+1?0) B=(flip;-1?0),period3,(0,x,0),3,2,CNEXT,none<=12,
18,+1?0,flip;-1?0,A=(+1?0) B=(flip;-1?0),period3,(0,x,0),3,2,CPREV,none<=12,
18,+1?0,flip;-1?0,A=(+1?0) B=(flip;-1?0),period3,(x,1,1),3,0,FLIP,none<=12,
18,+1?0,flip;-1?0,A=(+1?0) B=(flip;-1?0),period3,(x,1,1),3,0,NEXT,none<=12,
18,+1?0,flip;-1?0,A=(+1?0) B=(flip;-1?0),period3,(x,1,1),3,0,PREV,none<=12,
18,+1?0,flip;-1?0,A=(+1?0) B=(flip;-1?0),period3,(x,1,1),3,0,CFLIP,none<=12,
18,+1?0,flip;-1?0,A=(+1?0) B=(flip;-1?0),period3,(x,1,1),3,0,CNEXT,none<=12,
18,+1?0,flip;-1?0,A=(+1?0) B=(flip;-1?0),period3,(x,1,1),3,0,CPREV,none<=12,
18,+1?0,flip;-1?0,A=(+1?0) B=(flip;-1?0),period3,(x,1,1),3,1,FLIP,none<=12,
18,+1?0,flip;-1?0,A=(+1?0) B=(flip;-1?0),period3,(x,1,1),3,1,NEXT,none<=12,
18,+1?0,flip;-1?0,A=(+1?0) B=(flip;-1?0),period3,(x,1,1),3,1,PREV,none<=12,
18,+1?0,flip;-1?0,A=(+1?0) B=(flip;-1?0),period3,(x,1,1),3,1,CFLIP,none<=12,
18,+1?0,flip;-1?0,A=(+1?0) B=(flip;-1?0),period3,(x,1,1),3,1,CNEXT,none<=12,
18,+1?0,flip;-1?0,A=(+1?0) B=(flip;-1?0),period3,(x,1,1),3,1,CPREV,none<=12,
18,+1?0,flip;-1?0,A=(+1?0) B=(flip;-1?0),period3,(x,1,1),3,2,FLIP,none<=12,
18,+1?0,flip;-1?0,A=(+1?0) B=(flip;-1?0),period3,(x,1,1),3,2,NEXT,none<=12,
18,+1?0,flip;-1?0,A=(+1?0) B=(flip;-1?0),period3,(x,1,1),3,2,PREV,none<=12,
18,+1?0,flip;-1?0,A=(+1?0) B=(flip;-1?0),period3,(x,1,1),3,2,CFLIP,none<=12,
18,+1?0,flip;-1?0,A=(+1?0) B=(flip;-1?0),period3,(x,1,1),3,2,CNEXT,none<=12,
18,+1?0,flip;-1?0,A=(+1?0) B=(flip;-1?0),period3,(x,1,1),3,2,CPREV,none<=12,
18,+1?0,flip;-1?0,A=(+1?0) B=(flip;-1?0),period3,(1,1,x),3,0,FLIP,none<=12,
18,+1?0,flip;-1?0,A=(+1?0) B=(flip;-1?0),period3,(1,1,x),3,0,NEXT,none<=12,
18,+1?0,flip;-1?0,A=(+1?0) B=(flip;-1?0),period3,(1,1,x),3,0,PREV,none<=12,
18,+1?0,flip;-1?0,A=(+1?0) B=(flip;-1?0),period3,(1,1,x),3,0,CFLIP,none<=12,
18,+1?0,flip;-1?0,A=(+1?0) B=(flip;-1?0),period3,(1,1,x),3,0,CNEXT,none<=12,
18,+1?0,flip;-1?0,A=(+1?0) B=(flip;-1?0),period3,(1,1,x),3,0,CPREV,none<=12,
18,+1?0,flip;-1?0,A=(+1?0) B=(flip;-1?0),period3,(1,1,x),3,1,FLIP,none<=12,
18,+1?0,flip;-1?0,A=(+1?0) B=(flip;-1?0),period3,(1,1,x),3,1,NEXT,none<=12,
18,+1?0,flip;-1?0,A=(+1?0) B=(flip;-1?0),period3,(1,1,x),3,1,PREV,none<=12,
18,+1?0,flip;-1?0,A=(+1?0) B=(flip;-1?0),period3,(1,1,x),3,1,CFLIP,none<=12,
18,+1?0,flip;-1?0,A=(+1?0) B=(flip;-1?0),period3,(1,1,x),3,1,CNEXT,none<=12,
18,+1?0,flip;-1?0,A=(+1?0) B=(flip;-1?0),period3,(1,1,x),3,1,CPREV,none<=12,
18,+1?0,flip;-1?0,A=(+1?0) B=(flip;-1?0),period3,(1,1,x),3,2,FLIP,none<=12,
18,+1?0,flip;-1?0,A=(+1?0) B=(flip;-1?0),period3,(1,1,x),3,2,NEXT,none<=12,
18,+1?0,flip;-1?0,A=(+1?0) B=(flip;-1?0),period3,(1,1,x),3,2,PREV,none<=12,
18,+1?0,flip;-1?0,A=(+1?0) B=(flip;-1?0),period3,(1,1,x),3,2,CFLIP,none<=12,
18,+1?0,flip;-1?0,A=(+1?0) B=(flip;-1?0),period3,(1,1,x),3,2,CNEXT,none<=12,
18,+1?0,flip;-1?0,A=(+1?0) B=(flip;-1?0),period3,(1,1,x),3,2,CPREV,none<=12,
18,+1?0,flip;-1?0,A=(+1?0) B=(flip;-1?0),period3,(1,x,1),3,0,FLIP,none<=12,
18,+1?0,flip;-1?0,A=(+1?0) B=(flip;-1?0),period3,(1,x,1),3,0,NEXT,none<=12,
18,+1?0,flip;-1?0,A=(+1?0) B=(flip;-1?0),period3,(1,x,1),3,0,PREV,none<=12,
18,+1?0,flip;-1?0,A=(+1?0) B=(flip;-1?0),period3,(1,x,1),3,0,CFLIP,none<=12,
18,+1?0,flip;-1?0,A=(+1?0) B=(flip;-1?0),period3,(1,x,1),3,0,CNEXT,none<=12,
18,+1?0,flip;-1?0,A=(+1?0) B=(flip;-1?0),period3,(1,x,1),3,0,CPREV,none<=12,
18,+1?0,flip;-1?0,A=(+1?0) B=(flip;-1?0),period3,(1,x,1),3,1,FLIP,none<=12,
18,+1?0,flip;-1?0,A=(+1?0) B=(flip;-1?0),period3,(1,x,1),3,1,NEXT,none<=12,
18,+1?0,flip;-1?0,A=(+1?0) B=(flip;-1?0),period3,(1,x,1),3,1,PREV,none<=12,
18,+1?0,flip;-1?0,A=(+1?0) B=(flip;-1?0),period3,(1,x,1),3,1,CFLIP,none<=12,
18,+1?0,flip;-1?0,A=(+1?0) B=(flip;-1?0),period3,(1,x,1),3,1,CNEXT,none<=12,
18,+1?0,flip;-1?0,A=(+1?0) B=(flip;-1?0),period3,(1,x,1),3,1,CPREV,none<=12,
18,+1?0,flip;-1?0,A=(+1?0) B=(flip;-1?0),period3,(1,x,1),3,2,FLIP,none<=12,
18,+1?0,flip;-1?0,A=(+1?0) B=(flip;-1?0),period3,(1,x,1),3,2,NEXT,none<=12,
18,+1?0,flip;-1?0,A=(+1?0) B=(flip;-1?0),period3,(1,x,1),3,2,PREV,none<=12,
18,+1?0,flip;-1?0,A=(+1?0) B=(flip;-1?0),period3,(1,x,1),3,2,CFLIP,none<=12,
18,+1?0,flip;-1?0,A=(+1?0) B=(flip;-1?0),period3,(1,x,1),3,2,CNEXT,none<=12,
18,+1?0,flip;-1?0,A=(+1?0) B=(flip;-1?0),period3,(1,x,1),3,2,CPREV,none<=12,
19,+1?0,-1?0;flip,A=(+1?0) B=(-1?0;flip),none,(x),1,0,FLIP,none<=12,
19,+1?0,-1?0;flip,A=(+1?0) B=(-1?0;flip),none,(x),1,0,NEXT,none<=12,
19,+1?0,-1?0;flip,A=(+1?0) B=(-1?0;flip),none,(x),1,0,PREV,none<=12,
19,+1?0,-1?0;flip,A=(+1?0) B=(-1?0;flip),none,(x),1,0,CFLIP,none<=12,
19,+1?0,-1?0;flip,A=(+1?0) B=(-1?0;flip),none,(x),1,0,CNEXT,none<=12,
19,+1?0,-1?0;flip,A=(+1?0) B=(-1?0;flip),none,(x),1,0,CPREV,none<=12,
19,+1?0,-1?0;flip,A=(+1?0) B=(-1?0;flip),dual,(x,n),2,0,FLIP,none<=12,
19,+1?0,-1?0;flip,A=(+1?0) B=(-1?0;flip),dual,(x,n),2,0,NEXT,none<=12,
19,+1?0,-1?0;flip,A=(+1?0) B=(-1?0;flip),dual,(x,n),2,0,PREV,none<=12,
19,+1?0,-1?0;flip,A=(+1?0) B=(-1?0;flip),dual,(x,n),2,0,CFLIP,none<=12,
19,+1?0,-1?0;flip,A=(+1?0) B=(-1?0;flip),dual,(x,n),2,0,CNEXT,none<=12,
19,+1?0,-1?0;flip,A=(+1?0) B=(-1?0;flip),dual,(x,n),2,0,CPREV,none<=12,
19,+1?0,-1?0;flip,A=(+1?0) B=(-1?0;flip),dual,(x,n),2,1,FLIP,none<=12,
19,+1?0,-1?0;flip,A=(+1?0) B=(-1?0;flip),dual,(x,n),2,1,NEXT,none<=12,
19,+1?0,-1?0;flip,A=(+1?0) B=(-1?0;flip),dual,(x,n),2,1,PREV,none<=12,
19,+1?0,-1?0;flip,A=(+1?0) B=(-1?0;flip),dual,(x,n),2,1,CFLIP,none<=12,
19,+1?0,-1?0;flip,A=(+1?0) B=(-1?0;flip),dual,(x,n),2,1,CNEXT,none<=12,
19,+1?0,-1?0;flip,A=(+1?0) B=(-1?0;flip),dual,(x,n),2,1,CPREV,none<=12,
19,+1?0,-1?0;flip,A=(+1?0) B=(-1?0;flip),dual,(n,x),2,0,FLIP,none<=12,
19,+1?0,-1?0;flip,A=(+1?0) B=(-1?0;flip),dual,(n,x),2,0,NEXT,none<=12,
19,+1?0,-1?0;flip,A=(+1?0) B=(-1?0;flip),dual,(n,x),2,0,PREV,none<=12,
19,+1?0,-1?0;flip,A=(+1?0) B=(-1?0;flip),dual,(n,x),2,0,CFLIP,none<=12,
19,+1?0,-1?0;flip,A=(+1?0) B=(-1?0;flip),dual,(n,x),2,0,CNEXT,none<=12,
19,+1?0,-1?0;flip,A=(+1?0) B=(-1?0;flip),dual,(n,x),2,0,CPREV,none<=12,
19,+1?0,-1?0;flip,A=(+1?0) B=(-1?0;flip),dual,(n,x),2,1,FLIP,none<=12,
19,+1?0,-1?0;flip,A=(+1?0) B=(-1?0;flip),dual,(n,x),2,1,NEXT,none<=12,
19,+1?0,-1?0;flip,A=(+1?0) B=(-1?0;flip),dual,(n,x),2,1,PREV,none<=12,
19,+1?0,-1?0;flip,A=(+1?0) B=(-1?0;flip),dual,(n,x),2,1,CFLIP,none<=12,
19,+1?0,-1?0;flip,A=(+1?0) B=(-1?0;flip),dual,(n,x),2,1,CNEXT,none<=12,
19,+1?0,-1?0;flip,A=(+1?0) B=(-1?0;flip),dual,(n,x),2,1,CPREV,none<=12,
19,+1?0,-1?0;flip,A=(+1?0) B=(-1?0;flip),scratch,(x,1),2,0,FLIP,none<=12,
19,+1?0,-1?0;flip,A=(+1?0) B=(-1?0;flip),scratch,(x,1),2,0,NEXT,none<=12,
19,+1?0,-1?0;flip,A=(+1?0) B=(-1?0;flip),scratch,(x,1),2,0,PREV,none<=12,
19,+1?0,-1?0;flip,A=(+1?0) B=(-1?0;flip),scratch,(x,1),2,0,CFLIP,none<=12,
19,+1?0,-1?0;flip,A=(+1?0) B=(-1?0;flip),scratch,(x,1),2,0,CNEXT,none<=12,
19,+1?0,-1?0;flip,A=(+1?0) B=(-1?0;flip),scratch,(x,1),2,0,CPREV,none<=12,
19,+1?0,-1?0;flip,A=(+1?0) B=(-1?0;flip),scratch,(x,1),2,1,FLIP,none<=12,
19,+1?0,-1?0;flip,A=(+1?0) B=(-1?0;flip),scratch,(x,1),2,1,NEXT,none<=12,
19,+1?0,-1?0;flip,A=(+1?0) B=(-1?0;flip),scratch,(x,1),2,1,PREV,none<=12,
19,+1?0,-1?0;flip,A=(+1?0) B=(-1?0;flip),scratch,(x,1),2,1,CFLIP,none<=12,
19,+1?0,-1?0;flip,A=(+1?0) B=(-1?0;flip),scratch,(x,1),2,1,CNEXT,none<=12,
19,+1?0,-1?0;flip,A=(+1?0) B=(-1?0;flip),scratch,(x,1),2,1,CPREV,none<=12,
19,+1?0,-1?0;flip,A=(+1?0) B=(-1?0;flip),scratch,(1,x),2,0,FLIP,none<=12,
19,+1?0,-1?0;flip,A=(+1?0) B=(-1?0;flip),scratch,(1,x),2,0,NEXT,none<=12,
19,+1?0,-1?0;flip,A=(+1?0) B=(-1?0;flip),scratch,(1,x),2,0,PREV,none<=12,
19,+1?0,-1?0;flip,A=(+1?0) B=(-1?0;flip),scratch,(1,x),2,0,CFLIP,none<=12,
19,+1?0,-1?0;flip,A=(+1?0) B=(-1?0;flip),scratch,(1,x),2,0,CNEXT,none<=12,
19,+1?0,-1?0;flip,A=(+1?0) B=(-1?0;flip),scratch,(1,x),2,0,CPREV,none<=12,
19,+1?0,-1?0;flip,A=(+1?0) B=(-1?0;flip),scratch,(1,x),2,1,FLIP,none<=12,
19,+1?0,-1?0;flip,A=(+1?0) B=(-1?0;flip),scratch,(1,x),2,1,NEXT,none<=12,
19,+1?0,-1?0;flip,A=(+1?0) B=(-1?0;flip),scratch,(1,x),2,1,PREV,none<=12,
19,+1?0,-1?0;flip,A=(+1?0) B=(-1?0;flip),scratch,(1,x),2,1,CFLIP,none<=12,
19,+1?0,-1?0;flip,A=(+1?0) B=(-1?0;flip),scratch,(1,x),2,1,CNEXT,none<=12,
19,+1?0,-1?0;flip,A=(+1?0) B=(-1?0;flip),scratch,(1,x),2,1,CPREV,none<=12,
19,+1?0,-1?0;flip,A=(+1?0) B=(-1?0;flip),scratch,(x,0),2,0,FLIP,AB,2
19,+1?0,-1?0;flip,A=(+1?0) B=(-1?0;flip),scratch,(x,0),2,0,NEXT,none<=12,
19,+1?0,-1?0;flip,A=(+1?0) B=(-1?0;flip),scratch,(x,0),2,0,PREV,none<=12,
19,+1?0,-1?0;flip,A=(+1?0) B=(-1?0;flip),scratch,(x,0),2,0,CFLIP,none<=12,
19,+1?0,-1?0;flip,A=(+1?0) B=(-1?0;flip),scratch,(x,0),2,0,CNEXT,none<=12,
19,+1?0,-1?0;flip,A=(+1?0) B=(-1?0;flip),scratch,(x,0),2,0,CPREV,none<=12,
19,+1?0,-1?0;flip,A=(+1?0) B=(-1?0;flip),scratch,(x,0),2,1,FLIP,none<=12,
19,+1?0,-1?0;flip,A=(+1?0) B=(-1?0;flip),scratch,(x,0),2,1,NEXT,none<=12,
19,+1?0,-1?0;flip,A=(+1?0) B=(-1?0;flip),scratch,(x,0),2,1,PREV,none<=12,
19,+1?0,-1?0;flip,A=(+1?0) B=(-1?0;flip),scratch,(x,0),2,1,CFLIP,none<=12,
19,+1?0,-1?0;flip,A=(+1?0) B=(-1?0;flip),scratch,(x,0),2,1,CNEXT,none<=12,
19,+1?0,-1?0;flip,A=(+1?0) B=(-1?0;flip),scratch,(x,0),2,1,CPREV,none<=12,
19,+1?0,-1?0;flip,A=(+1?0) B=(-1?0;flip),scratch,(0,x),2,0,FLIP,none<=12,
19,+1?0,-1?0;flip,A=(+1?0) B=(-1?0;flip),scratch,(0,x),2,0,NEXT,none<=12,
19,+1?0,-1?0;flip,A=(+1?0) B=(-1?0;flip),scratch,(0,x),2,0,PREV,none<=12,
19,+1?0,-1?0;flip,A=(+1?0) B=(-1?0;flip),scratch,(0,x),2,0,CFLIP,none<=12,
19,+1?0,-1?0;flip,A=(+1?0) B=(-1?0;flip),scratch,(0,x),2,0,CNEXT,none<=12,
19,+1?0,-1?0;flip,A=(+1?0) B=(-1?0;flip),scratch,(0,x),2,0,CPREV,none<=12,
19,+1?0,-1?0;flip,A=(+1?0) B=(-1?0;flip),scratch,(0,x),2,1,FLIP,AB,2
19,+1?0,-1?0;flip,A=(+1?0) B=(-1?0;flip),scratch,(0,x),2,1,NEXT,none<=12,
19,+1?0,-1?0;flip,A=(+1?0) B=(-1?0;flip),scratch,(0,x),2,1,PREV,none<=12,
19,+1?0,-1?0;flip,A=(+1?0) B=(-1?0;flip),scratch,(0,x),2,1,CFLIP,none<=12,
19,+1?0,-1?0;flip,A=(+1?0) B=(-1?0;flip),scratch,(0,x),2,1,CNEXT,none<=12,
19,+1?0,-1?0;flip,A=(+1?0) B=(-1?0;flip),scratch,(0,x),2,1,CPREV,none<=12,
19,+1?0,-1?0;flip,A=(+1?0) B=(-1?0;flip),period3,(x,0,1),3,0,FLIP,AB,2
19,+1?0,-1?0;flip,A=(+1?0) B=(-1?0;flip),period3,(x,0,1),3,0,NEXT,none<=12,
19,+1?0,-1?0;flip,A=(+1?0) B=(-1?0;flip),period3,(x,0,1),3,0,PREV,none<=12,
19,+1?0,-1?0;flip,A=(+1?0) B=(-1?0;flip),period3,(x,0,1),3,0,CFLIP,none<=12,
19,+1?0,-1?0;flip,A=(+1?0) B=(-1?0;flip),period3,(x,0,1),3,0,CNEXT,none<=12,
19,+1?0,-1?0;flip,A=(+1?0) B=(-1?0;flip),period3,(x,0,1),3,0,CPREV,none<=12,
19,+1?0,-1?0;flip,A=(+1?0) B=(-1?0;flip),period3,(x,0,1),3,1,FLIP,none<=12,
19,+1?0,-1?0;flip,A=(+1?0) B=(-1?0;flip),period3,(x,0,1),3,1,NEXT,none<=12,
19,+1?0,-1?0;flip,A=(+1?0) B=(-1?0;flip),period3,(x,0,1),3,1,PREV,none<=12,
19,+1?0,-1?0;flip,A=(+1?0) B=(-1?0;flip),period3,(x,0,1),3,1,CFLIP,none<=12,
19,+1?0,-1?0;flip,A=(+1?0) B=(-1?0;flip),period3,(x,0,1),3,1,CNEXT,none<=12,
19,+1?0,-1?0;flip,A=(+1?0) B=(-1?0;flip),period3,(x,0,1),3,1,CPREV,none<=12,
19,+1?0,-1?0;flip,A=(+1?0) B=(-1?0;flip),period3,(x,0,1),3,2,FLIP,none<=12,
19,+1?0,-1?0;flip,A=(+1?0) B=(-1?0;flip),period3,(x,0,1),3,2,NEXT,none<=12,
19,+1?0,-1?0;flip,A=(+1?0) B=(-1?0;flip),period3,(x,0,1),3,2,PREV,none<=12,
19,+1?0,-1?0;flip,A=(+1?0) B=(-1?0;flip),period3,(x,0,1),3,2,CFLIP,none<=12,
19,+1?0,-1?0;flip,A=(+1?0) B=(-1?0;flip),period3,(x,0,1),3,2,CNEXT,none<=12,
19,+1?0,-1?0;flip,A=(+1?0) B=(-1?0;flip),period3,(x,0,1),3,2,CPREV,none<=12,
19,+1?0,-1?0;flip,A=(+1?0) B=(-1?0;flip),period3,(0,1,x),3,0,FLIP,none<=12,
19,+1?0,-1?0;flip,A=(+1?0) B=(-1?0;flip),period3,(0,1,x),3,0,NEXT,none<=12,
19,+1?0,-1?0;flip,A=(+1?0) B=(-1?0;flip),period3,(0,1,x),3,0,PREV,none<=12,
19,+1?0,-1?0;flip,A=(+1?0) B=(-1?0;flip),period3,(0,1,x),3,0,CFLIP,none<=12,
19,+1?0,-1?0;flip,A=(+1?0) B=(-1?0;flip),period3,(0,1,x),3,0,CNEXT,none<=12,
19,+1?0,-1?0;flip,A=(+1?0) B=(-1?0;flip),period3,(0,1,x),3,0,CPREV,none<=12,
19,+1?0,-1?0;flip,A=(+1?0) B=(-1?0;flip),period3,(0,1,x),3,1,FLIP,none<=12,
19,+1?0,-1?0;flip,A=(+1?0) B=(-1?0;flip),period3,(0,1,x),3,1,NEXT,none<=12,
19,+1?0,-1?0;flip,A=(+1?0) B=(-1?0;flip),period3,(0,1,x),3,1,PREV,none<=12,
19,+1?0,-1?0;flip,A=(+1?0) B=(-1?0;flip),period3,(0,1,x),3,1,CFLIP,none<=12,
19,+1?0,-1?0;flip,A=(+1?0) B=(-1?0;flip),period3,(0,1,x),3,1,CNEXT,none<=12,
19,+1?0,-1?0;flip,A=(+1?0) B=(-1?0;flip),period3,(0,1,x),3,1,CPREV,none<=12,
19,+1?0,-1?0;flip,A=(+1?0) B=(-1?0;flip),period3,(0,1,x),3,2,FLIP,AB,2
19,+1?0,-1?0;flip,A=(+1?0) B=(-1?0;flip),period3,(0,1,x),3,2,NEXT,none<=12,
19,+1?0,-1?0;flip,A=(+1?0) B=(-1?0;flip),period3,(0,1,x),3,2,PREV,none<=12,
19,+1?0,-1?0;flip,A=(+1?0) B=(-1?0;flip),period3,(0,1,x),3,2,CFLIP,none<=12,
19,+1?0,-1?0;flip,A=(+1?0) B=(-1?0;flip),period3,(0,1,x),3,2,CNEXT,none<=12,
19,+1?0,-1?0;flip,A=(+1?0) B=(-1?0;flip),period3,(0,1,x),3,2,CPREV,none<=12,
19,+1?0,-1?0;flip,A=(+1?0) B=(-1?0;flip),period3,(1,x,0),3,0,FLIP,none<=12,
19,+1?0,-1?0;flip,A=(+1?0) B=(-1?0;flip),period3,(1,x,0),3,0,NEXT,none<=12,
19,+1?0,-1?0;flip,A=(+1?0) B=(-1?0;flip),period3,(1,x,0),3,0,PREV,none<=12,
19,+1?0,-1?0;flip,A=(+1?0) B=(-1?0;flip),period3,(1,x,0),3,0,CFLIP,none<=12,
19,+1?0,-1?0;flip,A=(+1?0) B=(-1?0;flip),period3,(1,x,0),3,0,CNEXT,none<=12,
19,+1?0,-1?0;flip,A=(+1?0) B=(-1?0;flip),period3,(1,x,0),3,0,CPREV,none<=12,
19,+1?0,-1?0;flip,A=(+1?0) B=(-1?0;flip),period3,(1,x,0),3,1,FLIP,AB,2
19,+1?0,-1?0;flip,A=(+1?0) B=(-1?0;flip),period3,(1,x,0),3,1,NEXT,none<=12,
19,+1?0,-1?0;flip,A=(+1?0) B=(-1?0;flip),period3,(1,x,0),3,1,PREV,none<=12,
19,+1?0,-1?0;flip,A=(+1?0) B=(-1?0;flip),period3,(1,x,0),3,1,CFLIP,none<=12,
19,+1?0,-1?0;flip,A=(+1?0) B=(-1?0;flip),period3,(1,x,0),3,1,CNEXT,none<=12,
19,+1?0,-1?0;flip,A=(+1?0) B=(-1?0;flip),period3,(1,x,0),3,1,CPREV,none<=12,
19,+1?0,-1?0;flip,A=(+1?0) B=(-1?0;flip),period3,(1,x,0),3,2,FLIP,none<=12,
19,+1?0,-1?0;flip,A=(+1?0) B=(-1?0;flip),period3,(1,x,0),3,2,NEXT,none<=12,
19,+1?0,-1?0;flip,A=(+1?0) B=(-1?0;flip),period3,(1,x,0),3,2,PREV,none<=12,
19,+1?0,-1?0;flip,A=(+1?0) B=(-1?0;flip),period3,(1,x,0),3,2,CFLIP,none<=12,
19,+1?0,-1?0;flip,A=(+1?0) B=(-1?0;flip),period3,(1,x,0),3,2,CNEXT,none<=12,
19,+1?0,-1?0;flip,A=(+1?0) B=(-1?0;flip),period3,(1,x,0),3,2,CPREV,none<=12,
19,+1?0,-1?0;flip,A=(+1?0) B=(-1?0;flip),period3,(x,1,0),3,0,FLIP,none<=12,
19,+1?0,-1?0;flip,A=(+1?0) B=(-1?0;flip),period3,(x,1,0),3,0,NEXT,none<=12,
19,+1?0,-1?0;flip,A=(+1?0) B=(-1?0;flip),period3,(x,1,0),3,0,PREV,none<=12,
19,+1?0,-1?0;flip,A=(+1?0) B=(-1?0;flip),period3,(x,1,0),3,0,CFLIP,none<=12,
19,+1?0,-1?0;flip,A=(+1?0) B=(-1?0;flip),period3,(x,1,0),3,0,CNEXT,none<=12,
19,+1?0,-1?0;flip,A=(+1?0) B=(-1?0;flip),period3,(x,1,0),3,0,CPREV,none<=12,
19,+1?0,-1?0;flip,A=(+1?0) B=(-1?0;flip),period3,(x,1,0),3,1,FLIP,none<=12,
19,+1?0,-1?0;flip,A=(+1?0) B=(-1?0;flip),period3,(x,1,0),3,1,NEXT,none<=12,
19,+1?0,-1?0;flip,A=(+1?0) B=(-1?0;flip),period3,(x,1,0),3,1,PREV,none<=12,
19,+1?0,-1?0;flip,A=(+1?0) B=(-1?0;flip),period3,(x,1,0),3,1,CFLIP,none<=12,
19,+1?0,-1?0;flip,A=(+1?0) B=(-1?0;flip),period3,(x,1,0),3,1,CNEXT,none<=12,
19,+1?0,-1?0;flip,A=(+1?0) B=(-1?0;flip),period3,(x,1,0),3,1,CPREV,none<=12,
19,+1?0,-1?0;flip,A=(+1?0) B=(-1?0;flip),period3,(x,1,0),3,2,FLIP,none<=12,
19,+1?0,-1?0;flip,A=(+1?0) B=(-1?0;flip),period3,(x,1,0),3,2,NEXT,none<=12,
19,+1?0,-1?0;flip,A=(+1?0) B=(-1?0;flip),period3,(x,1,0),3,2,PREV,none<=12,
19,+1?0,-1?0;flip,A=(+1?0) B=(-1?0;flip),period3,(x,1,0),3,2,CFLIP,none<=12,
19,+1?0,-1?0;flip,A=(+1?0) B=(-1?0;flip),period3,(x,1,0),3,2,CNEXT,none<=12,
19,+1?0,-1?0;flip,A=(+1?0) B=(-1?0;flip),period3,(x,1,0),3,2,CPREV,none<=12,
19,+1?0,-1?0;flip,A=(+1?0) B=(-1?0;flip),period3,(1,0,x),3,0,FLIP,none<=12,
19,+1?0,-1?0;flip,A=(+1?0) B=(-1?0;flip),period3,(1,0,x),3,0,NEXT,none<=12,
19,+1?0,-1?0;flip,A=(+1?0) B=(-1?0;flip),period3,(1,0,x),3,0,PREV,none<=12,
19,+1?0,-1?0;flip,A=(+1?0) B=(-1?0;flip),period3,(1,0,x),3,0,CFLIP,none<=12,
19,+1?0,-1?0;flip,A=(+1?0) B=(-1?0;flip),period3,(1,0,x),3,0,CNEXT,none<=12,
19,+1?0,-1?0;flip,A=(+1?0) B=(-1?0;flip),period3,(1,0,x),3,0,CPREV,none<=12,
19,+1?0,-1?0;flip,A=(+1?0) B=(-1?0;flip),period3,(1,0,x),3,1,FLIP,none<=12,
19,+1?0,-1?0;flip,A=(+1?0) B=(-1?0;flip),period3,(1,0,x),3,1,NEXT,none<=12,
19,+1?0,-1?0;flip,A=(+1?0) B=(-1?0;flip),period3,(1,0,x),3,1,PREV,none<=12,
19,+1?0,-1?0;flip,A=(+1?0) B=(-1?0;flip),period3,(1,0,x),3,1,CFLIP,none<=12,
19,+1?0,-1?0;flip,A=(+1?0) B=(-1?0;flip),period3,(1,0,x),3,1,CNEXT,none<=12,
19,+1?0,-1?0;flip,A=(+1?0) B=(-1?0;flip),period3,(1,0,x),3,1,CPREV,none<=12,
19,+1?0,-1?0;flip,A=(+1?0) B=(-1?0;flip),period3,(1,0,x),3,2,FLIP,none<=12,
19,+1?0,-1?0;flip,A=(+1?0) B=(-1?0;flip),period3,(1,0,x),3,2,NEXT,none<=12,
19,+1?0,-1?0;flip,A=(+1?0) B=(-1?0;flip),period3,(1,0,x),3,2,PREV,none<=12,
19,+1?0,-1?0;flip,A=(+1?0) B=(-1?0;flip),period3,(1,0,x),3,2,CFLIP,none<=12,
19,+1?0,-1?0;flip,A=(+1?0) B=(-1?0;flip),period3,(1,0,x),3,2,CNEXT,none<=12,
19,+1?0,-1?0;flip,A=(+1?0) B=(-1?0;flip),period3,(1,0,x),3,2,CPREV,none<=12,
19,+1?0,-1?0;flip,A=(+1?0) B=(-1?0;flip),period3,(0,x,1),3,0,FLIP,none<=12,
19,+1?0,-1?0;flip,A=(+1?0) B=(-1?0;flip),period3,(0,x,1),3,0,NEXT,none<=12,
19,+1?0,-1?0;flip,A=(+1?0) B=(-1?0;flip),period3,(0,x,1),3,0,PREV,none<=12,
19,+1?0,-1?0;flip,A=(+1?0) B=(-1?0;flip),period3,(0,x,1),3,0,CFLIP,none<=12,
19,+1?0,-1?0;flip,A=(+1?0) B=(-1?0;flip),period3,(0,x,1),3,0,CNEXT,none<=12,
19,+1?0,-1?0;flip,A=(+1?0) B=(-1?0;flip),period3,(0,x,1),3,0,CPREV,none<=12,
19,+1?0,-1?0;flip,A=(+1?0) B=(-1?0;flip),period3,(0,x,1),3,1,FLIP,none<=12,
19,+1?0,-1?0;flip,A=(+1?0) B=(-1?0;flip),period3,(0,x,1),3,1,NEXT,none<=12,
19,+1?0,-1?0;flip,A=(+1?0) B=(-1?0;flip),period3,(0,x,1),3,1,PREV,none<=12,
19,+1?0,-1?0;flip,A=(+1?0) B=(-1?0;flip),period3,(0,x,1),3,1,CFLIP,none<=12,
19,+1?0,-1?0;flip,A=(+1?0) B=(-1?0;flip),period3,(0,x,1),3,1,CNEXT,none<=12,
19,+1?0,-1?0;flip,A=(+1?0) B=(-1?0;flip),period3,(0,x,1),3,1,CPREV,none<=12,
19,+1?0,-1?0;flip,A=(+1?0) B=(-1?0;flip),period3,(0,x,1),3,2,FLIP,none<=12,
19,+1?0,-1?0;flip,A=(+1?0) B=(-1?0;flip),period3,(0,x,1),3,2,NEXT,none<=12,
19,+1?0,-1?0;flip,A=(+1?0) B=(-1?0;flip),period3,(0,x,1),3,2,PREV,none<=12,
19,+1?0,-1?0;flip,A=(+1?0) B=(-1?0;flip),period3,(0,x,1),3,2,CFLIP,none<=12,
19,+1?0,-1?0;flip,A=(+1?0) B=(-1?0;flip),period3,(0,x,1),3,2,CNEXT,none<=12,
19,+1?0,-1?0;flip,A=(+1?0) B=(-1?0;flip),period3,(0,x,1),3,2,CPREV,none<=12,
19,+1?0,-1?0;flip,A=(+1?0) B=(-1?0;flip),period3,(x,0,0),3,0,FLIP,AB,2
19,+1?0,-1?0;flip,A=(+1?0) B=(-1?0;flip),period3,(x,0,0),3,0,NEXT,none<=12,
19,+1?0,-1?0;flip,A=(+1?0) B=(-1?0;flip),period3,(x,0,0),3,0,PREV,none<=12,
19,+1?0,-1?0;flip,A=(+1?0) B=(-1?0;flip),period3,(x,0,0),3,0,CFLIP,none<=12,
19,+1?0,-1?0;flip,A=(+1?0) B=(-1?0;flip),period3,(x,0,0),3,0,CNEXT,none<=12,
19,+1?0,-1?0;flip,A=(+1?0) B=(-1?0;flip),period3,(x,0,0),3,0,CPREV,none<=12,
19,+1?0,-1?0;flip,A=(+1?0) B=(-1?0;flip),period3,(x,0,0),3,1,FLIP,none<=12,
19,+1?0,-1?0;flip,A=(+1?0) B=(-1?0;flip),period3,(x,0,0),3,1,NEXT,none<=12,
19,+1?0,-1?0;flip,A=(+1?0) B=(-1?0;flip),period3,(x,0,0),3,1,PREV,none<=12,
19,+1?0,-1?0;flip,A=(+1?0) B=(-1?0;flip),period3,(x,0,0),3,1,CFLIP,none<=12,
19,+1?0,-1?0;flip,A=(+1?0) B=(-1?0;flip),period3,(x,0,0),3,1,CNEXT,none<=12,
19,+1?0,-1?0;flip,A=(+1?0) B=(-1?0;flip),period3,(x,0,0),3,1,CPREV,none<=12,
19,+1?0,-1?0;flip,A=(+1?0) B=(-1?0;flip),period3,(x,0,0),3,2,FLIP,none<=12,
19,+1?0,-1?0;flip,A=(+1?0) B=(-1?0;flip),period3,(x,0,0),3,2,NEXT,none<=12,
19,+1?0,-1?0;flip,A=(+1?0) B=(-1?0;flip),period3,(x,0,0),3,2,PREV,none<=12,
19,+1?0,-1?0;flip,A=(+1?0) B=(-1?0;flip),period3,(x,0,0),3,2,CFLIP,none<=12,
19,+1?0,-1?0;flip,A=(+1?0) B=(-1?0;flip),period3,(x,0,0),3,2,CNEXT,none<=12,
19,+1?0,-1?0;flip,A=(+1?0) B=(-1?0;flip),period3,(x,0,0),3,2,CPREV,none<=12,
19,+1?0,-1?0;flip,A=(+1?0) B=(-1?0;flip),period3,(0,0,x),3,0,FLIP,none<=12,
19,+1?0,-1?0;flip,A=(+1?0) B=(-1?0;flip),period3,(0,0,x),3,0,NEXT,none<=12,
19,+1?0,-1?0;flip,A=(+1?0) B=(-1?0;flip),period3,(0,0,x),3,0,PREV,none<=12,
19,+1?0,-1?0;flip,A=(+1?0) B=(-1?0;flip),period3,(0,0,x),3,0,CFLIP,none<=12,
19,+1?0,-1?0;flip,A=(+1?0) B=(-1?0;flip),period3,(0,0,x),3,0,CNEXT,none<=12,
19,+1?0,-1?0;flip,A=(+1?0) B=(-1?0;flip),period3,(0,0,x),3,0,CPREV,none<=12,
19,+1?0,-1?0;flip,A=(+1?0) B=(-1?0;flip),period3,(0,0,x),3,1,FLIP,none<=12,
19,+1?0,-1?0;flip,A=(+1?0) B=(-1?0;flip),period3,(0,0,x),3,1,NEXT,none<=12,
19,+1?0,-1?0;flip,A=(+1?0) B=(-1?0;flip),period3,(0,0,x),3,1,PREV,none<=12,
19,+1?0,-1?0;flip,A=(+1?0) B=(-1?0;flip),period3,(0,0,x),3,1,CFLIP,none<=12,
19,+1?0,-1?0;flip,A=(+1?0) B=(-1?0;flip),period3,(0,0,x),3,1,CNEXT,none<=12,
19,+1?0,-1?0;flip,A=(+1?0) B=(-1?0;flip),period3,(0,0,x),3,1,CPREV,none<=12,
19,+1?0,-1?0;flip,A=(+1?0) B=(-1?0;flip),period3,(0,0,x),3,2,FLIP,AB,2
19,+1?0,-1?0;flip,A=(+1?0) B=(-1?0;flip),period3,(0,0,x),3,2,NEXT,none<=12,
19,+1?0,-1?0;flip,A=(+1?0) B=(-1?0;flip),period3,(0,0,x),3,2,PREV,none<=12,
19,+1?0,-1?0;flip,A=(+1?0) B=(-1?0;flip),period3,(0,0,x),3,2,CFLIP,none<=12,
19,+1?0,-1?0;flip,A=(+1?0) B=(-1?0;flip),period3,(0,0,x),3,2,CNEXT,none<=12,
19,+1?0,-1?0;flip,A=(+1?0) B=(-1?0;flip),period3,(0,0,x),3,2,CPREV,none<=12,
19,+1?0,-1?0;flip,A=(+1?0) B=(-1?0;flip),period3,(0,x,0),3,0,FLIP,none<=12,
19,+1?0,-1?0;flip,A=(+1?0) B=(-1?0;flip),period3,(0,x,0),3,0,NEXT,none<=12,
19,+1?0,-1?0;flip,A=(+1?0) B=(-1?0;flip),period3,(0,x,0),3,0,PREV,none<=12,
19,+1?0,-1?0;flip,A=(+1?0) B=(-1?0;flip),period3,(0,x,0),3,0,CFLIP,none<=12,
19,+1?0,-1?0;flip,A=(+1?0) B=(-1?0;flip),period3,(0,x,0),3,0,CNEXT,none<=12,
19,+1?0,-1?0;flip,A=(+1?0) B=(-1?0;flip),period3,(0,x,0),3,0,CPREV,none<=12,
19,+1?0,-1?0;flip,A=(+1?0) B=(-1?0;flip),period3,(0,x,0),3,1,FLIP,AB,2
19,+1?0,-1?0;flip,A=(+1?0) B=(-1?0;flip),period3,(0,x,0),3,1,NEXT,none<=12,
19,+1?0,-1?0;flip,A=(+1?0) B=(-1?0;flip),period3,(0,x,0),3,1,PREV,none<=12,
19,+1?0,-1?0;flip,A=(+1?0) B=(-1?0;flip),period3,(0,x,0),3,1,CFLIP,none<=12,
19,+1?0,-1?0;flip,A=(+1?0) B=(-1?0;flip),period3,(0,x,0),3,1,CNEXT,none<=12,
19,+1?0,-1?0;flip,A=(+1?0) B=(-1?0;flip),period3,(0,x,0),3,1,CPREV,none<=12,
19,+1?0,-1?0;flip,A=(+1?0) B=(-1?0;flip),period3,(0,x,0),3,2,FLIP,none<=12,
19,+1?0,-1?0;flip,A=(+1?0) B=(-1?0;flip),period3,(0,x,0),3,2,NEXT,none<=12,
19,+1?0,-1?0;flip,A=(+1?0) B=(-1?0;flip),period3,(0,x,0),3,2,PREV,none<=12,
19,+1?0,-1?0;flip,A=(+1?0) B=(-1?0;flip),period3,(0,x,0),3,2,CFLIP,none<=12,
19,+1?0,-1?0;flip,A=(+1?0) B=(-1?0;flip),period3,(0,x,0),3,2,CNEXT,none<=12,
19,+1?0,-1?0;flip,A=(+1?0) B=(-1?0;flip),period3,(0,x,0),3,2,CPREV,none<=12,
19,+1?0,-1?0;flip,A=(+1?0) B=(-1?0;flip),period3,(x,1,1),3,0,FLIP,none<=12,
19,+1?0,-1?0;flip,A=(+1?0) B=(-1?0;flip),period3,(x,1,1),3,0,NEXT,none<=12,
19,+1?0,-1?0;flip,A=(+1?0) B=(-1?0;flip),period3,(x,1,1),3,0,PREV,none<=12,
19,+1?0,-1?0;flip,A=(+1?0) B=(-1?0;flip),period3,(x,1,1),3,0,CFLIP,none<=12,
19,+1?0,-1?0;flip,A=(+1?0) B=(-1?0;flip),period3,(x,1,1),3,0,CNEXT,none<=12,
19,+1?0,-1?0;flip,A=(+1?0) B=(-1?0;flip),period3,(x,1,1),3,0,CPREV,none<=12,
19,+1?0,-1?0;flip,A=(+1?0) B=(-1?0;flip),period3,(x,1,1),3,1,FLIP,none<=12,
19,+1?0,-1?0;flip,A=(+1?0) B=(-1?0;flip),period3,(x,1,1),3,1,NEXT,none<=12,
19,+1?0,-1?0;flip,A=(+1?0) B=(-1?0;flip),period3,(x,1,1),3,1,PREV,none<=12,
19,+1?0,-1?0;flip,A=(+1?0) B=(-1?0;flip),period3,(x,1,1),3,1,CFLIP,none<=12,
19,+1?0,-1?0;flip,A=(+1?0) B=(-1?0;flip),period3,(x,1,1),3,1,CNEXT,none<=12,
19,+1?0,-1?0;flip,A=(+1?0) B=(-1?0;flip),period3,(x,1,1),3,1,CPREV,none<=12,
19,+1?0,-1?0;flip,A=(+1?0) B=(-1?0;flip),period3,(x,1,1),3,2,FLIP,none<=12,
19,+1?0,-1?0;flip,A=(+1?0) B=(-1?0;flip),period3,(x,1,1),3,2,NEXT,none<=12,
19,+1?0,-1?0;flip,A=(+1?0) B=(-1?0;flip),period3,(x,1,1),3,2,PREV,none<=12,
19,+1?0,-1?0;flip,A=(+1?0) B=(-1?0;flip),period3,(x,1,1),3,2,CFLIP,none<=12,
19,+1?0,-1?0;flip,A=(+1?0) B=(-1?0;flip),period3,(x,1,1),3,2,CNEXT,none<=12,
19,+1?0,-1?0;flip,A=(+1?0) B=(-1?0;flip),period3,(x,1,1),3,2,CPREV,none<=12,
19,+1?0,-1?0;flip,A=(+1?0) B=(-1?0;flip),period3,(1,1,x),3,0,FLIP,none<=12,
19,+1?0,-1?0;flip,A=(+1?0) B=(-1?0;flip),period3,(1,1,x),3,0,NEXT,none<=12,
19,+1?0,-1?0;flip,A=(+1?0) B=(-1?0;flip),period3,(1,1,x),3,0,PREV,none<=12,
19,+1?0,-1?0;flip,A=(+1?0) B=(-1?0;flip),period3,(1,1,x),3,0,CFLIP,none<=12,
19,+1?0,-1?0;flip,A=(+1?0) B=(-1?0;flip),period3,(1,1,x),3,0,CNEXT,none<=12,
19,+1?0,-1?0;flip,A=(+1?0) B=(-1?0;flip),period3,(1,1,x),3,0,CPREV,none<=12,
19,+1?0,-1?0;flip,A=(+1?0) B=(-1?0;flip),period3,(1,1,x),3,1,FLIP,none<=12,
19,+1?0,-1?0;flip,A=(+1?0) B=(-1?0;flip),period3,(1,1,x),3,1,NEXT,none<=12,
19,+1?0,-1?0;flip,A=(+1?0) B=(-1?0;flip),period3,(1,1,x),3,1,PREV,none<=12,
19,+1?0,-1?0;flip,A=(+1?0) B=(-1?0;flip),period3,(1,1,x),3,1,CFLIP,none<=12,
19,+1?0,-1?0;flip,A=(+1?0) B=(-1?0;flip),period3,(1,1,x),3,1,CNEXT,none<=12,
19,+1?0,-1?0;flip,A=(+1?0) B=(-1?0;flip),period3,(1,1,x),3,1,CPREV,none<=12,
19,+1?0,-1?0;flip,A=(+1?0) B=(-1?0;flip),period3,(1,1,x),3,2,FLIP,none<=12,
19,+1?0,-1?0;flip,A=(+1?0) B=(-1?0;flip),period3,(1,1,x),3,2,NEXT,none<=12,
19,+1?0,-1?0;flip,A=(+1?0) B=(-1?0;flip),period3,(1,1,x),3,2,PREV,none<=12,
19,+1?0,-1?0;flip,A=(+1?0) B=(-1?0;flip),period3,(1,1,x),3,2,CFLIP,none<=12,
19,+1?0,-1?0;flip,A=(+1?0) B=(-1?0;flip),period3,(1,1,x),3,2,CNEXT,none<=12,
19,+1?0,-1?0;flip,A=(+1?0) B=(-1?0;flip),period3,(1,1,x),3,2,CPREV,none<=12,
19,+1?0,-1?0;flip,A=(+1?0) B=(-1?0;flip),period3,(1,x,1),3,0,FLIP,none<=12,
19,+1?0,-1?0;flip,A=(+1?0) B=(-1?0;flip),period3,(1,x,1),3,0,NEXT,none<=12,
19,+1?0,-1?0;flip,A=(+1?0) B=(-1?0;flip),period3,(1,x,1),3,0,PREV,none<=12,
19,+1?0,-1?0;flip,A=(+1?0) B=(-1?0;flip),period3,(1,x,1),3,0,CFLIP,none<=12,
19,+1?0,-1?0;flip,A=(+1?0) B=(-1?0;flip),period3,(1,x,1),3,0,CNEXT,none<=12,
19,+1?0,-1?0;flip,A=(+1?0) B=(-1?0;flip),period3,(1,x,1),3,0,CPREV,none<=12,
19,+1?0,-1?0;flip,A=(+1?0) B=(-1?0;flip),period3,(1,x,1),3,1,FLIP,none<=12,
19,+1?0,-1?0;flip,A=(+1?0) B=(-1?0;flip),period3,(1,x,1),3,1,NEXT,none<=12,
19,+1?0,-1?0;flip,A=(+1?0) B=(-1?0;flip),period3,(1,x,1),3,1,PREV,none<=12,
19,+1?0,-1?0;flip,A=(+1?0) B=(-1?0;flip),period3,(1,x,1),3,1,CFLIP,none<=12,
19,+1?0,-1?0;flip,A=(+1?0) B=(-1?0;flip),period3,(1,x,1),3,1,CNEXT,none<=12,
19,+1?0,-1?0;flip,A=(+1?0) B=(-1?0;flip),period3,(1,x,1),3,1,CPREV,none<=12,
19,+1?0,-1?0;flip,A=(+1?0) B=(-1?0;flip),period3,(1,x,1),3,2,FLIP,none<=12,
19,+1?0,-1?0;flip,A=(+1?0) B=(-1?0;flip),period3,(1,x,1),3,2,NEXT,none<=12,
19,+1?0,-1?0;flip,A=(+1?0) B=(-1?0;flip),period3,(1,x,1),3,2,PREV,none<=12,
19,+1?0,-1?0;flip,A=(+1?0) B=(-1?0;flip),period3,(1,x,1),3,2,CFLIP,none<=12,
19,+1?0,-1?0;flip,A=(+1?0) B=(-1?0;flip),period3,(1,x,1),3,2,CNEXT,none<=12,
19,+1?0,-1?0;flip,A=(+1?0) B=(-1?0;flip),period3,(1,x,1),3,2,CPREV,none<=12,
20,+1?0,flip;-1?1,A=(+1?0) B=(flip;-1?1),none,(x),1,0,FLIP,none<=12,
20,+1?0,flip;-1?1,A=(+1?0) B=(flip;-1?1),none,(x),1,0,NEXT,none<=12,
20,+1?0,flip;-1?1,A=(+1?0) B=(flip;-1?1),none,(x),1,0,PREV,none<=12,
20,+1?0,flip;-1?1,A=(+1?0) B=(flip;-1?1),none,(x),1,0,CFLIP,none<=12,
20,+1?0,flip;-1?1,A=(+1?0) B=(flip;-1?1),none,(x),1,0,CNEXT,none<=12,
20,+1?0,flip;-1?1,A=(+1?0) B=(flip;-1?1),none,(x),1,0,CPREV,none<=12,
20,+1?0,flip;-1?1,A=(+1?0) B=(flip;-1?1),dual,(x,n),2,0,FLIP,none<=12,
20,+1?0,flip;-1?1,A=(+1?0) B=(flip;-1?1),dual,(x,n),2,0,NEXT,none<=12,
20,+1?0,flip;-1?1,A=(+1?0) B=(flip;-1?1),dual,(x,n),2,0,PREV,none<=12,
20,+1?0,flip;-1?1,A=(+1?0) B=(flip;-1?1),dual,(x,n),2,0,CFLIP,none<=12,
20,+1?0,flip;-1?1,A=(+1?0) B=(flip;-1?1),dual,(x,n),2,0,CNEXT,none<=12,
20,+1?0,flip;-1?1,A=(+1?0) B=(flip;-1?1),dual,(x,n),2,0,CPREV,none<=12,
20,+1?0,flip;-1?1,A=(+1?0) B=(flip;-1?1),dual,(x,n),2,1,FLIP,none<=12,
20,+1?0,flip;-1?1,A=(+1?0) B=(flip;-1?1),dual,(x,n),2,1,NEXT,none<=12,
20,+1?0,flip;-1?1,A=(+1?0) B=(flip;-1?1),dual,(x,n),2,1,PREV,none<=12,
20,+1?0,flip;-1?1,A=(+1?0) B=(flip;-1?1),dual,(x,n),2,1,CFLIP,BBA,3
20,+1?0,flip;-1?1,A=(+1?0) B=(flip;-1?1),dual,(x,n),2,1,CNEXT,none<=12,
20,+1?0,flip;-1?1,A=(+1?0) B=(flip;-1?1),dual,(x,n),2,1,CPREV,none<=12,
20,+1?0,flip;-1?1,A=(+1?0) B=(flip;-1?1),dual,(n,x),2,0,FLIP,none<=12,
20,+1?0,flip;-1?1,A=(+1?0) B=(flip;-1?1),dual,(n,x),2,0,NEXT,none<=12,
20,+1?0,flip;-1?1,A=(+1?0) B=(flip;-1?1),dual,(n,x),2,0,PREV,none<=12,
20,+1?0,flip;-1?1,A=(+1?0) B=(flip;-1?1),dual,(n,x),2,0,CFLIP,none<=12,
20,+1?0,flip;-1?1,A=(+1?0) B=(flip;-1?1),dual,(n,x),2,0,CNEXT,none<=12,
20,+1?0,flip;-1?1,A=(+1?0) B=(flip;-1?1),dual,(n,x),2,0,CPREV,none<=12,
20,+1?0,flip;-1?1,A=(+1?0) B=(flip;-1?1),dual,(n,x),2,1,FLIP,none<=12,
20,+1?0,flip;-1?1,A=(+1?0) B=(flip;-1?1),dual,(n,x),2,1,NEXT,none<=12,
20,+1?0,flip;-1?1,A=(+1?0) B=(flip;-1?1),dual,(n,x),2,1,PREV,none<=12,
20,+1?0,flip;-1?1,A=(+1?0) B=(flip;-1?1),dual,(n,x),2,1,CFLIP,none<=12,
20,+1?0,flip;-1?1,A=(+1?0) B=(flip;-1?1),dual,(n,x),2,1,CNEXT,none<=12,
20,+1?0,flip;-1?1,A=(+1?0) B=(flip;-1?1),dual,(n,x),2,1,CPREV,none<=12,
20,+1?0,flip;-1?1,A=(+1?0) B=(flip;-1?1),scratch,(x,1),2,0,FLIP,none<=12,
20,+1?0,flip;-1?1,A=(+1?0) B=(flip;-1?1),scratch,(x,1),2,0,NEXT,none<=12,
20,+1?0,flip;-1?1,A=(+1?0) B=(flip;-1?1),scratch,(x,1),2,0,PREV,none<=12,
20,+1?0,flip;-1?1,A=(+1?0) B=(flip;-1?1),scratch,(x,1),2,0,CFLIP,none<=12,
20,+1?0,flip;-1?1,A=(+1?0) B=(flip;-1?1),scratch,(x,1),2,0,CNEXT,none<=12,
20,+1?0,flip;-1?1,A=(+1?0) B=(flip;-1?1),scratch,(x,1),2,0,CPREV,ABBABB,6
20,+1?0,flip;-1?1,A=(+1?0) B=(flip;-1?1),scratch,(x,1),2,1,FLIP,none<=12,
20,+1?0,flip;-1?1,A=(+1?0) B=(flip;-1?1),scratch,(x,1),2,1,NEXT,none<=12,
20,+1?0,flip;-1?1,A=(+1?0) B=(flip;-1?1),scratch,(x,1),2,1,PREV,none<=12,
20,+1?0,flip;-1?1,A=(+1?0) B=(flip;-1?1),scratch,(x,1),2,1,CFLIP,none<=12,
20,+1?0,flip;-1?1,A=(+1?0) B=(flip;-1?1),scratch,(x,1),2,1,CNEXT,none<=12,
20,+1?0,flip;-1?1,A=(+1?0) B=(flip;-1?1),scratch,(x,1),2,1,CPREV,BBABBA,6
20,+1?0,flip;-1?1,A=(+1?0) B=(flip;-1?1),scratch,(1,x),2,0,FLIP,none<=12,
20,+1?0,flip;-1?1,A=(+1?0) B=(flip;-1?1),scratch,(1,x),2,0,NEXT,none<=12,
20,+1?0,flip;-1?1,A=(+1?0) B=(flip;-1?1),scratch,(1,x),2,0,PREV,none<=12,
20,+1?0,flip;-1?1,A=(+1?0) B=(flip;-1?1),scratch,(1,x),2,0,CFLIP,none<=12,
20,+1?0,flip;-1?1,A=(+1?0) B=(flip;-1?1),scratch,(1,x),2,0,CNEXT,none<=12,
20,+1?0,flip;-1?1,A=(+1?0) B=(flip;-1?1),scratch,(1,x),2,0,CPREV,none<=12,
20,+1?0,flip;-1?1,A=(+1?0) B=(flip;-1?1),scratch,(1,x),2,1,FLIP,none<=12,
20,+1?0,flip;-1?1,A=(+1?0) B=(flip;-1?1),scratch,(1,x),2,1,NEXT,none<=12,
20,+1?0,flip;-1?1,A=(+1?0) B=(flip;-1?1),scratch,(1,x),2,1,PREV,none<=12,
20,+1?0,flip;-1?1,A=(+1?0) B=(flip;-1?1),scratch,(1,x),2,1,CFLIP,none<=12,
20,+1?0,flip;-1?1,A=(+1?0) B=(flip;-1?1),scratch,(1,x),2,1,CNEXT,none<=12,
20,+1?0,flip;-1?1,A=(+1?0) B=(flip;-1?1),scratch,(1,x),2,1,CPREV,ABBABB,6
20,+1?0,flip;-1?1,A=(+1?0) B=(flip;-1?1),scratch,(x,0),2,0,FLIP,none<=12,
20,+1?0,flip;-1?1,A=(+1?0) B=(flip;-1?1),scratch,(x,0),2,0,NEXT,none<=12,
20,+1?0,flip;-1?1,A=(+1?0) B=(flip;-1?1),scratch,(x,0),2,0,PREV,none<=12,
20,+1?0,flip;-1?1,A=(+1?0) B=(flip;-1?1),scratch,(x,0),2,0,CFLIP,none<=12,
20,+1?0,flip;-1?1,A=(+1?0) B=(flip;-1?1),scratch,(x,0),2,0,CNEXT,none<=12,
20,+1?0,flip;-1?1,A=(+1?0) B=(flip;-1?1),scratch,(x,0),2,0,CPREV,none<=12,
20,+1?0,flip;-1?1,A=(+1?0) B=(flip;-1?1),scratch,(x,0),2,1,FLIP,none<=12,
20,+1?0,flip;-1?1,A=(+1?0) B=(flip;-1?1),scratch,(x,0),2,1,NEXT,none<=12,
20,+1?0,flip;-1?1,A=(+1?0) B=(flip;-1?1),scratch,(x,0),2,1,PREV,none<=12,
20,+1?0,flip;-1?1,A=(+1?0) B=(flip;-1?1),scratch,(x,0),2,1,CFLIP,none<=12,
20,+1?0,flip;-1?1,A=(+1?0) B=(flip;-1?1),scratch,(x,0),2,1,CNEXT,none<=12,
20,+1?0,flip;-1?1,A=(+1?0) B=(flip;-1?1),scratch,(x,0),2,1,CPREV,none<=12,
20,+1?0,flip;-1?1,A=(+1?0) B=(flip;-1?1),scratch,(0,x),2,0,FLIP,none<=12,
20,+1?0,flip;-1?1,A=(+1?0) B=(flip;-1?1),scratch,(0,x),2,0,NEXT,none<=12,
20,+1?0,flip;-1?1,A=(+1?0) B=(flip;-1?1),scratch,(0,x),2,0,PREV,none<=12,
20,+1?0,flip;-1?1,A=(+1?0) B=(flip;-1?1),scratch,(0,x),2,0,CFLIP,none<=12,
20,+1?0,flip;-1?1,A=(+1?0) B=(flip;-1?1),scratch,(0,x),2,0,CNEXT,none<=12,
20,+1?0,flip;-1?1,A=(+1?0) B=(flip;-1?1),scratch,(0,x),2,0,CPREV,none<=12,
20,+1?0,flip;-1?1,A=(+1?0) B=(flip;-1?1),scratch,(0,x),2,1,FLIP,none<=12,
20,+1?0,flip;-1?1,A=(+1?0) B=(flip;-1?1),scratch,(0,x),2,1,NEXT,none<=12,
20,+1?0,flip;-1?1,A=(+1?0) B=(flip;-1?1),scratch,(0,x),2,1,PREV,none<=12,
20,+1?0,flip;-1?1,A=(+1?0) B=(flip;-1?1),scratch,(0,x),2,1,CFLIP,none<=12,
20,+1?0,flip;-1?1,A=(+1?0) B=(flip;-1?1),scratch,(0,x),2,1,CNEXT,none<=12,
20,+1?0,flip;-1?1,A=(+1?0) B=(flip;-1?1),scratch,(0,x),2,1,CPREV,none<=12,
20,+1?0,flip;-1?1,A=(+1?0) B=(flip;-1?1),period3,(x,0,1),3,0,FLIP,none<=12,
20,+1?0,flip;-1?1,A=(+1?0) B=(flip;-1?1),period3,(x,0,1),3,0,NEXT,none<=12,
20,+1?0,flip;-1?1,A=(+1?0) B=(flip;-1?1),period3,(x,0,1),3,0,PREV,none<=12,
20,+1?0,flip;-1?1,A=(+1?0) B=(flip;-1?1),period3,(x,0,1),3,0,CFLIP,none<=12,
20,+1?0,flip;-1?1,A=(+1?0) B=(flip;-1?1),period3,(x,0,1),3,0,CNEXT,none<=12,
20,+1?0,flip;-1?1,A=(+1?0) B=(flip;-1?1),period3,(x,0,1),3,0,CPREV,none<=12,
20,+1?0,flip;-1?1,A=(+1?0) B=(flip;-1?1),period3,(x,0,1),3,1,FLIP,none<=12,
20,+1?0,flip;-1?1,A=(+1?0) B=(flip;-1?1),period3,(x,0,1),3,1,NEXT,none<=12,
20,+1?0,flip;-1?1,A=(+1?0) B=(flip;-1?1),period3,(x,0,1),3,1,PREV,none<=12,
20,+1?0,flip;-1?1,A=(+1?0) B=(flip;-1?1),period3,(x,0,1),3,1,CFLIP,none<=12,
20,+1?0,flip;-1?1,A=(+1?0) B=(flip;-1?1),period3,(x,0,1),3,1,CNEXT,none<=12,
20,+1?0,flip;-1?1,A=(+1?0) B=(flip;-1?1),period3,(x,0,1),3,1,CPREV,none<=12,
20,+1?0,flip;-1?1,A=(+1?0) B=(flip;-1?1),period3,(x,0,1),3,2,FLIP,none<=12,
20,+1?0,flip;-1?1,A=(+1?0) B=(flip;-1?1),period3,(x,0,1),3,2,NEXT,none<=12,
20,+1?0,flip;-1?1,A=(+1?0) B=(flip;-1?1),period3,(x,0,1),3,2,PREV,none<=12,
20,+1?0,flip;-1?1,A=(+1?0) B=(flip;-1?1),period3,(x,0,1),3,2,CFLIP,none<=12,
20,+1?0,flip;-1?1,A=(+1?0) B=(flip;-1?1),period3,(x,0,1),3,2,CNEXT,none<=12,
20,+1?0,flip;-1?1,A=(+1?0) B=(flip;-1?1),period3,(x,0,1),3,2,CPREV,none<=12,
20,+1?0,flip;-1?1,A=(+1?0) B=(flip;-1?1),period3,(0,1,x),3,0,FLIP,none<=12,
20,+1?0,flip;-1?1,A=(+1?0) B=(flip;-1?1),period3,(0,1,x),3,0,NEXT,none<=12,
20,+1?0,flip;-1?1,A=(+1?0) B=(flip;-1?1),period3,(0,1,x),3,0,PREV,none<=12,
20,+1?0,flip;-1?1,A=(+1?0) B=(flip;-1?1),period3,(0,1,x),3,0,CFLIP,none<=12,
20,+1?0,flip;-1?1,A=(+1?0) B=(flip;-1?1),period3,(0,1,x),3,0,CNEXT,none<=12,
20,+1?0,flip;-1?1,A=(+1?0) B=(flip;-1?1),period3,(0,1,x),3,0,CPREV,none<=12,
20,+1?0,flip;-1?1,A=(+1?0) B=(flip;-1?1),period3,(0,1,x),3,1,FLIP,none<=12,
20,+1?0,flip;-1?1,A=(+1?0) B=(flip;-1?1),period3,(0,1,x),3,1,NEXT,none<=12,
20,+1?0,flip;-1?1,A=(+1?0) B=(flip;-1?1),period3,(0,1,x),3,1,PREV,none<=12,
20,+1?0,flip;-1?1,A=(+1?0) B=(flip;-1?1),period3,(0,1,x),3,1,CFLIP,none<=12,
20,+1?0,flip;-1?1,A=(+1?0) B=(flip;-1?1),period3,(0,1,x),3,1,CNEXT,none<=12,
20,+1?0,flip;-1?1,A=(+1?0) B=(flip;-1?1),period3,(0,1,x),3,1,CPREV,none<=12,
20,+1?0,flip;-1?1,A=(+1?0) B=(flip;-1?1),period3,(0,1,x),3,2,FLIP,none<=12,
20,+1?0,flip;-1?1,A=(+1?0) B=(flip;-1?1),period3,(0,1,x),3,2,NEXT,none<=12,
20,+1?0,flip;-1?1,A=(+1?0) B=(flip;-1?1),period3,(0,1,x),3,2,PREV,none<=12,
20,+1?0,flip;-1?1,A=(+1?0) B=(flip;-1?1),period3,(0,1,x),3,2,CFLIP,none<=12,
20,+1?0,flip;-1?1,A=(+1?0) B=(flip;-1?1),period3,(0,1,x),3,2,CNEXT,none<=12,
20,+1?0,flip;-1?1,A=(+1?0) B=(flip;-1?1),period3,(0,1,x),3,2,CPREV,none<=12,
20,+1?0,flip;-1?1,A=(+1?0) B=(flip;-1?1),period3,(1,x,0),3,0,FLIP,none<=12,
20,+1?0,flip;-1?1,A=(+1?0) B=(flip;-1?1),period3,(1,x,0),3,0,NEXT,none<=12,
20,+1?0,flip;-1?1,A=(+1?0) B=(flip;-1?1),period3,(1,x,0),3,0,PREV,none<=12,
20,+1?0,flip;-1?1,A=(+1?0) B=(flip;-1?1),period3,(1,x,0),3,0,CFLIP,none<=12,
20,+1?0,flip;-1?1,A=(+1?0) B=(flip;-1?1),period3,(1,x,0),3,0,CNEXT,none<=12,
20,+1?0,flip;-1?1,A=(+1?0) B=(flip;-1?1),period3,(1,x,0),3,0,CPREV,none<=12,
20,+1?0,flip;-1?1,A=(+1?0) B=(flip;-1?1),period3,(1,x,0),3,1,FLIP,none<=12,
20,+1?0,flip;-1?1,A=(+1?0) B=(flip;-1?1),period3,(1,x,0),3,1,NEXT,none<=12,
20,+1?0,flip;-1?1,A=(+1?0) B=(flip;-1?1),period3,(1,x,0),3,1,PREV,none<=12,
20,+1?0,flip;-1?1,A=(+1?0) B=(flip;-1?1),period3,(1,x,0),3,1,CFLIP,none<=12,
20,+1?0,flip;-1?1,A=(+1?0) B=(flip;-1?1),period3,(1,x,0),3,1,CNEXT,none<=12,
20,+1?0,flip;-1?1,A=(+1?0) B=(flip;-1?1),period3,(1,x,0),3,1,CPREV,none<=12,
20,+1?0,flip;-1?1,A=(+1?0) B=(flip;-1?1),period3,(1,x,0),3,2,FLIP,none<=12,
20,+1?0,flip;-1?1,A=(+1?0) B=(flip;-1?1),period3,(1,x,0),3,2,NEXT,none<=12,
20,+1?0,flip;-1?1,A=(+1?0) B=(flip;-1?1),period3,(1,x,0),3,2,PREV,none<=12,
20,+1?0,flip;-1?1,A=(+1?0) B=(flip;-1?1),period3,(1,x,0),3,2,CFLIP,none<=12,
20,+1?0,flip;-1?1,A=(+1?0) B=(flip;-1?1),period3,(1,x,0),3,2,CNEXT,none<=12,
20,+1?0,flip;-1?1,A=(+1?0) B=(flip;-1?1),period3,(1,x,0),3,2,CPREV,none<=12,
20,+1?0,flip;-1?1,A=(+1?0) B=(flip;-1?1),period3,(x,1,0),3,0,FLIP,none<=12,
20,+1?0,flip;-1?1,A=(+1?0) B=(flip;-1?1),period3,(x,1,0),3,0,NEXT,none<=12,
20,+1?0,flip;-1?1,A=(+1?0) B=(flip;-1?1),period3,(x,1,0),3,0,PREV,none<=12,
20,+1?0,flip;-1?1,A=(+1?0) B=(flip;-1?1),period3,(x,1,0),3,0,CFLIP,none<=12,
20,+1?0,flip;-1?1,A=(+1?0) B=(flip;-1?1),period3,(x,1,0),3,0,CNEXT,none<=12,
20,+1?0,flip;-1?1,A=(+1?0) B=(flip;-1?1),period3,(x,1,0),3,0,CPREV,none<=12,
20,+1?0,flip;-1?1,A=(+1?0) B=(flip;-1?1),period3,(x,1,0),3,1,FLIP,none<=12,
20,+1?0,flip;-1?1,A=(+1?0) B=(flip;-1?1),period3,(x,1,0),3,1,NEXT,none<=12,
20,+1?0,flip;-1?1,A=(+1?0) B=(flip;-1?1),period3,(x,1,0),3,1,PREV,none<=12,
20,+1?0,flip;-1?1,A=(+1?0) B=(flip;-1?1),period3,(x,1,0),3,1,CFLIP,none<=12,
20,+1?0,flip;-1?1,A=(+1?0) B=(flip;-1?1),period3,(x,1,0),3,1,CNEXT,none<=12,
20,+1?0,flip;-1?1,A=(+1?0) B=(flip;-1?1),period3,(x,1,0),3,1,CPREV,none<=12,
20,+1?0,flip;-1?1,A=(+1?0) B=(flip;-1?1),period3,(x,1,0),3,2,FLIP,none<=12,
20,+1?0,flip;-1?1,A=(+1?0) B=(flip;-1?1),period3,(x,1,0),3,2,NEXT,none<=12,
20,+1?0,flip;-1?1,A=(+1?0) B=(flip;-1?1),period3,(x,1,0),3,2,PREV,none<=12,
20,+1?0,flip;-1?1,A=(+1?0) B=(flip;-1?1),period3,(x,1,0),3,2,CFLIP,none<=12,
20,+1?0,flip;-1?1,A=(+1?0) B=(flip;-1?1),period3,(x,1,0),3,2,CNEXT,none<=12,
20,+1?0,flip;-1?1,A=(+1?0) B=(flip;-1?1),period3,(x,1,0),3,2,CPREV,none<=12,
20,+1?0,flip;-1?1,A=(+1?0) B=(flip;-1?1),period3,(1,0,x),3,0,FLIP,none<=12,
20,+1?0,flip;-1?1,A=(+1?0) B=(flip;-1?1),period3,(1,0,x),3,0,NEXT,none<=12,
20,+1?0,flip;-1?1,A=(+1?0) B=(flip;-1?1),period3,(1,0,x),3,0,PREV,none<=12,
20,+1?0,flip;-1?1,A=(+1?0) B=(flip;-1?1),period3,(1,0,x),3,0,CFLIP,none<=12,
20,+1?0,flip;-1?1,A=(+1?0) B=(flip;-1?1),period3,(1,0,x),3,0,CNEXT,none<=12,
20,+1?0,flip;-1?1,A=(+1?0) B=(flip;-1?1),period3,(1,0,x),3,0,CPREV,none<=12,
20,+1?0,flip;-1?1,A=(+1?0) B=(flip;-1?1),period3,(1,0,x),3,1,FLIP,none<=12,
20,+1?0,flip;-1?1,A=(+1?0) B=(flip;-1?1),period3,(1,0,x),3,1,NEXT,none<=12,
20,+1?0,flip;-1?1,A=(+1?0) B=(flip;-1?1),period3,(1,0,x),3,1,PREV,none<=12,
20,+1?0,flip;-1?1,A=(+1?0) B=(flip;-1?1),period3,(1,0,x),3,1,CFLIP,none<=12,
20,+1?0,flip;-1?1,A=(+1?0) B=(flip;-1?1),period3,(1,0,x),3,1,CNEXT,none<=12,
20,+1?0,flip;-1?1,A=(+1?0) B=(flip;-1?1),period3,(1,0,x),3,1,CPREV,none<=12,
20,+1?0,flip;-1?1,A=(+1?0) B=(flip;-1?1),period3,(1,0,x),3,2,FLIP,none<=12,
20,+1?0,flip;-1?1,A=(+1?0) B=(flip;-1?1),period3,(1,0,x),3,2,NEXT,none<=12,
20,+1?0,flip;-1?1,A=(+1?0) B=(flip;-1?1),period3,(1,0,x),3,2,PREV,none<=12,
20,+1?0,flip;-1?1,A=(+1?0) B=(flip;-1?1),period3,(1,0,x),3,2,CFLIP,none<=12,
20,+1?0,flip;-1?1,A=(+1?0) B=(flip;-1?1),period3,(1,0,x),3,2,CNEXT,none<=12,
20,+1?0,flip;-1?1,A=(+1?0) B=(flip;-1?1),period3,(1,0,x),3,2,CPREV,none<=12,
20,+1?0,flip;-1?1,A=(+1?0) B=(flip;-1?1),period3,(0,x,1),3,0,FLIP,none<=12,
20,+1?0,flip;-1?1,A=(+1?0) B=(flip;-1?1),period3,(0,x,1),3,0,NEXT,none<=12,
20,+1?0,flip;-1?1,A=(+1?0) B=(flip;-1?1),period3,(0,x,1),3,0,PREV,none<=12,
20,+1?0,flip;-1?1,A=(+1?0) B=(flip;-1?1),period3,(0,x,1),3,0,CFLIP,none<=12,
20,+1?0,flip;-1?1,A=(+1?0) B=(flip;-1?1),period3,(0,x,1),3,0,CNEXT,none<=12,
20,+1?0,flip;-1?1,A=(+1?0) B=(flip;-1?1),period3,(0,x,1),3,0,CPREV,none<=12,
20,+1?0,flip;-1?1,A=(+1?0) B=(flip;-1?1),period3,(0,x,1),3,1,FLIP,none<=12,
20,+1?0,flip;-1?1,A=(+1?0) B=(flip;-1?1),period3,(0,x,1),3,1,NEXT,none<=12,
20,+1?0,flip;-1?1,A=(+1?0) B=(flip;-1?1),period3,(0,x,1),3,1,PREV,none<=12,
20,+1?0,flip;-1?1,A=(+1?0) B=(flip;-1?1),period3,(0,x,1),3,1,CFLIP,none<=12,
20,+1?0,flip;-1?1,A=(+1?0) B=(flip;-1?1),period3,(0,x,1),3,1,CNEXT,none<=12,
20,+1?0,flip;-1?1,A=(+1?0) B=(flip;-1?1),period3,(0,x,1),3,1,CPREV,none<=12,
20,+1?0,flip;-1?1,A=(+1?0) B=(flip;-1?1),period3,(0,x,1),3,2,FLIP,none<=12,
20,+1?0,flip;-1?1,A=(+1?0) B=(flip;-1?1),period3,(0,x,1),3,2,NEXT,none<=12,
20,+1?0,flip;-1?1,A=(+1?0) B=(flip;-1?1),period3,(0,x,1),3,2,PREV,none<=12,
20,+1?0,flip;-1?1,A=(+1?0) B=(flip;-1?1),period3,(0,x,1),3,2,CFLIP,none<=12,
20,+1?0,flip;-1?1,A=(+1?0) B=(flip;-1?1),period3,(0,x,1),3,2,CNEXT,none<=12,
20,+1?0,flip;-1?1,A=(+1?0) B=(flip;-1?1),period3,(0,x,1),3,2,CPREV,none<=12,
20,+1?0,flip;-1?1,A=(+1?0) B=(flip;-1?1),period3,(x,0,0),3,0,FLIP,none<=12,
20,+1?0,flip;-1?1,A=(+1?0) B=(flip;-1?1),period3,(x,0,0),3,0,NEXT,none<=12,
20,+1?0,flip;-1?1,A=(+1?0) B=(flip;-1?1),period3,(x,0,0),3,0,PREV,none<=12,
20,+1?0,flip;-1?1,A=(+1?0) B=(flip;-1?1),period3,(x,0,0),3,0,CFLIP,none<=12,
20,+1?0,flip;-1?1,A=(+1?0) B=(flip;-1?1),period3,(x,0,0),3,0,CNEXT,none<=12,
20,+1?0,flip;-1?1,A=(+1?0) B=(flip;-1?1),period3,(x,0,0),3,0,CPREV,none<=12,
20,+1?0,flip;-1?1,A=(+1?0) B=(flip;-1?1),period3,(x,0,0),3,1,FLIP,none<=12,
20,+1?0,flip;-1?1,A=(+1?0) B=(flip;-1?1),period3,(x,0,0),3,1,NEXT,none<=12,
20,+1?0,flip;-1?1,A=(+1?0) B=(flip;-1?1),period3,(x,0,0),3,1,PREV,none<=12,
20,+1?0,flip;-1?1,A=(+1?0) B=(flip;-1?1),period3,(x,0,0),3,1,CFLIP,none<=12,
20,+1?0,flip;-1?1,A=(+1?0) B=(flip;-1?1),period3,(x,0,0),3,1,CNEXT,none<=12,
20,+1?0,flip;-1?1,A=(+1?0) B=(flip;-1?1),period3,(x,0,0),3,1,CPREV,none<=12,
20,+1?0,flip;-1?1,A=(+1?0) B=(flip;-1?1),period3,(x,0,0),3,2,FLIP,none<=12,
20,+1?0,flip;-1?1,A=(+1?0) B=(flip;-1?1),period3,(x,0,0),3,2,NEXT,none<=12,
20,+1?0,flip;-1?1,A=(+1?0) B=(flip;-1?1),period3,(x,0,0),3,2,PREV,none<=12,
20,+1?0,flip;-1?1,A=(+1?0) B=(flip;-1?1),period3,(x,0,0),3,2,CFLIP,none<=12,
20,+1?0,flip;-1?1,A=(+1?0) B=(flip;-1?1),period3,(x,0,0),3,2,CNEXT,none<=12,
20,+1?0,flip;-1?1,A=(+1?0) B=(flip;-1?1),period3,(x,0,0),3,2,CPREV,none<=12,
20,+1?0,flip;-1?1,A=(+1?0) B=(flip;-1?1),period3,(0,0,x),3,0,FLIP,none<=12,
20,+1?0,flip;-1?1,A=(+1?0) B=(flip;-1?1),period3,(0,0,x),3,0,NEXT,none<=12,
20,+1?0,flip;-1?1,A=(+1?0) B=(flip;-1?1),period3,(0,0,x),3,0,PREV,none<=12,
20,+1?0,flip;-1?1,A=(+1?0) B=(flip;-1?1),period3,(0,0,x),3,0,CFLIP,none<=12,
20,+1?0,flip;-1?1,A=(+1?0) B=(flip;-1?1),period3,(0,0,x),3,0,CNEXT,none<=12,
20,+1?0,flip;-1?1,A=(+1?0) B=(flip;-1?1),period3,(0,0,x),3,0,CPREV,none<=12,
20,+1?0,flip;-1?1,A=(+1?0) B=(flip;-1?1),period3,(0,0,x),3,1,FLIP,none<=12,
20,+1?0,flip;-1?1,A=(+1?0) B=(flip;-1?1),period3,(0,0,x),3,1,NEXT,none<=12,
20,+1?0,flip;-1?1,A=(+1?0) B=(flip;-1?1),period3,(0,0,x),3,1,PREV,none<=12,
20,+1?0,flip;-1?1,A=(+1?0) B=(flip;-1?1),period3,(0,0,x),3,1,CFLIP,none<=12,
20,+1?0,flip;-1?1,A=(+1?0) B=(flip;-1?1),period3,(0,0,x),3,1,CNEXT,none<=12,
20,+1?0,flip;-1?1,A=(+1?0) B=(flip;-1?1),period3,(0,0,x),3,1,CPREV,none<=12,
20,+1?0,flip;-1?1,A=(+1?0) B=(flip;-1?1),period3,(0,0,x),3,2,FLIP,none<=12,
20,+1?0,flip;-1?1,A=(+1?0) B=(flip;-1?1),period3,(0,0,x),3,2,NEXT,none<=12,
20,+1?0,flip;-1?1,A=(+1?0) B=(flip;-1?1),period3,(0,0,x),3,2,PREV,none<=12,
20,+1?0,flip;-1?1,A=(+1?0) B=(flip;-1?1),period3,(0,0,x),3,2,CFLIP,none<=12,
20,+1?0,flip;-1?1,A=(+1?0) B=(flip;-1?1),period3,(0,0,x),3,2,CNEXT,none<=12,
20,+1?0,flip;-1?1,A=(+1?0) B=(flip;-1?1),period3,(0,0,x),3,2,CPREV,none<=12,
20,+1?0,flip;-1?1,A=(+1?0) B=(flip;-1?1),period3,(0,x,0),3,0,FLIP,none<=12,
20,+1?0,flip;-1?1,A=(+1?0) B=(flip;-1?1),period3,(0,x,0),3,0,NEXT,none<=12,
20,+1?0,flip;-1?1,A=(+1?0) B=(flip;-1?1),period3,(0,x,0),3,0,PREV,none<=12,
20,+1?0,flip;-1?1,A=(+1?0) B=(flip;-1?1),period3,(0,x,0),3,0,CFLIP,none<=12,
20,+1?0,flip;-1?1,A=(+1?0) B=(flip;-1?1),period3,(0,x,0),3,0,CNEXT,none<=12,
20,+1?0,flip;-1?1,A=(+1?0) B=(flip;-1?1),period3,(0,x,0),3,0,CPREV,none<=12,
20,+1?0,flip;-1?1,A=(+1?0) B=(flip;-1?1),period3,(0,x,0),3,1,FLIP,none<=12,
20,+1?0,flip;-1?1,A=(+1?0) B=(flip;-1?1),period3,(0,x,0),3,1,NEXT,none<=12,
20,+1?0,flip;-1?1,A=(+1?0) B=(flip;-1?1),period3,(0,x,0),3,1,PREV,none<=12,
20,+1?0,flip;-1?1,A=(+1?0) B=(flip;-1?1),period3,(0,x,0),3,1,CFLIP,none<=12,
20,+1?0,flip;-1?1,A=(+1?0) B=(flip;-1?1),period3,(0,x,0),3,1,CNEXT,none<=12,
20,+1?0,flip;-1?1,A=(+1?0) B=(flip;-1?1),period3,(0,x,0),3,1,CPREV,none<=12,
20,+1?0,flip;-1?1,A=(+1?0) B=(flip;-1?1),period3,(0,x,0),3,2,FLIP,none<=12,
20,+1?0,flip;-1?1,A=(+1?0) B=(flip;-1?1),period3,(0,x,0),3,2,NEXT,none<=12,
20,+1?0,flip;-1?1,A=(+1?0) B=(flip;-1?1),period3,(0,x,0),3,2,PREV,none<=12,
20,+1?0,flip;-1?1,A=(+1?0) B=(flip;-1?1),period3,(0,x,0),3,2,CFLIP,none<=12,
20,+1?0,flip;-1?1,A=(+1?0) B=(flip;-1?1),period3,(0,x,0),3,2,CNEXT,none<=12,
20,+1?0,flip;-1?1,A=(+1?0) B=(flip;-1?1),period3,(0,x,0),3,2,CPREV,none<=12,
20,+1?0,flip;-1?1,A=(+1?0) B=(flip;-1?1),period3,(x,1,1),3,0,FLIP,none<=12,
20,+1?0,flip;-1?1,A=(+1?0) B=(flip;-1?1),period3,(x,1,1),3,0,NEXT,none<=12,
20,+1?0,flip;-1?1,A=(+1?0) B=(flip;-1?1),period3,(x,1,1),3,0,PREV,none<=12,
20,+1?0,flip;-1?1,A=(+1?0) B=(flip;-1?1),period3,(x,1,1),3,0,CFLIP,none<=12,
20,+1?0,flip;-1?1,A=(+1?0) B=(flip;-1?1),period3,(x,1,1),3,0,CNEXT,none<=12,
20,+1?0,flip;-1?1,A=(+1?0) B=(flip;-1?1),period3,(x,1,1),3,0,CPREV,ABBABBABB,9
20,+1?0,flip;-1?1,A=(+1?0) B=(flip;-1?1),period3,(x,1,1),3,1,FLIP,none<=12,
20,+1?0,flip;-1?1,A=(+1?0) B=(flip;-1?1),period3,(x,1,1),3,1,NEXT,none<=12,
20,+1?0,flip;-1?1,A=(+1?0) B=(flip;-1?1),period3,(x,1,1),3,1,PREV,none<=12,
20,+1?0,flip;-1?1,A=(+1?0) B=(flip;-1?1),period3,(x,1,1),3,1,CFLIP,none<=12,
20,+1?0,flip;-1?1,A=(+1?0) B=(flip;-1?1),period3,(x,1,1),3,1,CNEXT,none<=12,
20,+1?0,flip;-1?1,A=(+1?0) B=(flip;-1?1),period3,(x,1,1),3,1,CPREV,BBABBABBA,9
20,+1?0,flip;-1?1,A=(+1?0) B=(flip;-1?1),period3,(x,1,1),3,2,FLIP,none<=12,
20,+1?0,flip;-1?1,A=(+1?0) B=(flip;-1?1),period3,(x,1,1),3,2,NEXT,none<=12,
20,+1?0,flip;-1?1,A=(+1?0) B=(flip;-1?1),period3,(x,1,1),3,2,PREV,none<=12,
20,+1?0,flip;-1?1,A=(+1?0) B=(flip;-1?1),period3,(x,1,1),3,2,CFLIP,none<=12,
20,+1?0,flip;-1?1,A=(+1?0) B=(flip;-1?1),period3,(x,1,1),3,2,CNEXT,none<=12,
20,+1?0,flip;-1?1,A=(+1?0) B=(flip;-1?1),period3,(x,1,1),3,2,CPREV,none<=12,
20,+1?0,flip;-1?1,A=(+1?0) B=(flip;-1?1),period3,(1,1,x),3,0,FLIP,none<=12,
20,+1?0,flip;-1?1,A=(+1?0) B=(flip;-1?1),period3,(1,1,x),3,0,NEXT,none<=12,
20,+1?0,flip;-1?1,A=(+1?0) B=(flip;-1?1),period3,(1,1,x),3,0,PREV,none<=12,
20,+1?0,flip;-1?1,A=(+1?0) B=(flip;-1?1),period3,(1,1,x),3,0,CFLIP,none<=12,
20,+1?0,flip;-1?1,A=(+1?0) B=(flip;-1?1),period3,(1,1,x),3,0,CNEXT,none<=12,
20,+1?0,flip;-1?1,A=(+1?0) B=(flip;-1?1),period3,(1,1,x),3,0,CPREV,none<=12,
20,+1?0,flip;-1?1,A=(+1?0) B=(flip;-1?1),period3,(1,1,x),3,1,FLIP,none<=12,
20,+1?0,flip;-1?1,A=(+1?0) B=(flip;-1?1),period3,(1,1,x),3,1,NEXT,none<=12,
20,+1?0,flip;-1?1,A=(+1?0) B=(flip;