f_hex,g_hex,cost_f,cost_g,cost_total,class,bijective,formula_f,formula_g
ff00,0000,0,0,0,clock,no,q,0
ff00,aaaa,0,0,0,generic,no,q,b
ff00,cccc,0,0,0,generic,no,q,a
ff00,f0f0,0,0,0,generic,yes,q,x
ff00,ff00,0,0,0,clock,no,q,q
ff00,ffff,0,0,0,clock,no,q,1
00ff,aaaa,1,0,1,generic,no,~q,b
00ff,cccc,1,0,1,generic,no,~q,a
00ff,f0f0,1,0,1,generic,yes,~q,x
0fff,0000,1,0,1,clock,no,"NAND(q,x)",0
0fff,aaaa,1,0,1,generic,no,"NAND(q,x)",b
0fff,cccc,1,0,1,generic,no,"NAND(q,x)",a
0fff,f0f0,1,0,1,generic,no,"NAND(q,x)",x
0fff,ff00,1,0,1,clock,no,"NAND(q,x)",q
0fff,ffff,1,0,1,clock,no,"NAND(q,x)",1
33ff,0000,1,0,1,clock,no,"NAND(q,a)",0
33ff,aaaa,1,0,1,generic,no,"NAND(q,a)",b
33ff,cccc,1,0,1,generic,no,"NAND(q,a)",a
33ff,f0f0,1,0,1,generic,no,"NAND(q,a)",x
33ff,ff00,1,0,1,clock,no,"NAND(q,a)",q
33ff,ffff,1,0,1,clock,no,"NAND(q,a)",1
3fff,0000,1,0,1,clock,no,(~a) OR (~x) OR (~q),0
3fff,aaaa,1,0,1,generic,no,(~a) OR (~x) OR (~q),b
3fff,cccc,1,0,1,generic,no,(~a) OR (~x) OR (~q),a
3fff,f0f0,1,0,1,generic,no,(~a) OR (~x) OR (~q),x
3fff,ff00,1,0,1,clock,no,(~a) OR (~x) OR (~q),q
3fff,ffff,1,0,1,clock,no,(~a) OR (~x) OR (~q),1
55ff,0000,1,0,1,clock,no,"NAND(q,b)",0
55ff,aaaa,1,0,1,generic,no,"NAND(q,b)",b
55ff,cccc,1,0,1,generic,no,"NAND(q,b)",a
55ff,f0f0,1,0,1,generic,no,"NAND(q,b)",x
55ff,ff00,1,0,1,clock,no,"NAND(q,b)",q
55ff,ffff,1,0,1,clock,no,"NAND(q,b)",1
5fff,0000,1,0,1,clock,no,(~b) OR (~x) OR (~q),0
5fff,aaaa,1,0,1,generic,no,(~b) OR (~x) OR (~q),b
5fff,cccc,1,0,1,generic,no,(~b) OR (~x) OR (~q),a
5fff,f0f0,1,0,1,generic,no,(~b) OR (~x) OR (~q),x
5fff,ff00,1,0,1,clock,no,(~b) OR (~x) OR (~q),q
5fff,ffff,1,0,1,clock,no,(~b) OR (~x) OR (~q),1
77ff,0000,1,0,1,clock,no,(~b) OR (~a) OR (~q),0
77ff,aaaa,1,0,1,generic,no,(~b) OR (~a) OR (~q),b
77ff,cccc,1,0,1,generic,no,(~b) OR (~a) OR (~q),a
77ff,f0f0,1,0,1,generic,no,(~b) OR (~a) OR (~q),x
77ff,ff00,1,0,1,clock,no,(~b) OR (~a) OR (~q),q
77ff,ffff,1,0,1,clock,no,(~b) OR (~a) OR (~q),1
ff00,00ff,0,1,1,clock,no,q,~q
ff00,0fff,0,1,1,generic,no,q,"NAND(q,x)"
ff00,33ff,0,1,1,generic,no,q,"NAND(q,a)"
ff00,3f3f,0,1,1,generic,no,q,"NAND(x,a)"
ff00,3fff,0,1,1,generic,no,q,(~a) OR (~x) OR (~q)
ff00,55ff,0,1,1,generic,no,q,"NAND(q,b)"
ff00,5f5f,0,1,1,generic,no,q,"NAND(x,b)"
ff00,5fff,0,1,1,generic,no,q,(~b) OR (~x) OR (~q)
ff00,7777,0,1,1,generic,no,q,"NAND(a,b)"
ff00,77ff,0,1,1,generic,no,q,(~b) OR (~a) OR (~q)
ff00,7f7f,0,1,1,generic,no,q,(~b) OR (~a) OR (~x)
00ff,0fff,1,1,2,generic,no,~q,"NAND(q,x)"
00ff,33ff,1,1,2,generic,no,~q,"NAND(q,a)"
00ff,3f3f,1,1,2,generic,no,~q,"NAND(x,a)"
00ff,3fff,1,1,2,generic,no,~q,(~a) OR (~x) OR (~q)
00ff,55ff,1,1,2,generic,no,~q,"NAND(q,b)"
00ff,5f5f,1,1,2,generic,no,~q,"NAND(x,b)"
00ff,5fff,1,1,2,generic,no,~q,(~b) OR (~x) OR (~q)
00ff,7777,1,1,2,generic,no,~q,"NAND(a,b)"
00ff,77ff,1,1,2,generic,no,~q,(~b) OR (~a) OR (~q)
00ff,7f7f,1,1,2,generic,no,~q,(~b) OR (~a) OR (~x)
0fff,00ff,1,1,2,clock,no,"NAND(q,x)",~q
0fff,0f0f,1,1,2,generic,no,"NAND(q,x)",~x
0fff,0fff,1,1,2,generic,no,"NAND(q,x)","NAND(q,x)"
0fff,3333,1,1,2,generic,no,"NAND(q,x)",~a
0fff,33ff,1,1,2,generic,no,"NAND(q,x)","NAND(q,a)"
0fff,3f3f,1,1,2,generic,no,"NAND(q,x)","NAND(x,a)"
0fff,3fff,1,1,2,generic,no,"NAND(q,x)",(~a) OR (~x) OR (~q)
0fff,5555,1,1,2,generic,no,"NAND(q,x)",~b
0fff,55ff,1,1,2,generic,no,"NAND(q,x)","NAND(q,b)"
0fff,5f5f,1,1,2,generic,no,"NAND(q,x)","NAND(x,b)"
0fff,5fff,1,1,2,generic,no,"NAND(q,x)",(~b) OR (~x) OR (~q)
0fff,7777,1,1,2,generic,no,"NAND(q,x)","NAND(a,b)"
0fff,77ff,1,1,2,generic,no,"NAND(q,x)",(~b) OR (~a) OR (~q)
0fff,7f7f,1,1,2,generic,no,"NAND(q,x)",(~b) OR (~a) OR (~x)
33ff,00ff,1,1,2,clock,no,"NAND(q,a)",~q
33ff,0f0f,1,1,2,generic,no,"NAND(q,a)",~x
33ff,0fff,1,1,2,generic,no,"NAND(q,a)","NAND(q,x)"
33ff,3333,1,1,2,generic,no,"NAND(q,a)",~a
33ff,33ff,1,1,2,generic,no,"NAND(q,a)","NAND(q,a)"
33ff,3f3f,1,1,2,generic,no,"NAND(q,a)","NAND(x,a)"
33ff,3fff,1,1,2,generic,no,"NAND(q,a)",(~a) OR (~x) OR (~q)
33ff,5555,1,1,2,generic,no,"NAND(q,a)",~b
33ff,55ff,1,1,2,generic,no,"NAND(q,a)","NAND(q,b)"
33ff,5f5f,1,1,2,generic,no,"NAND(q,a)","NAND(x,b)"
33ff,5fff,1,1,2,generic,no,"NAND(q,a)",(~b) OR (~x) OR (~q)
33ff,7777,1,1,2,generic,no,"NAND(q,a)","NAND(a,b)"
33ff,77ff,1,1,2,generic,no,"NAND(q,a)",(~b) OR (~a) OR (~q)
33ff,7f7f,1,1,2,generic,no,"NAND(q,a)",(~b) OR (~a) OR (~x)
3fff,00ff,1,1,2,clock,no,(~a) OR (~x) OR (~q),~q
3fff,0f0f,1,1,2,generic,no,(~a) OR (~x) OR (~q),~x
3fff,0fff,1,1,2,generic,no,(~a) OR (~x) OR (~q),"NAND(q,x)"
3fff,3333,1,1,2,generic,no,(~a) OR (~x) OR (~q),~a
3fff,33ff,1,1,2,generic,no,(~a) OR (~x) OR (~q),"NAND(q,a)"
3fff,3f3f,1,1,2,generic,no,(~a) OR (~x) OR (~q),"NAND(x,a)"
3fff,3fff,1,1,2,generic,no,(~a) OR (~x) OR (~q),(~a) OR (~x) OR (~q)
3fff,5555,1,1,2,generic,no,(~a) OR (~x) OR (~q),~b
3fff,55ff,1,1,2,generic,no,(~a) OR (~x) OR (~q),"NAND(q,b)"
3fff,5f5f,1,1,2,generic,no,(~a) OR (~x) OR (~q),"NAND(x,b)"
3fff,5fff,1,1,2,generic,no,(~a) OR (~x) OR (~q),(~b) OR (~x) OR (~q)
3fff,7777,1,1,2,generic,no,(~a) OR (~x) OR (~q),"NAND(a,b)"
3fff,77ff,1,1,2,generic,no,(~a) OR (~x) OR (~q),(~b) OR (~a) OR (~q)
3fff,7f7f,1,1,2,generic,no,(~a) OR (~x) OR (~q),(~b) OR (~a) OR (~x)
55ff,00ff,1,1,2,clock,no,"NAND(q,b)",~q
55ff,0f0f,1,1,2,generic,no,"NAND(q,b)",~x
55ff,0fff,1,1,2,generic,no,"NAND(q,b)","NAND(q,x)"
55ff,3333,1,1,2,generic,no,"NAND(q,b)",~a
55ff,33ff,1,1,2,generic,no,"NAND(q,b)","NAND(q,a)"
55ff,3f3f,1,1,2,generic,no,"NAND(q,b)","NAND(x,a)"
55ff,3fff,1,1,2,generic,no,"NAND(q,b)",(~a) OR (~x) OR (~q)
55ff,5555,1,1,2,generic,no,"NAND(q,b)",~b
55ff,55ff,1,1,2,generic,no,"NAND(q,b)","NAND(q,b)"
55ff,5f5f,1,1,2,generic,no,"NAND(q,b)","NAND(x,b)"
55ff,5fff,1,1,2,generic,no,"NAND(q,b)",(~b) OR (~x) OR (~q)
55ff,7777,1,1,2,generic,no,"NAND(q,b)","NAND(a,b)"
55ff,77ff,1,1,2,generic,no,"NAND(q,b)",(~b) OR (~a) OR (~q)
55ff,7f7f,1,1,2,generic,no,"NAND(q,b)",(~b) OR (~a) OR (~x)
5fff,00ff,1,1,2,clock,no,(~b) OR (~x) OR (~q),~q
5fff,0f0f,1,1,2,generic,no,(~b) OR (~x) OR (~q),~x
5fff,0fff,1,1,2,generic,no,(~b) OR (~x) OR (~q),"NAND(q,x)"
5fff,3333,1,1,2,generic,no,(~b) OR (~x) OR (~q),~a
5fff,33ff,1,1,2,generic,no,(~b) OR (~x) OR (~q),"NAND(q,a)"
5fff,3f3f,1,1,2,generic,no,(~b) OR (~x) OR (~q),"NAND(x,a)"
5fff,3fff,1,1,2,generic,no,(~b) OR (~x) OR (~q),(~a) OR (~x) OR (~q)
5fff,5555,1,1,2,generic,no,(~b) OR (~x) OR (~q),~b
5fff,55ff,1,1,2,generic,no,(~b) OR (~x) OR (~q),"NAND(q,b)"
5fff,5f5f,1,1,2,generic,no,(~b) OR (~x) OR (~q),"NAND(x,b)"
5fff,5fff,1,1,2,generic,no,(~b) OR (~x) OR (~q),(~b) OR (~x) OR (~q)
5fff,7777,1,1,2,generic,no,(~b) OR (~x) OR (~q),"NAND(a,b)"
5fff,77ff,1,1,2,generic,no,(~b) OR (~x) OR (~q),(~b) OR (~a) OR (~q)
5fff,7f7f,1,1,2,generic,no,(~b) OR (~x) OR (~q),(~b) OR (~a) OR (~x)
77ff,00ff,1,1,2,clock,no,(~b) OR (~a) OR (~q),~q
77ff,0f0f,1,1,2,generic,no,(~b) OR (~a) OR (~q),~x
77ff,0fff,1,1,2,generic,no,(~b) OR (~a) OR (~q),"NAND(q,x)"
77ff,3333,1,1,2,generic,no,(~b) OR (~a) OR (~q),~a
77ff,33ff,1,1,2,generic,no,(~b) OR (~a) OR (~q),"NAND(q,a)"
77ff,3f3f,1,1,2,generic,no,(~b) OR (~a) OR (~q),"NAND(x,a)"
77ff,3fff,1,1,2,generic,no,(~b) OR (~a) OR (~q),(~a) OR (~x) OR (~q)
77ff,5555,1,1,2,generic,no,(~b) OR (~a) OR (~q),~b
77ff,55ff,1,1,2,generic,no,(~b) OR (~a) OR (~q),"NAND(q,b)"
77ff,5f5f,1,1,2,generic,no,(~b) OR (~a) OR (~q),"NAND(x,b)"
77ff,5fff,1,1,2,generic,no,(~b) OR (~a) OR (~q),(~b) OR (~x) OR (~q)
77ff,7777,1,1,2,generic,no,(~b) OR (~a) OR (~q),"NAND(a,b)"
77ff,77ff,1,1,2,generic,no,(~b) OR (~a) OR (~q),(~b) OR (~a) OR (~q)
77ff,7f7f,1,1,2,generic,no,(~b) OR (~a) OR (~q),(~b) OR (~a) OR (~x)
80ff,0000,2,0,2,clock,no,((b) AND (a) AND (x)) OR (~q),0
80ff,aaaa,2,0,2,generic,no,((b) AND (a) AND (x)) OR (~q),b
80ff,cccc,2,0,2,generic,no,((b) AND (a) AND (x)) OR (~q),a
80ff,f0f0,2,0,2,generic,no,((b) AND (a) AND (x)) OR (~q),x
80ff,ff00,2,0,2,clock,no,((b) AND (a) AND (x)) OR (~q),q
80ff,ffff,2,0,2,clock,no,((b) AND (a) AND (x)) OR (~q),1
8800,0000,2,0,2,clock,no,(b) AND (a) AND (q),0
8800,aaaa,2,0,2,generic,no,(b) AND (a) AND (q),b
8800,cccc,2,0,2,generic,no,(b) AND (a) AND (q),a
8800,f0f0,2,0,2,generic,no,(b) AND (a) AND (q),x
8800,ff00,2,0,2,clock,no,(b) AND (a) AND (q),q
8800,ffff,2,0,2,clock,no,(b) AND (a) AND (q),1
8880,0000,2,0,2,clock,no,((b) AND (a) AND (q)) OR ((b) AND (a) AND (x)),0
8880,aaaa,2,0,2,generic,no,((b) AND (a) AND (q)) OR ((b) AND (a) AND (x)),b
8880,cccc,2,0,2,generic,no,((b) AND (a) AND (q)) OR ((b) AND (a) AND (x)),a
8880,f0f0,2,0,2,generic,no,((b) AND (a) AND (q)) OR ((b) AND (a) AND (x)),x
8880,ff00,2,0,2,clock,no,((b) AND (a) AND (q)) OR ((b) AND (a) AND (x)),q
8880,ffff,2,0,2,clock,no,((b) AND (a) AND (q)) OR ((b) AND (a) AND (x)),1
88ff,0000,2,0,2,clock,no,((b) AND (a)) OR (~q),0
88ff,aaaa,2,0,2,generic,no,((b) AND (a)) OR (~q),b
88ff,cccc,2,0,2,generic,no,((b) AND (a)) OR (~q),a
88ff,f0f0,2,0,2,generic,no,((b) AND (a)) OR (~q),x
88ff,ff00,2,0,2,clock,no,((b) AND (a)) OR (~q),q
88ff,ffff,2,0,2,clock,no,((b) AND (a)) OR (~q),1
8f0f,0000,2,0,2,clock,no,((b) AND (a) AND (q)) OR (~x),0
8f0f,aaaa,2,0,2,generic,no,((b) AND (a) AND (q)) OR (~x),b
8f0f,cccc,2,0,2,generic,no,((b) AND (a) AND (q)) OR (~x),a
8f0f,f0f0,2,0,2,generic,no,((b) AND (a) AND (q)) OR (~x),x
8f0f,ff00,2,0,2,clock,no,((b) AND (a) AND (q)) OR (~x),q
8f0f,ffff,2,0,2,clock,no,((b) AND (a) AND (q)) OR (~x),1
8fff,0000,2,0,2,clock,no,((b) AND (a)) OR (~x) OR (~q),0
8fff,aaaa,2,0,2,generic,no,((b) AND (a)) OR (~x) OR (~q),b
8fff,cccc,2,0,2,generic,no,((b) AND (a)) OR (~x) OR (~q),a
8fff,f0f0,2,0,2,generic,no,((b) AND (a)) OR (~x) OR (~q),x
8fff,ff00,2,0,2,clock,no,((b) AND (a)) OR (~x) OR (~q),q
8fff,ffff,2,0,2,clock,no,((b) AND (a)) OR (~x) OR (~q),1
a000,0000,2,0,2,clock,no,(b) AND (x) AND (q),0
a000,aaaa,2,0,2,generic,no,(b) AND (x) AND (q),b
a000,cccc,2,0,2,generic,no,(b) AND (x) AND (q),a
a000,f0f0,2,0,2,generic,no,(b) AND (x) AND (q),x
a000,ff00,2,0,2,clock,no,(b) AND (x) AND (q),q
a000,ffff,2,0,2,clock,no,(b) AND (x) AND (q),1
a080,0000,2,0,2,clock,no,((b) AND (x) AND (q)) OR ((b) AND (a) AND (x)),0
a080,aaaa,2,0,2,generic,no,((b) AND (x) AND (q)) OR ((b) AND (a) AND (x)),b
a080,cccc,2,0,2,generic,no,((b) AND (x) AND (q)) OR ((b) AND (a) AND (x)),a
a080,f0f0,2,0,2,generic,no,((b) AND (x) AND (q)) OR ((b) AND (a) AND (x)),x
a080,ff00,2,0,2,clock,no,((b) AND (x) AND (q)) OR ((b) AND (a) AND (x)),q
a080,ffff,2,0,2,clock,no,((b) AND (x) AND (q)) OR ((b) AND (a) AND (x)),1
a0ff,0000,2,0,2,clock,no,((b) AND (x)) OR (~q),0
a0ff,aaaa,2,0,2,generic,no,((b) AND (x)) OR (~q),b
a0ff,cccc,2,0,2,generic,no,((b) AND (x)) OR (~q),a
a0ff,f0f0,2,0,2,generic,no,((b) AND (x)) OR (~q),x
a0ff,ff00,2,0,2,clock,no,((b) AND (x)) OR (~q),q
a0ff,ffff,2,0,2,clock,no,((b) AND (x)) OR (~q),1
a800,0000,2,0,2,clock,no,((b) AND (x) AND (q)) OR ((b) AND (a) AND (q)),0
a800,aaaa,2,0,2,generic,no,((b) AND (x) AND (q)) OR ((b) AND (a) AND (q)),b
a800,cccc,2,0,2,generic,no,((b) AND (x) AND (q)) OR ((b) AND (a) AND (q)),a
a800,f0f0,2,0,2,generic,no,((b) AND (x) AND (q)) OR ((b) AND (a) AND (q)),x
a800,ff00,2,0,2,clock,no,((b) AND (x) AND (q)) OR ((b) AND (a) AND (q)),q
a800,ffff,2,0,2,clock,no,((b) AND (x) AND (q)) OR ((b) AND (a) AND (q)),1
a880,0000,2,0,2,clock,no,((b) AND (x) AND (q)) OR ((b) AND (a) AND (q)) OR ((b) AND (a) AND (x)),0
a880,aaaa,2,0,2,generic,no,((b) AND (x) AND (q)) OR ((b) AND (a) AND (q)) OR ((b) AND (a) AND (x)),b
a880,cccc,2,0,2,generic,no,((b) AND (x) AND (q)) OR ((b) AND (a) AND (q)) OR ((b) AND (a) AND (x)),a
a880,f0f0,2,0,2,generic,no,((b) AND (x) AND (q)) OR ((b) AND (a) AND (q)) OR ((b) AND (a) AND (x)),x
a880,ff00,2,0,2,clock,no,((b) AND (x) AND (q)) OR ((b) AND (a) AND (q)) OR ((b) AND (a) AND (x)),q
a880,ffff,2,0,2,clock,no,((b) AND (x) AND (q)) OR ((b) AND (a) AND (q)) OR ((b) AND (a) AND (x)),1
a888,0000,2,0,2,clock,no,((b) AND (x) AND (q)) OR ((b) AND (a)),0
a888,aaaa,2,0,2,generic,no,((b) AND (x) AND (q)) OR ((b) AND (a)),b
a888,cccc,2,0,2,generic,no,((b) AND (x) AND (q)) OR ((b) AND (a)),a
a888,f0f0,2,0,2,generic,no,((b) AND (x) AND (q)) OR ((b) AND (a)),x
a888,ff00,2,0,2,clock,no,((b) AND (x) AND (q)) OR ((b) AND (a)),q
a888,ffff,2,0,2,clock,no,((b) AND (x) AND (q)) OR ((b) AND (a)),1
a8a0,0000,2,0,2,clock,no,((b) AND (x)) OR ((b) AND (a) AND (q)),0
a8a0,aaaa,2,0,2,generic,no,((b) AND (x)) OR ((b) AND (a) AND (q)),b
a8a0,cccc,2,0,2,generic,no,((b) AND (x)) OR ((b) AND (a) AND (q)),a
a8a0,f0f0,2,0,2,generic,no,((b) AND (x)) OR ((b) AND (a) AND (q)),x
a8a0,ff00,2,0,2,clock,no,((b) AND (x)) OR ((b) AND (a) AND (q)),q
a8a0,ffff,2,0,2,clock,no,((b) AND (x)) OR ((b) AND (a) AND (q)),1
a8ff,0000,2,0,2,clock,no,((b) AND (x)) OR ((b) AND (a)) OR (~q),0
a8ff,aaaa,2,0,2,generic,no,((b) AND (x)) OR ((b) AND (a)) OR (~q),b
a8ff,cccc,2,0,2,generic,no,((b) AND (x)) OR ((b) AND (a)) OR (~q),a
a8ff,f0f0,2,0,2,generic,no,((b) AND (x)) OR ((b) AND (a)) OR (~q),x
a8ff,ff00,2,0,2,clock,no,((b) AND (x)) OR ((b) AND (a)) OR (~q),q
a8ff,ffff,2,0,2,clock,no,((b) AND (x)) OR ((b) AND (a)) OR (~q),1
aa00,0000,2,0,2,clock,no,q AND b,0
aa00,aaaa,2,0,2,generic,no,q AND b,b
aa00,cccc,2,0,2,generic,no,q AND b,a
aa00,f0f0,2,0,2,generic,no,q AND b,x
aa00,ff00,2,0,2,clock,no,q AND b,q
aa00,ffff,2,0,2,clock,no,q AND b,1
aa80,0000,2,0,2,clock,no,((b) AND (q)) OR ((b) AND (a) AND (x)),0
aa80,aaaa,2,0,2,generic,no,((b) AND (q)) OR ((b) AND (a) AND (x)),b
aa80,cccc,2,0,2,generic,no,((b) AND (q)) OR ((b) AND (a) AND (x)),a
aa80,f0f0,2,0,2,generic,no,((b) AND (q)) OR ((b) AND (a) AND (x)),x
aa80,ff00,2,0,2,clock,no,((b) AND (q)) OR ((b) AND (a) AND (x)),q
aa80,ffff,2,0,2,clock,no,((b) AND (q)) OR ((b) AND (a) AND (x)),1
aa88,0000,2,0,2,clock,no,((b) AND (q)) OR ((b) AND (a)),0
aa88,aaaa,2,0,2,generic,no,((b) AND (q)) OR ((b) AND (a)),b
aa88,cccc,2,0,2,generic,no,((b) AND (q)) OR ((b) AND (a)),a
aa88,f0f0,2,0,2,generic,no,((b) AND (q)) OR ((b) AND (a)),x
aa88,ff00,2,0,2,clock,no,((b) AND (q)) OR ((b) AND (a)),q
aa88,ffff,2,0,2,clock,no,((b) AND (q)) OR ((b) AND (a)),1
aaa0,0000,2,0,2,clock,no,((b) AND (q)) OR ((b) AND (x)),0
aaa0,aaaa,2,0,2,generic,no,((b) AND (q)) OR ((b) AND (x)),b
aaa0,cccc,2,0,2,generic,no,((b) AND (q)) OR ((b) AND (x)),a
aaa0,f0f0,2,0,2,generic,no,((b) AND (q)) OR ((b) AND (x)),x
aaa0,ff00,2,0,2,clock,no,((b) AND (q)) OR ((b) AND (x)),q
aaa0,ffff,2,0,2,clock,no,((b) AND (q)) OR ((b) AND (x)),1
aaa8,0000,2,0,2,clock,no,((b) AND (q)) OR ((b) AND (x)) OR ((b) AND (a)),0
aaa8,aaaa,2,0,2,generic,no,((b) AND (q)) OR ((b) AND (x)) OR ((b) AND (a)),b
aaa8,cccc,2,0,2,generic,no,((b) AND (q)) OR ((b) AND (x)) OR ((b) AND (a)),a
aaa8,f0f0,2,0,2,generic,no,((b) AND (q)) OR ((b) AND (x)) OR ((b) AND (a)),x
aaa8,ff00,2,0,2,clock,no,((b) AND (q)) OR ((b) AND (x)) OR ((b) AND (a)),q
aaa8,ffff,2,0,2,clock,no,((b) AND (q)) OR ((b) AND (x)) OR ((b) AND (a)),1
aaff,0000,2,0,2,clock,no,"NAND(q,~b)",0
aaff,aaaa,2,0,2,generic,no,"NAND(q,~b)",b
aaff,cccc,2,0,2,generic,no,"NAND(q,~b)",a
aaff,f0f0,2,0,2,generic,no,"NAND(q,~b)",x
aaff,ff00,2,0,2,clock,no,"NAND(q,~b)",q
aaff,ffff,2,0,2,clock,no,"NAND(q,~b)",1
af0f,0000,2,0,2,clock,no,((b) AND (q)) OR (~x),0
af0f,aaaa,2,0,2,generic,no,((b) AND (q)) OR (~x),b
af0f,cccc,2,0,2,generic,no,((b) AND (q)) OR (~x),a
af0f,f0f0,2,0,2,generic,no,((b) AND (q)) OR (~x),x
af0f,ff00,2,0,2,clock,no,((b) AND (q)) OR (~x),q
af0f,ffff,2,0,2,clock,no,((b) AND (q)) OR (~x),1
af8f,0000,2,0,2,clock,no,((b) AND (q)) OR ((b) AND (a)) OR (~x),0
af8f,aaaa,2,0,2,generic,no,((b) AND (q)) OR ((b) AND (a)) OR (~x),b
af8f,cccc,2,0,2,generic,no,((b) AND (q)) OR ((b) AND (a)) OR (~x),a
af8f,f0f0,2,0,2,generic,no,((b) AND (q)) OR ((b) AND (a)) OR (~x),x
af8f,ff00,2,0,2,clock,no,((b) AND (q)) OR ((b) AND (a)) OR (~x),q
af8f,ffff,2,0,2,clock,no,((b) AND (q)) OR ((b) AND (a)) OR (~x),1
afff,0000,2,0,2,clock,no,(b) OR (~x) OR (~q),0
afff,aaaa,2,0,2,generic,no,(b) OR (~x) OR (~q),b
afff,cccc,2,0,2,generic,no,(b) OR (~x) OR (~q),a
afff,f0f0,2,0,2,generic,no,(b) OR (~x) OR (~q),x
afff,ff00,2,0,2,clock,no,(b) OR (~x) OR (~q),q
afff,ffff,2,0,2,clock,no,(b) OR (~x) OR (~q),1
b333,0000,2,0,2,clock,no,((b) AND (x) AND (q)) OR (~a),0
b333,aaaa,2,0,2,generic,no,((b) AND (x) AND (q)) OR (~a),b
b333,cccc,2,0,2,generic,no,((b) AND (x) AND (q)) OR (~a),a
b333,f0f0,2,0,2,generic,no,((b) AND (x) AND (q)) OR (~a),x
b333,ff00,2,0,2,clock,no,((b) AND (x) AND (q)) OR (~a),q
b333,ffff,2,0,2,clock,no,((b) AND (x) AND (q)) OR (~a),1
b3ff,0000,2,0,2,clock,no,((b) AND (x)) OR (~a) OR (~q),0
b3ff,aaaa,2,0,2,generic,no,((b) AND (x)) OR (~a) OR (~q),b
b3ff,cccc,2,0,2,generic,no,((b) AND (x)) OR (~a) OR (~q),a
b3ff,f0f0,2,0,2,generic,no,((b) AND (x)) OR (~a) OR (~q),x
b3ff,ff00,2,0,2,clock,no,((b) AND (x)) OR (~a) OR (~q),q
b3ff,ffff,2,0,2,clock,no,((b) AND (x)) OR (~a) OR (~q),1
bb33,0000,2,0,2,clock,no,((b) AND (q)) OR (~a),0
bb33,aaaa,2,0,2,generic,no,((b) AND (q)) OR (~a),b
bb33,cccc,2,0,2,generic,no,((b) AND (q)) OR (~a),a
bb33,f0f0,2,0,2,generic,no,((b) AND (q)) OR (~a),x
bb33,ff00,2,0,2,clock,no,((b) AND (q)) OR (~a),q
bb33,ffff,2,0,2,clock,no,((b) AND (q)) OR (~a),1
bbb3,0000,2,0,2,clock,no,((b) AND (q)) OR ((b) AND (x)) OR (~a),0
bbb3,aaaa,2,0,2,generic,no,((b) AND (q)) OR ((b) AND (x)) OR (~a),b
bbb3,cccc,2,0,2,generic,no,((b) AND (q)) OR ((b) AND (x)) OR (~a),a
bbb3,f0f0,2,0,2,generic,no,((b) AND (q)) OR ((b) AND (x)) OR (~a),x
bbb3,ff00,2,0,2,clock,no,((b) AND (q)) OR ((b) AND (x)) OR (~a),q
bbb3,ffff,2,0,2,clock,no,((b) AND (q)) OR ((b) AND (x)) OR (~a),1
bbff,0000,2,0,2,clock,no,(b) OR (~a) OR (~q),0
bbff,aaaa,2,0,2,generic,no,(b) OR (~a) OR (~q),b
bbff,cccc,2,0,2,generic,no,(b) OR (~a) OR (~q),a
bbff,f0f0,2,0,2,generic,no,(b) OR (~a) OR (~q),x
bbff,ff00,2,0,2,clock,no,(b) OR (~a) OR (~q),q
bbff,ffff,2,0,2,clock,no,(b) OR (~a) OR (~q),1
bf3f,0000,2,0,2,clock,no,((b) AND (q)) OR (~a) OR (~x),0
bf3f,aaaa,2,0,2,generic,no,((b) AND (q)) OR (~a) OR (~x),b
bf3f,cccc,2,0,2,generic,no,((b) AND (q)) OR (~a) OR (~x),a
bf3f,f0f0,2,0,2,generic,no,((b) AND (q)) OR (~a) OR (~x),x
bf3f,ff00,2,0,2,clock,no,((b) AND (q)) OR (~a) OR (~x),q
bf3f,ffff,2,0,2,clock,no,((b) AND (q)) OR (~a) OR (~x),1
c000,0000,2,0,2,clock,no,(a) AND (x) AND (q),0
c000,aaaa,2,0,2,generic,no,(a) AND (x) AND (q),b
c000,cccc,2,0,2,generic,no,(a) AND (x) AND (q),a
c000,f0f0,2,0,2,generic,no,(a) AND (x) AND (q),x
c000,ff00,2,0,2,clock,no,(a) AND (x) AND (q),q
c000,ffff,2,0,2,clock,no,(a) AND (x) AND (q),1
c080,0000,2,0,2,clock,no,((a) AND (x) AND (q)) OR ((b) AND (a) AND (x)),0
c080,aaaa,2,0,2,generic,no,((a) AND (x) AND (q)) OR ((b) AND (a) AND (x)),b
c080,cccc,2,0,2,generic,no,((a) AND (x) AND (q)) OR ((b) AND (a) AND (x)),a
c080,f0f0,2,0,2,generic,no,((a) AND (x) AND (q)) OR ((b) AND (a) AND (x)),x
c080,ff00,2,0,2,clock,no,((a) AND (x) AND (q)) OR ((b) AND (a) AND (x)),q
c080,ffff,2,0,2,clock,no,((a) AND (x) AND (q)) OR ((b) AND (a) AND (x)),1
c0ff,0000,2,0,2,clock,no,((a) AND (x)) OR (~q),0
c0ff,aaaa,2,0,2,generic,no,((a) AND (x)) OR (~q),b
c0ff,cccc,2,0,2,generic,no,((a) AND (x)) OR (~q),a
c0ff,f0f0,2,0,2,generic,no,((a) AND (x)) OR (~q),x
c0ff,ff00,2,0,2,clock,no,((a) AND (x)) OR (~q),q
c0ff,ffff,2,0,2,clock,no,((a) AND (x)) OR (~q),1
c800,0000,2,0,2,clock,no,((a) AND (x) AND (q)) OR ((b) AND (a) AND (q)),0
c800,aaaa,2,0,2,generic,no,((a) AND (x) AND (q)) OR ((b) AND (a) AND (q)),b
c800,cccc,2,0,2,generic,no,((a) AND (x) AND (q)) OR ((b) AND (a) AND (q)),a
c800,f0f0,2,0,2,generic,no,((a) AND (x) AND (q)) OR ((b) AND (a) AND (q)),x
c800,ff00,2,0,2,clock,no,((a) AND (x) AND (q)) OR ((b) AND (a) AND (q)),q
c800,ffff,2,0,2,clock,no,((a) AND (x) AND (q)) OR ((b) AND (a) AND (q)),1
c880,0000,2,0,2,clock,no,((a) AND (x) AND (q)) OR ((b) AND (a) AND (q)) OR ((b) AND (a) AND (x)),0
c880,aaaa,2,0,2,generic,no,((a) AND (x) AND (q)) OR ((b) AND (a) AND (q)) OR ((b) AND (a) AND (x)),b
c880,cccc,2,0,2,generic,no,((a) AND (x) AND (q)) OR ((b) AND (a) AND (q)) OR ((b) AND (a) AND (x)),a
c880,f0f0,2,0,2,generic,no,((a) AND (x) AND (q)) OR ((b) AND (a) AND (q)) OR ((b) AND (a) AND (x)),x
c880,ff00,2,0,2,clock,no,((a) AND (x) AND (q)) OR ((b) AND (a) AND (q)) OR ((b) AND (a) AND (x)),q
c880,ffff,2,0,2,clock,no,((a) AND (x) AND (q)) OR ((b) AND (a) AND (q)) OR ((b) AND (a) AND (x)),1
c888,0000,2,0,2,clock,no,((a) AND (x) AND (q)) OR ((b) AND (a)),0
c888,aaaa,2,0,2,generic,no,((a) AND (x) AND (q)) OR ((b) AND (a)),b
c888,cccc,2,0,2,generic,no,((a) AND (x) AND (q)) OR ((b) AND (a)),a
c888,f0f0,2,0,2,generic,no,((a) AND (x) AND (q)) OR ((b) AND (a)),x
c888,ff00,2,0,2,clock,no,((a) AND (x) AND (q)) OR ((b) AND (a)),q
c888,ffff,2,0,2,clock,no,((a) AND (x) AND (q)) OR ((b) AND (a)),1
c8c0,0000,2,0,2,clock,no,((a) AND (x)) OR ((b) AND (a) AND (q)),0
c8c0,aaaa,2,0,2,generic,no,((a) AND (x)) OR ((b) AND (a) AND (q)),b
c8c0,cccc,2,0,2,generic,no,((a) AND (x)) OR ((b) AND (a) AND (q)),a
c8c0,f0f0,2,0,2,generic,no,((a) AND (x)) OR ((b) AND (a) AND (q)),x
c8c0,ff00,2,0,2,clock,no,((a) AND (x)) OR ((b) AND (a) AND (q)),q
c8c0,ffff,2,0,2,clock,no,((a) AND (x)) OR ((b) AND (a) AND (q)),1
c8ff,0000,2,0,2,clock,no,((a) AND (x)) OR ((b) AND (a)) OR (~q),0
c8ff,aaaa,2,0,2,generic,no,((a) AND (x)) OR ((b) AND (a)) OR (~q),b
c8ff,cccc,2,0,2,generic,no,((a) AND (x)) OR ((b) AND (a)) OR (~q),a
c8ff,f0f0,2,0,2,generic,no,((a) AND (x)) OR ((b) AND (a)) OR (~q),x
c8ff,ff00,2,0,2,clock,no,((a) AND (x)) OR ((b) AND (a)) OR (~q),q
c8ff,ffff,2,0,2,clock,no,((a) AND (x)) OR ((b) AND (a)) OR (~q),1
cc00,0000,2,0,2,clock,no,q AND a,0
cc00,aaaa,2,0,2,generic,no,q AND a,b
cc00,cccc,2,0,2,generic,no,q AND a,a
cc00,f0f0,2,0,2,generic,no,q AND a,x
cc00,ff00,2,0,2,clock,no,q AND a,q
cc00,ffff,2,0,2,clock,no,q AND a,1
cc80,0000,2,0,2,clock,no,((a) AND (q)) OR ((b) AND (a) AND (x)),0
cc80,aaaa,2,0,2,generic,no,((a) AND (q)) OR ((b) AND (a) AND (x)),b
cc80,cccc,2,0,2,generic,no,((a) AND (q)) OR ((b) AND (a) AND (x)),a
cc80,f0f0,2,0,2,generic,no,((a) AND (q)) OR ((b) AND (a) AND (x)),x
cc80,ff00,2,0,2,clock,no,((a) AND (q)) OR ((b) AND (a) AND (x)),q
cc80,ffff,2,0,2,clock,no,((a) AND (q)) OR ((b) AND (a) AND (x)),1
cc88,0000,2,0,2,clock,no,((a) AND (q)) OR ((b) AND (a)),0
cc88,aaaa,2,0,2,generic,no,((a) AND (q)) OR ((b) AND (a)),b
cc88,cccc,2,0,2,generic,no,((a) AND (q)) OR ((b) AND (a)),a
cc88,f0f0,2,0,2,generic,no,((a) AND (q)) OR ((b) AND (a)),x
cc88,ff00,2,0,2,clock,no,((a) AND (q)) OR ((b) AND (a)),q
cc88,ffff,2,0,2,clock,no,((a) AND (q)) OR ((b) AND (a)),1
ccc0,0000,2,0,2,clock,no,((a) AND (q)) OR ((a) AND (x)),0
ccc0,aaaa,2,0,2,generic,no,((a) AND (q)) OR ((a) AND (x)),b
ccc0,cccc,2,0,2,generic,no,((a) AND (q)) OR ((a) AND (x)),a
ccc0,f0f0,2,0,2,generic,no,((a) AND (q)) OR ((a) AND (x)),x
ccc0,ff00,2,0,2,clock,no,((a) AND (q)) OR ((a) AND (x)),q
ccc0,ffff,2,0,2,clock,no,((a) AND (q)) OR ((a) AND (x)),1
ccc8,0000,2,0,2,clock,no,((a) AND (q)) OR ((a) AND (x)) OR ((b) AND (a)),0
ccc8,aaaa,2,0,2,generic,no,((a) AND (q)) OR ((a) AND (x)) OR ((b) AND (a)),b
ccc8,cccc,2,0,2,generic,no,((a) AND (q)) OR ((a) AND (x)) OR ((b) AND (a)),a
ccc8,f0f0,2,0,2,generic,no,((a) AND (q)) OR ((a) AND (x)) OR ((b) AND (a)),x
ccc8,ff00,2,0,2,clock,no,((a) AND (q)) OR ((a) AND (x)) OR ((b) AND (a)),q
ccc8,ffff,2,0,2,clock,no,((a) AND (q)) OR ((a) AND (x)) OR ((b) AND (a)),1
ccff,0000,2,0,2,clock,no,"NAND(q,~a)",0
ccff,aaaa,2,0,2,generic,no,"NAND(q,~a)",b
ccff,cccc,2,0,2,generic,no,"NAND(q,~a)",a
ccff,f0f0,2,0,2,generic,no,"NAND(q,~a)",x
ccff,ff00,2,0,2,clock,no,"NAND(q,~a)",q
ccff,ffff,2,0,2,clock,no,"NAND(q,~a)",1
cf0f,0000,2,0,2,clock,no,((a) AND (q)) OR (~x),0
cf0f,aaaa,2,0,2,generic,no,((a) AND (q)) OR (~x),b
cf0f,cccc,2,0,2,generic,no,((a) AND (q)) OR (~x),a
cf0f,f0f0,2,0,2,generic,no,((a) AND (q)) OR (~x),x
cf0f,ff00,2,0,2,clock,no,((a) AND (q)) OR (~x),q
cf0f,ffff,2,0,2,clock,no,((a) AND (q)) OR (~x),1
cf8f,0000,2,0,2,clock,no,((a) AND (q)) OR ((b) AND (a)) OR (~x),0
cf8f,aaaa,2,0,2,generic,no,((a) AND (q)) OR ((b) AND (a)) OR (~x),b
cf8f,cccc,2,0,2,generic,no,((a) AND (q)) OR ((b) AND (a)) OR (~x),a
cf8f,f0f0,2,0,2,generic,no,((a) AND (q)) OR ((b) AND (a)) OR (~x),x
cf8f,ff00,2,0,2,clock,no,((a) AND (q)) OR ((b) AND (a)) OR (~x),q
cf8f,ffff,2,0,2,clock,no,((a) AND (q)) OR ((b) AND (a)) OR (~x),1
cfff,0000,2,0,2,clock,no,(a) OR (~x) OR (~q),0
cfff,aaaa,2,0,2,generic,no,(a) OR (~x) OR (~q),b
cfff,cccc,2,0,2,generic,no,(a) OR (~x) OR (~q),a
cfff,f0f0,2,0,2,generic,no,(a) OR (~x) OR (~q),x
cfff,ff00,2,0,2,clock,no,(a) OR (~x) OR (~q),q
cfff,ffff,2,0,2,clock,no,(a) OR (~x) OR (~q),1
d555,0000,2,0,2,clock,no,((a) AND (x) AND (q)) OR (~b),0
d555,aaaa,2,0,2,generic,no,((a) AND (x) AND (q)) OR (~b),b
d555,cccc,2,0,2,generic,no,((a) AND (x) AND (q)) OR (~b),a
d555,f0f0,2,0,2,generic,no,((a) AND (x) AND (q)) OR (~b),x
d555,ff00,2,0,2,clock,no,((a) AND (x) AND (q)) OR (~b),q
d555,ffff,2,0,2,clock,no,((a) AND (x) AND (q)) OR (~b),1
d5ff,0000,2,0,2,clock,no,((a) AND (x)) OR (~b) OR (~q),0
d5ff,aaaa,2,0,2,generic,no,((a) AND (x)) OR (~b) OR (~q),b
d5ff,cccc,2,0,2,generic,no,((a) AND (x)) OR (~b) OR (~q),a
d5ff,f0f0,2,0,2,generic,no,((a) AND (x)) OR (~b) OR (~q),x
d5ff,ff00,2,0,2,clock,no,((a) AND (x)) OR (~b) OR (~q),q
d5ff,ffff,2,0,2,clock,no,((a) AND (x)) OR (~b) OR (~q),1
dd55,0000,2,0,2,clock,no,((a) AND (q)) OR (~b),0
dd55,aaaa,2,0,2,generic,no,((a) AND (q)) OR (~b),b
dd55,cccc,2,0,2,generic,no,((a) AND (q)) OR (~b),a
dd55,f0f0,2,0,2,generic,no,((a) AND (q)) OR (~b),x
dd55,ff00,2,0,2,clock,no,((a) AND (q)) OR (~b),q
dd55,ffff,2,0,2,clock,no,((a) AND (q)) OR (~b),1
ddd5,0000,2,0,2,clock,no,((a) AND (q)) OR ((a) AND (x)) OR (~b),0
ddd5,aaaa,2,0,2,generic,no,((a) AND (q)) OR ((a) AND (x)) OR (~b),b
ddd5,cccc,2,0,2,generic,no,((a) AND (q)) OR ((a) AND (x)) OR (~b),a
ddd5,f0f0,2,0,2,generic,no,((a) AND (q)) OR ((a) AND (x)) OR (~b),x
ddd5,ff00,2,0,2,clock,no,((a) AND (q)) OR ((a) AND (x)) OR (~b),q
ddd5,ffff,2,0,2,clock,no,((a) AND (q)) OR ((a) AND (x)) OR (~b),1
ddff,0000,2,0,2,clock,no,(a) OR (~b) OR (~q),0
ddff,aaaa,2,0,2,generic,no,(a) OR (~b) OR (~q),b
ddff,cccc,2,0,2,generic,no,(a) OR (~b) OR (~q),a
ddff,f0f0,2,0,2,generic,no,(a) OR (~b) OR (~q),x
ddff,ff00,2,0,2,clock,no,(a) OR (~b) OR (~q),q
ddff,ffff,2,0,2,clock,no,(a) OR (~b) OR (~q),1
df5f,0000,2,0,2,clock,no,((a) AND (q)) OR (~b) OR (~x),0
df5f,aaaa,2,0,2,generic,no,((a) AND (q)) OR (~b) OR (~x),b
df5f,cccc,2,0,2,generic,no,((a) AND (q)) OR (~b) OR (~x),a
df5f,f0f0,2,0,2,generic,no,((a) AND (q)) OR (~b) OR (~x),x
df5f,ff00,2,0,2,clock,no,((a) AND (q)) OR (~b) OR (~x),q
df5f,ffff,2,0,2,clock,no,((a) AND (q)) OR (~b) OR (~x),1
e000,0000,2,0,2,clock,no,((a) AND (x) AND (q)) OR ((b) AND (x) AND (q)),0
e000,aaaa,2,0,2,generic,no,((a) AND (x) AND (q)) OR ((b) AND (x) AND (q)),b
e000,cccc,2,0,2,generic,no,((a) AND (x) AND (q)) OR ((b) AND (x) AND (q)),a
e000,f0f0,2,0,2,generic,no,((a) AND (x) AND (q)) OR ((b) AND (x) AND (q)),x
e000,ff00,2,0,2,clock,no,((a) AND (x) AND (q)) OR ((b) AND (x) AND (q)),q
e000,ffff,2,0,2,clock,no,((a) AND (x) AND (q)) OR ((b) AND (x) AND (q)),1
e080,0000,2,0,2,clock,no,((a) AND (x) AND (q)) OR ((b) AND (x) AND (q)) OR ((b) AND (a) AND (x)),0
e080,aaaa,2,0,2,generic,no,((a) AND (x) AND (q)) OR ((b) AND (x) AND (q)) OR ((b) AND (a) AND (x)),b
e080,cccc,2,0,2,generic,no,((a) AND (x) AND (q)) OR ((b) AND (x) AND (q)) OR ((b) AND (a) AND (x)),a
e080,f0f0,2,0,2,generic,no,((a) AND (x) AND (q)) OR ((b) AND (x) AND (q)) OR ((b) AND (a) AND (x)),x
e080,ff00,2,0,2,clock,no,((a) AND (x) AND (q)) OR ((b) AND (x) AND (q)) OR ((b) AND (a) AND (x)),q
e080,ffff,2,0,2,clock,no,((a) AND (x) AND (q)) OR ((b) AND (x) AND (q)) OR ((b) AND (a) AND (x)),1
e0a0,0000,2,0,2,clock,no,((a) AND (x) AND (q)) OR ((b) AND (x)),0
e0a0,aaaa,2,0,2,generic,no,((a) AND (x) AND (q)) OR ((b) AND (x)),b
e0a0,cccc,2,0,2,generic,no,((a) AND (x) AND (q)) OR ((b) AND (x)),a
e0a0,f0f0,2,0,2,generic,no,((a) AND (x) AND (q)) OR ((b) AND (x)),x
e0a0,ff00,2,0,2,clock,no,((a) AND (x) AND (q)) OR ((b) AND (x)),q
e0a0,ffff,2,0,2,clock,no,((a) AND (x) AND (q)) OR ((b) AND (x)),1
e0c0,0000,2,0,2,clock,no,((a) AND (x)) OR ((b) AND (x) AND (q)),0
e0c0,aaaa,2,0,2,generic,no,((a) AND (x)) OR ((b) AND (x) AND (q)),b
e0c0,cccc,2,0,2,generic,no,((a) AND (x)) OR ((b) AND (x) AND (q)),a
e0c0,f0f0,2,0,2,generic,no,((a) AND (x)) OR ((b) AND (x) AND (q)),x
e0c0,ff00,2,0,2,clock,no,((a) AND (x)) OR ((b) AND (x) AND (q)),q
e0c0,ffff,2,0,2,clock,no,((a) AND (x)) OR ((b) AND (x) AND (q)),1
e0ff,0000,2,0,2,clock,no,((a) AND (x)) OR ((b) AND (x)) OR (~q),0
e0ff,aaaa,2,0,2,generic,no,((a) AND (x)) OR ((b) AND (x)) OR (~q),b
e0ff,cccc,2,0,2,generic,no,((a) AND (x)) OR ((b) AND (x)) OR (~q),a
e0ff,f0f0,2,0,2,generic,no,((a) AND (x)) OR ((b) AND (x)) OR (~q),x
e0ff,ff00,2,0,2,clock,no,((a) AND (x)) OR ((b) AND (x)) OR (~q),q
e0ff,ffff,2,0,2,clock,no,((a) AND (x)) OR ((b) AND (x)) OR (~q),1
e800,0000,2,0,2,clock,no,((a) AND (x) AND (q)) OR ((b) AND (x) AND (q)) OR ((b) AND (a) AND (q)),0
e800,aaaa,2,0,2,generic,no,((a) AND (x) AND (q)) OR ((b) AND (x) AND (q)) OR ((b) AND (a) AND (q)),b
e800,cccc,2,0,2,generic,no,((a) AND (x) AND (q)) OR ((b) AND (x) AND (q)) OR ((b) AND (a) AND (q)),a
e800,f0f0,2,0,2,generic,no,((a) AND (x) AND (q)) OR ((b) AND (x) AND (q)) OR ((b) AND (a) AND (q)),x
e800,ff00,2,0,2,clock,no,((a) AND (x) AND (q)) OR ((b) AND (x) AND (q)) OR ((b) AND (a) AND (q)),q
e800,ffff,2,0,2,clock,no,((a) AND (x) AND (q)) OR ((b) AND (x) AND (q)) OR ((b) AND (a) AND (q)),1
e888,0000,2,0,2,clock,no,((a) AND (x) AND (q)) OR ((b) AND (x) AND (q)) OR ((b) AND (a)),0
e888,aaaa,2,0,2,generic,no,((a) AND (x) AND (q)) OR ((b) AND (x) AND (q)) OR ((b) AND (a)),b
e888,cccc,2,0,2,generic,no,((a) AND (x) AND (q)) OR ((b) AND (x) AND (q)) OR ((b) AND (a)),a
e888,f0f0,2,0,2,generic,no,((a) AND (x) AND (q)) OR ((b) AND (x) AND (q)) OR ((b) AND (a)),x
e888,ff00,2,0,2,clock,no,((a) AND (x) AND (q)) OR ((b) AND (x) AND (q)) OR ((b) AND (a)),q
e888,ffff,2,0,2,clock,no,((a) AND (x) AND (q)) OR ((b) AND (x) AND (q)) OR ((b) AND (a)),1
e8a0,0000,2,0,2,clock,no,((a) AND (x) AND (q)) OR ((b) AND (x)) OR ((b) AND (a) AND (q)),0
e8a0,aaaa,2,0,2,generic,no,((a) AND (x) AND (q)) OR ((b) AND (x)) OR ((b) AND (a) AND (q)),b
e8a0,cccc,2,0,2,generic,no,((a) AND (x) AND (q)) OR ((b) AND (x)) OR ((b) AND (a) AND (q)),a
e8a0,f0f0,2,0,2,generic,no,((a) AND (x) AND (q)) OR ((b) AND (x)) OR ((b) AND (a) AND (q)),x
e8a0,ff00,2,0,2,clock,no,((a) AND (x) AND (q)) OR ((b) AND (x)) OR ((b) AND (a) AND (q)),q
e8a0,ffff,2,0,2,clock,no,((a) AND (x) AND (q)) OR ((b) AND (x)) OR ((b) AND (a) AND (q)),1
e8a8,0000,2,0,2,clock,no,((a) AND (x) AND (q)) OR ((b) AND (x)) OR ((b) AND (a)),0
e8a8,aaaa,2,0,2,generic,no,((a) AND (x) AND (q)) OR ((b) AND (x)) OR ((b) AND (a)),b
e8a8,cccc,2,0,2,generic,no,((a) AND (x) AND (q)) OR ((b) AND (x)) OR ((b) AND (a)),a
e8a8,f0f0,2,0,2,generic,no,((a) AND (x) AND (q)) OR ((b) AND (x)) OR ((b) AND (a)),x
e8a8,ff00,2,0,2,clock,no,((a) AND (x) AND (q)) OR ((b) AND (x)) OR ((b) AND (a)),q
e8a8,ffff,2,0,2,clock,no,((a) AND (x) AND (q)) OR ((b) AND (x)) OR ((b) AND (a)),1
e8c0,0000,2,0,2,clock,no,((a) AND (x)) OR ((b) AND (x) AND (q)) OR ((b) AND (a) AND (q)),0
e8c0,aaaa,2,0,2,generic,no,((a) AND (x)) OR ((b) AND (x) AND (q)) OR ((b) AND (a) AND (q)),b
e8c0,cccc,2,0,2,generic,no,((a) AND (x)) OR ((b) AND (x) AND (q)) OR ((b) AND (a) AND (q)),a
e8c0,f0f0,2,0,2,generic,no,((a) AND (x)) OR ((b) AND (x) AND (q)) OR ((b) AND (a) AND (q)),x
e8c0,ff00,2,0,2,clock,no,((a) AND (x)) OR ((b) AND (x) AND (q)) OR ((b) AND (a) AND (q)),q
e8c0,ffff,2,0,2,clock,no,((a) AND (x)) OR ((b) AND (x) AND (q)) OR ((b) AND (a) AND (q)),1
e8c8,0000,2,0,2,clock,no,((a) AND (x)) OR ((b) AND (x) AND (q)) OR ((b) AND (a)),0
e8c8,aaaa,2,0,2,generic,no,((a) AND (x)) OR ((b) AND (x) AND (q)) OR ((b) AND (a)),b
e8c8,cccc,2,0,2,generic,no,((a) AND (x)) OR ((b) AND (x) AND (q)) OR ((b) AND (a)),a
e8c8,f0f0,2,0,2,generic,no,((a) AND (x)) OR ((b) AND (x) AND (q)) OR ((b) AND (a)),x
e8c8,ff00,2,0,2,clock,no,((a) AND (x)) OR ((b) AND (x) AND (q)) OR ((b) AND (a)),q
e8c8,ffff,2,0,2,clock,no,((a) AND (x)) OR ((b) AND (x) AND (q)) OR ((b) AND (a)),1
e8e0,0000,2,0,2,clock,no,((a) AND (x)) OR ((b) AND (x)) OR ((b) AND (a) AND (q)),0
e8e0,aaaa,2,0,2,generic,no,((a) AND (x)) OR ((b) AND (x)) OR ((b) AND (a) AND (q)),b
e8e0,cccc,2,0,2,generic,no,((a) AND (x)) OR ((b) AND (x)) OR ((b) AND (a) AND (q)),a
e8e0,f0f0,2,0,2,generic,no,((a) AND (x)) OR ((b) AND (x)) OR ((b) AND (a) AND (q)),x
e8e0,ff00,2,0,2,clock,no,((a) AND (x)) OR ((b) AND (x)) OR ((b) AND (a) AND (q)),q
e8e0,ffff,2,0,2,clock,no,((a) AND (x)) OR ((b) AND (x)) OR ((b) AND (a) AND (q)),1
ea00,0000,2,0,2,clock,no,((a) AND (x) AND (q)) OR ((b) AND (q)),0
ea00,aaaa,2,0,2,generic,no,((a) AND (x) AND (q)) OR ((b) AND (q)),b
ea00,cccc,2,0,2,generic,no,((a) AND (x) AND (q)) OR ((b) AND (q)),a
ea00,f0f0,2,0,2,generic,no,((a) AND (x) AND (q)) OR ((b) AND (q)),x
ea00,ff00,2,0,2,clock,no,((a) AND (x) AND (q)) OR ((b) AND (q)),q
ea00,ffff,2,0,2,clock,no,((a) AND (x) AND (q)) OR ((b) AND (q)),1
ea80,0000,2,0,2,clock,no,((a) AND (x) AND (q)) OR ((b) AND (q)) OR ((b) AND (a) AND (x)),0
ea80,aaaa,2,0,2,generic,no,((a) AND (x) AND (q)) OR ((b) AND (q)) OR ((b) AND (a) AND (x)),b
ea80,cccc,2,0,2,generic,no,((a) AND (x) AND (q)) OR ((b) AND (q)) OR ((b) AND (a) AND (x)),a
ea80,f0f0,2,0,2,generic,no,((a) AND (x) AND (q)) OR ((b) AND (q)) OR ((b) AND (a) AND (x)),x
ea80,ff00,2,0,2,clock,no,((a) AND (x) AND (q)) OR ((b) AND (q)) OR ((b) AND (a) AND (x)),q
ea80,ffff,2,0,2,clock,no,((a) AND (x) AND (q)) OR ((b) AND (q)) OR ((b) AND (a) AND (x)),1
ea88,0000,2,0,2,clock,no,((a) AND (x) AND (q)) OR ((b) AND (q)) OR ((b) AND (a)),0
ea88,aaaa,2,0,2,generic,no,((a) AND (x) AND (q)) OR ((b) AND (q)) OR ((b) AND (a)),b
ea88,cccc,2,0,2,generic,no,((a) AND (x) AND (q)) OR ((b) AND (q)) OR ((b) AND (a)),a
ea88,f0f0,2,0,2,generic,no,((a) AND (x) AND (q)) OR ((b) AND (q)) OR ((b) AND (a)),x
ea88,ff00,2,0,2,clock,no,((a) AND (x) AND (q)) OR ((b) AND (q)) OR ((b) AND (a)),q
ea88,ffff,2,0,2,clock,no,((a) AND (x) AND (q)) OR ((b) AND (q)) OR ((b) AND (a)),1
eaa0,0000,2,0,2,clock,no,((a) AND (x) AND (q)) OR ((b) AND (q)) OR ((b) AND (x)),0
eaa0,aaaa,2,0,2,generic,no,((a) AND (x) AND (q)) OR ((b) AND (q)) OR ((b) AND (x)),b
eaa0,cccc,2,0,2,generic,no,((a) AND (x) AND (q)) OR ((b) AND (q)) OR ((b) AND (x)),a
eaa0,f0f0,2,0,2,generic,no,((a) AND (x) AND (q)) OR ((b) AND (q)) OR ((b) AND (x)),x
eaa0,ff00,2,0,2,clock,no,((a) AND (x) AND (q)) OR ((b) AND (q)) OR ((b) AND (x)),q
eaa0,ffff,2,0,2,clock,no,((a) AND (x) AND (q)) OR ((b) AND (q)) OR ((b) AND (x)),1
eaaa,0000,2,0,2,clock,no,((a) AND (x) AND (q)) OR (b),0
eaaa,aaaa,2,0,2,generic,no,((a) AND (x) AND (q)) OR (b),b
eaaa,cccc,2,0,2,generic,no,((a) AND (x) AND (q)) OR (b),a
eaaa,f0f0,2,0,2,generic,no,((a) AND (x) AND (q)) OR (b),x
eaaa,ff00,2,0,2,clock,no,((a) AND (x) AND (q)) OR (b),q
eaaa,ffff,2,0,2,clock,no,((a) AND (x) AND (q)) OR (b),1
eac0,0000,2,0,2,clock,no,((a) AND (x)) OR ((b) AND (q)),0
eac0,aaaa,2,0,2,generic,no,((a) AND (x)) OR ((b) AND (q)),b
eac0,cccc,2,0,2,generic,no,((a) AND (x)) OR ((b) AND (q)),a
eac0,f0f0,2,0,2,generic,no,((a) AND (x)) OR ((b) AND (q)),x
eac0,ff00,2,0,2,clock,no,((a) AND (x)) OR ((b) AND (q)),q
eac0,ffff,2,0,2,clock,no,((a) AND (x)) OR ((b) AND (q)),1
eac8,0000,2,0,2,clock,no,((a) AND (x)) OR ((b) AND (q)) OR ((b) AND (a)),0
eac8,aaaa,2,0,2,generic,no,((a) AND (x)) OR ((b) AND (q)) OR ((b) AND (a)),b
eac8,cccc,2,0,2,generic,no,((a) AND (x)) OR ((b) AND (q)) OR ((b) AND (a)),a
eac8,f0f0,2,0,2,generic,no,((a) AND (x)) OR ((b) AND (q)) OR ((b) AND (a)),x
eac8,ff00,2,0,2,clock,no,((a) AND (x)) OR ((b) AND (q)) OR ((b) AND (a)),q
eac8,ffff,2,0,2,clock,no,((a) AND (x)) OR ((b) AND (q)) OR ((b) AND (a)),1
eae0,0000,2,0,2,clock,no,((a) AND (x)) OR ((b) AND (q)) OR ((b) AND (x)),0
eae0,aaaa,2,0,2,generic,no,((a) AND (x)) OR ((b) AND (q)) OR ((b) AND (x)),b
eae0,cccc,2,0,2,generic,no,((a) AND (x)) OR ((b) AND (q)) OR ((b) AND (x)),a
eae0,f0f0,2,0,2,generic,no,((a) AND (x)) OR ((b) AND (q)) OR ((b) AND (x)),x
eae0,ff00,2,0,2,clock,no,((a) AND (x)) OR ((b) AND (q)) OR ((b) AND (x)),q
eae0,ffff,2,0,2,clock,no,((a) AND (x)) OR ((b) AND (q)) OR ((b) AND (x)),1
eaff,0000,2,0,2,clock,no,((a) AND (x)) OR (b) OR (~q),0
eaff,aaaa,2,0,2,generic,no,((a) AND (x)) OR (b) OR (~q),b
eaff,cccc,2,0,2,generic,no,((a) AND (x)) OR (b) OR (~q),a
eaff,f0f0,2,0,2,generic,no,((a) AND (x)) OR (b) OR (~q),x
eaff,ff00,2,0,2,clock,no,((a) AND (x)) OR (b) OR (~q),q
eaff,ffff,2,0,2,clock,no,((a) AND (x)) OR (b) OR (~q),1
ec00,0000,2,0,2,clock,no,((a) AND (q)) OR ((b) AND (x) AND (q)),0
ec00,aaaa,2,0,2,generic,no,((a) AND (q)) OR ((b) AND (x) AND (q)),b
ec00,cccc,2,0,2,generic,no,((a) AND (q)) OR ((b) AND (x) AND (q)),a
ec00,f0f0,2,0,2,generic,no,((a) AND (q)) OR ((b) AND (x) AND (q)),x
ec00,ff00,2,0,2,clock,no,((a) AND (q)) OR ((b) AND (x) AND (q)),q
ec00,ffff,2,0,2,clock,no,((a) AND (q)) OR ((b) AND (x) AND (q)),1
ec80,0000,2,0,2,clock,no,((a) AND (q)) OR ((b) AND (x) AND (q)) OR ((b) AND (a) AND (x)),0
ec80,aaaa,2,0,2,generic,no,((a) AND (q)) OR ((b) AND (x) AND (q)) OR ((b) AND (a) AND (x)),b
ec80,cccc,2,0,2,generic,no,((a) AND (q)) OR ((b) AND (x) AND (q)) OR ((b) AND (a) AND (x)),a
ec80,f0f0,2,0,2,generic,no,((a) AND (q)) OR ((b) AND (x) AND (q)) OR ((b) AND (a) AND (x)),x
ec80,ff00,2,0,2,clock,no,((a) AND (q)) OR ((b) AND (x) AND (q)) OR ((b) AND (a) AND (x)),q
ec80,ffff,2,0,2,clock,no,((a) AND (q)) OR ((b) AND (x) AND (q)) OR ((b) AND (a) AND (x)),1
ec88,0000,2,0,2,clock,no,((a) AND (q)) OR ((b) AND (x) AND (q)) OR ((b) AND (a)),0
ec88,aaaa,2,0,2,generic,no,((a) AND (q)) OR ((b) AND (x) AND (q)) OR ((b) AND (a)),b
ec88,cccc,2,0,2,generic,no,((a) AND (q)) OR ((b) AND (x) AND (q)) OR ((b) AND (a)),a
ec88,f0f0,2,0,2,generic,no,((a) AND (q)) OR ((b) AND (x) AND (q)) OR ((b) AND (a)),x
ec88,ff00,2,0,2,clock,no,((a) AND (q)) OR ((b) AND (x) AND (q)) OR ((b) AND (a)),q
ec88,ffff,2,0,2,clock,no,((a) AND (q)) OR ((b) AND (x) AND (q)) OR ((b) AND (a)),1
eca0,0000,2,0,2,clock,no,((a) AND (q)) OR ((b) AND (x)),0
eca0,aaaa,2,0,2,generic,no,((a) AND (q)) OR ((b) AND (x)),b
eca0,cccc,2,0,2,generic,no,((a) AND (q)) OR ((b) AND (x)),a
eca0,f0f0,2,0,2,generic,no,((a) AND (q)) OR ((b) AND (x)),x
eca0,ff00,2,0,2,clock,no,((a) AND (q)) OR ((b) AND (x)),q
eca0,ffff,2,0,2,clock,no,((a) AND (q)) OR ((b) AND (x)),1
eca8,0000,2,0,2,clock,no,((a) AND (q)) OR ((b) AND (x)) OR ((b) AND (a)),0
eca8,aaaa,2,0,2,generic,no,((a) AND (q)) OR ((b) AND (x)) OR ((b) AND (a)),b
eca8,cccc,2,0,2,generic,no,((a) AND (q)) OR ((b) AND (x)) OR ((b) AND (a)),a
eca8,f0f0,2,0,2,generic,no,((a) AND (q)) OR ((b) AND (x)) OR ((b) AND (a)),x
eca8,ff00,2,0,2,clock,no,((a) AND (q)) OR ((b) AND (x)) OR ((b) AND (a)),q
eca8,ffff,2,0,2,clock,no,((a) AND (q)) OR ((b) AND (x)) OR ((b) AND (a)),1
ecc0,0000,2,0,2,clock,no,((a) AND (q)) OR ((a) AND (x)) OR ((b) AND (x) AND (q)),0
ecc0,aaaa,2,0,2,generic,no,((a) AND (q)) OR ((a) AND (x)) OR ((b) AND (x) AND (q)),b
ecc0,cccc,2,0,2,generic,no,((a) AND (q)) OR ((a) AND (x)) OR ((b) AND (x) AND (q)),a
ecc0,f0f0,2,0,2,generic,no,((a) AND (q)) OR ((a) AND (x)) OR ((b) AND (x) AND (q)),x
ecc0,ff00,2,0,2,clock,no,((a) AND (q)) OR ((a) AND (x)) OR ((b) AND (x) AND (q)),q
ecc0,ffff,2,0,2,clock,no,((a) AND (q)) OR ((a) AND (x)) OR ((b) AND (x) AND (q)),1
eccc,0000,2,0,2,clock,no,(a) OR ((b) AND (x) AND (q)),0
eccc,aaaa,2,0,2,generic,no,(a) OR ((b) AND (x) AND (q)),b
eccc,cccc,2,0,2,generic,no,(a) OR ((b) AND (x) AND (q)),a
eccc,f0f0,2,0,2,generic,no,(a) OR ((b) AND (x) AND (q)),x
eccc,ff00,2,0,2,clock,no,(a) OR ((b) AND (x) AND (q)),q
eccc,ffff,2,0,2,clock,no,(a) OR ((b) AND (x) AND (q)),1
ece0,0000,2,0,2,clock,no,((a) AND (q)) OR ((a) AND (x)) OR ((b) AND (x)),0
ece0,aaaa,2,0,2,generic,no,((a) AND (q)) OR ((a) AND (x)) OR ((b) AND (x)),b
ece0,cccc,2,0,2,generic,no,((a) AND (q)) OR ((a) AND (x)) OR ((b) AND (x)),a
ece0,f0f0,2,0,2,generic,no,((a) AND (q)) OR ((a) AND (x)) OR ((b) AND (x)),x
ece0,ff00,2,0,2,clock,no,((a) AND (q)) OR ((a) AND (x)) OR ((b) AND (x)),q
ece0,ffff,2,0,2,clock,no,((a) AND (q)) OR ((a) AND (x)) OR ((b) AND (x)),1
ecff,0000,2,0,2,clock,no,(a) OR ((b) AND (x)) OR (~q),0
ecff,aaaa,2,0,2,generic,no,(a) OR ((b) AND (x)) OR (~q),b
ecff,cccc,2,0,2,generic,no,(a) OR ((b) AND (x)) OR (~q),a
ecff,f0f0,2,0,2,generic,no,(a) OR ((b) AND (x)) OR (~q),x
ecff,ff00,2,0,2,clock,no,(a) OR ((b) AND (x)) OR (~q),q
ecff,ffff,2,0,2,clock,no,(a) OR ((b) AND (x)) OR (~q),1
ee00,0000,2,0,2,clock,no,((a) AND (q)) OR ((b) AND (q)),0
ee00,aaaa,2,0,2,generic,no,((a) AND (q)) OR ((b) AND (q)),b
ee00,cccc,2,0,2,generic,no,((a) AND (q)) OR ((b) AND (q)),a
ee00,f0f0,2,0,2,generic,no,((a) AND (q)) OR ((b) AND (q)),x
ee00,ff00,2,0,2,clock,no,((a) AND (q)) OR ((b) AND (q)),q
ee00,ffff,2,0,2,clock,no,((a) AND (q)) OR ((b) AND (q)),1
ee80,0000,2,0,2,clock,no,((a) AND (q)) OR ((b) AND (q)) OR ((b) AND (a) AND (x)),0
ee80,aaaa,2,0,2,generic,no,((a) AND (q)) OR ((b) AND (q)) OR ((b) AND (a) AND (x)),b
ee80,cccc,2,0,2,generic,no,((a) AND (q)) OR ((b) AND (q)) OR ((b) AND (a) AND (x)),a
ee80,f0f0,2,0,2,generic,no,((a) AND (q)) OR ((b) AND (q)) OR ((b) AND (a) AND (x)),x
ee80,ff00,2,0,2,clock,no,((a) AND (q)) OR ((b) AND (q)) OR ((b) AND (a) AND (x)),q
ee80,ffff,2,0,2,clock,no,((a) AND (q)) OR ((b) AND (q)) OR ((b) AND (a) AND (x)),1
ee88,0000,2,0,2,clock,no,((a) AND (q)) OR ((b) AND (q)) OR ((b) AND (a)),0
ee88,aaaa,2,0,2,generic,no,((a) AND (q)) OR ((b) AND (q)) OR ((b) AND (a)),b
ee88,cccc,2,0,2,generic,no,((a) AND (q)) OR ((b) AND (q)) OR ((b) AND (a)),a
ee88,f0f0,2,0,2,generic,no,((a) AND (q)) OR ((b) AND (q)) OR ((b) AND (a)),x
ee88,ff00,2,0,2,clock,no,((a) AND (q)) OR ((b) AND (q)) OR ((b) AND (a)),q
ee88,ffff,2,0,2,clock,no,((a) AND (q)) OR ((b) AND (q)) OR ((b) AND (a)),1
eea0,0000,2,0,2,clock,no,((a) AND (q)) OR ((b) AND (q)) OR ((b) AND (x)),0
eea0,aaaa,2,0,2,generic,no,((a) AND (q)) OR ((b) AND (q)) OR ((b) AND (x)),b
eea0,cccc,2,0,2,generic,no,((a) AND (q)) OR ((b) AND (q)) OR ((b) AND (x)),a
eea0,f0f0,2,0,2,generic,no,((a) AND (q)) OR ((b) AND (q)) OR ((b) AND (x)),x
eea0,ff00,2,0,2,clock,no,((a) AND (q)) OR ((b) AND (q)) OR ((b) AND (x)),q
eea0,ffff,2,0,2,clock,no,((a) AND (q)) OR ((b) AND (q)) OR ((b) AND (x)),1
eeaa,0000,2,0,2,clock,no,((a) AND (q)) OR (b),0
eeaa,aaaa,2,0,2,generic,no,((a) AND (q)) OR (b),b
eeaa,cccc,2,0,2,generic,no,((a) AND (q)) OR (b),a
eeaa,f0f0,2,0,2,generic,no,((a) AND (q)) OR (b),x
eeaa,ff00,2,0,2,clock,no,((a) AND (q)) OR (b),q
eeaa,ffff,2,0,2,clock,no,((a) AND (q)) OR (b),1
eec0,0000,2,0,2,clock,no,((a) AND (q)) OR ((a) AND (x)) OR ((b) AND (q)),0
eec0,aaaa,2,0,2,generic,no,((a) AND (q)) OR ((a) AND (x)) OR ((b) AND (q)),b
eec0,cccc,2,0,2,generic,no,((a) AND (q)) OR ((a) AND (x)) OR ((b) AND (q)),a
eec0,f0f0,2,0,2,generic,no,((a) AND (q)) OR ((a) AND (x)) OR ((b) AND (q)),x
eec0,ff00,2,0,2,clock,no,((a) AND (q)) OR ((a) AND (x)) OR ((b) AND (q)),q
eec0,ffff,2,0,2,clock,no,((a) AND (q)) OR ((a) AND (x)) OR ((b) AND (q)),1
eecc,0000,2,0,2,clock,no,(a) OR ((b) AND (q)),0
eecc,aaaa,2,0,2,generic,no,(a) OR ((b) AND (q)),b
eecc,cccc,2,0,2,generic,no,(a) OR ((b) AND (q)),a
eecc,f0f0,2,0,2,generic,no,(a) OR ((b) AND (q)),x
eecc,ff00,2,0,2,clock,no,(a) OR ((b) AND (q)),q
eecc,ffff,2,0,2,clock,no,(a) OR ((b) AND (q)),1
eeea,0000,2,0,2,clock,no,((a) AND (q)) OR ((a) AND (x)) OR (b),0
eeea,aaaa,2,0,2,generic,no,((a) AND (q)) OR ((a) AND (x)) OR (b),b
eeea,cccc,2,0,2,generic,no,((a) AND (q)) OR ((a) AND (x)) OR (b),a
eeea,f0f0,2,0,2,generic,no,((a) AND (q)) OR ((a) AND (x)) OR (b),x
eeea,ff00,2,0,2,clock,no,((a) AND (q)) OR ((a) AND (x)) OR (b),q
eeea,ffff,2,0,2,clock,no,((a) AND (q)) OR ((a) AND (x)) OR (b),1
eeec,0000,2,0,2,clock,no,(a) OR ((b) AND (q)) OR ((b) AND (x)),0
eeec,aaaa,2,0,2,generic,no,(a) OR ((b) AND (q)) OR ((b) AND (x)),b
eeec,cccc,2,0,2,generic,no,(a) OR ((b) AND (q)) OR ((b) AND (x)),a
eeec,f0f0,2,0,2,generic,no,(a) OR ((b) AND (q)) OR ((b) AND (x)),x
eeec,ff00,2,0,2,clock,no,(a) OR ((b) AND (q)) OR ((b) AND (x)),q
eeec,ffff,2,0,2,clock,no,(a) OR ((b) AND (q)) OR ((b) AND (x)),1
eeff,0000,2,0,2,clock,no,(a) OR (b) OR (~q),0
eeff,aaaa,2,0,2,generic,no,(a) OR (b) OR (~q),b
eeff,cccc,2,0,2,generic,no,(a) OR (b) OR (~q),a
eeff,f0f0,2,0,2,generic,no,(a) OR (b) OR (~q),x
eeff,ff00,2,0,2,clock,no,(a) OR (b) OR (~q),q
eeff,ffff,2,0,2,clock,no,(a) OR (b) OR (~q),1
ef0f,0000,2,0,2,clock,no,((a) AND (q)) OR ((b) AND (q)) OR (~x),0
ef0f,aaaa,2,0,2,generic,no,((a) AND (q)) OR ((b) AND (q)) OR (~x),b
ef0f,cccc,2,0,2,generic,no,((a) AND (q)) OR ((b) AND (q)) OR (~x),a
ef0f,f0f0,2,0,2,generic,no,((a) AND (q)) OR ((b) AND (q)) OR (~x),x
ef0f,ff00,2,0,2,clock,no,((a) AND (q)) OR ((b) AND (q)) OR (~x),q
ef0f,ffff,2,0,2,clock,no,((a) AND (q)) OR ((b) AND (q)) OR (~x),1
efaf,0000,2,0,2,clock,no,((a) AND (q)) OR (b) OR (~x),0
efaf,aaaa,2,0,2,generic,no,((a) AND (q)) OR (b) OR (~x),b
efaf,cccc,2,0,2,generic,no,((a) AND (q)) OR (b) OR (~x),a
efaf,f0f0,2,0,2,generic,no,((a) AND (q)) OR (b) OR (~x),x
efaf,ff00,2,0,2,clock,no,((a) AND (q)) OR (b) OR (~x),q
efaf,ffff,2,0,2,clock,no,((a) AND (q)) OR (b) OR (~x),1
efcf,0000,2,0,2,clock,no,(a) OR ((b) AND (q)) OR (~x),0
efcf,aaaa,2,0,2,generic,no,(a) OR ((b) AND (q)) OR (~x),b
efcf,cccc,2,0,2,generic,no,(a) OR ((b) AND (q)) OR (~x),a
efcf,f0f0,2,0,2,generic,no,(a) OR ((b) AND (q)) OR (~x),x
efcf,ff00,2,0,2,clock,no,(a) OR ((b) AND (q)) OR (~x),q
efcf,ffff,2,0,2,clock,no,(a) OR ((b) AND (q)) OR (~x),1
f000,0000,2,0,2,clock,no,q AND x,0
f000,aaaa,2,0,2,generic,no,q AND x,b
f000,cccc,2,0,2,generic,no,q AND x,a
f000,ff00,2,0,2,clock,no,q AND x,q
f000,ffff,2,0,2,clock,no,q AND x,1
f080,0000,2,0,2,clock,no,((x) AND (q)) OR ((b) AND (a) AND (x)),0
f080,aaaa,2,0,2,generic,no,((x) AND (q)) OR ((b) AND (a) AND (x)),b
f080,cccc,2,0,2,generic,no,((x) AND (q)) OR ((b) AND (a) AND (x)),a
f080,f0f0,2,0,2,generic,no,((x) AND (q)) OR ((b) AND (a) AND (x)),x
f080,ff00,2,0,2,clock,no,((x) AND (q)) OR ((b) AND (a) AND (x)),q
f080,ffff,2,0,2,clock,no,((x) AND (q)) OR ((b) AND (a) AND (x)),1
f0a0,0000,2,0,2,clock,no,((x) AND (q)) OR ((b) AND (x)),0
f0a0,aaaa,2,0,2,generic,no,((x) AND (q)) OR ((b) AND (x)),b
f0a0,cccc,2,0,2,generic,no,((x) AND (q)) OR ((b) AND (x)),a
f0a0,f0f0,2,0,2,generic,no,((x) AND (q)) OR ((b) AND (x)),x
f0a0,ff00,2,0,2,clock,no,((x) AND (q)) OR ((b) AND (x)),q
f0a0,ffff,2,0,2,clock,no,((x) AND (q)) OR ((b) AND (x)),1
f0c0,0000,2,0,2,clock,no,((x) AND (q)) OR ((a) AND (x)),0
f0c0,aaaa,2,0,2,generic,no,((x) AND (q)) OR ((a) AND (x)),b
f0c0,cccc,2,0,2,generic,no,((x) AND (q)) OR ((a) AND (x)),a
f0c0,f0f0,2,0,2,generic,no,((x) AND (q)) OR ((a) AND (x)),x
f0c0,ff00,2,0,2,clock,no,((x) AND (q)) OR ((a) AND (x)),q
f0c0,ffff,2,0,2,clock,no,((x) AND (q)) OR ((a) AND (x)),1
f0e0,0000,2,0,2,clock,no,((x) AND (q)) OR ((a) AND (x)) OR ((b) AND (x)),0
f0e0,aaaa,2,0,2,generic,no,((x) AND (q)) OR ((a) AND (x)) OR ((b) AND (x)),b
f0e0,cccc,2,0,2,generic,no,((x) AND (q)) OR ((a) AND (x)) OR ((b) AND (x)),a
f0e0,f0f0,2,0,2,generic,no,((x) AND (q)) OR ((a) AND (x)) OR ((b) AND (x)),x
f0e0,ff00,2,0,2,clock,no,((x) AND (q)) OR ((a) AND (x)) OR ((b) AND (x)),q
f0e0,ffff,2,0,2,clock,no,((x) AND (q)) OR ((a) AND (x)) OR ((b) AND (x)),1
f0ff,0000,2,0,2,clock,no,"NAND(q,~x)",0
f0ff,aaaa,2,0,2,generic,no,"NAND(q,~x)",b
f0ff,cccc,2,0,2,generic,no,"NAND(q,~x)",a
f0ff,f0f0,2,0,2,generic,no,"NAND(q,~x)",x
f0ff,ff00,2,0,2,clock,no,"NAND(q,~x)",q
f0ff,ffff,2,0,2,clock,no,"NAND(q,~x)",1
f333,0000,2,0,2,clock,no,((x) AND (q)) OR (~a),0
f333,aaaa,2,0,2,generic,no,((x) AND (q)) OR (~a),b
f333,cccc,2,0,2,generic,no,((x) AND (q)) OR (~a),a
f333,f0f0,2,0,2,generic,no,((x) AND (q)) OR (~a),x
f333,ff00,2,0,2,clock,no,((x) AND (q)) OR (~a),q
f333,ffff,2,0,2,clock,no,((x) AND (q)) OR (~a),1
f3b3,0000,2,0,2,clock,no,((x) AND (q)) OR ((b) AND (x)) OR (~a),0
f3b3,aaaa,2,0,2,generic,no,((x) AND (q)) OR ((b) AND (x)) OR (~a),b
f3b3,cccc,2,0,2,generic,no,((x) AND (q)) OR ((b) AND (x)) OR (~a),a
f3b3,f0f0,2,0,2,generic,no,((x) AND (q)) OR ((b) AND (x)) OR (~a),x
f3b3,ff00,2,0,2,clock,no,((x) AND (q)) OR ((b) AND (x)) OR (~a),q
f3b3,ffff,2,0,2,clock,no,((x) AND (q)) OR ((b) AND (x)) OR (~a),1
f3ff,0000,2,0,2,clock,no,(x) OR (~a) OR (~q),0
f3ff,aaaa,2,0,2,generic,no,(x) OR (~a) OR (~q),b
f3ff,cccc,2,0,2,generic,no,(x) OR (~a) OR (~q),a
f3ff,f0f0,2,0,2,generic,no,(x) OR (~a) OR (~q),x
f3ff,ff00,2,0,2,clock,no,(x) OR (~a) OR (~q),q
f3ff,ffff,2,0,2,clock,no,(x) OR (~a) OR (~q),1
f555,0000,2,0,2,clock,no,((x) AND (q)) OR (~b),0
f555,aaaa,2,0,2,generic,no,((x) AND (q)) OR (~b),b
f555,cccc,2,0,2,generic,no,((x) AND (q)) OR (~b),a
f555,f0f0,2,0,2,generic,no,((x) AND (q)) OR (~b),x
f555,ff00,2,0,2,clock,no,((x) AND (q)) OR (~b),q
f555,ffff,2,0,2,clock,no,((x) AND (q)) OR (~b),1
f5d5,0000,2,0,2,clock,no,((x) AND (q)) OR ((a) AND (x)) OR (~b),0
f5d5,aaaa,2,0,2,generic,no,((x) AND (q)) OR ((a) AND (x)) OR (~b),b
f5d5,cccc,2,0,2,generic,no,((x) AND (q)) OR ((a) AND (x)) OR (~b),a
f5d5,f0f0,2,0,2,generic,no,((x) AND (q)) OR ((a) AND (x)) OR (~b),x
f5d5,ff00,2,0,2,clock,no,((x) AND (q)) OR ((a) AND (x)) OR (~b),q
f5d5,ffff,2,0,2,clock,no,((x) AND (q)) OR ((a) AND (x)) OR (~b),1
f5ff,0000,2,0,2,clock,no,(x) OR (~b) OR (~q),0
f5ff,aaaa,2,0,2,generic,no,(x) OR (~b) OR (~q),b
f5ff,cccc,2,0,2,generic,no,(x) OR (~b) OR (~q),a
f5ff,f0f0,2,0,2,generic,no,(x) OR (~b) OR (~q),x
f5ff,ff00,2,0,2,clock,no,(x) OR (~b) OR (~q),q
f5ff,ffff,2,0,2,clock,no,(x) OR (~b) OR (~q),1
f777,0000,2,0,2,clock,no,((x) AND (q)) OR (~b) OR (~a),0
f777,aaaa,2,0,2,generic,no,((x) AND (q)) OR (~b) OR (~a),b
f777,cccc,2,0,2,generic,no,((x) AND (q)) OR (~b) OR (~a),a
f777,f0f0,2,0,2,generic,no,((x) AND (q)) OR (~b) OR (~a),x
f777,ff00,2,0,2,clock,no,((x) AND (q)) OR (~b) OR (~a),q
f777,ffff,2,0,2,clock,no,((x) AND (q)) OR (~b) OR (~a),1
f800,0000,2,0,2,clock,no,((x) AND (q)) OR ((b) AND (a) AND (q)),0
f800,aaaa,2,0,2,generic,no,((x) AND (q)) OR ((b) AND (a) AND (q)),b
f800,cccc,2,0,2,generic,no,((x) AND (q)) OR ((b) AND (a) AND (q)),a
f800,f0f0,2,0,2,generic,no,((x) AND (q)) OR ((b) AND (a) AND (q)),x
f800,ff00,2,0,2,clock,no,((x) AND (q)) OR ((b) AND (a) AND (q)),q
f800,ffff,2,0,2,clock,no,((x) AND (q)) OR ((b) AND (a) AND (q)),1
f880,0000,2,0,2,clock,no,((x) AND (q)) OR ((b) AND (a) AND (q)) OR ((b) AND (a) AND (x)),0
f880,aaaa,2,0,2,generic,no,((x) AND (q)) OR ((b) AND (a) AND (q)) OR ((b) AND (a) AND (x)),b
f880,cccc,2,0,2,generic,no,((x) AND (q)) OR ((b) AND (a) AND (q)) OR ((b) AND (a) AND (x)),a
f880,f0f0,2,0,2,generic,no,((x) AND (q)) OR ((b) AND (a) AND (q)) OR ((b) AND (a) AND (x)),x
f880,ff00,2,0,2,clock,no,((x) AND (q)) OR ((b) AND (a) AND (q)) OR ((b) AND (a) AND (x)),q
f880,ffff,2,0,2,clock,no,((x) AND (q)) OR ((b) AND (a) AND (q)) OR ((b) AND (a) AND (x)),1
f888,0000,2,0,2,clock,no,((x) AND (q)) OR ((b) AND (a)),0
f888,aaaa,2,0,2,generic,no,((x) AND (q)) OR ((b) AND (a)),b
f888,cccc,2,0,2,generic,no,((x) AND (q)) OR ((b) AND (a)),a
f888,f0f0,2,0,2,generic,no,((x) AND (q)) OR ((b) AND (a)),x
f888,ff00,2,0,2,clock,no,((x) AND (q)) OR ((b) AND (a)),q
f888,ffff,2,0,2,clock,no,((x) AND (q)) OR ((b) AND (a)),1
f8a0,0000,2,0,2,clock,no,((x) AND (q)) OR ((b) AND (x)) OR ((b) AND (a) AND (q)),0
f8a0,aaaa,2,0,2,generic,no,((x) AND (q)) OR ((b) AND (x)) OR ((b) AND (a) AND (q)),b
f8a0,cccc,2,0,2,generic,no,((x) AND (q)) OR ((b) AND (x)) OR ((b) AND (a) AND (q)),a
f8a0,f0f0,2,0,2,generic,no,((x) AND (q)) OR ((b) AND (x)) OR ((b) AND (a) AND (q)),x
f8a0,ff00,2,0,2,clock,no,((x) AND (q)) OR ((b) AND (x)) OR ((b) AND (a) AND (q)),q
f8a0,ffff,2,0,2,clock,no,((x) AND (q)) OR ((b) AND (x)) OR ((b) AND (a) AND (q)),1
f8a8,0000,2,0,2,clock,no,((x) AND (q)) OR ((b) AND (x)) OR ((b) AND (a)),0
f8a8,aaaa,2,0,2,generic,no,((x) AND (q)) OR ((b) AND (x)) OR ((b) AND (a)),b
f8a8,cccc,2,0,2,generic,no,((x) AND (q)) OR ((b) AND (x)) OR ((b) AND (a)),a
f8a8,f0f0,2,0,2,generic,no,((x) AND (q)) OR ((b) AND (x)) OR ((b) AND (a)),x
f8a8,ff00,2,0,2,clock,no,((x) AND (q)) OR ((b) AND (x)) OR ((b) AND (a)),q
f8a8,ffff,2,0,2,clock,no,((x) AND (q)) OR ((b) AND (x)) OR ((b) AND (a)),1
f8c0,0000,2,0,2,clock,no,((x) AND (q)) OR ((a) AND (x)) OR ((b) AND (a) AND (q)),0
f8c0,aaaa,2,0,2,generic,no,((x) AND (q)) OR ((a) AND (x)) OR ((b) AND (a) AND (q)),b
f8c0,cccc,2,0,2,generic,no,((x) AND (q)) OR ((a) AND (x)) OR ((b) AND (a) AND (q)),a
f8c0,f0f0,2,0,2,generic,no,((x) AND (q)) OR ((a) AND (x)) OR ((b) AND (a) AND (q)),x
f8c0,ff00,2,0,2,clock,no,((x) AND (q)) OR ((a) AND (x)) OR ((b) AND (a) AND (q)),q
f8c0,ffff,2,0,2,clock,no,((x) AND (q)) OR ((a) AND (x)) OR ((b) AND (a) AND (q)),1
f8c8,0000,2,0,2,clock,no,((x) AND (q)) OR ((a) AND (x)) OR ((b) AND (a)),0
f8c8,aaaa,2,0,2,generic,no,((x) AND (q)) OR ((a) AND (x)) OR ((b) AND (a)),b
f8c8,cccc,2,0,2,generic,no,((x) AND (q)) OR ((a) AND (x)) OR ((b) AND (a)),a
f8c8,f0f0,2,0,2,generic,no,((x) AND (q)) OR ((a) AND (x)) OR ((b) AND (a)),x
f8c8,ff00,2,0,2,clock,no,((x) AND (q)) OR ((a) AND (x)) OR ((b) AND (a)),q
f8c8,ffff,2,0,2,clock,no,((x) AND (q)) OR ((a) AND (x)) OR ((b) AND (a)),1
f8f0,0000,2,0,2,clock,no,(x) OR ((b) AND (a) AND (q)),0
f8f0,aaaa,2,0,2,generic,no,(x) OR ((b) AND (a) AND (q)),b
f8f0,cccc,2,0,2,generic,no,(x) OR ((b) AND (a) AND (q)),a
f8f0,f0f0,2,0,2,generic,no,(x) OR ((b) AND (a) AND (q)),x
f8f0,ff00,2,0,2,clock,no,(x) OR ((b) AND (a) AND (q)),q
f8f0,ffff,2,0,2,clock,no,(x) OR ((b) AND (a) AND (q)),1
f8ff,0000,2,0,2,clock,no,(x) OR ((b) AND (a)) OR (~q),0
f8ff,aaaa,2,0,2,generic,no,(x) OR ((b) AND (a)) OR (~q),b
f8ff,cccc,2,0,2,generic,no,(x) OR ((b) AND (a)) OR (~q),a
f8ff,f0f0,2,0,2,generic,no,(x) OR ((b) AND (a)) OR (~q),x
f8ff,ff00,2,0,2,clock,no,(x) OR ((b) AND (a)) OR (~q),q
f8ff,ffff,2,0,2,clock,no,(x) OR ((b) AND (a)) OR (~q),1
fa00,0000,2,0,2,clock,no,((x) AND (q)) OR ((b) AND (q)),0
fa00,aaaa,2,0,2,generic,no,((x) AND (q)) OR ((b) AND (q)),b
fa00,cccc,2,0,2,generic,no,((x) AND (q)) OR ((b) AND (q)),a
fa00,f0f0,2,0,2,generic,no,((x) AND (q)) OR ((b) AND (q)),x
fa00,ff00,2,0,2,clock,no,((x) AND (q)) OR ((b) AND (q)),q
fa00,ffff,2,0,2,clock,no,((x) AND (q)) OR ((b) AND (q)),1
fa80,0000,2,0,2,clock,no,((x) AND (q)) OR ((b) AND (q)) OR ((b) AND (a) AND (x)),0
fa80,aaaa,2,0,2,generic,no,((x) AND (q)) OR ((b) AND (q)) OR ((b) AND (a) AND (x)),b
fa80,cccc,2,0,2,generic,no,((x) AND (q)) OR ((b) AND (q)) OR ((b) AND (a) AND (x)),a
fa80,f0f0,2,0,2,generic,no,((x) AND (q)) OR ((b) AND (q)) OR ((b) AND (a) AND (x)),x
fa80,ff00,2,0,2,clock,no,((x) AND (q)) OR ((b) AND (q)) OR ((b) AND (a) AND (x)),q
fa80,ffff,2,0,2,clock,no,((x) AND (q)) OR ((b) AND (q)) OR ((b) AND (a) AND (x)),1
fa88,0000,2,0,2,clock,no,((x) AND (q)) OR ((b) AND (q)) OR ((b) AND (a)),0
fa88,aaaa,2,0,2,generic,no,((x) AND (q)) OR ((b) AND (q)) OR ((b) AND (a)),b
fa88,cccc,2,0,2,generic,no,((x) AND (q)) OR ((b) AND (q)) OR ((b) AND (a)),a
fa88,f0f0,2,0,2,generic,no,((x) AND (q)) OR ((b) AND (q)) OR ((b) AND (a)),x
fa88,ff00,2,0,2,clock,no,((x) AND (q)) OR ((b) AND (q)) OR ((b) AND (a)),q
fa88,ffff,2,0,2,clock,no,((x) AND (q)) OR ((b) AND (q)) OR ((b) AND (a)),1
faa0,0000,2,0,2,clock,no,((x) AND (q)) OR ((b) AND (q)) OR ((b) AND (x)),0
faa0,aaaa,2,0,2,generic,no,((x) AND (q)) OR ((b) AND (q)) OR ((b) AND (x)),b
faa0,cccc,2,0,2,generic,no,((x) AND (q)) OR ((b) AND (q)) OR ((b) AND (x)),a
faa0,f0f0,2,0,2,generic,no,((x) AND (q)) OR ((b) AND (q)) OR ((b) AND (x)),x
faa0,ff00,2,0,2,clock,no,((x) AND (q)) OR ((b) AND (q)) OR ((b) AND (x)),q
faa0,ffff,2,0,2,clock,no,((x) AND (q)) OR ((b) AND (q)) OR ((b) AND (x)),1
faaa,0000,2,0,2,clock,no,((x) AND (q)) OR (b),0
faaa,aaaa,2,0,2,generic,no,((x) AND (q)) OR (b),b
faaa,cccc,2,0,2,generic,no,((x) AND (q)) OR (b),a
faaa,f0f0,2,0,2,generic,no,((x) AND (q)) OR (b),x
faaa,ff00,2,0,2,clock,no,((x) AND (q)) OR (b),q
faaa,ffff,2,0,2,clock,no,((x) AND (q)) OR (b),1
fac0,0000,2,0,2,clock,no,((x) AND (q)) OR ((a) AND (x)) OR ((b) AND (q)),0
fac0,aaaa,2,0,2,generic,no,((x) AND (q)) OR ((a) AND (x)) OR ((b) AND (q)),b
fac0,cccc,2,0,2,generic,no,((x) AND (q)) OR ((a) AND (x)) OR ((b) AND (q)),a
fac0,f0f0,2,0,2,generic,no,((x) AND (q)) OR ((a) AND (x)) OR ((b) AND (q)),x
fac0,ff00,2,0,2,clock,no,((x) AND (q)) OR ((a) AND (x)) OR ((b) AND (q)),q
fac0,ffff,2,0,2,clock,no,((x) AND (q)) OR ((a) AND (x)) OR ((b) AND (q)),1
faea,0000,2,0,2,clock,no,((x) AND (q)) OR ((a) AND (x)) OR (b),0
faea,aaaa,2,0,2,generic,no,((x) AND (q)) OR ((a) AND (x)) OR (b),b
faea,cccc,2,0,2,generic,no,((x) AND (q)) OR ((a) AND (x)) OR (b),a
faea,f0f0,2,0,2,generic,no,((x) AND (q)) OR ((a) AND (x)) OR (b),x
faea,ff00,2,0,2,clock,no,((x) AND (q)) OR ((a) AND (x)) OR (b),q
faea,ffff,2,0,2,clock,no,((x) AND (q)) OR ((a) AND (x)) OR (b),1
faf0,0000,2,0,2,clock,no,(x) OR ((b) AND (q)),0
faf0,aaaa,2,0,2,generic,no,(x) OR ((b) AND (q)),b
faf0,cccc,2,0,2,generic,no,(x) OR ((b) AND (q)),a
faf0,f0f0,2,0,2,generic,no,(x) OR ((b) AND (q)),x
faf0,ff00,2,0,2,clock,no,(x) OR ((b) AND (q)),q
faf0,ffff,2,0,2,clock,no,(x) OR ((b) AND (q)),1
faf8,0000,2,0,2,clock,no,(x) OR ((b) AND (q)) OR ((b) AND (a)),0
faf8,aaaa,2,0,2,generic,no,(x) OR ((b) AND (q)) OR ((b) AND (a)),b
faf8,cccc,2,0,2,generic,no,(x) OR ((b) AND (q)) OR ((b) AND (a)),a
faf8,f0f0,2,0,2,generic,no,(x) OR ((b) AND (q)) OR ((b) AND (a)),x
faf8,ff00,2,0,2,clock,no,(x) OR ((b) AND (q)) OR ((b) AND (a)),q
faf8,ffff,2,0,2,clock,no,(x) OR ((b) AND (q)) OR ((b) AND (a)),1
faff,0000,2,0,2,clock,no,(x) OR (b) OR (~q),0
faff,aaaa,2,0,2,generic,no,(x) OR (b) OR (~q),b
faff,cccc,2,0,2,generic,no,(x) OR (b) OR (~q),a
faff,f0f0,2,0,2,generic,no,(x) OR (b) OR (~q),x
faff,ff00,2,0,2,clock,no,(x) OR (b) OR (~q),q
faff,ffff,2,0,2,clock,no,(x) OR (b) OR (~q),1
fb33,0000,2,0,2,clock,no,((x) AND (q)) OR ((b) AND (q)) OR (~a),0
fb33,aaaa,2,0,2,generic,no,((x) AND (q)) OR ((b) AND (q)) OR (~a),b
fb33,cccc,2,0,2,generic,no,((x) AND (q)) OR ((b) AND (q)) OR (~a),a
fb33,f0f0,2,0,2,generic,no,((x) AND (q)) OR ((b) AND (q)) OR (~a),x
fb33,ff00,2,0,2,clock,no,((x) AND (q)) OR ((b) AND (q)) OR (~a),q
fb33,ffff,2,0,2,clock,no,((x) AND (q)) OR ((b) AND (q)) OR (~a),1
fbbb,0000,2,0,2,clock,no,((x) AND (q)) OR (b) OR (~a),0
fbbb,aaaa,2,0,2,generic,no,((x) AND (q)) OR (b) OR (~a),b
fbbb,cccc,2,0,2,generic,no,((x) AND (q)) OR (b) OR (~a),a
fbbb,f0f0,2,0,2,generic,no,((x) AND (q)) OR (b) OR (~a),x
fbbb,ff00,2,0,2,clock,no,((x) AND (q)) OR (b) OR (~a),q
fbbb,ffff,2,0,2,clock,no,((x) AND (q)) OR (b) OR (~a),1
fbf3,0000,2,0,2,clock,no,(x) OR ((b) AND (q)) OR (~a),0
fbf3,aaaa,2,0,2,generic,no,(x) OR ((b) AND (q)) OR (~a),b
fbf3,cccc,2,0,2,generic,no,(x) OR ((b) AND (q)) OR (~a),a
fbf3,f0f0,2,0,2,generic,no,(x) OR ((b) AND (q)) OR (~a),x
fbf3,ff00,2,0,2,clock,no,(x) OR ((b) AND (q)) OR (~a),q
fbf3,ffff,2,0,2,clock,no,(x) OR ((b) AND (q)) OR (~a),1
fc00,0000,2,0,2,clock,no,((x) AND (q)) OR ((a) AND (q)),0
fc00,aaaa,2,0,2,generic,no,((x) AND (q)) OR ((a) AND (q)),b
fc00,cccc,2,0,2,generic,no,((x) AND (q)) OR ((a) AND (q)),a
fc00,f0f0,2,0,2,generic,no,((x) AND (q)) OR ((a) AND (q)),x
fc00,ff00,2,0,2,clock,no,((x) AND (q)) OR ((a) AND (q)),q
fc00,ffff,2,0,2,clock,no,((x) AND (q)) OR ((a) AND (q)),1
fc80,0000,2,0,2,clock,no,((x) AND (q)) OR ((a) AND (q)) OR ((b) AND (a) AND (x)),0
fc80,aaaa,2,0,2,generic,no,((x) AND (q)) OR ((a) AND (q)) OR ((b) AND (a) AND (x)),b
fc80,cccc,2,0,2,generic,no,((x) AND (q)) OR ((a) AND (q)) OR ((b) AND (a) AND (x)),a
fc80,f0f0,2,0,2,generic,no,((x) AND (q)) OR ((a) AND (q)) OR ((b) AND (a) AND (x)),x
fc80,ff00,2,0,2,clock,no,((x) AND (q)) OR ((a) AND (q)) OR ((b) AND (a) AND (x)),q
fc80,ffff,2,0,2,clock,no,((x) AND (q)) OR ((a) AND (q)) OR ((b) AND (a) AND (x)),1
fc88,0000,2,0,2,clock,no,((x) AND (q)) OR ((a) AND (q)) OR ((b) AND (a)),0
fc88,aaaa,2,0,2,generic,no,((x) AND (q)) OR ((a) AND (q)) OR ((b) AND (a)),b
fc88,cccc,2,0,2,generic,no,((x) AND (q)) OR ((a) AND (q)) OR ((b) AND (a)),a
fc88,f0f0,2,0,2,generic,no,((x) AND (q)) OR ((a) AND (q)) OR ((b) AND (a)),x
fc88,ff00,2,0,2,clock,no,((x) AND (q)) OR ((a) AND (q)) OR ((b) AND (a)),q
fc88,ffff,2,0,2,clock,no,((x) AND (q)) OR ((a) AND (q)) OR ((b) AND (a)),1
fca0,0000,2,0,2,clock,no,((x) AND (q)) OR ((a) AND (q)) OR ((b) AND (x)),0
fca0,aaaa,2,0,2,generic,no,((x) AND (q)) OR ((a) AND (q)) OR ((b) AND (x)),b
fca0,cccc,2,0,2,generic,no,((x) AND (q)) OR ((a) AND (q)) OR ((b) AND (x)),a
fca0,f0f0,2,0,2,generic,no,((x) AND (q)) OR ((a) AND (q)) OR ((b) AND (x)),x
fca0,ff00,2,0,2,clock,no,((x) AND (q)) OR ((a) AND (q)) OR ((b) AND (x)),q
fca0,ffff,2,0,2,clock,no,((x) AND (q)) OR ((a) AND (q)) OR ((b) AND (x)),1
fcc0,0000,2,0,2,clock,no,((x) AND (q)) OR ((a) AND (q)) OR ((a) AND (x)),0
fcc0,aaaa,2,0,2,generic,no,((x) AND (q)) OR ((a) AND (q)) OR ((a) AND (x)),b
fcc0,cccc,2,0,2,generic,no,((x) AND (q)) OR ((a) AND (q)) OR ((a) AND (x)),a
fcc0,f0f0,2,0,2,generic,no,((x) AND (q)) OR ((a) AND (q)) OR ((a) AND (x)),x
fcc0,ff00,2,0,2,clock,no,((x) AND (q)) OR ((a) AND (q)) OR ((a) AND (x)),q
fcc0,ffff,2,0,2,clock,no,((x) AND (q)) OR ((a) AND (q)) OR ((a) AND (x)),1
fccc,0000,2,0,2,clock,no,((x) AND (q)) OR (a),0
fccc,aaaa,2,0,2,generic,no,((x) AND (q)) OR (a),b
fccc,cccc,2,0,2,generic,no,((x) AND (q)) OR (a),a
fccc,f0f0,2,0,2,generic,no,((x) AND (q)) OR (a),x
fccc,ff00,2,0,2,clock,no,((x) AND (q)) OR (a),q
fccc,ffff,2,0,2,clock,no,((x) AND (q)) OR (a),1
fcec,0000,2,0,2,clock,no,((x) AND (q)) OR (a) OR ((b) AND (x)),0
fcec,aaaa,2,0,2,generic,no,((x) AND (q)) OR (a) OR ((b) AND (x)),b
fcec,cccc,2,0,2,generic,no,((x) AND (q)) OR (a) OR ((b) AND (x)),a
fcec,f0f0,2,0,2,generic,no,((x) AND (q)) OR (a) OR ((b) AND (x)),x
fcec,ff00,2,0,2,clock,no,((x) AND (q)) OR (a) OR ((b) AND (x)),q
fcec,ffff,2,0,2,clock,no,((x) AND (q)) OR (a) OR ((b) AND (x)),1
fcf0,0000,2,0,2,clock,no,(x) OR ((a) AND (q)),0
fcf0,aaaa,2,0,2,generic,no,(x) OR ((a) AND (q)),b
fcf0,cccc,2,0,2,generic,no,(x) OR ((a) AND (q)),a
fcf0,f0f0,2,0,2,generic,no,(x) OR ((a) AND (q)),x
fcf0,ff00,2,0,2,clock,no,(x) OR ((a) AND (q)),q
fcf0,ffff,2,0,2,clock,no,(x) OR ((a) AND (q)),1
fcf8,0000,2,0,2,clock,no,(x) OR ((a) AND (q)) OR ((b) AND (a)),0
fcf8,aaaa,2,0,2,generic,no,(x) OR ((a) AND (q)) OR ((b) AND (a)),b
fcf8,cccc,2,0,2,generic,no,(x) OR ((a) AND (q)) OR ((b) AND (a)),a
fcf8,f0f0,2,0,2,generic,no,(x) OR ((a) AND (q)) OR ((b) AND (a)),x
fcf8,ff00,2,0,2,clock,no,(x) OR ((a) AND (q)) OR ((b) AND (a)),q
fcf8,ffff,2,0,2,clock,no,(x) OR ((a) AND (q)) OR ((b) AND (a)),1
fcff,0000,2,0,2,clock,no,(x) OR (a) OR (~q),0
fcff,aaaa,2,0,2,generic,no,(x) OR (a) OR (~q),b
fcff,cccc,2,0,2,generic,no,(x) OR (a) OR (~q),a
fcff,f0f0,2,0,2,generic,no,(x) OR (a) OR (~q),x
fcff,ff00,2,0,2,clock,no,(x) OR (a) OR (~q),q
fcff,ffff,2,0,2,clock,no,(x) OR (a) OR (~q),1
fd55,0000,2,0,2,clock,no,((x) AND (q)) OR ((a) AND (q)) OR (~b),0
fd55,aaaa,2,0,2,generic,no,((x) AND (q)) OR ((a) AND (q)) OR (~b),b
fd55,cccc,2,0,2,generic,no,((x) AND (q)) OR ((a) AND (q)) OR (~b),a
fd55,f0f0,2,0,2,generic,no,((x) AND (q)) OR ((a) AND (q)) OR (~b),x
fd55,ff00,2,0,2,clock,no,((x) AND (q)) OR ((a) AND (q)) OR (~b),q
fd55,ffff,2,0,2,clock,no,((x) AND (q)) OR ((a) AND (q)) OR (~b),1
fddd,0000,2,0,2,clock,no,((x) AND (q)) OR (a) OR (~b),0
fddd,aaaa,2,0,2,generic,no,((x) AND (q)) OR (a) OR (~b),b
fddd,cccc,2,0,2,generic,no,((x) AND (q)) OR (a) OR (~b),a
fddd,f0f0,2,0,2,generic,no,((x) AND (q)) OR (a) OR (~b),x
fddd,ff00,2,0,2,clock,no,((x) AND (q)) OR (a) OR (~b),q
fddd,ffff,2,0,2,clock,no,((x) AND (q)) OR (a) OR (~b),1
fdf5,0000,2,0,2,clock,no,(x) OR ((a) AND (q)) OR (~b),0
fdf5,aaaa,2,0,2,generic,no,(x) OR ((a) AND (q)) OR (~b),b
fdf5,cccc,2,0,2,generic,no,(x) OR ((a) AND (q)) OR (~b),a
fdf5,f0f0,2,0,2,generic,no,(x) OR ((a) AND (q)) OR (~b),x
fdf5,ff00,2,0,2,clock,no,(x) OR ((a) AND (q)) OR (~b),q
fdf5,ffff,2,0,2,clock,no,(x) OR ((a) AND (q)) OR (~b),1
fe00,0000,2,0,2,clock,no,((x) AND (q)) OR ((a) AND (q)) OR ((b) AND (q)),0
fe00,aaaa,2,0,2,generic,no,((x) AND (q)) OR ((a) AND (q)) OR ((b) AND (q)),b
fe00,cccc,2,0,2,generic,no,((x) AND (q)) OR ((a) AND (q)) OR ((b) AND (q)),a
fe00,f0f0,2,0,2,generic,no,((x) AND (q)) OR ((a) AND (q)) OR ((b) AND (q)),x
fe00,ff00,2,0,2,clock,no,((x) AND (q)) OR ((a) AND (q)) OR ((b) AND (q)),q
fe00,ffff,2,0,2,clock,no,((x) AND (q)) OR ((a) AND (q)) OR ((b) AND (q)),1
feaa,0000,2,0,2,clock,no,((x) AND (q)) OR ((a) AND (q)) OR (b),0
feaa,aaaa,2,0,2,generic,no,((x) AND (q)) OR ((a) AND (q)) OR (b),b
feaa,cccc,2,0,2,generic,no,((x) AND (q)) OR ((a) AND (q)) OR (b),a
feaa,f0f0,2,0,2,generic,no,((x) AND (q)) OR ((a) AND (q)) OR (b),x
feaa,ff00,2,0,2,clock,no,((x) AND (q)) OR ((a) AND (q)) OR (b),q
feaa,ffff,2,0,2,clock,no,((x) AND (q)) OR ((a) AND (q)) OR (b),1
fecc,0000,2,0,2,clock,no,((x) AND (q)) OR (a) OR ((b) AND (q)),0
fecc,aaaa,2,0,2,generic,no,((x) AND (q)) OR (a) OR ((b) AND (q)),b
fecc,cccc,2,0,2,generic,no,((x) AND (q)) OR (a) OR ((b) AND (q)),a
fecc,f0f0,2,0,2,generic,no,((x) AND (q)) OR (a) OR ((b) AND (q)),x
fecc,ff00,2,0,2,clock,no,((x) AND (q)) OR (a) OR ((b) AND (q)),q
fecc,ffff,2,0,2,clock,no,((x) AND (q)) OR (a) OR ((b) AND (q)),1
feee,0000,2,0,2,clock,no,((x) AND (q)) OR (a) OR (b),0
feee,aaaa,2,0,2,generic,no,((x) AND (q)) OR (a) OR (b),b
feee,cccc,2,0,2,generic,no,((x) AND (q)) OR (a) OR (b),a
feee,f0f0,2,0,2,generic,no,((x) AND (q)) OR (a) OR (b),x
feee,ff00,2,0,2,clock,no,((x) AND (q)) OR (a) OR (b),q
feee,ffff,2,0,2,clock,no,((x) AND (q)) OR (a) OR (b),1
fef0,0000,2,0,2,clock,no,(x) OR ((a) AND (q)) OR ((b) AND (q)),0
fef0,aaaa,2,0,2,generic,no,(x) OR ((a) AND (q)) OR ((b) AND (q)),b
fef0,cccc,2,0,2,generic,no,(x) OR ((a) AND (q)) OR ((b) AND (q)),a
fef0,f0f0,2,0,2,generic,no,(x) OR ((a) AND (q)) OR ((b) AND (q)),x
fef0,ff00,2,0,2,clock,no,(x) OR ((a) AND (q)) OR ((b) AND (q)),q
fef0,ffff,2,0,2,clock,no,(x) OR ((a) AND (q)) OR ((b) AND (q)),1
fefa,0000,2,0,2,clock,no,(x) OR ((a) AND (q)) OR (b),0
fefa,aaaa,2,0,2,generic,no,(x) OR ((a) AND (q)) OR (b),b
fefa,cccc,2,0,2,generic,no,(x) OR ((a) AND (q)) OR (b),a
fefa,f0f0,2,0,2,generic,no,(x) OR ((a) AND (q)) OR (b),x
fefa,ff00,2,0,2,clock,no,(x) OR ((a) AND (q)) OR (b),q
fefa,ffff,2,0,2,clock,no,(x) OR ((a) AND (q)) OR (b),1
fefc,0000,2,0,2,clock,no,(x) OR (a) OR ((b) AND (q)),0
fefc,aaaa,2,0,2,generic,no,(x) OR (a) OR ((b) AND (q)),b
fefc,cccc,2,0,2,generic,no,(x) OR (a) OR ((b) AND (q)),a
fefc,f0f0,2,0,2,generic,no,(x) OR (a) OR ((b) AND (q)),x
fefc,ff00,2,0,2,clock,no,(x) OR (a) OR ((b) AND (q)),q
fefc,ffff,2,0,2,clock,no,(x) OR (a) OR ((b) AND (q)),1
ff00,80ff,0,2,2,generic,no,q,((b) AND (a) AND (x)) OR (~q)
ff00,8800,0,2,2,generic,no,q,(b) AND (a) AND (q)
ff00,8880,0,2,2,generic,no,q,((b) AND (a) AND (q)) OR ((b) AND (a) AND (x))
ff00,88ff,0,2,2,generic,no,q,((b) AND (a)) OR (~q)
ff00,8f0f,0,2,2,generic,no,q,((b) AND (a) AND (q)) OR (~x)
ff00,8f8f,0,2,2,generic,no,q,((b) AND (a)) OR (~x)
ff00,8fff,0,2,2,generic,no,q,((b) AND (a)) OR (~x) OR (~q)
ff00,a000,0,2,2,generic,no,q,(b) AND (x) AND (q)
ff00,a080,0,2,2,generic,no,q,((b) AND (x) AND (q)) OR ((b) AND (a) AND (x))
ff00,a0ff,0,2,2,generic,no,q,((b) AND (x)) OR (~q)
ff00,a800,0,2,2,generic,no,q,((b) AND (x) AND (q)) OR ((b) AND (a) AND (q))
ff00,a880,0,2,2,generic,no,q,((b) AND (x) AND (q)) OR ((b) AND (a) AND (q)) OR ((b) AND (a) AND (x))
ff00,a888,0,2,2,generic,no,q,((b) AND (x) AND (q)) OR ((b) AND (a))
ff00,a8a0,0,2,2,generic,no,q,((b) AND (x)) OR ((b) AND (a) AND (q))
ff00,a8a8,0,2,2,generic,no,q,((b) AND (x)) OR ((b) AND (a))
ff00,a8ff,0,2,2,generic,no,q,((b) AND (x)) OR ((b) AND (a)) OR (~q)
ff00,aa00,0,2,2,generic,no,q,q AND b
ff00,aa80,0,2,2,generic,no,q,((b) AND (q)) OR ((b) AND (a) AND (x))
ff00,aa88,0,2,2,generic,no,q,((b) AND (q)) OR ((b) AND (a))
ff00,aaa0,0,2,2,generic,no,q,((b) AND (q)) OR ((b) AND (x))
ff00,aaa8,0,2,2,generic,no,q,((b) AND (q)) OR ((b) AND (x)) OR ((b) AND (a))
ff00,aaff,0,2,2,generic,no,q,"NAND(q,~b)"
ff00,af0f,0,2,2,generic,no,q,((b) AND (q)) OR (~x)
ff00,af8f,0,2,2,generic,no,q,((b) AND (q)) OR ((b) AND (a)) OR (~x)
ff00,afaf,0,2,2,generic,no,q,"NAND(x,~b)"
ff00,afff,0,2,2,generic,no,q,(b) OR (~x) OR (~q)
ff00,b333,0,2,2,generic,no,q,((b) AND (x) AND (q)) OR (~a)
ff00,b3b3,0,2,2,generic,no,q,((b) AND (x)) OR (~a)
ff00,b3ff,0,2,2,generic,no,q,((b) AND (x)) OR (~a) OR (~q)
ff00,bb33,0,2,2,generic,no,q,((b) AND (q)) OR (~a)
ff00,bbb3,0,2,2,generic,no,q,((b) AND (q)) OR ((b) AND (x)) OR (~a)
ff00,bbbb,0,2,2,generic,no,q,"NAND(a,~b)"
ff00,bbff,0,2,2,generic,no,q,(b) OR (~a) OR (~q)
ff00,bf3f,0,2,2,generic,no,q,((b) AND (q)) OR (~a) OR (~x)
ff00,bfbf,0,2,2,generic,no,q,(b) OR (~a) OR (~x)
ff00,c000,0,2,2,generic,no,q,(a) AND (x) AND (q)
ff00,c080,0,2,2,generic,no,q,((a) AND (x) AND (q)) OR ((b) AND (a) AND (x))
ff00,c0ff,0,2,2,generic,no,q,((a) AND (x)) OR (~q)
ff00,c800,0,2,2,generic,no,q,((a) AND (x) AND (q)) OR ((b) AND (a) AND (q))
ff00,c880,0,2,2,generic,no,q,((a) AND (x) AND (q)) OR ((b) AND (a) AND (q)) OR ((b) AND (a) AND (x))
ff00,c888,0,2,2,generic,no,q,((a) AND (x) AND (q)) OR ((b) AND (a))
ff00,c8c0,0,2,2,generic,no,q,((a) AND (x)) OR ((b) AND (a) AND (q))
ff00,c8c8,0,2,2,generic,no,q,((a) AND (x)) OR ((b) AND (a))
ff00,c8ff,0,2,2,generic,no,q,((a) AND (x)) OR ((b) AND (a)) OR (~q)
ff00,cc00,0,2,2,generic,no,q,q AND a
ff00,cc80,0,2,2,generic,no,q,((a) AND (q)) OR ((b) AND (a) AND (x))
ff00,cc88,0,2,2,generic,no,q,((a) AND (q)) OR ((b) AND (a))
ff00,ccc0,0,2,2,generic,no,q,((a) AND (q)) OR ((a) AND (x))
ff00,ccc8,0,2,2,generic,no,q,((a) AND (q)) OR ((a) AND (x)) OR ((b) AND (a))
ff00,ccff,0,2,2,generic,no,q,"NAND(q,~a)"
ff00,cf0f,0,2,2,generic,no,q,((a) AND (q)) OR (~x)
ff00,cf8f,0,2,2,generic,no,q,((a) AND (q)) OR ((b) AND (a)) OR (~x)
ff00,cfcf,0,2,2,generic,no,q,"NAND(x,~a)"
ff00,cfff,0,2,2,generic,no,q,(a) OR (~x) OR (~q)
ff00,d555,0,2,2,generic,no,q,((a) AND (x) AND (q)) OR (~b)
ff00,d5d5,0,2,2,generic,no,q,((a) AND (x)) OR (~b)
ff00,d5ff,0,2,2,generic,no,q,((a) AND (x)) OR (~b) OR (~q)
ff00,dd55,0,2,2,generic,no,q,((a) AND (q)) OR (~b)
ff00,ddd5,0,2,2,generic,no,q,((a) AND (q)) OR ((a) AND (x)) OR (~b)
ff00,dddd,0,2,2,generic,no,q,a OR ~b
ff00,ddff,0,2,2,generic,no,q,(a) OR (~b) OR (~q)
ff00,df5f,0,2,2,generic,no,q,((a) AND (q)) OR (~b) OR (~x)
ff00,dfdf,0,2,2,generic,no,q,(a) OR (~b) OR (~x)
ff00,e000,0,2,2,generic,no,q,((a) AND (x) AND (q)) OR ((b) AND (x) AND (q))
ff00,e080,0,2,2,generic,no,q,((a) AND (x) AND (q)) OR ((b) AND (x) AND (q)) OR ((b) AND (a) AND (x))
ff00,e0a0,0,2,2,generic,no,q,((a) AND (x) AND (q)) OR ((b) AND (x))
ff00,e0c0,0,2,2,generic,no,q,((a) AND (x)) OR ((b) AND (x) AND (q))
ff00,e0e0,0,2,2,generic,no,q,((a) AND (x)) OR ((b) AND (x))
ff00,e0ff,0,2,2,generic,no,q,((a) AND (x)) OR ((b) AND (x)) OR (~q)
ff00,e800,0,2,2,generic,no,q,((a) AND (x) AND (q)) OR ((b) AND (x) AND (q)) OR ((b) AND (a) AND (q))
ff00,e888,0,2,2,generic,no,q,((a) AND (x) AND (q)) OR ((b) AND (x) AND (q)) OR ((b) AND (a))
ff00,e8a0,0,2,2,generic,no,q,((a) AND (x) AND (q)) OR ((b) AND (x)) OR ((b) AND (a) AND (q))
ff00,e8a8,0,2,2,generic,no,q,((a) AND (x) AND (q)) OR ((b) AND (x)) OR ((b) AND (a))
ff00,e8c0,0,2,2,generic,no,q,((a) AND (x)) OR ((b) AND (x) AND (q)) OR ((b) AND (a) AND (q))
ff00,e8c8,0,2,2,generic,no,q,((a) AND (x)) OR ((b) AND (x) AND (q)) OR ((b) AND (a))
ff00,e8e0,0,2,2,generic,no,q,((a) AND (x)) OR ((b) AND (x)) OR ((b) AND (a) AND (q))
ff00,e8e8,0,2,2,generic,no,q,((a) AND (x)) OR ((b) AND (x)) OR ((b) AND (a))
ff00,ea00,0,2,2,generic,no,q,((a) AND (x) AND (q)) OR ((b) AND (q))
ff00,ea80,0,2,2,generic,no,q,((a) AND (x) AND (q)) OR ((b) AND (q)) OR ((b) AND (a) AND (x))
ff00,ea88,0,2,2,generic,no,q,((a) AND (x) AND (q)) OR ((b) AND (q)) OR ((b) AND (a))
ff00,eaa0,0,2,2,generic,no,q,((a) AND (x) AND (q)) OR ((b) AND (q)) OR ((b) AND (x))
ff00,eaaa,0,2,2,generic,no,q,((a) AND (x) AND (q)) OR (b)
ff00,eac0,0,2,2,generic,no,q,((a) AND (x)) OR ((b) AND (q))
ff00,eac8,0,2,2,generic,no,q,((a) AND (x)) OR ((b) AND (q)) OR ((b) AND (a))
ff00,eae0,0,2,2,generic,no,q,((a) AND (x)) OR ((b) AND (q)) OR ((b) AND (x))
ff00,eaea,0,2,2,generic,no,q,((a) AND (x)) OR (b)
ff00,eaff,0,2,2,generic,no,q,((a) AND (x)) OR (b) OR (~q)
ff00,ec00,0,2,2,generic,no,q,((a) AND (q)) OR ((b) AND (x) AND (q))
ff00,ec80,0,2,2,generic,no,q,((a) AND (q)) OR ((b) AND (x) AND (q)) OR ((b) AND (a) AND (x))
ff00,ec88,0,2,2,generic,no,q,((a) AND (q)) OR ((b) AND (x) AND (q)) OR ((b) AND (a))
ff00,eca0,0,2,2,generic,no,q,((a) AND (q)) OR ((b) AND (x))
ff00,eca8,0,2,2,generic,no,q,((a) AND (q)) OR ((b) AND (x)) OR ((b) AND (a))
ff00,ecc0,0,2,2,generic,no,q,((a) AND (q)) OR ((a) AND (x)) OR ((b) AND (x) AND (q))
ff00,eccc,0,2,2,generic,no,q,(a) OR ((b) AND (x) AND (q))
ff00,ece0,0,2,2,generic,no,q,((a) AND (q)) OR ((a) AND (x)) OR ((b) AND (x))
ff00,ecec,0,2,2,generic,no,q,(a) OR ((b) AND (x))
ff00,ecff,0,2,2,generic,no,q,(a) OR ((b) AND (x)) OR (~q)
ff00,ee00,0,2,2,generic,no,q,((a) AND (q)) OR ((b) AND (q))
ff00,ee80,0,2,2,generic,no,q,((a) AND (q)) OR ((b) AND (q)) OR ((b) AND (a) AND (x))
ff00,ee88,0,2,2,generic,no,q,((a) AND (q)) OR ((b) AND (q)) OR ((b) AND (a))
ff00,eea0,0,2,2,generic,no,q,((a) AND (q)) OR ((b) AND (q)) OR ((b) AND (x))
ff00,eeaa,0,2,2,generic,no,q,((a) AND (q)) OR (b)
ff00,eec0,0,2,2,generic,no,q,((a) AND (q)) OR ((a) AND (x)) OR ((b) AND (q))
ff00,eecc,0,2,2,generic,no,q,(a) OR ((b) AND (q))
ff00,eeea,0,2,2,generic,no,q,((a) AND (q)) OR ((a) AND (x)) OR (b)
ff00,eeec,0,2,2,generic,no,q,(a) OR ((b) AND (q)) OR ((b) AND (x))
ff00,eeee,0,2,2,generic,no,q,a OR b
ff00,eeff,0,2,2,generic,no,q,(a) OR (b) OR (~q)
ff00,ef0f,0,2,2,generic,no,q,((a) AND (q)) OR ((b) AND (q)) OR (~x)
ff00,efaf,0,2,2,generic,no,q,((a) AND (q)) OR (b) OR (~x)
ff00,efcf,0,2,2,generic,no,q,(a) OR ((b) AND (q)) OR (~x)
ff00,efef,0,2,2,generic,no,q,(a) OR (b) OR (~x)
ff00,f000,0,2,2,generic,no,q,q AND x
ff00,f080,0,2,2,generic,no,q,((x) AND (q)) OR ((b) AND (a) AND (x))
ff00,f0a0,0,2,2,generic,no,q,((x) AND (q)) OR ((b) AND (x))
ff00,f0c0,0,2,2,generic,no,q,((x) AND (q)) OR ((a) AND (x))
ff00,f0e0,0,2,2,generic,no,q,((x) AND (q)) OR ((a) AND (x)) OR ((b) AND (x))
ff00,f0ff,0,2,2,generic,no,q,"NAND(q,~x)"
ff00,f333,0,2,2,generic,no,q,((x) AND (q)) OR (~a)
ff00,f3b3,0,2,2,generic,no,q,((x) AND (q)) OR ((b) AND (x)) OR (~a)
ff00,f3f3,0,2,2,generic,no,q,x OR ~a
ff00,f3ff,0,2,2,generic,no,q,(x) OR (~a) OR (~q)
ff00,f555,0,2,2,generic,no,q,((x) AND (q)) OR (~b)
ff00,f5d5,0,2,2,generic,no,q,((x) AND (q)) OR ((a) AND (x)) OR (~b)
ff00,f5f5,0,2,2,generic,no,q,x OR ~b
ff00,f5ff,0,2,2,generic,no,q,(x) OR (~b) OR (~q)
ff00,f777,0,2,2,generic,no,q,((x) AND (q)) OR (~b) OR (~a)
ff00,f7f7,0,2,2,generic,no,q,(x) OR (~b) OR (~a)
ff00,f800,0,2,2,generic,no,q,((x) AND (q)) OR ((b) AND (a) AND (q))
ff00,f880,0,2,2,generic,no,q,((x) AND (q)) OR ((b) AND (a) AND (q)) OR ((b) AND (a) AND (x))
ff00,f888,0,2,2,generic,no,q,((x) AND (q)) OR ((b) AND (a))
ff00,f8a0,0,2,2,generic,no,q,((x) AND (q)) OR ((b) AND (x)) OR ((b) AND (a) AND (q))
ff00,f8a8,0,2,2,generic,no,q,((x) AND (q)) OR ((b) AND (x)) OR ((b) AND (a))
ff00,f8c0,0,2,2,generic,no,q,((x) AND (q)) OR ((a) AND (x)) OR ((b) AND (a) AND (q))
ff00,f8c8,0,2,2,generic,no,q,((x) AND (q)) OR ((a) AND (x)) OR ((b) AND (a))
ff00,f8f0,0,2,2,generic,no,q,(x) OR ((b) AND (a) AND (q))
ff00,f8f8,0,2,2,generic,no,q,(x) OR ((b) AND (a))
ff00,f8ff,0,2,2,generic,no,q,(x) OR ((b) AND (a)) OR (~q)
ff00,fa00,0,2,2,generic,no,q,((x) AND (q)) OR ((b) AND (q))
ff00,fa80,0,2,2,generic,no,q,((x) AND (q)) OR ((b) AND (q)) OR ((b) AND (a) AND (x))
ff00,fa88,0,2,2,generic,no,q,((x) AND (q)) OR ((b) AND (q)) OR ((b) AND (a))
ff00,faa0,0,2,2,generic,no,q,((x) AND (q)) OR ((b) AND (q)) OR ((b) AND (x))
ff00,faaa,0,2,2,generic,no,q,((x) AND (q)) OR (b)
ff00,fac0,0,2,2,generic,no,q,((x) AND (q)) OR ((a) AND (x)) OR ((b) AND (q))
ff00,faea,0,2,2,generic,no,q,((x) AND (q)) OR ((a) AND (x)) OR (b)
ff00,faf0,0,2,2,generic,no,q,(x) OR ((b) AND (q))
ff00,faf8,0,2,2,generic,no,q,(x) OR ((b) AND (q)) OR ((b) AND (a))
ff00,fafa,0,2,2,generic,no,q,x OR b
ff00,faff,0,2,2,generic,no,q,(x) OR (b) OR (~q)
ff00,fb33,0,2,2,generic,no,q,((x) AND (q)) OR ((b) AND (q)) OR (~a)
ff00,fbbb,0,2,2,generic,no,q,((x) AND (q)) OR (b) OR (~a)
ff00,fbf3,0,2,2,generic,no,q,(x) OR ((b) AND (q)) OR (~a)
ff00,fbfb,0,2,2,generic,no,q,(x) OR (b) OR (~a)
ff00,fc00,0,2,2,generic,no,q,((x) AND (q)) OR ((a) AND (q))
ff00,fc80,0,2,2,generic,no,q,((x) AND (q)) OR ((a) AND (q)) OR ((b) AND (a) AND (x))
ff00,fc88,0,2,2,generic,no,q,((x) AND (q)) OR ((a) AND (q)) OR ((b) AND (a))
ff00,fca0,0,2,2,generic,no,q,((x) AND (q)) OR ((a) AND (q)) OR ((b) AND (x))
ff00,fcc0,0,2,2,generic,no,q,((x) AND (q)) OR ((a) AND (q)) OR ((a) AND (x))
ff00,fccc,0,2,2,generic,no,q,((x) AND (q)) OR (a)
ff00,fcec,0,2,2,generic,no,q,((x) AND (q)) OR (a) OR ((b) AND (x))
ff00,fcf0,0,2,2,generic,no,q,(x) OR ((a) AND (q))
ff00,fcf8,0,2,2,generic,no,q,(x) OR ((a) AND (q)) OR ((b) AND (a))
ff00,fcfc,0,2,2,generic,no,q,x OR a
ff00,fcff,0,2,2,generic,no,q,(x) OR (a) OR (~q)
ff00,fd55,0,2,2,generic,no,q,((x) AND (q)) OR ((a) AND (q)) OR (~b)
ff00,fddd,0,2,2,generic,no,q,((x) AND (q)) OR (a) OR (~b)
ff00,fdf5,0,2,2,generic,no,q,(x) OR ((a) AND (q)) OR (~b)
ff00,fdfd,0,2,2,generic,no,q,(x) OR (a) OR (~b)
ff00,fe00,0,2,2,generic,no,q,((x) AND (q)) OR ((a) AND (q)) OR ((b) AND (q))
ff00,feaa,0,2,2,generic,no,q,((x) AND (q)) OR ((a) AND (q)) OR (b)
ff00,fecc,0,2,2,generic,no,q,((x) AND (q)) OR (a) OR ((b) AND (q))
ff00,feee,0,2,2,generic,no,q,((x) AND (q)) OR (a) OR (b)
ff00,fef0,0,2,2,generic,no,q,(x) OR ((a) AND (q)) OR ((b) AND (q))
ff00,fefa,0,2,2,generic,no,q,(x) OR ((a) AND (q)) OR (b)
ff00,fefc,0,2,2,generic,no,q,(x) OR (a) OR ((b) AND (q))
ff00,fefe,0,2,2,generic,no,q,(x) OR (a) OR (b)
ff00,ff0f,0,2,2,generic,no,q,q OR ~x
ff00,ff33,0,2,2,generic,no,q,q OR ~a
ff00,ff3f,0,2,2,generic,no,q,(q) OR (~a) OR (~x)
ff00,ff55,0,2,2,generic,no,q,q OR ~b
ff00,ff5f,0,2,2,generic,no,q,(q) OR (~b) OR (~x)
ff00,ff77,0,2,2,generic,no,q,(q) OR (~b) OR (~a)
ff00,ff80,0,2,2,generic,no,q,(q) OR ((b) AND (a) AND (x))
ff00,ff88,0,2,2,generic,no,q,(q) OR ((b) AND (a))
ff00,ff8f,0,2,2,generic,no,q,(q) OR ((b) AND (a)) OR (~x)
ff00,ffa0,0,2,2,generic,no,q,(q) OR ((b) AND (x))
ff00,ffa8,0,2,2,generic,no,q,(q) OR ((b) AND (x)) OR ((b) AND (a))
ff00,ffaa,0,2,2,generic,no,q,q OR b
ff00,ffaf,0,2,2,generic,no,q,(q) OR (b) OR (~x)
ff00,ffb3,0,2,2,generic,no,q,(q) OR ((b) AND (x)) OR (~a)
ff00,ffbb,0,2,2,generic,no,q,(q) OR (b) OR (~a)
ff00,ffc0,0,2,2,generic,no,q,(q) OR ((a) AND (x))
ff00,ffc8,0,2,2,generic,no,q,(q) OR ((a) AND (x)) OR ((b) AND (a))
ff00,ffcc,0,2,2,generic,no,q,q OR a
ff00,ffcf,0,2,2,generic,no,q,(q) OR (a) OR (~x)
ff00,ffd5,0,2,2,generic,no,q,(q) OR ((a) AND (x)) OR (~b)
ff00,ffdd,0,2,2,generic,no,q,(q) OR (a) OR (~b)
ff00,ffe0,0,2,2,generic,no,q,(q) OR ((a) AND (x)) OR ((b) AND (x))
ff00,ffea,0,2,2,generic,no,q,(q) OR ((a) AND (x)) OR (b)
ff00,ffec,0,2,2,generic,no,q,(q) OR (a) OR ((b) AND (x))
ff00,ffee,0,2,2,generic,no,q,(q) OR (a) OR (b)
ff00,fff0,0,2,2,generic,no,q,q OR x
ff00,fff3,0,2,2,generic,no,q,(q) OR (x) OR (~a)
ff00,fff5,0,2,2,generic,no,q,(q) OR (x) OR (~b)
ff00,fff8,0,2,2,generic,no,q,(q) OR (x) OR ((b) AND (a))
ff00,fffa,0,2,2,generic,no,q,(q) OR (x) OR (b)
ff00,fffc,0,2,2,generic,no,q,(q) OR (x) OR (a)
ff80,aaaa,2,0,2,generic,no,(q) OR ((b) AND (a) AND (x)),b
ff80,cccc,2,0,2,generic,no,(q) OR ((b) AND (a) AND (x)),a
ff80,f0f0,2,0,2,generic,no,(q) OR ((b) AND (a) AND (x)),x
ff88,aaaa,2,0,2,generic,no,(q) OR ((b) AND (a)),b
ff88,cccc,2,0,2,generic,no,(q) OR ((b) AND (a)),a
ff88,f0f0,2,0,2,generic,no,(q) OR ((b) AND (a)),x
ff8f,aaaa,2,0,2,generic,no,(q) OR ((b) AND (a)) OR (~x),b
ff8f,cccc,2,0,2,generic,no,(q) OR ((b) AND (a)) OR (~x),a
ff8f,f0f0,2,0,2,generic,no,(q) OR ((b) AND (a)) OR (~x),x
ffa0,aaaa,2,0,2,generic,no,(q) OR ((b) AND (x)),b
ffa0,cccc,2,0,2,generic,no,(q) OR ((b) AND (x)),a
ffa0,f0f0,2,0,2,generic,no,(q) OR ((b) AND (x)),x
ffa8,aaaa,2,0,2,generic,no,(q) OR ((b) AND (x)) OR ((b) AND (a)),b
ffa8,cccc,2,0,2,generic,no,(q) OR ((b) AND (x)) OR ((b) AND (a)),a
ffa8,f0f0,2,0,2,generic,no,(q) OR ((b) AND (x)) OR ((b) AND (a)),x
ffaa,aaaa,2,0,2,generic,no,q OR b,b
ffaa,cccc,2,0,2,generic,no,q OR b,a
ffaa,f0f0,2,0,2,generic,no,q OR b,x
ffaf,aaaa,2,0,2,generic,no,(q) OR (b) OR (~x),b
ffaf,cccc,2,0,2,generic,no,(q) OR (b) OR (~x),a
ffaf,f0f0,2,0,2,generic,no,(q) OR (b) OR (~x),x
ffb3,aaaa,2,0,2,generic,no,(q) OR ((b) AND (x)) OR (~a),b
ffb3,cccc,2,0,2,generic,no,(q) OR ((b) AND (x)) OR (~a),a
ffb3,f0f0,2,0,2,generic,no,(q) OR ((b) AND (x)) OR (~a),x
ffbb,aaaa,2,0,2,generic,no,(q) OR (b) OR (~a),b
ffbb,cccc,2,0,2,generic,no,(q) OR (b) OR (~a),a
ffbb,f0f0,2,0,2,generic,no,(q) OR (b) OR (~a),x
ffc0,aaaa,2,0,2,generic,no,(q) OR ((a) AND (x)),b
ffc0,cccc,2,0,2,generic,no,(q) OR ((a) AND (x)),a
ffc0,f0f0,2,0,2,generic,no,(q) OR ((a) AND (x)),x
ffc8,aaaa,2,0,2,generic,no,(q) OR ((a) AND (x)) OR ((b) AND (a)),b
ffc8,cccc,2,0,2,generic,no,(q) OR ((a) AND (x)) OR ((b) AND (a)),a
ffc8,f0f0,2,0,2,generic,no,(q) OR ((a) AND (x)) OR ((b) AND (a)),x
ffcc,aaaa,2,0,2,generic,no,q OR a,b
ffcc,cccc,2,0,2,generic,no,q OR a,a
ffcc,f0f0,2,0,2,generic,no,q OR a,x
ffcf,aaaa,2,0,2,generic,no,(q) OR (a) OR (~x),b
ffcf,cccc,2,0,2,generic,no,(q) OR (a) OR (~x),a
ffcf,f0f0,2,0,2,generic,no,(q) OR (a) OR (~x),x
ffd5,aaaa,2,0,2,generic,no,(q) OR ((a) AND (x)) OR (~b),b
ffd5,cccc,2,0,2,generic,no,(q) OR ((a) AND (x)) OR (~b),a
ffd5,f0f0,2,0,2,generic,no,(q) OR ((a) AND (x)) OR (~b),x
ffdd,aaaa,2,0,2,generic,no,(q) OR (a) OR (~b),b
ffdd,cccc,2,0,2,generic,no,(q) OR (a) OR (~b),a
ffdd,f0f0,2,0,2,generic,no,(q) OR (a) OR (~b),x
ffe0,aaaa,2,0,2,generic,no,(q) OR ((a) AND (x)) OR ((b) AND (x)),b
ffe0,cccc,2,0,2,generic,no,(q) OR ((a) AND (x)) OR ((b) AND (x)),a
ffe0,f0f0,2,0,2,generic,no,(q) OR ((a) AND (x)) OR ((b) AND (x)),x
ffea,aaaa,2,0,2,generic,no,(q) OR ((a) AND (x)) OR (b),b
ffea,cccc,2,0,2,generic,no,(q) OR ((a) AND (x)) OR (b),a
ffea,f0f0,2,0,2,generic,no,(q) OR ((a) AND (x)) OR (b),x
ffec,aaaa,2,0,2,generic,no,(q) OR (a) OR ((b) AND (x)),b
ffec,cccc,2,0,2,generic,no,(q) OR (a) OR ((b) AND (x)),a
ffec,f0f0,2,0,2,generic,no,(q) OR (a) OR ((b) AND (x)),x
ffee,aaaa,2,0,2,generic,no,(q) OR (a) OR (b),b
ffee,cccc,2,0,2,generic,no,(q) OR (a) OR (b),a
ffee,f0f0,2,0,2,generic,no,(q) OR (a) OR (b),x
fff0,aaaa,2,0,2,generic,no,q OR x,b
fff0,cccc,2,0,2,generic,no,q OR x,a
fff0,f0f0,2,0,2,generic,no,q OR x,x
fff3,aaaa,2,0,2,generic,no,(q) OR (x) OR (~a),b
fff3,cccc,2,0,2,generic,no,(q) OR (x) OR (~a),a
fff3,f0f0,2,0,2,generic,no,(q) OR (x) OR (~a),x
fff5,aaaa,2,0,2,generic,no,(q) OR (x) OR (~b),b
fff5,cccc,2,0,2,generic,no,(q) OR (x) OR (~b),a
fff5,f0f0,2,0,2,generic,no,(q) OR (x) OR (~b),x
fff8,aaaa,2,0,2,generic,no,(q) OR (x) OR ((b) AND (a)),b
fff8,cccc,2,0,2,generic,no,(q) OR (x) OR ((b) AND (a)),a
fff8,f0f0,2,0,2,generic,no,(q) OR (x) OR ((b) AND (a)),x
fffa,aaaa,2,0,2,generic,no,(q) OR (x) OR (b),b
fffa,cccc,2,0,2,generic,no,(q) OR (x) OR (b),a
fffa,f0f0,2,0,2,generic,no,(q) OR (x) OR (b),x
fffc,aaaa,2,0,2,generic,no,(q) OR (x) OR (a),b
fffc,cccc,2,0,2,generic,no,(q) OR (x) OR (a),a
fffc,f0f0,2,0,2,generic,no,(q) OR (x) OR (a),x
0003,0000,3,0,3,clock,no,(~q) AND (~x) AND (~a),0
000d,ff00,3,0,3,clock,no,((~q) AND (~x) AND (a)) OR ((~q) AND (~x) AND (~b)),q
001b,f0f0,3,0,3,generic,no,((~q) AND (~a) AND ((~b) OR (~x))) OR ((~q) AND (~x) AND (b)),x
002b,aaaa,3,0,3,generic,no,((~q) AND ((~a) OR (~x)) AND (b)) OR ((~q) AND (~x) AND (~a)),b
0033,ffff,3,0,3,clock,no,~q AND ~a,1
003e,f0f0,3,0,3,generic,no,((~q) AND (~a) AND (x)) OR ((~q) AND ((~a) OR (~x)) AND (b)) OR ((~q) AND (~x) AND (a)),x
004e,aaaa,3,0,3,generic,no,((~q) AND ((~b) OR (~x)) AND (a)) OR ((~q) AND (~x) AND (b)),b
0055,ffff,3,0,3,clock,no,~q AND ~b,1
005f,f0f0,3,0,3,generic,no,(~q) AND ((~b) OR (~x)),x
0072,aaaa,3,0,3,generic,no,((~q) AND ((~b) OR (~a)) AND (x)) OR ((~q) AND (~a) AND (b)),b
007a,ffff,3,0,3,clock,no,((~q) AND ((~b) OR (~a)) AND (x)) OR ((~q) AND ((~a) OR (~x)) AND (b)),1
008b,0000,3,0,3,clock,no,((~q) AND (b) AND (a)) OR ((~q) AND (~x) AND (~a)),0
009b,ff00,3,0,3,clock,no,((~q) AND (b) AND (a)) OR ((~q) AND (~a) AND ((~b) OR (~x))),q
00a7,ffff,3,0,3,clock,no,((~q) AND (b) AND (x)) OR ((~q) AND (~x) AND ((~b) OR (~a))),1
00b0,f0f0,3,0,3,generic,no,((~q) AND (b) AND (x)) OR ((~q) AND (~a) AND (x)),x
00b9,aaaa,3,0,3,generic,no,((~q) AND (b) AND (x)) OR ((~q) AND (b) AND (a)) OR ((~q) AND (~a) AND (~b)),b
00bf,ffff,3,0,3,clock,no,((~q) AND (b)) OR ((~q) AND ((~a) OR (~x))),1
00cb,f0f0,3,0,3,generic,no,((~q) AND (a) AND (x)) OR ((~q) AND (b) AND (a)) OR ((~q) AND (~x) AND (~a)),x
00d3,ff00,3,0,3,clock,no,((~q) AND (a) AND (x)) OR ((~q) AND (~a) AND ((~b) OR (~x))),q
00db,cccc,3,0,3,generic,no,((~q) AND (a) AND (x)) OR ((~q) AND (b) AND (a)) OR ((~q) AND (~a) AND ((~b) OR (~x))),a
00e3,f0f0,3,0,3,generic,no,((~q) AND (a) AND (x)) OR ((~q) AND (b) AND (x)) OR ((~q) AND (~x) AND (~a)),x
00ec,cccc,3,0,3,generic,no,((~q) AND (a)) OR ((~q) AND (b) AND (x)),a
00f4,cccc,3,0,3,generic,no,((~q) AND (x)) OR ((~q) AND (~b) AND (a)),a
00fc,aaaa,3,0,3,generic,no,((~q) AND (x)) OR ((~q) AND (a)),b
00ff,bbbb,1,2,3,generic,no,~q,"NAND(a,~b)"
00ff,e8c0,1,2,3,generic,no,~q,((a) AND (x)) OR ((b) AND (x) AND (q)) OR ((b) AND (a) AND (q))
00ff,f0a0,1,2,3,generic,no,~q,((x) AND (q)) OR ((b) AND (x))
00ff,fc80,1,2,3,generic,no,~q,((x) AND (q)) OR ((a) AND (q)) OR ((b) AND (a) AND (x))
00ff,ffee,1,2,3,generic,no,~q,(q) OR (a) OR (b)
010f,f0f0,3,0,3,generic,no,(~x) AND ((~a) OR (~q)) AND ((~b) OR (~q)),x
011f,aaaa,3,0,3,generic,no,(((~x) OR (~q)) AND (~a) AND (~b)) OR ((~x) AND ((~a) OR (~q)) AND ((~b) OR (~q))),b
0133,ffff,3,0,3,clock,no,((~x) OR (~q)) AND (~a) AND ((~b) OR (~q)),1
0147,f0f0,3,0,3,generic,no,((~x) AND (~a) AND ((~b) OR (~q))) OR ((~q) AND (~b) AND (a)),x
015b,aaaa,3,0,3,generic,no,(((~x) OR (~q)) AND (~a) AND (~b)) OR ((~q) AND (~b) AND (x)) OR ((~q) AND (~x) AND (b)),b
0173,ffff,3,0,3,clock,no,(((~x) OR (~q)) AND (~a) AND ((~b) OR (~q))) OR ((~q) AND ((~b) OR (~a)) AND (x)),1
018b,f0f0,3,0,3,generic,no,((~x) AND (~a) AND ((~b) OR (~q))) OR ((~q) AND (b) AND (a)),x
01a1,aaaa,3,0,3,generic,no,((~x) AND (~a) AND (~b)) OR ((~q) AND (b) AND (x)),b
01ad,ffff,3,0,3,clock,no,((~x) AND ((~a) OR (~q)) AND (~b)) OR ((~q) AND (b) AND (x)) OR ((~q) AND (b) AND (a)),1
01bb,f0f0,3,0,3,generic,no,(((~x) OR (~q)) AND (~a) AND ((~b) OR (~q))) OR ((~q) AND (b)),x
01c9,aaaa,3,0,3,generic,no,((~x) AND (~a) AND (~b)) OR ((~q) AND (a) AND (x)) OR ((~q) AND (b) AND (a)),b
01d5,ffff,3,0,3,clock,no,(((~x) OR (~q)) AND ((~a) OR (~q)) AND (~b)) OR ((~q) AND (a) AND (x)),1
01e3,f0f0,3,0,3,generic,no,((~x) AND (~a) AND ((~b) OR (~q))) OR ((~q) AND (a) AND (x)) OR ((~q) AND (b) AND (x)),x
01f3,aaaa,3,0,3,generic,no,(((~x) OR (~q)) AND (~a) AND ((~b) OR (~q))) OR ((~q) AND (x)),b
01ff,ffff,3,0,3,clock,no,((~x) OR (~q)) AND ((~a) OR (~q)) AND ((~b) OR (~q)),1
0213,f0f0,3,0,3,generic,no,((~x) AND (~a) AND (b)) OR ((~q) AND (~a) AND ((~b) OR (~x))),x
022a,aaaa,3,0,3,generic,no,(((~x) OR (~q)) AND (~a) AND (b)) OR ((~x) AND ((~a) OR (~q)) AND (b)),b
0237,ffff,3,0,3,clock,no,(((~x) OR (~q)) AND (~a) AND (b)) OR ((~q) AND ((~a) OR (~x)) AND ((~b) OR (~a))),1
024e,f0f0,3,0,3,generic,no,((~x) AND ((~a) OR (~q)) AND (b)) OR ((~q) AND ((~b) OR (~x)) AND (a)),x
025b,aaaa,3,0,3,generic,no,((~x) AND ((~a) OR (~q)) AND (b)) OR ((~q) AND (~b) AND (x)) OR ((~q) AND (~a) AND ((~b) OR (~x))),b
026f,ffff,3,0,3,clock,no,(((~x) OR (~q)) AND (~a) AND (b)) OR ((~q) AND ((~b) OR (~x)) AND (a)) OR ((~q) AND (~x)),1
027e,f0f0,3,0,3,generic,no,(((~x) OR (~q)) AND (~a) AND (b)) OR ((~q) AND ((~b) OR (~a)) AND (x)) OR ((~q) AND ((~b) OR (~x)) AND (a)),x
029f,aaaa,3,0,3,generic,no,((~x) AND ((~a) OR (~q)) AND (b)) OR ((~q) AND (b) AND (a)) OR ((~q) AND ((~a) OR (~x)) AND ((~b) OR (~x))),b
02ae,ffff,3,0,3,clock,no,(((~x) OR (~q)) AND ((~a) OR (~q)) AND (b)) OR ((~q) AND (~x) AND (a)),1
02be,f0f0,3,0,3,generic,no,(((~x) OR (~q)) AND ((~a) OR (~q)) AND (b)) OR ((~q) AND (~a) AND (x)) OR ((~q) AND (~x) AND (a)),x
02cb,aaaa,3,0,3,generic,no,((~x) AND ((~a) OR (~q)) AND (b)) OR ((~q) AND (a) AND (x)) OR ((~q) AND (~x) AND (~a)),b
02da,ffff,3,0,3,clock,no,((~x) AND ((~a) OR (~q)) AND (b)) OR ((~q) AND (a) AND (x)) OR ((~q) AND (~b) AND (x)),1
02e7,f0f0,3,0,3,generic,no,(((~x) OR (~q)) AND (~a) AND (b)) OR ((~q) AND (a) AND (x)) OR ((~q) AND (~x) AND ((~b) OR (~a))),x
02f6,aaaa,3,0,3,generic,no,(((~x) OR (~q)) AND (~a) AND (b)) OR ((~q) AND (x)) OR ((~q) AND (~b) AND (a)),b
0301,f0f0,3,0,3,generic,no,((~x) AND (~a) AND (q)) OR ((~x) AND (~a) AND (~b)),x
030e,0000,3,0,3,clock,no,((~x) AND (~a) AND (q)) OR ((~x) AND ((~a) OR (~q)) AND (b)) OR ((~q) AND (~x) AND (a)),0
031b,ff00,3,0,3,clock,no,(((~x) OR (~q)) AND (~a) AND ((~b) OR (~x))) OR ((~x) AND ((~a) OR (~q)) AND (b)),q
032b,cccc,3,0,3,generic,no,((~x) AND (~a)) OR ((~q) AND ((~a) OR (~x)) AND (b)),a
0335,0000,3,0,3,clock,no,((~x) AND (~a) AND (q)) OR ((~x) AND ((~a) OR (~q)) AND (~b)) OR ((~q) AND (~a) AND (x)),0
0344,ff00,3,0,3,clock,no,((~x) AND (~a) AND (q)) OR ((~q) AND (~b) AND (a)),q
034f,cccc,3,0,3,generic,no,((~x) AND ((~a) OR (~q))) OR ((~q) AND ((~b) OR (~x)) AND (a)),a
0357,0000,3,0,3,clock,no,(((~x) OR (~q)) AND (~a) AND ((~b) OR (~x))) OR (((~x) OR (~q)) AND ((~a) OR (~q)) AND (~b)),0
0366,ff00,3,0,3,clock,no,((~x) AND (~a) AND (q)) OR (((~x) OR (~q)) AND (~a) AND (b)) OR ((~q) AND (~b) AND (a)),q
0373,cccc,3,0,3,generic,no,(((~x) OR (~q)) AND (~a)) OR ((~q) AND ((~b) OR (~a)) AND (x)),a
037f,0000,3,0,3,clock,no,((~x) OR (~q)) AND ((~a) OR (~q)) AND ((~b) OR (~a) OR (~x)),0
038d,ff00,3,0,3,clock,no,((~x) AND (~a) AND (q)) OR ((~x) AND ((~a) OR (~q)) AND (~b)) OR ((~q) AND (b) AND (a)),q
03a1,cccc,3,0,3,generic,no,((~x) AND (~a) AND (q)) OR ((~x) AND (~a) AND (~b)) OR ((~q) AND (b) AND (x)),a
03ab,0000,3,0,3,clock,no,((~x) AND (~a)) OR (((~x) OR (~q)) AND ((~a) OR (~q)) AND (b)),0
03b3,ff00,3,0,3,clock,no,(((~x) OR (~q)) AND (~a)) OR ((~q) AND (b) AND (x)),q
03c0,cccc,3,0,3,generic,no,((~x) AND (~a) AND (q)) OR ((~q) AND (a) AND (x)),a
03c8,0000,3,0,3,clock,no,((~x) AND (~a) AND (q)) OR ((~q) AND (a) AND (x)) OR ((~q) AND (b) AND (a)),0
03cf,ff00,3,0,3,clock,no,((~x) AND ((~a) OR (~q))) OR ((~q) AND (a)),q
03db,cccc,3,0,3,generic,no,(((~x) OR (~q)) AND (~a) AND ((~b) OR (~x))) OR ((~x) AND ((~a) OR (~q)) AND (b)) OR ((~q) AND (a) AND (x)),a
03e4,0000,3,0,3,clock,no,((~x) AND (~a) AND (q)) OR ((~q) AND (b) AND (x)) OR ((~q) AND (~b) AND (a)),0
03ef,ff00,3,0,3,clock,no,((~x) AND ((~a) OR (~q))) OR (((~x) OR (~q)) AND ((~a) OR (~q)) AND (b)) OR ((~q) AND (a)),q
03f7,cccc,3,0,3,generic,no,(((~x) OR (~q)) AND ((~a) OR (~q)) AND ((~b) OR (~a))) OR ((~q) AND (x)),a
0407,0000,3,0,3,clock,no,((~x) AND (~b) AND (a)) OR ((~q) AND (~x) AND ((~b) OR (~a))),0
0417,ff00,3,0,3,clock,no,((~x) AND (~b) AND (a)) OR ((~q) AND (~a) AND ((~b) OR (~x))),q
0434,cccc,3,0,3,generic,no,((~x) AND (~b) AND (a)) OR ((~q) AND (~a) AND (x)),a
043f,0000,3,0,3,clock,no,((~x) AND ((~b) OR (~q)) AND (a)) OR ((~q) AND ((~a) OR (~x))),0
044e,ff00,3,0,3,clock,no,(((~x) OR (~q)) AND (~b) AND (a)) OR ((~q) AND (~x) AND (b)),q
045e,cccc,3,0,3,generic,no,(((~x) OR (~q)) AND (~b) AND (a)) OR ((~q) AND (~b) AND (x)) OR ((~q) AND (~x) AND (b)),a
0475,0000,3,0,3,clock,no,(((~x) OR (~q)) AND (~b) AND (a)) OR ((~q) AND ((~b) OR (~a)) AND (x)) OR ((~q) AND (~b)),0
047f,ff00,3,0,3,clock,no,(((~x) OR (~q)) AND (~b) AND (a)) OR ((~q) AND ((~b) OR (~a) OR (~x))),q
04a4,cccc,3,0,3,generic,no,((~x) AND (~b) AND (a)) OR ((~q) AND (b) AND (x)),a
04af,0000,3,0,3,clock,no,((~x) AND ((~b) OR (~q)) AND (a)) OR ((~q) AND (b)) OR ((~q) AND (~x)),0
04be,ff00,3,0,3,clock,no,((~x) AND ((~b) OR (~q)) AND (a)) OR ((~q) AND (b)) OR ((~q) AND (~a) AND (x)),q
04ce,cccc,3,0,3,generic,no,(((~x) OR (~q)) AND ((~b) OR (~q)) AND (a)) OR ((~q) AND (~x) AND (b)),a
04de,0000,3,0,3,clock,no,(((~x) OR (~q)) AND ((~b) OR (~q)) AND (a)) OR ((~q) AND (~b) AND (x)) OR ((~q) AND (~x) AND (b)),0
04ec,ff00,3,0,3,clock,no,(((~x) OR (~q)) AND ((~b) OR (~q)) AND (a)) OR ((~q) AND (b) AND (x)),q
04f7,cccc,3,0,3,generic,no,(((~x) OR (~q)) AND (~b) AND (a)) OR ((~q) AND (x)) OR ((~q) AND ((~b) OR (~a))),a
0507,0000,3,0,3,clock,no,(~x) AND ((~b) OR (~q)) AND ((~b) OR (~a)),0
050f,ff00,3,0,3,clock,no,(~x) AND ((~b) OR (~q)),q
051f,cccc,3,0,3,generic,no,(((~x) OR (~q)) AND ((~a) OR (~x)) AND (~b)) OR ((~x) AND ((~b) OR (~q))),a
052e,0000,3,0,3,clock,no,((~x) AND (~b) AND (q)) OR ((~x) AND ((~b) OR (~q)) AND (a)) OR ((~q) AND ((~a) OR (~x)) AND (b)),0
0534,ff00,3,0,3,clock,no,((~x) AND (~b) AND (q)) OR ((~x) AND (~b) AND (a)) OR ((~q) AND (~a) AND (x)),q
053f,cccc,3,0,3,generic,no,((~x) OR (~q)) AND ((~a) OR (~x)) AND ((~b) OR (~q)),a
054f,0000,3,0,3,clock,no,((~x) AND ((~b) OR (~q))) OR (((~x) OR (~q)) AND (~b) AND (a)),0
0557,ff00,3,0,3,clock,no,(((~x) OR (~q)) AND (~b)) OR ((~x) AND ((~b) OR (~q)) AND ((~b) OR (~a))),q
056e,cccc,3,0,3,generic,no,((~x) AND (~b) AND (q)) OR (((~x) OR (~q)) AND (~b) AND (a)) OR ((~q) AND ((~a) OR (~x)) AND (b)),a
0575,0000,3,0,3,clock,no,(((~x) OR (~q)) AND (~b)) OR ((~q) AND ((~b) OR (~a)) AND (x)),0
0588,ff00,3,0,3,clock,no,((~x) AND (~b) AND (q)) OR ((~q) AND (b) AND (a)),q
0599,cccc,3,0,3,generic,no,((~x) AND (~b) AND (q)) OR (((~x) OR (~q)) AND (~a) AND (~b)) OR ((~q) AND (b) AND (a)),a
05a3,0000,3,0,3,clock,no,((~x) AND (~b) AND (q)) OR ((~x) AND (~a) AND ((~b) OR (~q))) OR ((~q) AND (b) AND (x)),0
05ab,ff00,3,0,3,clock,no,((~x) AND (~b) AND (q)) OR ((~x) AND (~a) AND ((~b) OR (~q))) OR ((~q) AND (b)),q
05b3,cccc,3,0,3,generic,no,((~x) AND (~b) AND (q)) OR (((~x) OR (~q)) AND (~a) AND ((~b) OR (~q))) OR ((~q) AND (b) AND (x)),a
05bf,0000,3,0,3,clock,no,(((~x) OR (~q)) AND ((~a) OR (~x)) AND ((~b) OR (~q))) OR ((~q) AND (b)),0
05c7,ff00,3,0,3,clock,no,((~x) AND ((~b) OR (~q)) AND ((~b) OR (~a))) OR ((~q) AND (a) AND (x)),q
05d0,cccc,3,0,3,generic,no,((~x) AND (~b) AND (q)) OR ((~q) AND (a) AND (x)) OR ((~q) AND (~b) AND (x)),a
05dd,0000,3,0,3,clock,no,(((~x) OR (~q)) AND (~b)) OR (((~x) OR (~q)) AND ((~b) OR (~q)) AND (a)),0
05e7,ff00,3,0,3,clock,no,((~x) AND ((~b) OR (~q)) AND ((~b) OR (~a))) OR (((~x) OR (~q)) AND (~b) AND (a)) OR ((~q) AND (b) AND (x)),q
05f1,cccc,3,0,3,generic,no,((~x) AND (~b) AND (q)) OR (((~x) OR (~q)) AND (~a) AND (~b)) OR ((~q) AND (x)),a
05fa,0000,3,0,3,clock,no,((~x) AND (~b) AND (q)) OR ((~q) AND (x)) OR ((~q) AND (b)),0
060f,ff00,3,0,3,clock,no,((~x) AND ((~b) OR (~q)) AND (a)) OR ((~x) AND ((~a) OR (~q)) AND (b)) OR ((~q) AND (~x)),q
0636,cccc,3,0,3,generic,no,((~x) AND (~b) AND (a)) OR (((~x) OR (~q)) AND (~a) AND (b)) OR ((~q) AND (~a) AND (x)),a
064f,0000,3,0,3,clock,no,(((~x) OR (~q)) AND (~b) AND (a)) OR ((~x) AND ((~a) OR (~q)) AND (b)) OR ((~q) AND (~x)),0
0667,ff00,3,0,3,clock,no,(((~x) OR (~q)) AND (~b) AND (a)) OR (((~x) OR (~q)) AND (~a) AND (b)) OR ((~q) AND (~x) AND ((~b) OR (~a))),q
068e,cccc,3,0,3,generic,no,((~x) AND ((~b) OR (~q)) AND (a)) OR ((~x) AND ((~a) OR (~q)) AND (b)) OR ((~q) AND (b) AND (a)),a
06ce,0000,3,0,3,clock,no,(((~x) OR (~q)) AND ((~b) OR (~q)) AND (a)) OR ((~x) AND ((~a) OR (~q)) AND (b)),0
06ef,ff00,3,0,3,clock,no,(((~x) OR (~q)) AND ((~b) OR (~q)) AND (a)) OR (((~x) OR (~q)) AND ((~a) OR (~q)) AND (b)) OR ((~q) AND (~x)),q
0706,f0f0,3,0,3,generic,no,((~x) AND ((~b) OR (~a)) AND (q)) OR ((~x) AND (~b) AND (a)) OR ((~x) AND (~a) AND (b)),x
0711,f0f0,3,0,3,generic,no,((~x) AND ((~b) OR (~a)) AND (q)) OR (((~x) OR (~q)) AND (~a) AND (~b)),x
0722,aaaa,3,0,3,generic,no,((~x) AND ((~b) OR (~a)) AND (q)) OR (((~x) OR (~q)) AND (~a) AND (b)),b
072e,ffff,3,0,3,clock,no,((~x) AND ((~b) OR (~a)) AND (q)) OR ((~x) AND ((~b) OR (~q)) AND (a)) OR (((~x) OR (~q)) AND (~a) AND (b)),1
0735,f0f0,3,0,3,generic,no,((~x) AND ((~b) OR (~a)) AND (q)) OR (((~x) OR (~q)) AND ((~a) OR (~x)) AND (~b)) OR ((~q) AND (~a) AND (x)),x
0745,aaaa,3,0,3,generic,no,((~x) AND ((~b) OR (~a)) AND (q)) OR ((~x) AND (~b)) OR (((~x) OR (~q)) AND (~b) AND (a)),b
074f,ffff,3,0,3,clock,no,((~x) AND ((~b) OR (~a) OR (~q))) OR (((~x) OR (~q)) AND (~b) AND (a)),1
0757,f0f0,3,0,3,generic,no,((~x) OR (~q)) AND ((~b) OR (~x)) AND ((~b) OR (~a)),x
076e,aaaa,3,0,3,generic,no,((~x) AND ((~b) OR (~a)) AND (q)) OR (((~x) OR (~q)) AND (~b) AND (a)) OR ((~q) AND ((~a) OR (~x)) AND (b)),b
0774,ffff,3,0,3,clock,no,((~x) AND ((~b) OR (~a)) AND (q)) OR (((~x) OR (~q)) AND (~b) AND (a)) OR ((~q) AND ((~b) OR (~a)) AND (x)),1
0789,f0f0,3,0,3,generic,no,((~x) AND ((~b) OR (~a)) AND (q)) OR ((~x) AND (~a) AND (~b)) OR ((~q) AND (b) AND (a)),x
079b,aaaa,3,0,3,generic,no,((~x) AND ((~b) OR (~a)) AND (q)) OR (((~x) OR (~q)) AND (~a) AND ((~b) OR (~x))) OR ((~q) AND (b) AND (a)),b
07a3,ffff,3,0,3,clock,no,((~x) AND ((~b) OR (~a)) AND (q)) OR ((~x) AND (~a)) OR ((~q) AND (b) AND (x)),1
07ac,f0f0,3,0,3,generic,no,((~x) AND ((~b) OR (~a)) AND (q)) OR ((~x) AND ((~b) OR (~q)) AND (a)) OR ((~q) AND (b) AND (x)),x
07b7,aaaa,3,0,3,generic,no,(((~x) OR (~q)) AND ((~a) OR (~x)) AND ((~b) OR (~a))) OR ((~q) AND (b) AND (x)),b
07c1,ffff,3,0,3,clock,no,((~x) AND ((~b) OR (~a)) AND (q)) OR ((~x) AND (~a) AND (~b)) OR ((~q) AND (a) AND (x)),1
07ca,f0f0,3,0,3,generic,no,((~x) AND ((~b) OR (~a)) AND (q)) OR ((~x) AND ((~a) OR (~q)) AND (b)) OR ((~q) AND (a) AND (x)),x
07d3,aaaa,3,0,3,generic,no,((~x) AND ((~b) OR (~a)) AND (q)) OR (((~x) OR (~q)) AND (~a) AND ((~b) OR (~x))) OR ((~q) AND (a) AND (x)),b
07df,ffff,3,0,3,clock,no,(((~x) OR (~q)) AND ((~b) OR (~x)) AND ((~b) OR (~a) OR (~q))) OR (((~x) OR (~q)) AND ((~b) OR (~q)) AND (a)),1
07ee,f0f0,3,0,3,generic,no,((~x) AND ((~b) OR (~a)) AND (q)) OR (((~x) OR (~q)) AND ((~b) OR (~q)) AND (a)) OR (((~x) OR (~q)) AND ((~a) OR (~q)) AND (b)),x
07f5,aaaa,3,0,3,generic,no,((~x) AND ((~b) OR (~a)) AND (q)) OR (((~x) OR (~q)) AND (~b)) OR ((~q) AND (x)),b
080a,ffff,3,0,3,clock,no,((~x) AND (b) AND (a)) OR ((~q) AND (~x) AND (b)),1
081b,f0f0,3,0,3,generic,no,((~x) AND (b) AND (a)) OR ((~q) AND (~a) AND ((~b) OR (~x))),x
0838,aaaa,3,0,3,generic,no,((~x) AND (b) AND (a)) OR ((~q) AND (~a) AND (x)),b
083f,ffff,3,0,3,clock,no,((~x) AND (b) AND (a)) OR ((~q) AND ((~a) OR (~x))),1
085a,f0f0,3,0,3,generic,no,((~x) AND (b) AND (a)) OR ((~q) AND (~b) AND (x)) OR ((~q) AND (~x) AND (b)),x
0879,aaaa,3,0,3,generic,no,((~x) AND (b) AND (a)) OR ((~q) AND ((~b) OR (~a)) AND (x)) OR ((~q) AND (~a) AND (~b)),b
0888,ffff,3,0,3,clock,no,((~x) OR (~q)) AND (b) AND (a),1
0899,f0f0,3,0,3,generic,no,(((~x) OR (~q)) AND (b) AND (a)) OR ((~q) AND (~a) AND (~b)),x
08ac,aaaa,3,0,3,generic,no,(((~x) OR (~q)) AND (b) AND (a)) OR ((~q) AND (b) AND (x)) OR ((~q) AND (~x) AND (a)),b
08ba,ffff,3,0,3,clock,no,(((~x) OR (~q)) AND (b) AND (a)) OR ((~q) AND (b)) OR ((~q) AND (~a) AND (x)),1
08cb,f0f0,3,0,3,generic,no,(((~x) OR (~q)) AND (b) AND (a)) OR ((~q) AND (a) AND (x)) OR ((~q) AND (~x) AND (~a)),x
08da,aaaa,3,0,3,generic,no,(((~x) OR (~q)) AND (b) AND (a)) OR ((~q) AND (~b) AND (x)) OR ((~q) AND (~x) AND (b)),b
08ea,ffff,3,0,3,clock,no,(((~x) OR (~q)) AND (b) AND (a)) OR ((~q) AND (a) AND (x)) OR ((~q) AND (b)),1
08fc,f0f0,3,0,3,generic,no,(((~x) OR (~q)) AND (b) AND (a)) OR ((~q) AND (x)) OR ((~q) AND (a)),x
091b,aaaa,3,0,3,generic,no,((~x) AND (b) AND (a)) OR (((~x) OR (~q)) AND (~a) AND (~b)) OR ((~x) AND (~a) AND ((~b) OR (~q))),b
093b,ffff,3,0,3,clock,no,((~x) AND (b) AND (a)) OR (((~x) OR (~q)) AND (~a) AND ((~b) OR (~q))),1
095d,f0f0,3,0,3,generic,no,((~x) AND (b) AND (a)) OR (((~x) OR (~q)) AND ((~a) OR (~q)) AND (~b)),x
098b,aaaa,3,0,3,generic,no,(((~x) OR (~q)) AND (b) AND (a)) OR ((~x) AND (~a) AND ((~b) OR (~q))),b
099f,ffff,3,0,3,clock,no,(((~x) OR (~q)) AND (b) AND (a)) OR (((~x) OR (~q)) AND (~a) AND (~b)) OR ((~x) AND ((~a) OR (~q)) AND ((~b) OR (~q))),1
09bd,f0f0,3,0,3,generic,no,(((~x) OR (~q)) AND (b) AND (a)) OR ((~x) AND ((~a) OR (~q)) AND (~b)) OR ((~q) AND (~a) AND (x)),x
09db,aaaa,3,0,3,generic,no,(((~x) OR (~q)) AND (b) AND (a)) OR ((~x) AND (~a) AND ((~b) OR (~q))) OR ((~q) AND (~b) AND (x)),b
09ff,ffff,3,0,3,clock,no,(((~x) OR (~q)) AND (b) AND (a)) OR (((~x) OR (~q)) AND ((~a) OR (~q)) AND ((~b) OR (~q))),1
0a0e,f0f0,3,0,3,generic,no,((~x) AND (b)) OR ((~q) AND (~x) AND (a)),x
0a1b,aaaa,3,0,3,generic,no,((~x) AND (b)) OR ((~q) AND (~a) AND ((~b) OR (~x))),b
0a2a,ffff,3,0,3,clock,no,((~x) OR (~q)) AND ((~a) OR (~x)) AND (b),1
0a33,f0f0,3,0,3,generic,no,((~x) AND (b) AND (q)) OR ((~q) AND (~a)),x
0a3e,aaaa,3,0,3,generic,no,(((~x) OR (~q)) AND ((~a) OR (~x)) AND (b)) OR ((~q) AND (~a) AND (x)) OR ((~q) AND (~x) AND (a)),b
0a4c,ffff,3,0,3,clock,no,((~x) AND (b) AND (q)) OR ((~q) AND ((~b) OR (~x)) AND (a)),1
0a53,f0f0,3,0,3,generic,no,((~x) AND (b) AND (q)) OR ((~q) AND (~b) AND (x)) OR ((~q) AND (~a) AND ((~b) OR (~x))),x
0a5c,aaaa,3,0,3,generic,no,((~x) AND (b) AND (q)) OR ((~q) AND (~b) AND (x)) OR ((~q) AND ((~b) OR (~x)) AND (a)),b
0a6f,ffff,3,0,3,clock,no,(((~x) OR (~q)) AND ((~a) OR (~x)) AND (b)) OR ((~q) AND ((~b) OR (~x)) AND (a)) OR ((~q) AND (~x)),1
0a77,f0f0,3,0,3,generic,no,((~x) AND (b) AND (q)) OR ((~q) AND ((~b) OR (~a))),x
0a88,aaaa,3,0,3,generic,no,((~x) AND (b) AND (q)) OR (((~x) OR (~q)) AND (b) AND (a)),b
0a8f,ffff,3,0,3,clock,no,((~x) AND (b)) OR (((~x) OR (~q)) AND (b) AND (a)) OR ((~q) AND (~x)),1
0aa3,f0f0,3,0,3,generic,no,((~x) AND (b) AND (q)) OR ((~q) AND (b) AND (x)) OR ((~q) AND (~x) AND (~a)),x
0aae,aaaa,3,0,3,generic,no,(((~x) OR (~q)) AND (b)) OR ((~q) AND (~x) AND (a)),b
0ab7,ffff,3,0,3,clock,no,((~x) AND (b) AND (q)) OR ((~q) AND (b) AND (x)) OR ((~q) AND ((~a) OR (~x)) AND ((~b) OR (~a))),1
0ac2,f0f0,3,0,3,generic,no,((~x) AND (b) AND (q)) OR ((~x) AND (~a) AND (b)) OR ((~q) AND (a) AND (x)),x
0acb,aaaa,3,0,3,generic,no,((~x) AND (b)) OR ((~q) AND (a) AND (x)) OR ((~q) AND (~x) AND (~a)),b
0ad1,ffff,3,0,3,clock,no,((~x) AND (b) AND (q)) OR ((~q) AND (a) AND (x)) OR ((~q) AND (~a) AND (~b)),1
0adc,f0f0,3,0,3,generic,no,((~x) AND (b) AND (q)) OR ((~q) AND (a)) OR ((~q) AND (~b) AND (x)),x
0aea,aaaa,3,0,3,generic,no,(((~x) OR (~q)) AND (b)) OR ((~q) AND (a) AND (x)),b
0af1,ffff,3,0,3,clock,no,((~x) AND (b) AND (q)) OR ((~q) AND (x)) OR ((~q) AND (~a) AND (~b)),1
0afa,f0f0,3,0,3,generic,no,(((~x) OR (~q)) AND (b)) OR ((~q) AND (x)),x
0b05,cccc,3,0,3,generic,no,((~x) AND (b) AND (q)) OR ((~x) AND ((~a) OR (~q)) AND (~b)),a
0b11,cccc,3,0,3,generic,no,((~x) AND (b) AND (q)) OR (((~x) OR (~q)) AND (~a) AND (~b)),a
0b1f,0000,3,0,3,clock,no,((~x) AND (b)) OR (((~x) OR (~q)) AND (~a) AND ((~b) OR (~x))) OR ((~x) AND ((~a) OR (~q))),0
0b2e,ff00,3,0,3,clock,no,(((~x) OR (~q)) AND ((~a) OR (~x)) AND (b)) OR ((~x) AND (~a) AND (q)) OR ((~q) AND (~x) AND (a)),q
0b38,cccc,3,0,3,generic,no,((~x) AND (b) AND (a)) OR ((~x) AND (~a) AND (q)) OR ((~q) AND (~a) AND (x)),a
0b4c,0000,3,0,3,clock,no,((~x) AND (b) AND (q)) OR ((~x) AND (~a) AND (q)) OR ((~q) AND ((~b) OR (~x)) AND (a)),0
0b53,ff00,3,0,3,clock,no,((~x) AND (b) AND (q)) OR (((~x) OR (~q)) AND (~a) AND ((~b) OR (~x))) OR ((~q) AND (~b) AND (x)),q
0b5f,cccc,3,0,3,generic,no,((~x) AND (b)) OR (((~x) OR (~q)) AND ((~a) OR (~q)) AND ((~b) OR (~x))),a
0b77,0000,3,0,3,clock,no,((~x) AND (b) AND (q)) OR (((~x) OR (~q)) AND ((~a) OR (~q)) AND ((~b) OR (~a))),0
0b89,ff00,3,0,3,clock,no,((~x) AND (b) AND (q)) OR (((~x) OR (~q)) AND (b) AND (a)) OR ((~x) AND (~a) AND (~b)),q
0b9b,cccc,3,0,3,generic,no,(((~x) OR (~q)) AND (b) AND (a)) OR (((~x) OR (~q)) AND (~a) AND ((~b) OR (~x))),a
0ba7,0000,3,0,3,clock,no,((~x) AND (b) AND (q)) OR ((~x) AND ((~a) OR (~q)) AND ((~b) OR (~a))) OR ((~q) AND (b) AND (x)),0
0bb1,ff00,3,0,3,clock,no,((~x) AND (b) AND (q)) OR (((~x) OR (~q)) AND (~a) AND (~b)) OR ((~q) AND (b) AND (x)),q
0bc1,cccc,3,0,3,generic,no,((~x) AND (b) AND (q)) OR ((~x) AND (~a) AND (~b)) OR ((~q) AND (a) AND (x)),a
0bcc,0000,3,0,3,clock,no,((~x) AND (b) AND (q)) OR ((~x) AND (~a) AND (q)) OR ((~q) AND (a)),0
0bd5,ff00,3,0,3,clock,no,((~x) AND (b) AND (q)) OR (((~x) OR (~q)) AND ((~a) OR (~q)) AND (~b)) OR ((~q) AND (a) AND (x)),q
0bee,cccc,3,0,3,generic,no,(((~x) OR (~q)) AND (b)) OR ((~x) AND (~a) AND (q)) OR ((~q) AND (a)),a
0bf8,0000,3,0,3,clock,no,(((~x) OR (~q)) AND (b) AND (a)) OR ((~x) AND (~a) AND (q)) OR ((~q) AND (x)),0
0c08,cccc,3,0,3,generic,no,((~x) AND (a) AND (q)) OR ((~x) AND (b) AND (a)),a
0c15,cccc,3,0,3,generic,no,((~x) AND (a) AND (q)) OR ((~q) AND ((~a) OR (~x)) AND (~b)),a
0c23,0000,3,0,3,clock,no,((~x) AND (a) AND (q)) OR ((~q) AND (~a) AND (b)) OR ((~q) AND (~x) AND (~a)),0
0c2f,ff00,3,0,3,clock,no,((~x) AND (a)) OR ((~q) AND ((~a) OR (~x)) AND (b)) OR ((~q) AND (~x)),q
0c37,cccc,3,0,3,generic,no,((~x) AND (a) AND (q)) OR ((~q) AND ((~a) OR (~x)) AND ((~b) OR (~a))),a
0c3f,0000,3,0,3,clock,no,((~x) AND (a)) OR ((~q) AND ((~a) OR (~x))),0
0c4e,ff00,3,0,3,clock,no,(((~x) OR (~q)) AND ((~b) OR (~x)) AND (a)) OR ((~q) AND (~x) AND (b)),q
0c57,cccc,3,0,3,generic,no,((~x) AND (a) AND (q)) OR ((~q) AND ((~b) OR (~x)) AND ((~b) OR (~a))),a
0c66,0000,3,0,3,clock,no,((~x) AND (a) AND (q)) OR (((~x) OR (~q)) AND (~b) AND (a)) OR ((~q) AND (~a) AND (b)),0
0c73,ff00,3,0,3,clock,no,((~x) AND (a) AND (q)) OR ((~q) AND ((~b) OR (~a)) AND (x)) OR ((~q) AND (~a)),q
0c7d,cccc,3,0,3,generic,no,(((~x) OR (~q)) AND ((~b) OR (~x)) AND (a)) OR ((~q) AND ((~b) OR (~a)) AND (x)) OR ((~q) AND (~b)),a
0c8d,0000,3,0,3,clock,no,((~x) AND (a)) OR (((~x) OR (~q)) AND (b) AND (a)) OR ((~q) AND (~x) AND (~b)),0
0c9f,ff00,3,0,3,clock,no,((~x) AND (a)) OR (((~x) OR (~q)) AND (b) AND (a)) OR ((~q) AND ((~a) OR (~x)) AND ((~b) OR (~x))),q
0ca8,cccc,3,0,3,generic,no,((~x) AND (a) AND (q)) OR (((~x) OR (~q)) AND (b) AND (a)) OR ((~q) AND (b) AND (x)),a
0cb0,0000,3,0,3,clock,no,((~x) AND (a) AND (q)) OR ((~q) AND (b) AND (x)) OR ((~q) AND (~a) AND (x)),0
0cba,ff00,3,0,3,clock,no,((~x) AND (a) AND (q)) OR ((~q) AND (b)) OR ((~q) AND (~a) AND (x)),q
0cc3,cccc,3,0,3,generic,no,((~x) AND (a) AND (q)) OR ((~q) AND (a) AND (x)) OR ((~q) AND (~x) AND (~a)),a
0ccd,0000,3,0,3,clock,no,(((~x) OR (~q)) AND (a)) OR ((~q) AND (~x) AND (~b)),0
0cd5,ff00,3,0,3,clock,no,((~x) AND (a) AND (q)) OR ((~q) AND (a) AND (x)) OR ((~q) AND (~b)),q
0ce0,cccc,3,0,3,generic,no,((~x) AND (a) AND (q)) OR ((~q) AND (a) AND (x)) OR ((~q) AND (b) AND (x)),a
0cef,0000,3,0,3,clock,no,(((~x) OR (~q)) AND (a)) OR ((~q) AND (b)) OR ((~q) AND (~x)),0
0cf5,ff00,3,0,3,clock,no,((~x) AND (a) AND (q)) OR ((~q) AND (x)) OR ((~q) AND (~b)),q
0cff,cccc,3,0,3,generic,no,(((~x) OR (~q)) AND (a)) OR (~q),a
0d0e,f0f0,3,0,3,generic,no,((~x) AND (a)) OR ((~x) AND (~b) AND (q)) OR ((~q) AND (~x) AND (b)),x
0d1b,aaaa,3,0,3,generic,no,((~x) AND (a) AND (q)) OR (((~x) OR (~q)) AND (~a) AND (~b)) OR ((~q) AND (~x) AND (b)),b
0d2a,ffff,3,0,3,clock,no,((~x) AND (a) AND (q)) OR ((~x) AND (~b) AND (q)) OR ((~q) AND ((~a) OR (~x)) AND (b)),1
0d35,f0f0,3,0,3,generic,no,((~x) AND (a) AND (q)) OR (((~x) OR (~q)) AND ((~a) OR (~x)) AND (~b)) OR ((~q) AND (~a) AND (x)),x
0d44,aaaa,3,0,3,generic,no,((~x) AND (a) AND (q)) OR ((~x) AND (~b) AND (q)) OR (((~x) OR (~q)) AND (~b) AND (a)),b
0d4f,ffff,3,0,3,clock,no,(((~x) OR (~q)) AND ((~b) OR (~x)) AND (a)) OR ((~x) AND ((~b) OR (~q))),1
0d5c,f0f0,3,0,3,generic,no,(((~x) OR (~q)) AND ((~b) OR (~x)) AND (a)) OR ((~x) AND (~b) AND (q)) OR ((~q) AND (~b) AND (x)),x
0d73,aaaa,3,0,3,generic,no,((~x) AND (a) AND (q)) OR (((~x) OR (~q)) AND (~a) AND ((~b) OR (~q))) OR ((~q) AND ((~b) OR (~a)) AND (x)),b
0d7f,ffff,3,0,3,clock,no,(((~x) OR (~q)) AND ((~b) OR (~x)) AND (a)) OR (((~x) OR (~q)) AND ((~b) OR (~q)) AND ((~b) OR (~a) OR (~x))),1
0d8f,f0f0,3,0,3,generic,no,(((~x) OR (~q)) AND (b) AND (a)) OR ((~x) AND ((~b) OR (~q))),x
0da3,aaaa,3,0,3,generic,no,((~x) AND (a) AND (q)) OR ((~x) AND (~a) AND ((~b) OR (~q))) OR ((~q) AND (b) AND (x)),b
0dac,ffff,3,0,3,clock,no,((~x) AND (a)) OR ((~x) AND (~b) AND (q)) OR ((~q) AND (b) AND (x)),1
0db8,f0f0,3,0,3,generic,no,(((~x) OR (~q)) AND (b) AND (a)) OR ((~x) AND (~b) AND (q)) OR ((~q) AND (~a) AND (x)),x
0dc5,aaaa,3,0,3,generic,no,((~x) AND (a) AND (q)) OR ((~x) AND (~b)) OR ((~q) AND (a) AND (x)),b
0dcf,ffff,3,0,3,clock,no,(((~x) OR (~q)) AND (a)) OR ((~x) AND ((~b) OR (~q))),1
0dec,f0f0,3,0,3,generic,no,(((~x) OR (~q)) AND (a)) OR ((~x) AND (~b) AND (q)) OR ((~q) AND (b) AND (x)),x
0df5,aaaa,3,0,3,generic,no,((~x) AND (a) AND (q)) OR (((~x) OR (~q)) AND (~b)) OR ((~q) AND (x)),b
0e02,f0f0,3,0,3,generic,no,((~x) AND (a) AND (q)) OR ((~x) AND (~a) AND (b)),x
0e11,f0f0,3,0,3,generic,no,((~x) AND (a) AND (q)) OR ((~x) AND (b) AND (q)) OR ((~q) AND (~a) AND (~b)),x
0e22,aaaa,3,0,3,generic,no,((~x) AND (a) AND (q)) OR (((~x) OR (~q)) AND (~a) AND (b)),b
0e2e,ffff,3,0,3,clock,no,((~x) AND (a)) OR (((~x) OR (~q)) AND ((~a) OR (~x)) AND (b)),1
0e3a,f0f0,3,0,3,generic,no,((~x) AND (a) AND (q)) OR (((~x) OR (~q)) AND ((~a) OR (~x)) AND (b)) OR ((~q) AND (~a) AND (x)),x
0e46,aaaa,3,0,3,generic,no,((~x) AND (a) AND (q)) OR (((~x) OR (~q)) AND (~b) AND (a)) OR ((~x) AND (~a) AND (b)),b
0e50,ffff,3,0,3,clock,no,((~x) AND (a) AND (q)) OR ((~x) AND (b) AND (q)) OR ((~q) AND (~b) AND (x)),1
0e5d,f0f0,3,0,3,generic,no,(((~x) OR (~q)) AND ((~b) OR (~x)) AND (a)) OR ((~x) AND (b) AND (q)) OR ((~q) AND (~b)),x
0e72,aaaa,3,0,3,generic,no,((~x) AND (a) AND (q)) OR (((~x) OR (~q)) AND (~a) AND (b)) OR ((~q) AND ((~b) OR (~a)) AND (x)),b
0e7f,ffff,3,0,3,clock,no,(((~x) OR (~q)) AND ((~b) OR (~x)) AND (a)) OR (((~x) OR (~q)) AND ((~a) OR (~x)) AND (b)) OR ((~q) AND ((~b) OR (~a) OR (~x))),1
0ea4,f0f0,3,0,3,generic,no,((~x) AND (b) AND (q)) OR ((~x) AND (~b) AND (a)) OR ((~q) AND (b) AND (x)),x
0ebb,aaaa,3,0,3,generic,no,((~x) AND (a) AND (q)) OR (((~x) OR (~q)) AND (b)) OR ((~q) AND (~a)),b
0eca,ffff,3,0,3,clock,no,((~x) AND (a) AND (q)) OR ((~x) AND (b)) OR ((~q) AND (a) AND (x)),1
0ede,f0f0,3,0,3,generic,no,(((~x) OR (~q)) AND (a)) OR ((~x) AND (b)) OR ((~q) AND (~b) AND (x)),x
0eef,aaaa,3,0,3,generic,no,(((~x) OR (~q)) AND (a)) OR (((~x) OR (~q)) AND (b)) OR ((~q) AND (~x)),b
0efe,ffff,3,0,3,clock,no,(((~x) OR (~q)) AND (a)) OR (((~x) OR (~q)) AND (b)) OR ((~q) AND (x)),1
0f0b,cccc,3,0,3,generic,no,((~x) AND (q)) OR ((~x) AND (b)) OR ((~x) AND (~a)),a
0f19,ffff,3,0,3,clock,no,((~x) AND (q)) OR ((~x) AND (b) AND (a)) OR (((~x) OR (~q)) AND (~a) AND (~b)),1
0f27,f0f0,3,0,3,generic,no,((~x) AND (q)) OR ((~x) AND ((~b) OR (~a))) OR (((~x) OR (~q)) AND (~a) AND (b)),x
0f32,aaaa,3,0,3,generic,no,((~x) AND (q)) OR (((~x) OR (~q)) AND (~a) AND (b)) OR ((~q) AND (~a) AND (x)),b
0f3a,ffff,3,0,3,clock,no,((~x) AND (q)) OR (((~x) OR (~q)) AND ((~a) OR (~x)) AND (b)) OR ((~q) AND (~a) AND (x)),1
0f47,f0f0,3,0,3,generic,no,((~x) AND (q)) OR ((~x) AND ((~b) OR (~a))) OR (((~x) OR (~q)) AND (~b) AND (a)),x
0f52,aaaa,3,0,3,generic,no,((~x) AND (q)) OR ((~x) AND (~a) AND (b)) OR ((~q) AND (~b) AND (x)),b
0f5a,ffff,3,0,3,clock,no,((~x) AND (q)) OR ((~x) AND (b)) OR ((~q) AND (~b) AND (x)),1
0f70,f0f0,3,0,3,generic,no,((~x) AND (q)) OR ((~q) AND ((~b) OR (~a)) AND (x)),x
0f78,aaaa,3,0,3,generic,no,((~x) AND (q)) OR ((~x) AND (b) AND (a)) OR ((~q) AND ((~b) OR (~a)) AND (x)),b
0f8a,ffff,3,0,3,clock,no,((~x) AND (q)) OR ((~x) AND (b)) OR (((~x) OR (~q)) AND (b) AND (a)),1
0f9f,0000,3,0,3,clock,no,(((~x) OR (~q)) AND ((~a) OR (~x)) AND ((~b) OR (~x))) OR (((~x) OR (~q)) AND (b) AND (a)),0
0fa5,ff00,3,0,3,clock,yes,((~x) AND (q)) OR ((~x) AND (~b)) OR ((~q) AND (b) AND (x)),q
0faf,f0f0,3,0,3,generic,no,(((~x) OR (~q)) AND (b)) OR (~x),x
0fba,f0f0,3,0,3,generic,no,((~x) AND (q)) OR (((~x) OR (~q)) AND (b)) OR ((~q) AND (~a) AND (x)),x
0fc4,aaaa,3,0,3,generic,no,((~x) AND (q)) OR (((~x) OR (~q)) AND (~b) AND (a)) OR ((~q) AND (a) AND (x)),b
0fcd,ffff,3,0,3,clock,no,((~x) AND (q)) OR (((~x) OR (~q)) AND (a)) OR ((~x) AND (~b)),1
0fd8,0000,3,0,3,clock,no,((~x) AND (q)) OR (((~x) OR (~q)) AND (b) AND (a)) OR ((~q) AND (~b) AND (x)),0
0fe4,ff00,3,0,3,clock,no,((~x) AND (q)) OR (((~x) OR (~q)) AND (~b) AND (a)) OR ((~q) AND (b) AND (x)),q
0ff3,0000,3,0,3,clock,no,((~x) AND (q)) OR (((~x) OR (~q)) AND (~a)) OR ((~q) AND (x)),0
0ffc,ff00,3,0,3,clock,no,((~x) AND (q)) OR (((~x) OR (~q)) AND (a)) OR ((~q) AND (x)),q
0fff,c000,1,2,3,generic,no,"NAND(q,x)",(a) AND (x) AND (q)
0fff,e8c8,1,2,3,generic,no,"NAND(q,x)",((a) AND (x)) OR ((b) AND (x) AND (q)) OR ((b) AND (a))
0fff,f0a0,1,2,3,generic,no,"NAND(q,x)",((x) AND (q)) OR ((b) AND (x))
0fff,fc80,1,2,3,generic,no,"NAND(q,x)",((x) AND (q)) OR ((a) AND (q)) OR ((b) AND (a) AND (x))
0fff,ffcf,1,2,3,generic,no,"NAND(q,x)",(q) OR (a) OR (~x)
101a,f0f0,3,0,3,generic,no,((~a) AND (~b) AND (x)) OR ((~q) AND (~x) AND (b)),x
1031,aaaa,3,0,3,generic,no,((~a) AND ((~b) OR (~q)) AND (x)) OR ((~q) AND (~a) AND (~b)),b
103b,ffff,3,0,3,clock,no,((~a) AND ((~b) OR (~q)) AND (x)) OR ((~q) AND (~a)) OR ((~q) AND ((~a) OR (~x)) AND (b)),1
1053,f0f0,3,0,3,generic,no,(((~a) OR (~q)) AND (~b) AND (x)) OR ((~q) AND (~a) AND ((~b) OR (~x))),x
105d,aaaa,3,0,3,generic,no,(((~a) OR (~q)) AND (~b) AND (x)) OR ((~q) AND (~b)) OR ((~q) AND ((~b) OR (~x)) AND (a)),b
1073,ffff,3,0,3,clock,no,(((~a) OR (~q)) AND (~b) AND (x)) OR ((~q) AND (~a)),1
107c,f0f0,3,0,3,generic,no,((~a) AND ((~b) OR (~q)) AND (x)) OR ((~q) AND ((~b) OR (~x)) AND (a)),x
109b,aaaa,3,0,3,generic,no,((~a) AND (~b) AND (x)) OR ((~q) AND (b) AND (a)) OR ((~q) AND (~a) AND ((~b) OR (~x))),b
10b2,ffff,3,0,3,clock,no,((~a) AND ((~b) OR (~q)) AND (x)) OR ((~q) AND (b) AND (x)) OR ((~q) AND (~a) AND (b)),1
10bb,f0f0,3,0,3,generic,no,((~a) AND ((~b) OR (~q)) AND (x)) OR ((~q) AND (b)) OR ((~q) AND (~a)),x
10d3,aaaa,3,0,3,generic,no,(((~a) OR (~q)) AND (~b) AND (x)) OR ((~q) AND (a) AND (x)) OR ((~q) AND (~a) AND ((~b) OR (~x))),b
10da,ffff,3,0,3,clock,no,(((~a) OR (~q)) AND (~b) AND (x)) OR ((~q) AND (a) AND (x)) OR ((~q) AND (~x) AND (b)),1
10f1,f0f0,3,0,3,generic,no,(((~a) OR (~q)) AND ((~b) OR (~q)) AND (x)) OR ((~q) AND (~a) AND (~b)),x
10f8,aaaa,3,0,3,generic,no,(((~a) OR (~q)) AND ((~b) OR (~q)) AND (x)) OR ((~q) AND (b) AND (a)),b
10fe,ffff,3,0,3,clock,no,(((~a) OR (~q)) AND ((~b) OR (~q)) AND (x)) OR ((~q) AND (a)) OR ((~q) AND (b)),1
1110,aaaa,3,0,3,generic,no,((~a) AND (~b) AND (q)) OR ((~a) AND (~b) AND (x)),b
111d,aaaa,3,0,3,generic,no,(((~a) OR (~q)) AND ((~a) OR (~x)) AND (~b)) OR ((~q) AND (~x) AND (a)),b
112b,ffff,3,0,3,clock,no,((~a) AND (~b) AND (q)) OR ((~x) AND (~a) AND ((~b) OR (~q))) OR ((~q) AND ((~a) OR (~x)) AND (b)),1
1135,f0f0,3,0,3,generic,no,(((~a) OR (~q)) AND ((~a) OR (~x)) AND (~b)) OR ((~a) AND ((~b) OR (~q)) AND (x)),x
1144,aaaa,3,0,3,generic,no,((~a) AND (~b) AND (q)) OR ((~q) AND (~b) AND (a)),b
114f,ffff,3,0,3,clock,no,((~a) AND (~b) AND (q)) OR ((~x) AND ((~a) OR (~q)) AND ((~b) OR (~q))) OR ((~q) AND ((~b) OR (~x)) AND (a)),1
115a,f0f0,3,0,3,generic,no,((~a) AND (~b) AND (q)) OR (((~a) OR (~q)) AND (~b) AND (x)) OR ((~q) AND (~x) AND (b)),x
1170,aaaa,3,0,3,generic,no,((~a) AND (~b) AND (q)) OR ((~q) AND ((~b) OR (~a)) AND (x)),b
1177,ffff,3,0,3,clock,no,((~a) OR (~q)) AND ((~b) OR (~q)) AND ((~b) OR (~a)),1
1189,f0f0,3,0,3,generic,no,((~a) AND (~b) AND (q)) OR ((~x) AND (~a) AND (~b)) OR ((~q) AND (b) AND (a)),x
1199,aaaa,3,0,3,generic,no,((~a) AND (~b)) OR ((~q) AND (b) AND (a)),b
11a2,ffff,3,0,3,clock,no,((~a) AND (~b) AND (q)) OR ((~q) AND (b) AND (x)) OR ((~q) AND (~a) AND (b)),1
11ac,f0f0,3,0,3,generic,no,((~a) AND (~b) AND (q)) OR ((~q) AND (b) AND (x)) OR ((~q) AND (~x) AND (a)),x
11b7,aaaa,3,0,3,generic,no,((~a) AND ((~b) OR (~q))) OR (((~a) OR (~q)) AND ((~a) OR (~x)) AND (~b)) OR ((~q) AND (b) AND (x)),b
11bf,ffff,3,0,3,clock,no,(((~a) OR (~q)) AND ((~a) OR (~x)) AND ((~b) OR (~q))) OR ((~q) AND (b)),1
11c8,f0f0,3,0,3,generic,no,((~a) AND (~b) AND (q)) OR ((~q) AND (a) AND (x)) OR ((~q) AND (b) AND (a)),x
11d1,aaaa,3,0,3,generic,no,((~a) AND (~b)) OR ((~q) AND (a) AND (x)),b
11db,ffff,3,0,3,clock,no,((~a) AND ((~b) OR (~q)) AND ((~b) OR (~x))) OR (((~a) OR (~q)) AND (~b) AND (x)) OR ((~q) AND (b) AND (a)),1
11ea,f0f0,3,0,3,generic,no,((~a) AND (~b) AND (q)) OR ((~q) AND (a) AND (x)) OR ((~q) AND (b)),x
11f4,aaaa,3,0,3,generic,no,((~a) AND (~b) AND (q)) OR (((~a) OR (~q)) AND ((~b) OR (~q)) AND (x)) OR ((~q) AND (~b) AND (a)),b
11fb,ffff,3,0,3,clock,no,((~a) AND ((~b) OR (~q))) OR (((~a) OR (~q)) AND ((~b) OR (~q)) AND (x)) OR ((~q) AND (b)),1
121b,f0f0,3,0,3,generic,no,((~a) AND (~b) AND (x)) OR ((~x) AND ((~a) OR (~q)) AND (b)) OR ((~q) AND (~a) AND ((~b) OR (~x))),x
123b,aaaa,3,0,3,generic,no,((~a) AND ((~b) OR (~q)) AND (x)) OR ((~x) AND ((~a) OR (~q)) AND (b)) OR ((~q) AND (~a)),b
1257,ffff,3,0,3,clock,no,(((~a) OR (~q)) AND (~b) AND (x)) OR ((~x) AND (~a) AND (b)) OR ((~q) AND ((~b) OR (~x)) AND ((~b) OR (~a))),1
1276,f0f0,3,0,3,generic,no,(((~a) OR (~q)) AND (~b) AND (x)) OR (((~x) OR (~q)) AND (~a) AND (b)) OR ((~q) AND (~b) AND (a)),x
12b2,aaaa,3,0,3,generic,no,((~a) AND ((~b) OR (~q)) AND (x)) OR (((~x) OR (~q)) AND (~a) AND (b)) OR ((~q) AND (b) AND (x)),b
12da,ffff,3,0,3,clock,no,(((~a) OR (~q)) AND (~b) AND (x)) OR ((~x) AND ((~a) OR (~q)) AND (b)) OR ((~q) AND (a) AND (x)),1
12fb,f0f0,3,0,3,generic,no,(((~a) OR (~q)) AND ((~b) OR (~q)) AND (x)) OR (((~x) OR (~q)) AND ((~a) OR (~q)) AND (b)) OR ((~q) AND (~a)),x
130c,cccc,3,0,3,generic,no,((~a) AND ((~b) OR (~x)) AND (q)) OR ((~q) AND (~x) AND (a)),a
131b,cccc,3,0,3,generic,no,((~a) AND ((~b) OR (~x))) OR ((~x) AND ((~a) OR (~q)) AND (b)),a
132a,0000,3,0,3,clock,no,((~a) AND ((~b) OR (~x)) AND (q)) OR ((~q) AND ((~a) OR (~x)) AND (b)),0
1332,ff00,3,0,3,clock,no,((~a) AND ((~b) OR (~x)) AND (q)) OR ((~a) AND ((~b) OR (~q)) AND (x)) OR (((~x) OR (~q)) AND (~a) AND (b)),q
133f,cccc,3,0,3,generic,no,((~a) OR (~q)) AND ((~a) OR (~x)) AND ((~b) OR (~x) OR (~q)),a
134e,0000,3,0,3,clock,no,((~a) AND ((~b) OR (~x)) AND (q)) OR ((~x) AND ((~a) OR (~q)) AND (b)) OR ((~q) AND ((~b) OR (~x)) AND (a)),0
1354,ff00,3,0,3,clock,no,((~a) AND ((~b) OR (~x)) AND (q)) OR (((~a) OR (~q)) AND (~b) AND (x)) OR ((~q) AND (~b) AND (a)),q
135f,cccc,3,0,3,generic,no,((~a) OR (~q)) AND ((~b) OR (~x)),a
1374,0000,3,0,3,clock,no,((~a) AND ((~b) OR (~x)) AND (q)) OR ((~a) AND ((~b) OR (~q)) AND (x)) OR ((~q) AND (~b) AND (a)),0
137f,ff00,3,0,3,clock,no,((~a) OR (~q)) AND ((~b) OR (~x) OR (~q)) AND ((~b) OR (~a) OR (~x)),q
138f,cccc,3,0,3,generic,no,((~a) AND ((~b) OR (~x)) AND (q)) OR ((~x) AND ((~a) OR (~q))) OR ((~q) AND (b) AND (a)),a
13a1,0000,3,0,3,clock,no,((~a) AND ((~b) OR (~x)) AND (q)) OR ((~x) AND (~a) AND (~b)) OR ((~q) AND (b) AND (x)),0
13aa,ff00,3,0,3,clock,no,((~a) AND ((~b) OR (~x)) AND (q)) OR (((~x) OR (~q)) AND ((~a) OR (~q)) AND (b)),q
13b3,cccc,3,0,3,generic,no,((~a) AND ((~b) OR (~x) OR (~q))) OR ((~q) AND (b) AND (x)),a
13c0,0000,3,0,3,clock,no,((~a) AND ((~b) OR (~x)) AND (q)) OR ((~q) AND (a) AND (x)),0
13c7,ff00,3,0,3,clock,no,((~a) AND ((~b) OR (~x)) AND (q)) OR ((~x) AND ((~a) OR (~q)) AND ((~b) OR (~a))) OR ((~q) AND (a) AND (x)),q
13d0,cccc,3,0,3,generic,no,((~a) AND ((~b) OR (~x)) AND (q)) OR (((~a) OR (~q)) AND (~b) AND (x)) OR ((~q) AND (a) AND (x)),a
13dc,0000,3,0,3,clock,no,((~a) AND ((~b) OR (~x)) AND (q)) OR (((~a) OR (~q)) AND (~b) AND (x)) OR ((~q) AND (a)),0
13ea,ff00,3,0,3,clock,no,((~a) AND ((~b) OR (~x)) AND (q)) OR (((~x) OR (~q)) AND ((~a) OR (~q)) AND (b)) OR ((~q) AND (a) AND (x)),q
13f4,cccc,3,0,3,generic,no,((~a) AND ((~b) OR (~x)) AND (q)) OR (((~a) OR (~q)) AND ((~b) OR (~q)) AND (x)) OR ((~q) AND (~b) AND (a)),a
13ff,0000,3,0,3,clock,no,((~a) OR (~q)) AND ((~b) OR (~x) OR (~q)),0
141f,ff00,3,0,3,clock,no,((~a) AND (~b) AND (x)) OR ((~x) AND ((~b) OR (~q)) AND (a)) OR ((~q) AND ((~a) OR (~x)) AND ((~b) OR (~x))),q
143e,cccc,3,0,3,generic,no,((~a) AND ((~b) OR (~q)) AND (x)) OR ((~x) AND ((~b) OR (~q)) AND (a)) OR ((~q) AND ((~a) OR (~x)) AND (b)),a
145e,0000,3,0,3,clock,no,(((~a) OR (~q)) AND (~b) AND (x)) OR (((~x) OR (~q)) AND (~b) AND (a)) OR ((~q) AND (~x) AND (b)),0
147c,ff00,3,0,3,clock,no,(((~a) OR (~q)) AND (~b) AND (x)) OR ((~a) AND ((~b) OR (~q)) AND (x)) OR ((~x) AND ((~b) OR (~q)) AND (a)),q
14be,cccc,3,0,3,generic,no,((~a) AND ((~b) OR (~q)) AND (x)) OR ((~x) AND ((~b) OR (~q)) AND (a)) OR ((~q) AND (b)),a
14f5,0000,3,0,3,clock,no,(((~a) OR (~q)) AND ((~b) OR (~q)) AND (x)) OR (((~x) OR (~q)) AND (~b) AND (a)) OR ((~q) AND (~b)),0
14ff,ff00,3,0,3,clock,no,(((~a) OR (~q)) AND ((~b) OR (~q)) AND (x)) OR (((~x) OR (~q)) AND ((~b) OR (~q)) AND (a)) OR (~q),q
1510,f0f0,3,0,3,generic,no,(((~a) OR (~x)) AND (~b) AND (q)) OR ((~a) AND (~b) AND (x)),x
151f,0000,3,0,3,clock,no,((~a) OR (~x)) AND ((~b) OR (~q)) AND ((~b) OR (~x)),0
152b,ff00,3,0,3,clock,no,(((~a) OR (~x)) AND (~b) AND (q)) OR ((~x) AND (~a) AND ((~b) OR (~q))) OR ((~q) AND ((~a) OR (~x)) AND (b)),q
1534,cccc,3,0,3,generic,no,(((~a) OR (~x)) AND (~b) AND (q)) OR ((~a) AND ((~b) OR (~q)) AND (x)) OR ((~x) AND (~b) AND (a)),a
153f,0000,3,0,3,clock,no,((~a) OR (~x)) AND ((~b) OR (~q)),0
154e,ff00,3,0,3,clock,no,(((~a) OR (~x)) AND (~b) AND (q)) OR (((~x) OR (~q)) AND (~b) AND (a)) OR ((~q) AND (~x) AND (b)),q
1557,cccc,3,0,3,generic,no,(((~a) OR (~x) OR (~q)) AND (~b)) OR ((~a) AND ((~b) OR (~q)) AND ((~b) OR (~x))),a
1570,0000,3,0,3,clock,no,(((~a) OR (~x)) AND (~b) AND (q)) OR ((~q) AND ((~b) OR (~a)) AND (x)),0
1577,ff00,3,0,3,clock,no,((~a) OR (~x) OR (~q)) AND ((~b) OR (~q)) AND ((~b) OR (~a)),q
158a,cccc,3,0,3,generic,no,(((~a) OR (~x)) AND (~b) AND (q)) OR ((~q) AND (b) AND (a)) OR ((~q) AND (~x) AND (b)),a
159b,0000,3,0,3,clock,no,(((~a) OR (~x)) AND (~b) AND (q)) OR ((~a) AND ((~b) OR (~q)) AND ((~b) OR (~x))) OR ((~q) AND (b) AND (a)),0
15a3,ff00,3,0,3,clock,no,(((~a) OR (~x)) AND (~b) AND (q)) OR ((~x) AND (~a) AND ((~b) OR (~q))) OR ((~q) AND (b) AND (x)),q
15ac,cccc,3,0,3,generic,no,(((~a) OR (~x)) AND (~b) AND (q)) OR ((~x) AND ((~b) OR (~q)) AND (a)) OR ((~q) AND (b) AND (x)),a
15b7,0000,3,0,3,clock,no,(((~a) OR (~x)) AND ((~b) OR (~q)) AND ((~b) OR (~a))) OR ((~q) AND (b) AND (x)),0
15c0,ff00,3,0,3,clock,no,(((~a) OR (~x)) AND (~b) AND (q)) OR ((~q) AND (a) AND (x)),q
15ca,cccc,3,0,3,generic,no,(((~a) OR (~x)) AND (~b) AND (q)) OR ((~q) AND (a) AND (x)) OR ((~q) AND (~x) AND (b)),a
15d3,0000,3,0,3,clock,no,(((~a) OR (~x)) AND (~b) AND (q)) OR ((~a) AND ((~b) OR (~q)) AND ((~b) OR (~x))) OR ((~q) AND (a) AND (x)),0
15df,ff00,3,0,3,clock,no,(((~a) OR (~x) OR (~q)) AND ((~b) OR (~q)) AND ((~b) OR (~x))) OR (((~x) OR (~q)) AND ((~b) OR (~q)) AND (a)),q
15f0,cccc,3,0,3,generic,no,(((~a) OR (~x)) AND (~b) AND (q)) OR (((~a) OR (~q)) AND ((~b) OR (~q)) AND (x)),a
15f8,0000,3,0,3,clock,no,(((~a) OR (~x)) AND (~b) AND (q)) OR (((~a) OR (~q)) AND ((~b) OR (~q)) AND (x)) OR ((~q) AND (b) AND (a)),0
1636,ff00,3,0,3,clock,no,((~a) AND ((~b) OR (~q)) AND (x)) OR ((~x) AND (~b) AND (a)) OR (((~x) OR (~q)) AND (~a) AND (b)),q
16de,cccc,3,0,3,generic,no,(((~a) OR (~q)) AND (~b) AND (x)) OR (((~x) OR (~q)) AND ((~b) OR (~q)) AND (a)) OR ((~x) AND ((~a) OR (~q)) AND (b)),a
170a,aaaa,3,0,3,generic,no,(((~a) OR (~x)) AND (~b) AND (q)) OR ((~x) AND ((~a) OR (~q)) AND (b)),b
171a,ff00,3,0,3,clock,no,(((~a) OR (~x)) AND (~b) AND (q)) OR ((~a) AND (~b) AND (x)) OR ((~x) AND ((~a) OR (~q)) AND (b)),q
1726,cccc,3,0,3,generic,no,(((~a) OR (~x)) AND (~b) AND (q)) OR ((~x) AND (~b) AND (a)) OR (((~x) OR (~q)) AND (~a) AND (b)),a
1731,0000,3,0,3,clock,no,((~a) AND (~b)) OR ((~a) AND ((~b) OR (~q)) AND (x)) OR ((~x) AND ((~b) OR (~a)) AND (q)),0
173a,ff00,3,0,3,clock,no,(((~a) OR (~x)) AND (~b) AND (q)) OR ((~a) AND ((~b) OR (~q)) AND (x)) OR ((~x) AND ((~a) OR (~q)) AND (b)),q
1747,cccc,3,0,3,generic,no,(((~a) OR (~x)) AND (~b) AND (q)) OR ((~x) AND ((~b) OR (~a))) OR (((~x) OR (~q)) AND (~b) AND (a)),a
1752,0000,3,0,3,clock,no,(((~a) OR (~x)) AND (~b) AND (q)) OR (((~a) OR (~q)) AND (~b) AND (x)) OR ((~x) AND (~a) AND (b)),0
175c,ff00,3,0,3,clock,no,((~a) AND ((~b) OR (~x)) AND (q)) OR (((~a) OR (~q)) AND (~b) AND (x)) OR ((~x) AND ((~b) OR (~q)) AND (a)),q
1772,cccc,3,0,3,generic,no,(((~a) OR (~x)) AND (~b) AND (q)) OR (((~a) OR (~q)) AND (~b) AND (x)) OR (((~x) OR (~q)) AND (~a) AND (b)),a
177f,0000,3,0,3,clock,no,(((~a) OR (~x) OR (~q)) AND ((~b) OR (~x) OR (~q)) AND ((~b) OR (~a))) OR (((~a) OR (~x) OR (~q)) AND ((~b) OR (~x)) AND ((~b) OR (~a) OR (~q))),0
178f,ff00,3,0,3,clock,no,(((~a) OR (~x)) AND (~b) AND (q)) OR ((~x) AND ((~b) OR (~a) OR (~q))) OR ((~q) AND (b) AND (a)),q
17a2,cccc,3,0,3,generic,no,(((~a) OR (~x)) AND (~b) AND (q)) OR (((~x) OR (~q)) AND (~a) AND (b)) OR ((~q) AND (b) AND (x)),a
17ac,0000,3,0,3,clock,no,((~a) AND ((~b) OR (~x)) AND (q)) OR ((~x) AND ((~b) OR (~q)) AND (a)) OR ((~q) AND (b) AND (x)),0
17b5,ff00,3,0,3,clock,no,(((~a) OR (~x)) AND (~b)) OR ((~a) AND ((~b) OR (~x)) AND (q)) OR ((~q) AND (b) AND (x)),q
17c2,cccc,3,0,3,generic,no,(((~a) OR (~x)) AND (~b) AND (q)) OR ((~x) AND (~a) AND (b)) OR ((~q) AND (a) AND (x)),a
17cd,0000,3,0,3,clock,no,((~a) AND ((~b) OR (~x)) AND (q)) OR ((~x) AND (~b)) OR (((~x) OR (~q)) AND ((~b) OR (~q)) AND (a)),0
17d5,ff00,3,0,3,clock,no,(((~a) OR (~x) OR (~q)) AND (~b)) OR ((~a) AND ((~b) OR (~x)) AND (q)) OR ((~q) AND (a) AND (x)),q
17e4,cccc,3,0,3,generic,no,((~a) AND ((~b) OR (~x)) AND (q)) OR (((~x) OR (~q)) AND (~b) AND (a)) OR ((~q) AND (b) AND (x)),a
17f3,0000,3,0,3,clock,no,(((~a) OR (~x)) AND (~b) AND (q)) OR ((~a) AND ((~b) OR (~x) OR (~q))) OR (((~a) OR (~q)) AND ((~b) OR (~q)) AND (x)),0
17fc,ff00,3,0,3,clock,no,((~a) AND ((~b) OR (~x)) AND (q)) OR (((~a) OR (~q)) AND ((~b) OR (~q)) AND (x)) OR (((~x) OR (~q)) AND ((~b) OR (~q)) AND (a)),q
181f,cccc,3,0,3,generic,no,((~a) AND (~b) AND (x)) OR ((~x) AND (b) AND (a)) OR ((~q) AND ((~a) OR (~x)) AND ((~b) OR (~x))),a
183f,0000,3,0,3,clock,no,((~a) AND ((~b) OR (~q)) AND (x)) OR ((~x) AND (b) AND (a)) OR ((~q) AND ((~a) OR (~x))),0
185d,ff00,3,0,3,clock,no,(((~a) OR (~q)) AND (~b) AND (x)) OR ((~x) AND (b) AND (a)) OR ((~q) AND (~b)),q
187f,cccc,3,0,3,generic,no,(((~a) OR (~q)) AND (~b) AND (x)) OR ((~x) AND (b) AND (a)) OR ((~q) AND ((~b) OR (~a) OR (~x))),a
189f,0000,3,0,3,clock,no,((~a) AND (~b) AND (x)) OR (((~x) OR (~q)) AND (b) AND (a)) OR ((~q) AND ((~a) OR (~x)) AND ((~b) OR (~x))),0
18bd,ff00,3,0,3,clock,no,((~a) AND ((~b) OR (~q)) AND (x)) OR (((~x) OR (~q)) AND (b) AND (a)) OR ((~q) AND ((~a) OR (~x)) AND (~b)),q
18dd,cccc,3,0,3,generic,no,(((~a) OR (~q)) AND (~b) AND (x)) OR (((~x) OR (~q)) AND (b) AND (a)) OR ((~q) AND (~b)),a
18fd,0000,3,0,3,clock,no,(((~a) OR (~q)) AND ((~b) OR (~q)) AND (x)) OR (((~x) OR (~q)) AND (b) AND (a)) OR ((~q) AND (~b)),0
191b,ff00,3,0,3,clock,no,((~a) AND ((~b) OR (~q)) AND ((~b) OR (~x))) OR ((~x) AND (b) AND (a)),q
193d,cccc,3,0,3,generic,no,(((~a) OR (~q)) AND ((~a) OR (~x)) AND (~b)) OR ((~a) AND ((~b) OR (~q)) AND (x)) OR ((~x) AND (b) AND (a)),a
195f,0000,3,0,3,clock,no,(((~a) OR (~q)) AND ((~b) OR (~q)) AND ((~b) OR (~x))) OR ((~x) AND (b) AND (a)),0
1988,ff00,3,0,3,clock,no,((~a) AND (~b) AND (q)) OR (((~x) OR (~q)) AND (b) AND (a)),q
1998,cccc,3,0,3,generic,no,((~a) AND (~b) AND (q)) OR ((~a) AND (~b) AND (x)) OR (((~x) OR (~q)) AND (b) AND (a)),a
19b8,0000,3,0,3,clock,no,((~a) AND (~b) AND (q)) OR ((~a) AND ((~b) OR (~q)) AND (x)) OR (((~x) OR (~q)) AND (b) AND (a)),0
19cc,ff00,3,0,3,clock,no,((~a) AND (~b) AND (q)) OR (((~x) OR (~q)) AND (b) AND (a)) OR ((~q) AND (a)),q
19f9,cccc,3,0,3,generic,no,((~a) AND (~b)) OR (((~a) OR (~q)) AND ((~b) OR (~q)) AND (x)) OR (((~x) OR (~q)) AND (b) AND (a)),a
1a18,aaaa,3,0,3,generic,no,((~a) AND (~b) AND (x)) OR ((~x) AND (b) AND (q)) OR ((~x) AND (b) AND (a)),b
1a32,aaaa,3,0,3,generic,no,((~a) AND ((~b) OR (~q)) AND (x)) OR ((~x) AND (b) AND (q)) OR (((~x) OR (~q)) AND (~a) AND (b)),b
1a3b,ffff,3,0,3,clock,no,((~a) AND ((~b) OR (~q)) AND (x)) OR (((~x) OR (~q)) AND ((~a) OR (~x)) AND (b)) OR ((~q) AND (~a)),1
1a53,f0f0,3,0,3,generic,no,(((~a) OR (~q)) AND (~b) AND (x)) OR ((~x) AND (b) AND (q)) OR ((~q) AND (~a) AND ((~b) OR (~x))),x
1a5c,aaaa,3,0,3,generic,no,(((~a) OR (~q)) AND (~b) AND (x)) OR ((~x) AND (b) AND (q)) OR ((~q) AND ((~b) OR (~x)) AND (a)),b
1a74,ffff,3,0,3,clock,no,((~a) AND ((~b) OR (~q)) AND (x)) OR ((~x) AND (b) AND (q)) OR ((~q) AND (~b) AND (a)),1
1a7f,f0f0,3,0,3,generic,no,(((~a) OR (~q)) AND (~b) AND (x)) OR (((~x) OR (~q)) AND ((~a) OR (~x)) AND (b)) OR ((~q) AND ((~b) OR (~a) OR (~x))),x
1abe,aaaa,3,0,3,generic,no,((~a) AND ((~b) OR (~q)) AND (x)) OR (((~x) OR (~q)) AND (b)) OR ((~q) AND (~x) AND (a)),b
1ade,ffff,3,0,3,clock,no,(((~a) OR (~q)) AND (~b) AND (x)) OR ((~x) AND (b)) OR ((~q) AND (a)),1
1af7,f0f0,3,0,3,generic,no,(((~a) OR (~q)) AND ((~b) OR (~q)) AND (x)) OR ((~x) AND (b) AND (q)) OR ((~q) AND ((~b) OR (~a))),x
1b00,cccc,3,0,3,generic,no,((~a) AND ((~b) OR (~x)) AND (q)) OR ((~x) AND (b) AND (q)),a
1b0f,f0f0,3,0,3,generic,no,((~a) AND ((~b) OR (~x)) AND (q)) OR ((~x) AND (b)) OR ((~x) AND ((~a) OR (~q))),x
1b22,f0f0,3,0,3,generic,no,((~a) AND ((~b) OR (~x)) AND (q)) OR ((~x) AND (b) AND (q)) OR (((~x) OR (~q)) AND (~a) AND (b)),x
1b33,aaaa,3,0,3,generic,no,((~a) AND ((~b) OR (~x) OR (~q))) OR ((~x) AND (b) AND (q)),b
1b3f,ffff,3,0,3,clock,no,(((~a) OR (~q)) AND ((~a) OR (~x)) AND ((~b) OR (~x) OR (~q))) OR (((~x) OR (~q)) AND ((~a) OR (~x)) AND (b)),1
1b55,f0f0,3,0,3,generic,no,(((~a) OR (~q)) AND (~b)) OR ((~x) AND (b) AND (q)),x
1b6e,aaaa,3,0,3,generic,no,((~a) AND ((~b) OR (~x)) AND (q)) OR (((~x) OR (~q)) AND ((~a) OR (~x)) AND (b)) OR ((~q) AND ((~b) OR (~x)) AND (a)),b
1b78,ffff,3,0,3,clock,no,((~a) AND ((~b) OR (~x)) AND (q)) OR ((~x) AND (b) AND (a)) OR ((~q) AND ((~b) OR (~a)) AND (x)),1
1b8b,f0f0,3,0,3,generic,no,((~a) AND ((~b) OR (~x)) AND (q)) OR (((~x) OR (~q)) AND (b) AND (a)) OR ((~x) AND (~a)),x
1b9d,aaaa,3,0,3,generic,no,((~a) AND ((~b) OR (~x)) AND (q)) OR (((~a) OR (~q)) AND ((~a) OR (~x)) AND (~b)) OR (((~x) OR (~q)) AND (b) AND (a)),b
1bae,ffff,3,0,3,clock,no,((~a) AND ((~b) OR (~x)) AND (q)) OR (((~x) OR (~q)) AND (b)) OR ((~q) AND (~x) AND (a)),1
1bbb,f0f0,3,0,3,generic,no,((~a) AND ((~b) OR (~x) OR (~q))) OR (((~x) OR (~q)) AND (b)),x
1bd1,aaaa,3,0,3,generic,no,((~a) AND (~b)) OR ((~x) AND (b) AND (q)) OR ((~q) AND (a) AND (x)),b
1bdd,ffff,3,0,3,clock,no,((~a) AND ((~b) OR (~x)) AND (q)) OR (((~a) OR (~q)) AND (~b)) OR (((~x) OR (~q)) AND (b) AND (a)),1
1bf5,f0f0,3,0,3,generic,no,(((~a) OR (~q)) AND (~b)) OR (((~a) OR (~q)) AND ((~b) OR (~q)) AND (x)) OR ((~x) AND (b) AND (q)),x
1c13,cccc,3,0,3,generic,no,((~a) AND (~b) AND (x)) OR ((~x) AND (a) AND (q)) OR ((~q) AND (~a) AND ((~b) OR (~x))),a
1c30,ffff,3,0,3,clock,no,((~a) AND ((~b) OR (~q)) AND (x)) OR ((~x) AND (a) AND (q)),1
1c38,f0f0,3,0,3,generic,no,((~a) AND ((~b) OR (~q)) AND (x)) OR ((~x) AND (a) AND (q)) OR ((~x) AND (b) AND (a)),x
1c51,aaaa,3,0,3,generic,no,(((~a) OR (~q)) AND (~b) AND (x)) OR ((~x) AND (a) AND (q)) OR ((~q) AND (~a) AND (~b)),b
1c5a,ffff,3,0,3,clock,no,(((~a) OR (~q)) AND (~b) AND (x)) OR ((~x) AND (a) AND (q)) OR ((~q) AND (~x) AND (b)),1
1c73,f0f0,3,0,3,generic,no,(((~a) OR (~q)) AND (~b) AND (x)) OR ((~x) AND (a) AND (q)) OR ((~q) AND (~a)),x
1c7e,aaaa,3,0,3,generic,no,(((~a) OR (~q)) AND (~b) AND (x)) OR (((~x) OR (~q)) AND ((~b) OR (~x)) AND (a)) OR ((~q) AND ((~a) OR (~x)) AND (b)),b
1cba,ffff,3,0,3,clock,no,((~a) AND ((~b) OR (~q)) AND (x)) OR ((~x) AND (a) AND (q)) OR ((~q) AND (b)),1
1cde,f0f0,3,0,3,generic,no,(((~a) OR (~q)) AND (~b) AND (x)) OR (((~x) OR (~q)) AND (a)) OR ((~q) AND (~x) AND (b)),x
1cf5,aaaa,3,0,3,generic,no,(((~a) OR (~q)) AND ((~b) OR (~q)) AND (x)) OR ((~x) AND (a) AND (q)) OR ((~q) AND (~b)),b
1cfe,ffff,3,0,3,clock,no,(((~a) OR (~q)) AND ((~b) OR (~q)) AND (x)) OR (((~x) OR (~q)) AND (a)) OR ((~q) AND (b)),1
1d0d,aaaa,3,0,3,generic,no,(((~a) OR (~x)) AND (~b) AND (q)) OR ((~x) AND (a)) OR ((~x) AND (~b)),b
1d1f,ff00,3,0,3,clock,no,(((~a) OR (~x)) AND ((~b) OR (~q)) AND ((~b) OR (~x))) OR ((~x) AND (a)),q
1d35,cccc,3,0,3,generic,no,(((~a) OR (~x)) AND (~b)) OR ((~a) AND ((~b) OR (~q)) AND (x)) OR ((~x) AND (a) AND (q)),a
1d44,0000,3,0,3,clock,no,(((~a) OR (~x)) AND (~b) AND (q)) OR ((~x) AND (a) AND (q)) OR (((~x) OR (~q)) AND (~b) AND (a)),0
1d51,ff00,3,0,3,clock,no,((~a) AND (~b)) OR (((~a) OR (~q)) AND (~b) AND (x)) OR ((~x) AND (a) AND (q)),q
1d5f,cccc,3,0,3,generic,no,(((~a) OR (~x) OR (~q)) AND ((~b) OR (~q)) AND ((~b) OR (~x))) OR (((~x) OR (~q)) AND ((~b) OR (~x)) AND (a)),a
1d78,0000,3,0,3,clock,no,(((~a) OR (~x)) AND (~b) AND (q)) OR ((~x) AND (b) AND (a)) OR ((~q) AND ((~b) OR (~a)) AND (x)),0
1d8a,ff00,3,0,3,clock,no,(((~a) OR (~x)) AND (~b) AND (q)) OR (((~x) OR (~q)) AND (b) AND (a)) OR ((~q) AND (~x) AND (b)),q
1d9b,cccc,3,0,3,generic,no,(((~a) OR (~x)) AND (~b) AND (q)) OR ((~a) AND ((~b) OR (~q)) AND ((~b) OR (~x))) OR (((~x) OR (~q)) AND (b) AND (a)),a
1dae,0000,3,0,3,clock,no,(((~a) OR (~x)) AND (~b) AND (q)) OR ((~x) AND (a)) OR ((~q) AND (b)),0
1dbb,ff00,3,0,3,clock,no,(((~a) OR (~x)) AND (~b) AND (q)) OR ((~a) AND ((~b) OR (~q))) OR (((~x) OR (~q)) AND (b) AND (a)),q
1dce,cccc,3,0,3,generic,no,(((~a) OR (~x)) AND (~b) AND (q)) OR (((~x) OR (~q)) AND (a)) OR ((~q) AND (~x) AND (b)),a
1ddd,0000,3,0,3,clock,no,(((~a) OR (~x) OR (~q)) AND (~b)) OR (((~x) OR (~q)) AND (a)),0
1df3,ff00,3,0,3,clock,no,((~a) AND ((~b) OR (~q))) OR (((~a) OR (~q)) AND ((~b) OR (~q)) AND (x)) OR ((~x) AND (a) AND (q)),q
1e10,f0f0,3,0,3,generic,no,((~a) AND (~b) AND (x)) OR ((~x) AND (a) AND (q)) OR ((~x) AND (b) AND (q)),x
1e3c,f0f0,3,0,3,generic,no,((~a) AND ((~b) OR (~q)) AND (x)) OR ((~x) AND (a)) OR ((~x) AND (b) AND (q)),x
1e5e,aaaa,3,0,3,generic,no,(((~a) OR (~q)) AND (~b) AND (x)) OR (((~x) OR (~q)) AND ((~b) OR (~x)) AND (a)) OR ((~x) AND (b)),b
1eba,ffff,3,0,3,clock,no,((~a) AND ((~b) OR (~q)) AND (x)) OR ((~x) AND (a) AND (q)) OR (((~x) OR (~q)) AND (b)),1
1efa,f0f0,3,0,3,generic,no,(((~a) OR (~q)) AND ((~b) OR (~q)) AND (x)) OR ((~x) AND (a) AND (q)) OR (((~x) OR (~q)) AND (b)),x
1f08,cccc,3,0,3,generic,no,(((~a) OR (~x)) AND ((~b) OR (~x)) AND (q)) OR ((~x) AND (b) AND (a)),a
1f15,f0f0,3,0,3,generic,no,(((~a) OR (~x)) AND ((~b) OR (~x)) AND (q)) OR (((~a) OR (~x)) AND (~b)),x
1f27,0000,3,0,3,clock,no,(((~a) OR (~x)) AND ((~b) OR (~x)) AND (q)) OR ((~x) AND ((~b) OR (~a))) OR (((~x) OR (~q)) AND (~a) AND (b)),0
1f31,ff00,3,0,3,clock,no,(((~a) OR (~x)) AND ((~b) OR (~x)) AND (q)) OR ((~a) AND (~b)) OR ((~a) AND ((~b) OR (~q)) AND (x)),q
1f3a,cccc,3,0,3,generic,no,(((~a) OR (~x)) AND ((~b) OR (~x)) AND (q)) OR ((~a) AND ((~b) OR (~q)) AND (x)) OR (((~x) OR (~q)) AND ((~a) OR (~x)) AND (b)),a
1f47,0000,3,0,3,clock,no,(((~a) OR (~x)) AND ((~b) OR (~x)) AND (q)) OR ((~x) AND ((~b) OR (~a))) OR (((~x) OR (~q)) AND (~b) AND (a)),0
1f51,ff00,3,0,3,clock,no,(((~a) OR (~x)) AND ((~b) OR (~x)) AND (q)) OR ((~a) AND (~b)) OR (((~a) OR (~q)) AND (~b) AND (x)),q
1f5a,cccc,3,0,3,generic,no,(((~a) OR (~x)) AND ((~b) OR (~x)) AND (q)) OR (((~a) OR (~q)) AND (~b) AND (x)) OR ((~x) AND (b)),a
1f71,0000,3,0,3,clock,no,(((~a) OR (~x)) AND ((~b) OR (~x)) AND (q)) OR ((~a) AND (~b)) OR ((~q) AND ((~b) OR (~a)) AND (x)),0
1f78,ff00,3,0,3,clock,no,(((~a) OR (~x)) AND ((~b) OR (~x)) AND (q)) OR ((~x) AND (b) AND (a)) OR ((~q) AND ((~b) OR (~a)) AND (x)),q
1f8b,cccc,3,0,3,generic,no,(((~a) OR (~x)) AND ((~b) OR (~x)) AND (q)) OR (((~x) OR (~q)) AND (b) AND (a)) OR ((~x) AND (~a)),a
1f9d,0000,3,0,3,clock,no,(((~a) OR (~x)) AND ((~b) OR (~x)) AND (q)) OR (((~a) OR (~x)) AND (~b)) OR (((~x) OR (~q)) AND (b) AND (a)),0
1fa4,ff00,3,0,3,clock,no,(((~a) OR (~x)) AND ((~b) OR (~x)) AND (q)) OR ((~x) AND (~b) AND (a)) OR ((~q) AND (b) AND (x)),q
1fae,cccc,3,0,3,generic,no,(((~a) OR (~x)) AND ((~b) OR (~x)) AND (q)) OR ((~x) AND (a)) OR (((~x) OR (~q)) AND (b)),a
1fb8,0000,3,0,3,clock,no,(((~a) OR (~x)) AND ((~b) OR (~x)) AND (q)) OR ((~a) AND ((~b) OR (~q)) AND (x)) OR (((~x) OR (~q)) AND (b) AND (a)),0
1fc2,ff00,3,0,3,clock,no,(((~a) OR (~x)) AND ((~b) OR (~x)) AND (q)) OR ((~x) AND (~a) AND (b)) OR ((~q) AND (a) AND (x)),q
1fcc,cccc,3,0,3,generic,no,(((~a) OR (~x)) AND ((~b) OR (~x)) AND (q)) OR (((~x) OR (~q)) AND (a)),a
1fd5,0000,3,0,3,clock,no,(((~a) OR (~x)) AND ((~b) OR (~x)) AND (q)) OR (((~a) OR (~x) OR (~q)) AND (~b)) OR ((~q) AND (a) AND (x)),0
1fe0,ff00,3,0,3,clock,no,(((~a) OR (~x)) AND ((~b) OR (~x)) AND (q)) OR ((~q) AND (a) AND (x)) OR ((~q) AND (b) AND (x)),q
1ff1,cccc,3,0,3,generic,no,(((~a) OR (~x)) AND ((~b) OR (~x)) AND (q)) OR ((~a) AND (~b)) OR (((~a) OR (~q)) AND ((~b) OR (~q)) AND (x)),a
1ffa,0000,3,0,3,clock,no,(((~a) OR (~x)) AND ((~b) OR (~x)) AND (q)) OR (((~a) OR (~q)) AND ((~b) OR (~q)) AND (x)) OR (((~x) OR (~q)) AND (b)),0
2027,ff00,3,0,3,clock,no,((~a) AND (b) AND (x)) OR ((~q) AND (~x) AND ((~b) OR (~a))),q
2030,cccc,3,0,3,generic,no,((~a) AND (b) AND (x)) OR ((~q) AND (~a) AND (x)),a
203b,0000,3,0,3,clock,no,((~a) AND (b) AND (x)) OR ((~q) AND (~a)) OR ((~q) AND ((~a) OR (~x)) AND (b)),0
2066,ff00,3,0,3,clock,no,((~a) AND (b) AND (x)) OR ((~q) AND (~b) AND (a)) OR ((~q) AND (~a) AND (b)),q
2071,cccc,3,0,3,generic,no,((~a) AND (b) AND (x)) OR ((~q) AND ((~b) OR (~a)) AND (x)) OR ((~q) AND (~a) AND (~b)),a
207c,0000,3,0,3,clock,no,((~a) AND (b) AND (x)) OR ((~q) AND ((~b) OR (~a)) AND (x)) OR ((~q) AND ((~b) OR (~x)) AND (a)),0
20a5,ff00,3,0,3,clock,no,(((~a) OR (~q)) AND (b) AND (x)) OR ((~q) AND (~x) AND (~b)),q
20ae,cccc,3,0,3,generic,no,(((~a) OR (~q)) AND (b) AND (x)) OR ((~q) AND (b)) OR ((~q) AND (~x) AND (a)),a
20b7,0000,3,0,3,clock,no,(((~a) OR (~q)) AND (b) AND (x)) OR ((~q) AND ((~a) OR (~x)) AND ((~b) OR (~a))),0
20bd,ff00,3,0,3,clock,no,(((~a) OR (~q)) AND (b) AND (x)) OR ((~q) AND (b) AND (a)) OR ((~q) AND ((~a) OR (~x)) AND (~b)),q
20e6,cccc,3,0,3,generic,no,(((~a) OR (~q)) AND (b) AND (x)) OR ((~q) AND (~b) AND (a)) OR ((~q) AND (~a) AND (b)),a
20ef,0000,3,0,3,clock,no,(((~a) OR (~q)) AND (b) AND (x)) OR ((~q) AND (a)) OR ((~q) AND (~x)),0
20f5,ff00,3,0,3,clock,no,(((~a) OR (~q)) AND (b) AND (x)) OR ((~q) AND (~b)),q
2123,cccc,3,0,3,generic,no,((~a) AND (b) AND (x)) OR ((~x) AND (~a) AND ((~b) OR (~q))),a
2133,0000,3,0,3,clock,no,((~a) AND (b) AND (x)) OR (((~x) OR (~q)) AND (~a) AND ((~b) OR (~q))),0
2165,ff00,3,0,3,clock,no,((~a) AND (b) AND (x)) OR ((~x) AND ((~a) OR (~q)) AND (~b)) OR ((~q) AND (~b) AND (a)),q
2177,cccc,3,0,3,generic,no,((~a) AND (b) AND (x)) OR (((~x) OR (~q)) AND ((~a) OR (~q)) AND (~b)) OR (((~x) OR (~q)) AND (~a) AND ((~b) OR (~q))),a
21a9,0000,3,0,3,clock,no,(((~a) OR (~q)) AND (b) AND (x)) OR ((~x) AND (~a) AND (~b)) OR ((~q) AND (b) AND (a)),0
21b5,ff00,3,0,3,clock,no,(((~a) OR (~q)) AND (b) AND (x)) OR (((~x) OR (~q)) AND (~a) AND (~b)) OR ((~x) AND ((~a) OR (~q)) AND (~b)),q
21e3,cccc,3,0,3,generic,no,(((~a) OR (~q)) AND (b) AND (x)) OR ((~x) AND (~a) AND ((~b) OR (~q))) OR ((~q) AND (a) AND (x)),a
21f5,0000,3,0,3,clock,no,(((~a) OR (~q)) AND (b) AND (x)) OR (((~x) OR (~q)) AND ((~a) OR (~q)) AND (~b)),0
220a,cccc,3,0,3,generic,no,((~a) AND (b) AND (q)) OR ((~x) AND ((~a) OR (~q)) AND (b)),a
2220,f0f0,3,0,3,generic,no,((~a) AND (b) AND (q)) OR ((~a) AND (b) AND (x)),x
222e,f0f0,3,0,3,generic,no,(((~a) OR (~q)) AND ((~a) OR (~x)) AND (b)) OR ((~q) AND (~x) AND (a)),x
2237,aaaa,3,0,3,generic,no,((~a) AND (b)) OR ((~q) AND ((~a) OR (~x)) AND ((~b) OR (~a))),b
2244,ffff,3,0,3,clock,no,((~a) AND (b) AND (q)) OR ((~q) AND (~b) AND (a)),1
224f,f0f0,3,0,3,generic,no,((~a) AND (b) AND (q)) OR ((~q) AND ((~b) OR (~x)) AND (a)) OR ((~q) AND (~x)),x
2257,aaaa,3,0,3,generic,no,((~a) AND (b) AND (q)) OR ((~q) AND ((~b) OR (~x)) AND ((~b) OR (~a))),b
2266,ffff,3,0,3,clock,no,((~a) AND (b)) OR ((~q) AND (~b) AND (a)),1
2272,f0f0,3,0,3,generic,no,((~a) AND (b)) OR ((~q) AND ((~b) OR (~a)) AND (x)),x
227b,aaaa,3,0,3,generic,no,(((~a) OR (~q)) AND ((~a) OR (~x)) AND (b)) OR ((~q) AND ((~b) OR (~a)) AND (x)) OR ((~q) AND (~a)),b
228b,ffff,3,0,3,clock,no,((~a) AND (b) AND (q)) OR ((~q) AND (b) AND (a)) OR ((~q) AND (~x) AND (~a)),1
229f,f0f0,3,0,3,generic,no,((~a) AND (b) AND (q)) OR ((~q) AND (b) AND (a)) OR ((~q) AND ((~a) OR (~x)) AND ((~b) OR (~x))),x
22aa,aaaa,3,0,3,generic,no,((~a) OR (~q)) AND (b),b
22b1,ffff,3,0,3,clock,no,((~a) AND (b) AND (q)) OR (((~a) OR (~q)) AND (b) AND (x)) OR ((~q) AND (~a) AND (~b)),1
22bb,f0f0,3,0,3,generic,no,(((~a) OR (~q)) AND (b)) OR ((~q) AND (~a)),x
22c5,aaaa,3,0,3,generic,no,((~a) AND (b) AND (q)) OR ((~q) AND (a) AND (x)) OR ((~q) AND (~x) AND (~b)),b
22ce,ffff,3,0,3,clock,no,((~a) AND (b) AND (q)) OR ((~x) AND ((~a) OR (~q)) AND (b)) OR ((~q) AND (a)),1
22d8,f0f0,3,0,3,generic,no,((~a) AND (b) AND (q)) OR ((~q) AND (b) AND (a)) OR ((~q) AND (~b) AND (x)),x
22e4,aaaa,3,0,3,generic,no,((~a) AND (b) AND (q)) OR (((~a) OR (~q)) AND (b) AND (x)) OR ((~q) AND (~b) AND (a)),b
22ee,ffff,3,0,3,clock,no,(((~a) OR (~q)) AND (b)) OR ((~q) AND (a)),1
22f5,f0f0,3,0,3,generic,no,((~a) AND (b) AND (q)) OR (((~a) OR (~q)) AND (b) AND (x)) OR ((~q) AND (~b)),x
22fe,aaaa,3,0,3,generic,no,(((~a) OR (~q)) AND (b)) OR ((~q) AND (x)) OR ((~q) AND (a)),b
230d,f0f0,3,0,3,generic,no,((~a) AND (b) AND (q)) OR ((~x) AND ((~a) OR (~q)) AND (~b)) OR ((~q) AND (~x) AND (a)),x
2325,0000,3,0,3,clock,no,((~a) AND (b) AND (q)) OR ((~a) AND (b) AND (x)) OR ((~x) AND ((~a) OR (~q)) AND (~b)),0
232f,ff00,3,0,3,clock,no,(((~a) OR (~q)) AND ((~a) OR (~x)) AND (b)) OR ((~x) AND ((~a) OR (~q))),q
233a,cccc,3,0,3,generic,no,(((~a) OR (~q)) AND ((~a) OR (~x)) AND (b)) OR ((~x) AND (~a) AND (q)) OR ((~q) AND (~a) AND (x)),a
234d,0000,3,0,3,clock,no,((~a) AND (b) AND (q)) OR ((~x) AND ((~a) OR (~q)) AND (~b)) OR ((~q) AND ((~b) OR (~x)) AND (a)),0
2357,ff00,3,0,3,clock,no,((~a) AND (b) AND (q)) OR (((~x) OR (~q)) AND (~a) AND ((~b) OR (~x))) OR (((~x) OR (~q)) AND ((~a) OR (~q)) AND (~b)),q
236e,cccc,3,0,3,generic,no,(((~a) OR (~q)) AND ((~a) OR (~x)) AND (b)) OR ((~x) AND (~a) AND (q)) OR ((~q) AND ((~b) OR (~x)) AND (a)),a
2377,0000,3,0,3,clock,no,((~a) AND (b)) OR (((~x) OR (~q)) AND ((~a) OR (~q)) AND ((~b) OR (~a))),0
238b,ff00,3,0,3,clock,no,((~a) AND (b) AND (q)) OR ((~x) AND (~a)) OR ((~q) AND (b) AND (a)),q
23a2,cccc,3,0,3,generic,no,((~a) AND (b)) OR (((~a) OR (~q)) AND (b) AND (x)) OR ((~x) AND (~a) AND (q)),a
23ac,0000,3,0,3,clock,no,(((~a) OR (~q)) AND (b) AND (x)) OR ((~x) AND (~a) AND (q)) OR ((~q) AND (~x) AND (a)),0
23b5,ff00,3,0,3,clock,no,(((~a) OR (~q)) AND (b) AND (x)) OR ((~x) AND (~a) AND (q)) OR ((~q) AND ((~a) OR (~x)) AND (~b)),q
23c3,cccc,3,0,3,generic,no,((~a) AND (b) AND (q)) OR ((~x) AND (~a)) OR ((~q) AND (a) AND (x)),a
23d3,0000,3,0,3,clock,no,((~a) AND (b) AND (q)) OR (((~x) OR (~q)) AND (~a) AND ((~b) OR (~x))) OR ((~q) AND (a) AND (x)),0
23e3,ff00,3,0,3,clock,no,((~a) AND (b)) OR ((~x) AND (~a)) OR ((~q) AND (a) AND (x)),q
23ef,cccc,3,0,3,generic,no,(((~a) OR (~q)) AND (b)) OR ((~x) AND ((~a) OR (~q))) OR ((~q) AND (a)),a
23fa,0000,3,0,3,clock,no,(((~a) OR (~q)) AND (b)) OR ((~x) AND (~a) AND (q)) OR ((~q) AND (x)),0
242c,ff00,3,0,3,clock,no,((~a) AND (b) AND (x)) OR ((~x) AND ((~b) OR (~q)) AND (a)),q
243c,cccc,3,0,3,generic,no,((~a) AND (b) AND (x)) OR ((~x) AND ((~b) OR (~q)) AND (a)) OR ((~q) AND (~a) AND (x)),a
246c,0000,3,0,3,clock,no,((~a) AND (b) AND (x)) OR (((~x) OR (~q)) AND (~b) AND (a)) OR ((~x) AND ((~b) OR (~q)) AND (a)),0
247c,ff00,3,0,3,clock,no,((~a) AND (b) AND (x)) OR ((~x) AND ((~b) OR (~q)) AND (a)) OR ((~q) AND ((~b) OR (~a)) AND (x)),q
24ac,cccc,3,0,3,generic,no,(((~a) OR (~q)) AND (b) AND (x)) OR ((~x) AND ((~b) OR (~q)) AND (a)),a
24bc,0000,3,0,3,clock,no,(((~a) OR (~q)) AND (b) AND (x)) OR ((~x) AND ((~b) OR (~q)) AND (a)) OR ((~q) AND (~a) AND (x)),0
24e7,ff00,3,0,3,clock,no,(((~a) OR (~q)) AND (b) AND (x)) OR (((~x) OR (~q)) AND (~b) AND (a)) OR ((~q) AND (~x) AND ((~b) OR (~a))),q
24f7,cccc,3,0,3,generic,no,(((~a) OR (~q)) AND (b) AND (x)) OR (((~x) OR (~q)) AND (~b) AND (a)) OR ((~q) AND ((~b) OR (~a))),a
2527,f0f0,3,0,3,generic,no,((~a) AND (b) AND (x)) OR ((~x) AND ((~b) OR (~q)) AND ((~b) OR (~a))),x
2533,aaaa,3,0,3,generic,no,((~a) AND (b) AND (x)) OR ((~x) AND (~b) AND (q)) OR (((~x) OR (~q)) AND (~a) AND ((~b) OR (~q))),b
2565,ffff,3,0,3,clock,no,((~a) AND (b) AND (x)) OR ((~x) AND (~b)) OR (((~x) OR (~q)) AND (~b) AND (a)),1
2577,f0f0,3,0,3,generic,no,((~a) AND (b) AND (x)) OR (((~x) OR (~q)) AND ((~b) OR (~q)) AND ((~b) OR (~a))),x
25a4,aaaa,3,0,3,generic,no,(((~a) OR (~q)) AND (b) AND (x)) OR ((~x) AND (~b) AND (q)) OR ((~x) AND (~b) AND (a)),b
25ad,ffff,3,0,3,clock,no,(((~a) OR (~q)) AND (b) AND (x)) OR ((~x) AND (~b)) OR ((~x) AND ((~b) OR (~q)) AND (a)),1
25bd,f0f0,3,0,3,generic,no,(((~a) OR (~q)) AND (b) AND (x)) OR (((~x) OR (~q)) AND ((~a) OR (~x)) AND (~b)) OR ((~x) AND ((~b) OR (~q)) AND (a)),x
25ed,aaaa,3,0,3,generic,no,(((~a) OR (~q)) AND (b) AND (x)) OR ((~x) AND (~b)) OR (((~x) OR (~q)) AND ((~b) OR (~q)) AND (a)),b
25ff,ffff,3,0,3,clock,no,(((~a) OR (~q)) AND (b) AND (x)) OR (((~x) OR (~q)) AND ((~b) OR (~q))),1
261f,aaaa,3,0,3,generic,no,((~a) AND (b) AND (q)) OR ((~x) AND ((~b) OR (~q)) AND (a)) OR ((~q) AND ((~a) OR (~x)) AND ((~b) OR (~x))),b
2636,ff00,3,0,3,clock,no,((~a) AND (b)) OR ((~x) AND (~b) AND (a)) OR ((~q) AND (~a) AND (x)),q
2646,cccc,3,0,3,generic,no,((~a) AND (b) AND (q)) OR (((~x) OR (~q)) AND (~b) AND (a)) OR ((~x) AND (~a) AND (b)),a
2657,0000,3,0,3,clock,no,((~a) AND (b) AND (q)) OR (((~x) OR (~q)) AND (~b) AND (a)) OR ((~q) AND ((~b) OR (~x)) AND ((~b) OR (~a))),0
2667,ff00,3,0,3,clock,no,((~a) AND (b)) OR (((~x) OR (~q)) AND (~b) AND (a)) OR ((~q) AND (~x) AND ((~b) OR (~a))),q
267e,cccc,3,0,3,generic,no,(((~a) OR (~q)) AND ((~a) OR (~x)) AND (b)) OR (((~x) OR (~q)) AND (~b) AND (a)) OR ((~q) AND ((~b) OR (~a)) AND (x)),a
26af,0000,3,0,3,clock,no,(((~a) OR (~q)) AND (b)) OR ((~x) AND ((~b) OR (~q)) AND (a)) OR ((~q) AND (~x)),0
26ce,ff00,3,0,3,clock,no,((~a) AND (b) AND (q)) OR (((~x) OR (~q)) AND ((~b) OR (~q)) AND (a)) OR ((~x) AND ((~a) OR (~q)) AND (b)),q
26ec,cccc,3,0,3,generic,no,((~a) AND (b) AND (q)) OR (((~a) OR (~q)) AND (b) AND (x)) OR (((~x) OR (~q)) AND ((~b) OR (~q)) AND (a)),a
26ff,0000,3,0,3,clock,no,(((~a) OR (~q)) AND (b)) OR (((~x) OR (~q)) AND ((~b) OR (~q)) AND (a)) OR (~q),0
2711,cccc,3,0,3,generic,no,((~a) AND (b) AND (q)) OR ((~x) AND ((~b) OR (~a)) AND (q)) OR (((~x) OR (~q)) AND (~a) AND (~b)),a
2726,f0f0,3,0,3,generic,no,((~a) AND (b)) OR ((~x) AND ((~b) OR (~a)) AND (q)) OR ((~x) AND (~b) AND (a)),x
2731,f0f0,3,0,3,generic,no,((~a) AND (b) AND (x)) OR ((~x) AND ((~b) OR (~a)) AND (q)) OR (((~x) OR (~q)) AND (~a) AND (~b)),x
273f,aaaa,3,0,3,generic,no,(((~a) OR (~q)) AND ((~a) OR (~x)) AND (b)) OR (((~x) OR (~q)) AND ((~a) OR (~x)) AND ((~b) OR (~a) OR (~q))),b
274f,ffff,3,0,3,clock,no,((~a) AND (b) AND (q)) OR ((~x) AND ((~b) OR (~a) OR (~q))) OR (((~x) OR (~q)) AND (~b) AND (a)),1
2766,f0f0,3,0,3,generic,no,((~a) AND (b)) OR ((~x) AND ((~b) OR (~a)) AND (q)) OR (((~x) OR (~q)) AND (~b) AND (a)),x
2775,aaaa,3,0,3,generic,no,((~a) AND (b) AND (q)) OR ((~a) AND (b) AND (x)) OR (((~x) OR (~q)) AND (~b)),b
278f,ffff,3,0,3,clock,no,((~a) AND (b) AND (q)) OR ((~x) AND ((~b) OR (~a) OR (~q))) OR ((~q) AND (b) AND (a)),1
27a5,f0f0,3,0,3,generic,no,((~a) AND (b) AND (q)) OR (((~a) OR (~q)) AND (b) AND (x)) OR ((~x) AND (~b)),x
27af,aaaa,3,0,3,generic,no,(((~a) OR (~q)) AND (b)) OR ((~x) AND ((~b) OR (~a) OR (~q))),b
27ba,ffff,3,0,3,clock,no,(((~a) OR (~q)) AND (b)) OR ((~x) AND ((~b) OR (~a)) AND (q)) OR ((~q) AND (~a) AND (x)),1
27cd,f0f0,3,0,3,generic,no,((~a) AND (b) AND (q)) OR ((~x) AND (~b)) OR (((~x) OR (~q)) AND ((~b) OR (~q)) AND (a)),x
27e2,aaaa,3,0,3,generic,no,((~a) AND (b)) OR ((~x) AND ((~b) OR (~a)) AND (q)) OR ((~q) AND (a) AND (x)),b
27ef,ffff,3,0,3,clock,no,(((~a) OR (~q)) AND (b)) OR ((~x) AND ((~b) OR (~a) OR (~q))) OR (((~x) OR (~q)) AND ((~b) OR (~q)) AND (a)),1
282a,f0f0,3,0,3,generic,no,((~a) AND (b) AND (x)) OR ((~x) AND (b) AND (a)) OR ((~q) AND ((~a) OR (~x)) AND (b)),x
283b,aaaa,3,0,3,generic,no,((~a) AND (b) AND (x)) OR ((~x) AND (b) AND (a)) OR ((~q) AND (~a)),b
287f,ffff,3,0,3,clock,no,((~a) AND (b) AND (x)) OR ((~x) AND (b) AND (a)) OR ((~q) AND ((~b) OR (~a) OR (~x))),1
28b8,f0f0,3,0,3,generic,no,(((~a) OR (~q)) AND (b) AND (x)) OR (((~x) OR (~q)) AND (b) AND (a)) OR ((~q) AND (~a) AND (x)),x
28f8,aaaa,3,0,3,generic,no,(((~a) OR (~q)) AND (b) AND (x)) OR (((~x) OR (~q)) AND (b) AND (a)) OR ((~q) AND (x)),b
2939,ffff,3,0,3,clock,no,((~a) AND (b) AND (x)) OR ((~x) AND (b) AND (a)) OR (((~x) OR (~q)) AND (~a) AND (~b)),1
29b9,f0f0,3,0,3,generic,no,(((~a) OR (~q)) AND (b) AND (x)) OR (((~x) OR (~q)) AND (b) AND (a)) OR (((~x) OR (~q)) AND (~a) AND (~b)),x
2a0a,cccc,3,0,3,generic,no,(((~a) OR (~x)) AND (b) AND (q)) OR ((~x) AND (b)),a
2a1f,f0f0,3,0,3,generic,no,(((~a) OR (~x)) AND (b) AND (q)) OR ((~q) AND ((~a) OR (~x)) AND ((~b) OR (~x))),x
2a2f,f0f0,3,0,3,generic,no,(((~a) OR (~x)) AND (b)) OR ((~q) AND (~x)),x
2a38,aaaa,3,0,3,generic,no,(((~a) OR (~x)) AND (b) AND (q)) OR ((~x) AND (b) AND (a)) OR ((~q) AND (~a) AND (x)),b
2a44,ffff,3,0,3,clock,no,(((~a) OR (~x)) AND (b) AND (q)) OR ((~q) AND (~b) AND (a)),1
2a4f,f0f0,3,0,3,generic,no,(((~a) OR (~x)) AND (b) AND (q)) OR ((~q) AND ((~b) OR (~x)) AND (a)) OR ((~q) AND (~x)),x
2a57,aaaa,3,0,3,generic,no,(((~a) OR (~x)) AND (b) AND (q)) OR ((~q) AND ((~b) OR (~x)) AND ((~b) OR (~a))),b
2a64,ffff,3,0,3,clock,no,(((~a) OR (~x)) AND (b) AND (q)) OR ((~a) AND (b) AND (x)) OR ((~q) AND (~b) AND (a)),1
2a72,f0f0,3,0,3,generic,no,(((~a) OR (~x)) AND (b) AND (q)) OR ((~a) AND (b)) OR ((~q) AND ((~b) OR (~a)) AND (x)),x
2a7b,aaaa,3,0,3,generic,no,(((~a) OR (~x)) AND (b)) OR ((~q) AND ((~b) OR (~a)) AND (x)) OR ((~q) AND (~a)),b
2a8b,ffff,3,0,3,clock,no,(((~a) OR (~x)) AND (b) AND (q)) OR (((~x) OR (~q)) AND (b) AND (a)) OR ((~q) AND (~x) AND (~a)),1
2a9f,f0f0,3,0,3,generic,no,(((~a) OR (~x)) AND (b) AND (q)) OR (((~x) OR (~q)) AND (b) AND (a)) OR ((~q) AND ((~a) OR (~x)) AND ((~b) OR (~x))),x
2aaa,aaaa,3,0,3,generic,no,((~a) OR (~x) OR (~q)) AND (b),b
2ab1,ffff,3,0,3,clock,no,(((~a) OR (~x)) AND (b) AND (q)) OR (((~a) OR (~q)) AND (b) AND (x)) OR ((~q) AND (~a) AND (~b)),1
2abe,f0f0,3,0,3,generic,no,(((~a) OR (~x) OR (~q)) AND (b)) OR ((~q) AND (~a) AND (x)) OR ((~q) AND (~x) AND (a)),x
2ac7,aaaa,3,0,3,generic,no,(((~a) OR (~x)) AND (b) AND (q)) OR ((~q) AND (a) AND (x)) OR ((~q) AND (~x) AND ((~b) OR (~a))),b
2acf,ffff,3,0,3,clock,no,(((~a) OR (~x)) AND (b) AND (q)) OR ((~q) AND (a)) OR ((~q) AND (~x)),1
2adc,f0f0,3,0,3,generic,no,(((~a) OR (~x)) AND (b) AND (q)) OR ((~q) AND (a)) OR ((~q) AND (~b) AND (x)),x
2aeb,aaaa,3,0,3,generic,no,(((~a) OR (~x) OR (~q)) AND (b)) OR ((~q) AND (a) AND (x)) OR ((~q) AND (~x) AND (~a)),b
2af2,ffff,3,0,3,clock,no,(((~a) OR (~x)) AND (b) AND (q)) OR ((~a) AND (b)) OR ((~q) AND (x)),1
2afb,f0f0,3,0,3,generic,no,(((~a) OR (~x) OR (~q)) AND (b)) OR ((~q) AND (x)) OR ((~q) AND (~a)),x
2b08,cccc,3,0,3,generic,no,(((~a) OR (~x)) AND (b) AND (q)) OR ((~x) AND (b) AND (a)) OR ((~x) AND (~a) AND (q)),a
2b1b,f0f0,3,0,3,generic,no,(((~a) OR (~x)) AND (b) AND (q)) OR ((~x) AND (b)) OR (((~x) OR (~q)) AND (~a) AND ((~b) OR (~x))),x
2b2e,f0f0,3,0,3,generic,no,(((~a) OR (~x)) AND (b)) OR ((~x) AND (~a) AND (q)) OR ((~q) AND (~x) AND (a)),x
2b3a,aaaa,3,0,3,generic,no,(((~a) OR (~x)) AND (b)) OR ((~x) AND (~a) AND (q)) OR ((~q) AND (~a) AND (x)),b
2b4c,ffff,3,0,3,clock,no,(((~a) OR (~x)) AND (b) AND (q)) OR ((~x) AND (~a) AND (q)) OR ((~q) AND ((~b) OR (~x)) AND (a)),1
2b57,f0f0,3,0,3,generic,no,(((~a) OR (~x)) AND (b) AND (q)) OR (((~x) OR (~q)) AND (~a) AND ((~b) OR (~x))) OR (((~x) OR (~q)) AND ((~a) OR (~q)) AND (~b)),x
2b73,aaaa,3,0,3,generic,no,(((~a) OR (~x)) AND (b) AND (q)) OR (((~x) OR (~q)) AND (~a)) OR ((~q) AND ((~b) OR (~a)) AND (x)),b
2b88,ffff,3,0,3,clock,no,(((~a) OR (~x)) AND (b) AND (q)) OR (((~x) OR (~q)) AND (b) AND (a)) OR ((~x) AND (~a) AND (q)),1
2ba0,f0f0,3,0,3,generic,no,(((~a) OR (~x)) AND (b) AND (q)) OR (((~a) OR (~q)) AND (b) AND (x)) OR ((~x) AND (~a) AND (q)),x
2bab,aaaa,3,0,3,generic,no,(((~a) OR (~x) OR (~q)) AND (b)) OR ((~x) AND (~a)),b
2bbb,ffff,3,0,3,clock,no,(((~a) OR (~x) OR (~q)) AND (b)) OR (((~x) OR (~q)) AND (~a)),1
2bcc,f0f0,3,0,3,generic,no,(((~a) OR (~x)) AND (b) AND (q)) OR ((~x) AND (~a) AND (q)) OR ((~q) AND (a)),x
2bdf,aaaa,3,0,3,generic,no,(((~a) OR (~x)) AND (b) AND (q)) OR (((~x) OR (~q)) AND (b) AND (a)) OR (((~x) OR (~q)) AND ((~a) OR (~q)) AND ((~b) OR (~x))),b
2bf1,ffff,3,0,3,clock,no,(((~a) OR (~x)) AND (b) AND (q)) OR (((~x) OR (~q)) AND (~a) AND (~b)) OR ((~q) AND (x)),1
2c22,aaaa,3,0,3,generic,no,((~a) AND (b) AND (x)) OR ((~x) AND (a) AND (q)) OR ((~q) AND (~a) AND (b)),b
2c30,aaaa,3,0,3,generic,no,((~a) AND (b) AND (x)) OR ((~x) AND (a) AND (q)) OR ((~q) AND (~a) AND (x)),b
2c3d,ffff,3,0,3,clock,no,((~a) AND (b) AND (x)) OR ((~x) AND (a)) OR ((~q) AND ((~a) OR (~x)) AND (~b)),1
2c70,f0f0,3,0,3,generic,no,((~a) AND (b) AND (x)) OR ((~x) AND (a) AND (q)) OR ((~q) AND ((~b) OR (~a)) AND (x)),x
2ca2,aaaa,3,0,3,generic,no,(((~a) OR (~q)) AND (b) AND (x)) OR ((~x) AND (a) AND (q)) OR ((~q) AND (~a) AND (b)),b
2caa,ffff,3,0,3,clock,no,(((~a) OR (~q)) AND (b) AND (x)) OR ((~x) AND (a) AND (q)) OR ((~q) AND (b)),1
2cb3,f0f0,3,0,3,generic,no,(((~a) OR (~q)) AND (b) AND (x)) OR ((~x) AND (a) AND (q)) OR ((~q) AND (~a)),x
2ce4,aaaa,3,0,3,generic,no,(((~a) OR (~q)) AND (b) AND (x)) OR ((~x) AND (a) AND (q)) OR (((~x) OR (~q)) AND (~b) AND (a)),b
2cf5,ffff,3,0,3,clock,no,(((~a) OR (~q)) AND (b) AND (x)) OR ((~x) AND (a) AND (q)) OR ((~q) AND (~b)),1
2d27,0000,3,0,3,clock,no,((~a) AND (b) AND (x)) OR ((~x) AND (a) AND (q)) OR ((~x) AND ((~b) OR (~q)) AND ((~b) OR (~a))),0
2d3d,ff00,3,0,3,clock,no,((~a) AND (b) AND (x)) OR ((~x) AND (a)) OR (((~x) OR (~q)) AND ((~a) OR (~x)) AND (~b)),q
2d7d,cccc,3,0,3,generic,no,((~a) AND (b) AND (x)) OR (((~x) OR (~q)) AND ((~b) OR (~x)) AND (a)) OR (((~x) OR (~q)) AND (~b)),a
2da8,0000,3,0,3,clock,no,(((~a) OR (~q)) AND (b) AND (x)) OR (((~x) OR (~q)) AND (b) AND (a)) OR ((~x) AND (~b) AND (q)),0
2db5,ff00,3,0,3,clock,no,(((~a) OR (~q)) AND (b) AND (x)) OR ((~x) AND (a) AND (q)) OR (((~x) OR (~q)) AND ((~a) OR (~x)) AND (~b)),q
2df7,cccc,3,0,3,generic,no,(((~a) OR (~q)) AND (b) AND (x)) OR ((~x) AND (a) AND (q)) OR (((~x) OR (~q)) AND ((~b) OR (~q)) AND ((~b) OR (~a))),a
2e0a,aaaa,3,0,3,generic,no,(((~a) OR (~x)) AND (b) AND (q)) OR ((~x) AND (a) AND (q)) OR ((~x) AND (b)),b
2e23,cccc,3,0,3,generic,no,((~a) AND (b)) OR ((~x) AND (a) AND (q)) OR ((~q) AND (~x) AND (~a)),a
2e33,cccc,3,0,3,generic,no,(((~a) OR (~x)) AND (b) AND (q)) OR ((~x) AND (a) AND (q)) OR ((~q) AND (~a)),a
2e3f,0000,3,0,3,clock,no,(((~a) OR (~x)) AND (b)) OR ((~x) AND (a)) OR ((~q) AND ((~a) OR (~x))),0
2e4d,ff00,3,0,3,clock,no,(((~a) OR (~x)) AND (b) AND (q)) OR (((~x) OR (~q)) AND ((~b) OR (~x)) AND (a)) OR ((~q) AND (~x) AND (~b)),q
2e5c,cccc,3,0,3,generic,no,(((~a) OR (~x)) AND (b) AND (q)) OR (((~x) OR (~q)) AND ((~b) OR (~x)) AND (a)) OR ((~q) AND (~b) AND (x)),a
2e6f,0000,3,0,3,clock,no,(((~a) OR (~x)) AND (b)) OR (((~x) OR (~q)) AND ((~b) OR (~x)) AND (a)) OR ((~q) AND (~x)),0
2e7c,ff00,3,0,3,clock,no,(((~a) OR (~x)) AND (b) AND (q)) OR (((~x) OR (~q)) AND ((~b) OR (~x)) AND (a)) OR ((~q) AND ((~b) OR (~a)) AND (x)),q
2ea4,cccc,3,0,3,generic,no,(((~a) OR (~x)) AND (b) AND (q)) OR (((~a) OR (~q)) AND (b) AND (x)) OR ((~x) AND (~b) AND (a)),a
2ebb,0000,3,0,3,clock,no,(((~a) OR (~x) OR (~q)) AND (b)) OR ((~x) AND (a) AND (q)) OR ((~q) AND (~a)),0
2ecd,ff00,3,0,3,clock,no,(((~a) OR (~x)) AND (b) AND (q)) OR (((~x) OR (~q)) AND (a)) OR ((~q) AND (~x) AND (~b)),q
2ee4,cccc,3,0,3,generic,no,(((~a) OR (~x)) AND (b) AND (q)) OR (((~a) OR (~q)) AND (b) AND (x)) OR (((~x) OR (~q)) AND (~b) AND (a)),a
2ef4,0000,3,0,3,clock,no,(((~a) OR (~x)) AND (b) AND (q)) OR (((~x) OR (~q)) AND (~b) AND (a)) OR ((~q) AND (x)),0
2f03,cccc,3,0,3,generic,no,(((~a) OR (~x)) AND (b) AND (q)) OR ((~x) AND (q)) OR ((~x) AND (~a)),a
2f1d,cccc,3,0,3,generic,no,(((~a) OR (~x)) AND (b) AND (q)) OR ((~x) AND (a)) OR (((~x) OR (~q)) AND ((~a) OR (~x)) AND (~b)),a
2f2c,aaaa,3,0,3,generic,no,((~a) AND (b) AND (x)) OR ((~x) AND (q)) OR ((~x) AND (a)),b
2f37,ff00,3,0,3,clock,no,(((~a) OR (~x)) AND (b) AND (q)) OR (((~x) OR (~q)) AND ((~a) OR (~x)) AND ((~b) OR (~a))),q
2f4c,cccc,3,0,3,generic,no,(((~a) OR (~x)) AND (b) AND (q)) OR ((~x) AND (q)) OR (((~x) OR (~q)) AND ((~b) OR (~x)) AND (a)),a
2f5f,0000,3,0,3,clock,no,(((~a) OR (~x)) AND (b) AND (q)) OR (((~x) OR (~q)) AND ((~b) OR (~x))),0
2f70,ff00,3,0,3,clock,no,(((~a) OR (~x)) AND (b) AND (q)) OR ((~x) AND (q)) OR ((~q) AND ((~b) OR (~a)) AND (x)),q
2f8d,cccc,3,0,3,generic,no,(((~a) OR (~x)) AND (b) AND (q)) OR (((~x) OR (~q)) AND (b) AND (a)) OR ((~x) AND (~b)),a
2fa3,0000,3,0,3,clock,no,(((~a) OR (~q)) AND (b) AND (x)) OR ((~x) AND (q)) OR ((~x) AND (~a)),0
2fab,ff00,3,0,3,clock,no,(((~a) OR (~x) OR (~q)) AND (b)) OR ((~x) AND (q)) OR ((~x) AND (~a)),q
2fb5,cccc,3,0,3,generic,no,(((~a) OR (~x)) AND (b) AND (q)) OR (((~a) OR (~q)) AND (b) AND (x)) OR (((~x) OR (~q)) AND ((~a) OR (~x)) AND (~b)),a
2fc7,0000,3,0,3,clock,no,(((~a) OR (~x)) AND (b) AND (q)) OR ((~x) AND ((~b) OR (~a))) OR ((~q) AND (a) AND (x)),0
2fdd,ff00,3,0,3,clock,no,(((~a) OR (~x)) AND (b) AND (q)) OR (((~x) OR (~q)) AND (a)) OR (((~x) OR (~q)) AND (~b)),q
2fee,cccc,3,0,3,generic,no,(((~a) OR (~x) OR (~q)) AND (b)) OR ((~x) AND (q)) OR (((~x) OR (~q)) AND (a)),a
2fff,0000,3,0,3,clock,no,(((~a) OR (~x) OR (~q)) AND (b)) OR ((~x) OR (~q)),0
3011,cccc,3,0,3,generic,no,((~a) AND (x) AND (q)) OR ((~q) AND (~a) AND (~b)),a
3027,f0f0,3,0,3,generic,no,((~a) AND (x) AND (q)) OR ((~a) AND (b) AND (x)) OR ((~q) AND (~x) AND ((~b) OR (~a))),x
3037,0000,3,0,3,clock,no,((~a) AND (x)) OR ((~q) AND ((~a) OR (~x)) AND ((~b) OR (~a))),0
303f,ff00,3,0,3,clock,no,((~a) AND (x)) OR ((~q) AND ((~a) OR (~x))),q
304f,cccc,3,0,3,generic,no,((~a) AND (x) AND (q)) OR ((~q) AND ((~b) OR (~x)) AND (a)) OR ((~q) AND (~x)),a
305a,0000,3,0,3,clock,no,((~a) AND (x) AND (q)) OR (((~a) OR (~q)) AND (~b) AND (x)) OR ((~q) AND (~x) AND (b)),0
306c,ff00,3,0,3,clock,no,((~a) AND (x) AND (q)) OR ((~a) AND (b) AND (x)) OR ((~q) AND ((~b) OR (~x)) AND (a)),q
3075,cccc,3,0,3,generic,no,(((~a) OR (~q)) AND ((~b) OR (~a)) AND (x)) OR ((~q) AND (~b)),a
307e,0000,3,0,3,clock,no,(((~a) OR (~q)) AND ((~b) OR (~a)) AND (x)) OR ((~q) AND ((~b) OR (~x)) AND (a)) OR ((~q) AND ((~a) OR (~x)) AND (b)),0
308d,ff00,3,0,3,clock,no,((~a) AND (x) AND (q)) OR ((~q) AND (b) AND (a)) OR ((~q) AND (~x) AND (~b)),q
30a0,cccc,3,0,3,generic,no,((~a) AND (x) AND (q)) OR (((~a) OR (~q)) AND (b) AND (x)),a
30ab,0000,3,0,3,clock,no,((~a) AND (x) AND (q)) OR ((~q) AND (b)) OR ((~q) AND (~x) AND (~a)),0
30b2,ff00,3,0,3,clock,no,((~a) AND (x)) OR (((~a) OR (~q)) AND (b) AND (x)) OR ((~q) AND (~a) AND (b)),q
30bb,cccc,3,0,3,generic,no,((~a) AND (x)) OR ((~q) AND (b)) OR ((~q) AND (~a)),a
30c4,0000,3,0,3,clock,no,((~a) AND (x) AND (q)) OR ((~q) AND (a) AND (x)) OR ((~q) AND (~b) AND (a)),0
30cd,ff00,3,0,3,clock,no,((~a) AND (x) AND (q)) OR ((~q) AND (a)) OR ((~q) AND (~x) AND (~b)),q
30d7,cccc,3,0,3,generic,no,((~a) AND (x) AND (q)) OR ((~q) AND (a) AND (x)) OR ((~q) AND ((~b) OR (~x)) AND ((~b) OR (~a))),a
30e4,0000,3,0,3,clock,no,((~a) AND (x) AND (q)) OR (((~a) OR (~q)) AND (b) AND (x)) OR ((~q) AND (~b) AND (a)),0
30f2,ff00,3,0,3,clock,no,(((~a) OR (~q)) AND (x)) OR ((~q) AND (~a) AND (b)),q
30f9,cccc,3,0,3,generic,no,(((~a) OR (~q)) AND (x)) OR ((~q) AND (b) AND (a)) OR ((~q) AND (~a) AND (~b)),a
3100,aaaa,3,0,3,generic,no,((~a) AND (x) AND (q)) OR ((~a) AND (~b) AND (q)),b
3115,cccc,3,0,3,generic,no,((~a) AND (x) AND (q)) OR (((~a) OR (~q)) AND ((~a) OR (~x)) AND (~b)),a
312c,f0f0,3,0,3,generic,no,((~a) AND (b) AND (x)) OR ((~a) AND (~b) AND (q)) OR ((~q) AND (~x) AND (a)),x
313b,f0f0,3,0,3,generic,no,((~a) AND (x)) OR ((~a) AND ((~b) OR (~q))) OR ((~q) AND ((~a) OR (~x)) AND (b)),x
314c,aaaa,3,0,3,generic,no,((~a) AND (x) AND (q)) OR ((~a) AND (~b) AND (q)) OR ((~q) AND ((~b) OR (~x)) AND (a)),b
3155,ffff,3,0,3,clock,no,((~a) AND (x) AND (q)) OR (((~a) OR (~q)) AND (~b)),1
3171,f0f0,3,0,3,generic,no,(((~a) OR (~q)) AND ((~b) OR (~a)) AND (x)) OR ((~a) AND (~b)),x
317b,aaaa,3,0,3,generic,no,(((~a) OR (~q)) AND ((~b) OR (~a)) AND (x)) OR ((~a) AND ((~b) OR (~q))) OR ((~q) AND ((~a) OR (~x)) AND (b)),b
318b,ffff,3,0,3,clock,no,((~a) AND (x) AND (q)) OR ((~x) AND (~a) AND ((~b) OR (~q))) OR ((~q) AND (b) AND (a)),1
31a1,f0f0,3,0,3,generic,no,((~a) AND (x) AND (q)) OR (((~a) OR (~q)) AND (b) AND (x)) OR ((~x) AND (~a) AND (~b)),x
31ab,aaaa,3,0,3,generic,no,((~a) AND (x) AND (q)) OR ((~x) AND (~a) AND ((~b) OR (~q))) OR ((~q) AND (b)),b
31b5,ffff,3,0,3,clock,no,(((~a) OR (~q)) AND (b) AND (x)) OR (((~a) OR (~q)) AND ((~a) OR (~x)) AND (~b)),1
31bf,f0f0,3,0,3,generic,no,(((~a) OR (~q)) AND (b) AND (x)) OR (((~a) OR (~q)) AND ((~a) OR (~x)) AND ((~b) OR (~q))),x
31cf,aaaa,3,0,3,generic,no,((~a) AND (x) AND (q)) OR ((~x) AND ((~a) OR (~q)) AND ((~b) OR (~q))) OR ((~q) AND (a)),b
31e0,ffff,3,0,3,clock,no,(((~a) OR (~q)) AND (b) AND (x)) OR ((~a) AND (~b) AND (q)) OR ((~q) AND (a) AND (x)),1
31f4,f0f0,3,0,3,generic,no,(((~a) OR (~q)) AND (x)) OR ((~a) AND (~b) AND (q)) OR ((~q) AND (~b) AND (a)),x
31fc,aaaa,3,0,3,generic,no,(((~a) OR (~q)) AND (x)) OR ((~a) AND (~b) AND (q)) OR ((~q) AND (a)),b
320b,ffff,3,0,3,clock,no,((~a) AND (x) AND (q)) OR ((~x) AND ((~a) OR (~q)) AND (b)) OR ((~q) AND (~x) AND (~a)),1
321f,aaaa,3,0,3,generic,no,((~a) AND (x) AND (q)) OR ((~a) AND (b) AND (q)) OR ((~q) AND ((~a) OR (~x)) AND ((~b) OR (~x))),b
3233,ff00,3,0,3,clock,no,((~a) AND (x)) OR ((~a) AND (b)) OR ((~q) AND (~a)),q
323f,cccc,3,0,3,generic,no,((~a) AND (x)) OR (((~a) OR (~q)) AND ((~a) OR (~x)) AND (b)) OR ((~q) AND ((~a) OR (~x))),a
3252,0000,3,0,3,clock,no,((~a) AND (x) AND (q)) OR (((~a) OR (~q)) AND (~b) AND (x)) OR ((~x) AND (~a) AND (b)),0
325c,ff00,3,0,3,clock,no,((~a) AND (b) AND (q)) OR (((~a) OR (~q)) AND (~b) AND (x)) OR ((~q) AND ((~b) OR (~x)) AND (a)),q
3273,cccc,3,0,3,generic,no,(((~a) OR (~q)) AND ((~b) OR (~a)) AND (x)) OR ((~a) AND (b)) OR ((~q) AND (~a)),a
327c,0000,3,0,3,clock,no,(((~a) OR (~q)) AND ((~b) OR (~a)) AND (x)) OR ((~a) AND (b) AND (q)) OR ((~q) AND ((~b) OR (~x)) AND (a)),0
32a0,ff00,3,0,3,clock,no,((~a) AND (x) AND (q)) OR ((~a) AND (b) AND (q)) OR (((~a) OR (~q)) AND (b) AND (x)),q
32b2,cccc,3,0,3,generic,no,((~a) AND (x)) OR ((~a) AND (b)) OR (((~a) OR (~q)) AND (b) AND (x)),a
32c2,0000,3,0,3,clock,no,((~a) AND (x) AND (q)) OR ((~x) AND (~a) AND (b)) OR ((~q) AND (a) AND (x)),0
32dc,ff00,3,0,3,clock,no,((~a) AND (b) AND (q)) OR (((~a) OR (~q)) AND (~b) AND (x)) OR ((~q) AND (a)),q
32f3,cccc,3,0,3,generic,no,(((~a) OR (~q)) AND (x)) OR ((~a) AND (b)) OR ((~q) AND (~a)),a
32fb,0000,3,0,3,clock,no,(((~a) OR (~q)) AND (x)) OR (((~a) OR (~q)) AND (b)) OR ((~q) AND (~a)),0
3307,cccc,3,0,3,generic,no,((~a) AND (q)) OR ((~x) AND ((~a) OR (~q)) AND ((~b) OR (~a))),a
331a,f0f0,3,0,3,generic,no,((~a) AND (q)) OR ((~a) AND (~b) AND (x)) OR ((~x) AND ((~a) OR (~q)) AND (b)),x
332e,aaaa,3,0,3,generic,no,((~a) AND (q)) OR (((~a) OR (~q)) AND ((~a) OR (~x)) AND (b)) OR ((~q) AND (~x) AND (a)),b
333c,aaaa,3,0,3,generic,no,((~a) AND (q)) OR ((~a) AND (x)) OR ((~q) AND (~x) AND (a)),b
334c,ffff,3,0,3,clock,no,((~a) AND (q)) OR ((~q) AND ((~b) OR (~x)) AND (a)),1
3353,f0f0,3,0,3,generic,no,((~a) AND (q)) OR ((~a) AND ((~b) OR (~x))) OR (((~a) OR (~q)) AND (~b) AND (x)),x
335f,aaaa,3,0,3,generic,no,((~a) AND (q)) OR (((~a) OR (~q)) AND ((~b) OR (~x))),b
3371,ffff,3,0,3,clock,no,((~a) AND (q)) OR (((~a) OR (~q)) AND ((~b) OR (~a)) AND (x)) OR ((~a) AND (~b)),1
337b,f0f0,3,0,3,generic,no,(((~a) OR (~q)) AND ((~b) OR (~a)) AND (x)) OR (~a) OR (((~a) OR (~q)) AND ((~a) OR (~x)) AND (b)),x
338c,aaaa,3,0,3,generic,no,((~a) AND (q)) OR ((~q) AND (b) AND (a)) OR ((~q) AND (~x) AND (a)),b
339d,ffff,3,0,3,clock,no,((~a) AND (q)) OR (((~a) OR (~q)) AND ((~a) OR (~x)) AND (~b)) OR ((~q) AND (b) AND (a)),1
33a7,f0f0,3,0,3,generic,no,((~a) AND (q)) OR (((~a) OR (~q)) AND (b) AND (x)) OR ((~x) AND ((~a) OR (~q)) AND ((~b) OR (~a))),x
33b0,aaaa,3,0,3,generic,no,((~a) AND (q)) OR ((~a) AND (x)) OR (((~a) OR (~q)) AND (b) AND (x)),b
33bb,f0f0,3,0,3,generic,no,(((~a) OR (~q)) AND (b)) OR (~a),x
33c5,f0f0,3,0,3,generic,no,((~a) AND (q)) OR ((~x) AND ((~a) OR (~q)) AND (~b)) OR ((~q) AND (a) AND (x)),x
33cf,aaaa,3,0,3,generic,no,((~a) AND (q)) OR ((~x) AND ((~a) OR (~q))) OR ((~q) AND (a)),b
33d8,ffff,3,0,3,clock,no,((~a) AND (q)) OR (((~a) OR (~q)) AND (~b) AND (x)) OR ((~q) AND (b) AND (a)),1
33ea,f0f0,3,0,3,generic,no,((~a) AND (q)) OR (((~a) OR (~q)) AND (b)) OR ((~q) AND (a) AND (x)),x
33f4,ff00,3,0,3,clock,no,((~a) AND (q)) OR (((~a) OR (~q)) AND (x)) OR ((~q) AND (~b) AND (a)),q
33ff,88ff,1,2,3,generic,no,"NAND(q,a)",((b) AND (a)) OR (~q)
33ff,c8c0,1,2,3,generic,no,"NAND(q,a)",((a) AND (x)) OR ((b) AND (a) AND (q))
33ff,eaaa,1,2,3,generic,no,"NAND(q,a)",((a) AND (x) AND (q)) OR (b)
33ff,f3ff,1,2,3,generic,no,"NAND(q,a)",(x) OR (~a) OR (~q)
33ff,fcf8,1,2,3,generic,no,"NAND(q,a)",(x) OR ((a) AND (q)) OR ((b) AND (a))
33ff,fff0,1,2,3,generic,no,"NAND(q,a)",q OR x
341c,cccc,3,0,3,generic,no,((~a) AND (x) AND (q)) OR ((~a) AND (~b) AND (x)) OR ((~x) AND ((~b) OR (~q)) AND (a)),a
3437,cccc,3,0,3,generic,no,((~a) AND (x)) OR ((~x) AND (~b) AND (a)) OR ((~q) AND ((~a) OR (~x)) AND ((~b) OR (~a))),a
3447,0000,3,0,3,clock,no,((~a) AND (x) AND (q)) OR (((~x) OR (~q)) AND (~b) AND (a)) OR ((~q) AND (~x) AND ((~b) OR (~a))),0
3457,ff00,3,0,3,clock,no,((~a) AND (x) AND (q)) OR (((~x) OR (~q)) AND (~b) AND (a)) OR ((~q) AND ((~b) OR (~x)) AND ((~b) OR (~a))),q
3474,cccc,3,0,3,generic,no,(((~a) OR (~q)) AND ((~b) OR (~a)) AND (x)) OR (((~x) OR (~q)) AND (~b) AND (a)),a
347f,0000,3,0,3,clock,no,(((~a) OR (~q)) AND ((~b) OR (~a)) AND (x)) OR (((~x) OR (~q)) AND (~b) AND (a)) OR ((~q) AND ((~b) OR (~a) OR (~x))),0
34bc,ff00,3,0,3,clock,no,((~a) AND (x)) OR (((~a) OR (~q)) AND (b) AND (x)) OR ((~x) AND ((~b) OR (~q)) AND (a)),q
34dc,cccc,3,0,3,generic,no,((~a) AND (x) AND (q)) OR (((~a) OR (~q)) AND (~b) AND (x)) OR (((~x) OR (~q)) AND ((~b) OR (~q)) AND (a)),a
34f5,0000,3,0,3,clock,no,(((~a) OR (~q)) AND (x)) OR (((~x) OR (~q)) AND (~b) AND (a)) OR ((~q) AND (~b)),0
34ff,ff00,3,0,3,clock,no,(((~a) OR (~q)) AND (x)) OR (((~x) OR (~q)) AND ((~b) OR (~q)) AND (a)) OR (~q),q
3513,f0f0,3,0,3,generic,no,((~a) AND (x) AND (q)) OR (((~a) OR (~x)) AND (~b) AND (q)) OR ((~a) AND ((~b) OR (~q)) AND ((~b) OR (~x))),x
352f,aaaa,3,0,3,generic,no,((~a) AND (x) AND (q)) OR ((~a) AND (b) AND (x)) OR ((~x) AND ((~b) OR (~q))),b
353d,ff00,3,0,3,clock,no,((~a) AND (x)) OR (((~a) OR (~x)) AND (~b)) OR ((~x) AND ((~b) OR (~q)) AND (a)),q
354f,cccc,3,0,3,generic,no,((~a) AND (x) AND (q)) OR ((~x) AND ((~b) OR (~q))) OR (((~x) OR (~q)) AND (~b) AND (a)),a
356c,0000,3,0,3,clock,no,((~a) AND (b) AND (x)) OR (((~a) OR (~x)) AND (~b) AND (q)) OR ((~q) AND ((~b) OR (~x)) AND (a)),0
3575,ff00,3,0,3,clock,no,(((~a) OR (~q)) AND ((~b) OR (~a)) AND (x)) OR (((~a) OR (~x) OR (~q)) AND (~b)),q
358d,cccc,3,0,3,generic,no,((~a) AND (x) AND (q)) OR ((~x) AND (~b)) OR ((~q) AND (b) AND (a)),a
35a3,0000,3,0,3,clock,no,(((~a) OR (~q)) AND (b) AND (x)) OR (((~a) OR (~x)) AND (~b) AND (q)) OR ((~x) AND (~a) AND ((~b) OR (~q))),0
35ac,ff00,3,0,3,clock,no,(((~a) OR (~q)) AND (b) AND (x)) OR (((~a) OR (~x)) AND (~b) AND (q)) OR ((~x) AND ((~b) OR (~q)) AND (a)),q
35b8,cccc,3,0,3,generic,no,((~a) AND (x)) OR (((~a) OR (~x)) AND (~b) AND (q)) OR ((~q) AND (b) AND (a)),a
35cc,0000,3,0,3,clock,no,((~a) AND (x) AND (q)) OR (((~a) OR (~x)) AND (~b) AND (q)) OR (((~x) OR (~q)) AND ((~b) OR (~q)) AND (a)),0
35e0,ff00,3,0,3,clock,no,(((~a) OR (~q)) AND (b) AND (x)) OR (((~a) OR (~x)) AND (~b) AND (q)) OR ((~q) AND (a) AND (x)),q
35f4,cccc,3,0,3,generic,no,(((~a) OR (~q)) AND (x)) OR (((~a) OR (~x)) AND (~b) AND (q)) OR (((~x) OR (~q)) AND (~b) AND (a)),a
35ff,0000,3,0,3,clock,no,(((~a) OR (~q)) AND (x)) OR (((~a) OR (~x) OR (~q)) AND ((~b) OR (~q))),0
362e,ff00,3,0,3,clock,no,((~a) AND (x) AND (q)) OR (((~a) OR (~q)) AND ((~a) OR (~x)) AND (b)) OR ((~x) AND ((~b) OR (~q)) AND (a)),q
3654,ffff,3,0,3,clock,no,((~a) AND (b) AND (q)) OR (((~a) OR (~q)) AND (~b) AND (x)) OR (((~x) OR (~q)) AND (~b) AND (a)),1
367e,f0f0,3,0,3,generic,no,(((~a) OR (~q)) AND ((~b) OR (~a)) AND (x)) OR (((~a) OR (~q)) AND ((~a) OR (~x)) AND (b)) OR (((~x) OR (~q)) AND (~b) AND (a)),x
36f4,aaaa,3,0,3,generic,no,(((~a) OR (~q)) AND (x)) OR ((~a) AND (b) AND (q)) OR (((~x) OR (~q)) AND (~b) AND (a)),b
3705,f0f0,3,0,3,generic,no,(((~a) OR (~x)) AND ((~b) OR (~a)) AND (q)) OR ((~x) AND (~b)),x
3715,aaaa,3,0,3,generic,no,(((~a) OR (~x)) AND ((~b) OR (~a)) AND (q)) OR (((~a) OR (~x)) AND (~b)),b
3726,cccc,3,0,3,generic,no,(((~a) OR (~x)) AND ((~b) OR (~a)) AND (q)) OR ((~a) AND (b)) OR ((~x) AND (~b) AND (a)),a
373a,cccc,3,0,3,generic,no,(((~a) OR (~x)) AND ((~b) OR (~a)) AND (q)) OR ((~a) AND (x)) OR (((~a) OR (~q)) AND ((~a) OR (~x)) AND (b)),a
3747,0000,3,0,3,clock,no,(((~a) OR (~x)) AND ((~b) OR (~a)) AND (q)) OR ((~x) AND ((~b) OR (~a))) OR (((~x) OR (~q)) AND (~b) AND (a)),0
3751,ff00,3,0,3,clock,no,(((~a) OR (~x)) AND ((~b) OR (~a)) AND (q)) OR ((~a) AND (~b)) OR (((~a) OR (~q)) AND (~b) AND (x)),q
375c,cccc,3,0,3,generic,no,(((~a) OR (~x)) AND ((~b) OR (~a)) AND (q)) OR (((~a) OR (~q)) AND (~b) AND (x)) OR ((~x) AND ((~b) OR (~q)) AND (a)),a
3770,0000,3,0,3,clock,no,(((~a) OR (~x)) AND ((~b) OR (~a)) AND (q)) OR (((~a) OR (~q)) AND ((~b) OR (~a)) AND (x)),0
3777,ff00,3,0,3,clock,no,((~a) OR (~x) OR (~q)) AND ((~b) OR (~a)),q
378b,cccc,3,0,3,generic,no,(((~a) OR (~x)) AND ((~b) OR (~a)) AND (q)) OR ((~x) AND (~a)) OR ((~q) AND (b) AND (a)),a
379d,0000,3,0,3,clock,no,(((~a) OR (~x)) AND ((~b) OR (~a)) AND (q)) OR (((~a) OR (~x)) AND (~b)) OR ((~q) AND (b) AND (a)),0
37a4,ff00,3,0,3,clock,no,(((~a) OR (~x)) AND ((~b) OR (~a)) AND (q)) OR (((~a) OR (~q)) AND (b) AND (x)) OR ((~x) AND (~b) AND (a)),q
37ae,cccc,3,0,3,generic,no,(((~a) OR (~x)) AND ((~b) OR (~a)) AND (q)) OR (((~a) OR (~q)) AND (b)) OR ((~x) AND ((~b) OR (~q)) AND (a)),a
37b8,0000,3,0,3,clock,no,(((~a) OR (~x)) AND ((~b) OR (~a)) AND (q)) OR ((~a) AND (x)) OR ((~q) AND (b) AND (a)),0
37c2,ff00,3,0,3,clock,no,(((~a) OR (~x)) AND ((~b) OR (~a)) AND (q)) OR ((~x) AND (~a) AND (b)) OR ((~q) AND (a) AND (x)),q
37cc,cccc,3,0,3,generic,no,(((~a) OR (~x)) AND ((~b) OR (~a)) AND (q)) OR (((~x) OR (~q)) AND ((~b) OR (~q)) AND (a)),a
37d5,0000,3,0,3,clock,no,(((~a) OR (~x)) AND ((~b) OR (~a)) AND (q)) OR (((~a) OR (~x) OR (~q)) AND (~b)) OR ((~q) AND (a) AND (x)),0
37e0,ff00,3,0,3,clock,no,(((~a) OR (~x)) AND ((~b) OR (~a)) AND (q)) OR (((~a) OR (~q)) AND (b) AND (x)) OR ((~q) AND (a) AND (x)),q
37f1,cccc,3,0,3,generic,no,(((~a) OR (~x)) AND ((~b) OR (~a)) AND (q)) OR (((~a) OR (~q)) AND (x)) OR ((~a) AND (~b)),a
37fa,0000,3,0,3,clock,no,(((~a) OR (~x)) AND ((~b) OR (~a)) AND (q)) OR (((~a) OR (~q)) AND (x)) OR (((~a) OR (~q)) AND (b)),0
3819,cccc,3,0,3,generic,no,((~a) AND (x) AND (q)) OR ((~x) AND (b) AND (a)) OR ((~q) AND (~a) AND (~b)),a
383c,ffff,3,0,3,clock,no,((~a) AND (x)) OR ((~x) AND (b) AND (a)) OR ((~q) AND (~x) AND (a)),1
3878,f0f0,3,0,3,generic,no,(((~a) OR (~q)) AND ((~b) OR (~a)) AND (x)) OR ((~x) AND (b) AND (a)),x
3888,aaaa,3,0,3,generic,no,((~a) AND (x) AND (q)) OR (((~x) OR (~q)) AND (b) AND (a)),b
3898,ffff,3,0,3,clock,no,((~a) AND (x) AND (q)) OR ((~a) AND (~b) AND (x)) OR (((~x) OR (~q)) AND (b) AND (a)),1
38b8,f0f0,3,0,3,generic,no,((~a) AND (x)) OR (((~x) OR (~q)) AND (b) AND (a)),x
38c8,aaaa,3,0,3,generic,no,((~a) AND (x) AND (q)) OR (((~x) OR (~q)) AND (b) AND (a)) OR ((~q) AND (a) AND (x)),b
38f9,ffff,3,0,3,clock,no,(((~a) OR (~q)) AND (x)) OR (((~x) OR (~q)) AND (b) AND (a)) OR ((~q) AND (~a) AND (~b)),1
390b,f0f0,3,0,3,generic,no,((~a) AND (x) AND (q)) OR ((~x) AND (b) AND (a)) OR ((~x) AND (~a) AND ((~b) OR (~q))),x
393b,ff00,3,0,3,clock,no,((~a) AND (x)) OR ((~a) AND ((~b) OR (~q))) OR ((~x) AND (b) AND (a)),q
397b,cccc,3,0,3,generic,no,(((~a) OR (~q)) AND ((~b) OR (~a)) AND (x)) OR ((~a) AND ((~b) OR (~q))) OR ((~x) AND (b) AND (a)),a
398f,0000,3,0,3,clock,no,((~a) AND (x) AND (q)) OR (((~x) OR (~q)) AND (b) AND (a)) OR ((~x) AND ((~a) OR (~q)) AND ((~b) OR (~q))),0
39b9,ff00,3,0,3,clock,no,((~a) AND (x)) OR ((~a) AND (~b)) OR (((~x) OR (~q)) AND (b) AND (a)),q
39f9,cccc,3,0,3,generic,no,(((~a) OR (~q)) AND (x)) OR ((~a) AND (~b)) OR (((~x) OR (~q)) AND (b) AND (a)),a
3a0a,aaaa,3,0,3,generic,no,((~a) AND (x) AND (q)) OR ((~x) AND (b)),b
3a1b,cccc,3,0,3,generic,no,((~a) AND (x) AND (q)) OR ((~x) AND (b)) OR ((~q) AND (~a) AND ((~b) OR (~x))),a
3a35,f0f0,3,0,3,generic,no,((~a) AND (x)) OR (((~a) OR (~x)) AND (b) AND (q)) OR ((~q) AND ((~a) OR (~x)) AND (~b)),x
3a4c,f0f0,3,0,3,generic,no,((~a) AND (x) AND (q)) OR (((~a) OR (~x)) AND (b) AND (q)) OR ((~q) AND ((~b) OR (~x)) AND (a)),x
3a55,aaaa,3,0,3,generic,no,((~a) AND (x) AND (q)) OR (((~a) OR (~x)) AND (b) AND (q)) OR ((~q) AND (~b)),b
3a6e,ffff,3,0,3,clock,no,((~a) AND (x) AND (q)) OR (((~a) OR (~x)) AND (b)) OR ((~q) AND ((~b) OR (~x)) AND (a)),1
3a77,f0f0,3,0,3,generic,no,(((~a) OR (~q)) AND ((~b) OR (~a)) AND (x)) OR (((~a) OR (~x)) AND (b) AND (q)) OR ((~q) AND ((~b) OR (~a))),x
3a88,aaaa,3,0,3,generic,no,((~a) AND (x) AND (q)) OR (((~a) OR (~x)) AND (b) AND (q)) OR (((~x) OR (~q)) AND (b) AND (a)),b
3aae,ffff,3,0,3,clock,no,((~a) AND (x) AND (q)) OR (((~a) OR (~x) OR (~q)) AND (b)) OR ((~q) AND (~x) AND (a)),1
3abf,f0f0,3,0,3,generic,no,((~a) AND (x)) OR (((~a) OR (~x) OR (~q)) AND (b)) OR ((~q) AND ((~a) OR (~x))),x
3adc,aaaa,3,0,3,generic,no,(((~a) OR (~x)) AND (b) AND (q)) OR (((~a) OR (~q)) AND (~b) AND (x)) OR ((~q) AND (a)),b
3af3,ffff,3,0,3,clock,no,(((~a) OR (~q)) AND (x)) OR (((~a) OR (~x)) AND (b) AND (q)) OR ((~q) AND (~a)),1
3afc,f0f0,3,0,3,generic,no,(((~a) OR (~q)) AND (x)) OR (((~a) OR (~x)) AND (b) AND (q)) OR ((~q) AND (a)),x
3b0a,cccc,3,0,3,generic,no,((~a) AND (q)) OR ((~x) AND (b)),a
3b1a,f0f0,3,0,3,generic,no,((~a) AND (q)) OR ((~a) AND (~b) AND (x)) OR ((~x) AND (b)),x
3b35,0000,3,0,3,clock,no,((~a) AND (x)) OR (((~a) OR (~x)) AND (b) AND (q)) OR (((~a) OR (~q)) AND ((~a) OR (~x)) AND (~b)),0
3b50,aaaa,3,0,3,generic,no,((~a) AND (q)) OR (((~a) OR (~x)) AND (b) AND (q)) OR (((~a) OR (~q)) AND (~b) AND (x)),b
3b5a,ffff,3,0,3,clock,no,((~a) AND (q)) OR (((~a) OR (~q)) AND (~b) AND (x)) OR ((~x) AND (b)),1
3b75,f0f0,3,0,3,generic,no,(((~a) OR (~q)) AND ((~b) OR (~a)) AND (x)) OR (((~a) OR (~x)) AND (b) AND (q)) OR (((~a) OR (~q)) AND (~b)),x
3b89,aaaa,3,0,3,generic,no,((~a) AND (q)) OR (((~x) OR (~q)) AND (b) AND (a)) OR ((~x) AND (~a) AND (~b)),b
3b98,ffff,3,0,3,clock,no,((~a) AND (q)) OR ((~a) AND (~b) AND (x)) OR (((~x) OR (~q)) AND (b) AND (a)),1
3baa,f0f0,3,0,3,generic,no,((~a) AND (q)) OR (((~a) OR (~x) OR (~q)) AND (b)),x
3bb7,aaaa,3,0,3,generic,no,(((~a) OR (~q)) AND ((~a) OR (~x)) AND ((~b) OR (~a))) OR (((~a) OR (~x)) AND (b) AND (q)) OR (((~a) OR (~q)) AND (b) AND (x)),b
3bc8,ffff,3,0,3,clock,no,((~a) AND (q)) OR (((~x) OR (~q)) AND (b) AND (a)) OR ((~q) AND (a) AND (x)),1
3bd7,f0f0,3,0,3,generic,no,(((~a) OR (~x)) AND (b) AND (q)) OR (((~a) OR (~q)) AND ((~b) OR (~x)) AND ((~b) OR (~a))) OR ((~q) AND (a) AND (x)),x
3bf1,aaaa,3,0,3,generic,no,(((~a) OR (~q)) AND (x)) OR (((~a) OR (~x)) AND (b) AND (q)) OR ((~a) AND (~b)),b
3bfb,ffff,3,0,3,clock,no,(((~a) OR (~q)) AND (x)) OR (~a) OR (((~a) OR (~x) OR (~q)) AND (b)),1
3c10,aaaa,3,0,3,generic,no,((~a) AND (x) AND (q)) OR ((~a) AND (~b) AND (x)) OR ((~x) AND (a) AND (q)),b
3c31,cccc,3,0,3,generic,no,((~a) AND (x)) OR ((~x) AND (a) AND (q)) OR ((~q) AND (~a) AND (~b)),a
3c3f,ffff,3,0,3,clock,no,((~a) AND (x)) OR ((~x) AND (a)) OR ((~q) AND ((~a) OR (~x))),1
3c55,f0f0,3,0,3,generic,no,((~a) AND (x) AND (q)) OR ((~x) AND (a) AND (q)) OR ((~q) AND (~b)),x
3c70,aaaa,3,0,3,generic,no,(((~a) OR (~q)) AND ((~b) OR (~a)) AND (x)) OR ((~x) AND (a) AND (q)),b
3c77,ffff,3,0,3,clock,no,(((~a) OR (~q)) AND ((~b) OR (~a)) AND (x)) OR ((~x) AND (a) AND (q)) OR ((~q) AND ((~b) OR (~a))),1
3c88,f0f0,3,0,3,generic,no,((~a) AND (x) AND (q)) OR ((~x) AND (a) AND (q)) OR (((~x) OR (~q)) AND (b) AND (a)),x
3cb8,aaaa,3,0,3,generic,no,((~a) AND (x)) OR ((~x) AND (a) AND (q)) OR (((~x) OR (~q)) AND (b) AND (a)),b
3ccd,ffff,3,0,3,clock,no,((~a) AND (x) AND (q)) OR (((~x) OR (~q)) AND (a)) OR ((~q) AND (~x) AND (~b)),1
3cee,f0f0,3,0,3,generic,no,((~a) AND (x) AND (q)) OR (((~x) OR (~q)) AND (a)) OR ((~q) AND (b)),x
3cf7,aaaa,3,0,3,generic,no,(((~a) OR (~q)) AND (x)) OR ((~x) AND (a) AND (q)) OR ((~q) AND ((~b) OR (~a))),b
3cff,ffff,3,0,3,clock,no,(((~a) OR (~q)) AND (x)) OR (((~x) OR (~q)) AND (a)) OR (~q),1
3d13,0000,3,0,3,clock,no,((~a) AND (x) AND (q)) OR ((~a) AND ((~b) OR (~q)) AND ((~b) OR (~x))) OR ((~x) AND (a) AND (q)),0
3d35,cccc,3,0,3,generic,no,((~a) AND (x)) OR (((~a) OR (~x)) AND (~b)) OR ((~x) AND (a) AND (q)),a
3d55,cccc,3,0,3,generic,no,((~a) AND (x) AND (q)) OR (((~a) OR (~x) OR (~q)) AND (~b)) OR ((~x) AND (a) AND (q)),a
3d75,0000,3,0,3,clock,no,(((~a) OR (~q)) AND ((~b) OR (~a)) AND (x)) OR (((~a) OR (~x) OR (~q)) AND (~b)) OR ((~x) AND (a) AND (q)),0
3d88,ff00,3,0,3,clock,no,((~a) AND (x) AND (q)) OR (((~a) OR (~x)) AND (~b) AND (q)) OR (((~x) OR (~q)) AND (b) AND (a)),q
3dac,cccc,3,0,3,generic,no,(((~a) OR (~q)) AND (b) AND (x)) OR (((~a) OR (~x)) AND (~b) AND (q)) OR ((~x) AND (a)),a
3dbf,0000,3,0,3,clock,no,((~a) AND (x)) OR (((~a) OR (~x)) AND ((~b) OR (~q))) OR (((~x) OR (~q)) AND (b) AND (a)),0
3dec,ff00,3,0,3,clock,no,(((~a) OR (~q)) AND (b) AND (x)) OR (((~a) OR (~x)) AND (~b) AND (q)) OR (((~x) OR (~q)) AND (a)),q
3dfc,cccc,3,0,3,generic,no,(((~a) OR (~q)) AND (x)) OR (((~a) OR (~x)) AND (~b) AND (q)) OR (((~x) OR (~q)) AND (a)),a
3e1c,aaaa,3,0,3,generic,no,(((~a) OR (~x)) AND (b) AND (q)) OR ((~a) AND (~b) AND (x)) OR ((~x) AND (a)),b
3e4e,aaaa,3,0,3,generic,no,((~a) AND (x) AND (q)) OR (((~x) OR (~q)) AND ((~b) OR (~x)) AND (a)) OR ((~x) AND (b)),b
3e72,ffff,3,0,3,clock,no,(((~a) OR (~q)) AND ((~b) OR (~a)) AND (x)) OR ((~a) AND (b)) OR ((~x) AND (a) AND (q)),1
3eba,f0f0,3,0,3,generic,no,((~a) AND (x)) OR (((~a) OR (~x) OR (~q)) AND (b)) OR ((~x) AND (a) AND (q)),x
3ef2,aaaa,3,0,3,generic,no,(((~a) OR (~q)) AND (x)) OR ((~a) AND (b)) OR ((~x) AND (a) AND (q)),b
3f03,f0f0,3,0,3,generic,no,(((~a) OR (~x)) AND (q)) OR ((~x) AND (~a)),x
3f11,aaaa,3,0,3,generic,no,(((~a) OR (~x)) AND (q)) OR ((~a) AND (~b)),b
3f20,cccc,3,0,3,generic,no,(((~a) OR (~x)) AND (q)) OR ((~a) AND (b) AND (x)),a
3f2f,f0f0,3,0,3,generic,no,(((~a) OR (~x)) AND (q)) OR (((~a) OR (~x)) AND (b)) OR (~x),x
3f45,0000,3,0,3,clock,no,(((~a) OR (~x)) AND (q)) OR ((~x) AND (~b)) OR (((~x) OR (~q)) AND (~b) AND (a)),0
3f4f,ff00,3,0,3,clock,no,(((~a) OR (~x)) AND (q)) OR (~x) OR (((~x) OR (~q)) AND ((~b) OR (~x)) AND (a)),q
3f57,cccc,3,0,3,generic,no,(((~a) OR (~x)) AND (q)) OR (((~a) OR (~x) OR (~q)) AND ((~b) OR (~x)) AND ((~b) OR (~a))),a
3f66,0000,3,0,3,clock,no,(((~a) OR (~x)) AND (q)) OR ((~a) AND (b)) OR (((~x) OR (~q)) AND (~b) AND (a)),0
3f73,ff00,3,0,3,clock,no,(((~a) OR (~x)) AND (q)) OR (~a) OR (((~a) OR (~q)) AND ((~b) OR (~a)) AND (x)),q
3f7f,cccc,3,0,3,generic,no,((~a) OR (~x) OR (~q)) AND ((~b) OR (~a) OR (~x)),a
3f8f,0000,3,0,3,clock,no,(((~a) OR (~x)) AND (q)) OR (~x) OR (((~x) OR (~q)) AND (b) AND (a)),0
3fa0,ff00,3,0,3,clock,no,(((~a) OR (~x)) AND (q)) OR (((~a) OR (~q)) AND (b) AND (x)),q
3fa8,cccc,3,0,3,generic,no,(((~a) OR (~x)) AND (q)) OR (((~a) OR (~q)) AND (b) AND (x)) OR (((~x) OR (~q)) AND (b) AND (a)),a
3fb1,0000,3,0,3,clock,no,(((~a) OR (~x)) AND (q)) OR (((~a) OR (~q)) AND (b) AND (x)) OR ((~a) AND (~b)),0
3fbb,ff00,3,0,3,clock,no,(((~a) OR (~x)) AND (q)) OR (~a) OR (((~a) OR (~x) OR (~q)) AND (b)),q
3fc5,ffff,3,0,3,clock,no,(((~a) OR (~x)) AND (q)) OR ((~x) AND (~b)) OR ((~q) AND (a) AND (x)),1
3fcf,f0f0,3,0,3,generic,no,(((~a) OR (~x)) AND (q)) OR (~x) OR (((~x) OR (~q)) AND (a)),x
3fdc,aaaa,3,0,3,generic,no,(((~a) OR (~x)) AND (q)) OR (((~a) OR (~q)) AND (~b) AND (x)) OR (((~x) OR (~q)) AND (a)),b
3fea,ffff,3,0,3,clock,no,(((~a) OR (~x)) AND (q)) OR (((~a) OR (~x) OR (~q)) AND (b)) OR ((~q) AND (a) AND (x)),1
3ff4,f0f0,3,0,3,generic,no,(((~a) OR (~x)) AND (q)) OR (((~a) OR (~q)) AND (x)) OR (((~x) OR (~q)) AND (~b) AND (a)),x
3fff,8f8f,1,2,3,generic,no,(~a) OR (~x) OR (~q),((b) AND (a)) OR (~x)
3fff,c8ff,1,2,3,generic,no,(~a) OR (~x) OR (~q),((a) AND (x)) OR ((b) AND (a)) OR (~q)
3fff,eac8,1,2,3,generic,no,(~a) OR (~x) OR (~q),((a) AND (x)) OR ((b) AND (q)) OR ((b) AND (a))
3fff,f5d5,1,2,3,generic,no,(~a) OR (~x) OR (~q),((x) AND (q)) OR ((a) AND (x)) OR (~b)
3fff,fcff,1,2,3,generic,no,(~a) OR (~x) OR (~q),(x) OR (a) OR (~q)
3fff,fff5,1,2,3,generic,no,(~a) OR (~x) OR (~q),(q) OR (x) OR (~b)
404c,0000,3,0,3,clock,no,((~b) AND (a) AND (x)) OR ((~q) AND ((~b) OR (~x)) AND (a)),0
4053,ff00,3,0,3,clock,no,((~b) AND (a) AND (x)) OR ((~q) AND (~a) AND ((~b) OR (~x))),q
405d,cccc,3,0,3,generic,no,((~b) AND (a) AND (x)) OR ((~q) AND (~b)) OR ((~q) AND ((~b) OR (~x)) AND (a)),a
406b,0000,3,0,3,clock,no,((~b) AND (a) AND (x)) OR ((~q) AND ((~a) OR (~x)) AND (b)) OR ((~q) AND (~x) AND (~a)),0
4073,ff00,3,0,3,clock,no,((~b) AND (a) AND (x)) OR ((~q) AND (~a)),q
407f,cccc,3,0,3,generic,no,((~b) AND (a) AND (x)) OR ((~q) AND ((~b) OR (~a) OR (~x))),a
40ca,0000,3,0,3,clock,no,(((~b) OR (~q)) AND (a) AND (x)) OR ((~q) AND (~x) AND (b)),0
40d0,ff00,3,0,3,clock,no,(((~b) OR (~q)) AND (a) AND (x)) OR ((~q) AND (~b) AND (x)),q
40d9,cccc,3,0,3,generic,no,(((~b) OR (~q)) AND (a) AND (x)) OR ((~q) AND (b) AND (a)) OR ((~q) AND (~a) AND (~b)),a
40e2,0000,3,0,3,clock,no,(((~b) OR (~q)) AND (a) AND (x)) OR ((~q) AND (~a) AND (b)),0
40e8,ff00,3,0,3,clock,no,(((~b) OR (~q)) AND (a) AND (x)) OR ((~q) AND (b) AND (x)) OR ((~q) AND (b) AND (a)),q
40f1,cccc,3,0,3,generic,no,(((~b) OR (~q)) AND (a) AND (x)) OR ((~q) AND (x)) OR ((~q) AND (~a) AND (~b)),a
40fa,0000,3,0,3,clock,no,(((~b) OR (~q)) AND (a) AND (x)) OR ((~q) AND (x)) OR ((~q) AND (b)),0
4147,ff00,3,0,3,clock,no,((~b) AND (a) AND (x)) OR ((~x) AND ((~a) OR (~q)) AND (~b)) OR ((~x) AND (~a) AND ((~b) OR (~q))),q
4157,cccc,3,0,3,generic,no,((~b) AND (a) AND (x)) OR (((~x) OR (~q)) AND ((~a) OR (~q)) AND (~b)) OR ((~x) AND (~a) AND ((~b) OR (~q))),a
416f,0000,3,0,3,clock,no,((~b) AND (a) AND (x)) OR ((~x) AND ((~a) OR (~q)) AND ((~b) OR (~q))) OR ((~q) AND ((~a) OR (~x)) AND (b)),0
417f,ff00,3,0,3,clock,no,((~b) AND (a) AND (x)) OR (((~x) OR (~q)) AND ((~a) OR (~q)) AND (~b)) OR ((~q) AND ((~b) OR (~a) OR (~x))),q
41cd,cccc,3,0,3,generic,no,(((~b) OR (~q)) AND (a) AND (x)) OR ((~x) AND ((~a) OR (~q)) AND (~b)) OR ((~q) AND (a)),a
41db,0000,3,0,3,clock,no,(((~b) OR (~q)) AND (a) AND (x)) OR (((~x) OR (~q)) AND (~a) AND (~b)) OR ((~q) AND (~x) AND (b)),0
41e7,ff00,3,0,3,clock,no,(((~b) OR (~q)) AND (a) AND (x)) OR ((~x) AND ((~a) OR (~q)) AND (~b)) OR ((~q) AND (~a) AND (b)),q
41fb,cccc,3,0,3,generic,no,(((~b) OR (~q)) AND (a) AND (x)) OR (((~x) OR (~q)) AND (~a) AND ((~b) OR (~q))) OR ((~q) AND (b)),a
424e,0000,3,0,3,clock,no,((~b) AND (a) AND (x)) OR ((~x) AND ((~a) OR (~q)) AND (b)) OR ((~q) AND ((~b) OR (~x)) AND (a)),0
425b,ff00,3,0,3,clock,no,((~b) AND (a) AND (x)) OR ((~x) AND ((~a) OR (~q)) AND (b)) OR ((~q) AND (~a) AND ((~b) OR (~x))),q
426e,cccc,3,0,3,generic,no,((~b) AND (a) AND (x)) OR (((~x) OR (~q)) AND (~a) AND (b)) OR ((~q) AND ((~b) OR (~x)) AND (a)),a
427f,0000,3,0,3,clock,no,((~b) AND (a) AND (x)) OR (((~x) OR (~q)) AND (~a) AND (b)) OR ((~q) AND ((~b) OR (~a) OR (~x))),0
42cb,ff00,3,0,3,clock,no,(((~b) OR (~q)) AND (a) AND (x)) OR ((~x) AND ((~a) OR (~q)) AND (b)) OR ((~q) AND (~x) AND (~a)),q
42db,cccc,3,0,3,generic,no,(((~b) OR (~q)) AND (a) AND (x)) OR ((~x) AND ((~a) OR (~q)) AND (b)) OR ((~q) AND (~a) AND ((~b) OR (~x))),a
42eb,0000,3,0,3,clock,no,(((~b) OR (~q)) AND (a) AND (x)) OR (((~x) OR (~q)) AND ((~a) OR (~q)) AND (b)) OR ((~q) AND (~x) AND (~a)),0
42fa,ff00,3,0,3,clock,no,(((~b) OR (~q)) AND (a) AND (x)) OR (((~x) OR (~q)) AND ((~a) OR (~q)) AND (b)) OR ((~q) AND (x)),q
4347,ffff,3,0,3,clock,no,((~b) AND (a) AND (x)) OR ((~x) AND ((~a) OR (~q)) AND ((~b) OR (~a))),1
4353,f0f0,3,0,3,generic,no,((~b) AND (a) AND (x)) OR (((~x) OR (~q)) AND (~a) AND ((~b) OR (~x))),x
4367,aaaa,3,0,3,generic,no,((~b) AND (a) AND (x)) OR ((~x) AND ((~a) OR (~q)) AND ((~b) OR (~a))) OR (((~x) OR (~q)) AND (~a) AND (b)),b
4377,ffff,3,0,3,clock,no,((~b) AND (a) AND (x)) OR (((~x) OR (~q)) AND ((~a) OR (~q)) AND ((~b) OR (~a))),1
43c4,f0f0,3,0,3,generic,no,(((~b) OR (~q)) AND (a) AND (x)) OR ((~x) AND (~a) AND (q)) OR ((~q) AND (~b) AND (a)),x
43cf,aaaa,3,0,3,generic,no,(((~b) OR (~q)) AND (a) AND (x)) OR ((~x) AND ((~a) OR (~q))),b
43db,ffff,3,0,3,clock,no,(((~b) OR (~q)) AND (a) AND (x)) OR (((~x) OR (~q)) AND (~a) AND ((~b) OR (~x))) OR ((~x) AND ((~a) OR (~q)) AND (b)),1
43eb,f0f0,3,0,3,generic,no,(((~b) OR (~q)) AND (a) AND (x)) OR ((~x) AND (~a)) OR (((~x) OR (~q)) AND ((~a) OR (~q)) AND (b)),x
4400,cccc,3,0,3,generic,no,(~b) AND (a) AND (q),a
4415,f0f0,3,0,3,generic,no,((~b) AND (a) AND (q)) OR ((~q) AND ((~a) OR (~x)) AND (~b)),x
4431,aaaa,3,0,3,generic,no,((~b) AND (a) AND (q)) OR ((~q) AND (~a) AND (x)) OR ((~q) AND (~a) AND (~b)),b
4445,ff00,3,0,3,clock,no,((~b) AND (a)) OR ((~q) AND (~x) AND (~b)),q
4450,cccc,3,0,3,generic,no,((~b) AND (a) AND (q)) OR ((~q) AND (~b) AND (x)),a
445c,0000,3,0,3,clock,no,(((~b) OR (~q)) AND ((~b) OR (~x)) AND (a)) OR ((~q) AND (~b) AND (x)),0
4467,ff00,3,0,3,clock,no,((~b) AND (a)) OR ((~q) AND (~a) AND (b)) OR ((~q) AND (~x) AND ((~b) OR (~a))),q
4473,cccc,3,0,3,generic,no,((~b) AND (a) AND (q)) OR ((~b) AND (a) AND (x)) OR ((~q) AND (~a)),a
447d,0000,3,0,3,clock,no,(((~b) OR (~q)) AND ((~b) OR (~x)) AND (a)) OR ((~q) AND ((~b) OR (~a)) AND (x)) OR ((~q) AND (~b)),0
448c,ff00,3,0,3,clock,no,((~b) AND (a) AND (q)) OR ((~x) AND ((~b) OR (~q)) AND (a)) OR ((~q) AND (b) AND (a)),q
44a0,cccc,3,0,3,generic,no,((~b) AND (a) AND (q)) OR ((~q) AND (b) AND (x)),a
44aa,0000,3,0,3,clock,no,((~b) AND (a) AND (q)) OR ((~q) AND (b)),0
44b1,ff00,3,0,3,clock,no,((~b) AND (a) AND (q)) OR ((~q) AND (b) AND (x)) OR ((~q) AND (~a) AND (~b)),q
44bf,cccc,3,0,3,generic,no,((~b) AND (a) AND (q)) OR ((~q) AND (b)) OR ((~q) AND ((~a) OR (~x))),a
44ca,0000,3,0,3,clock,no,((~b) AND (a) AND (q)) OR (((~b) OR (~q)) AND (a) AND (x)) OR ((~q) AND (~x) AND (b)),0
44d1,ff00,3,0,3,clock,no,((~b) AND (a) AND (q)) OR (((~b) OR (~q)) AND (a) AND (x)) OR ((~q) AND (~a) AND (~b)),q
44dd,cccc,3,0,3,generic,no,(((~b) OR (~q)) AND (a)) OR ((~q) AND (~b)),a
44e6,0000,3,0,3,clock,no,((~b) AND (a)) OR (((~b) OR (~q)) AND (a) AND (x)) OR ((~q) AND (~a) AND (b)),0
44ef,ff00,3,0,3,clock,no,(((~b) OR (~q)) AND (a)) OR ((~q) AND (b)) OR ((~q) AND (~x)),q
44f6,cccc,3,0,3,generic,no,((~b) AND (a)) OR ((~q) AND (x)) OR ((~q) AND (~a) AND (b)),a
44ff,0000,3,0,3,clock,no,(((~b) OR (~q)) AND (a)) OR (~q),0
4511,cccc,3,0,3,generic,no,((~b) AND (a) AND (q)) OR (((~x) OR (~q)) AND (~a) AND (~b)),a
452b,f0f0,3,0,3,generic,no,((~b) AND (a) AND (q)) OR ((~x) AND (~a) AND ((~b) OR (~q))) OR ((~q) AND ((~a) OR (~x)) AND (b)),x
4547,0000,3,0,3,clock,no,((~b) AND (a)) OR ((~x) AND ((~b) OR (~q)) AND ((~b) OR (~a))),0
4550,ff00,3,0,3,clock,no,((~b) AND (a) AND (q)) OR ((~x) AND (~b) AND (q)) OR ((~q) AND (~b) AND (x)),q
455d,cccc,3,0,3,generic,no,(((~b) OR (~q)) AND ((~b) OR (~x)) AND (a)) OR (((~x) OR (~q)) AND (~b)),a
456f,0000,3,0,3,clock,no,(((~b) OR (~q)) AND ((~b) OR (~x)) AND (a)) OR ((~x) AND ((~b) OR (~q))) OR ((~q) AND ((~a) OR (~x)) AND (b)),0
4577,ff00,3,0,3,clock,no,((~b) AND (a)) OR (((~x) OR (~q)) AND ((~b) OR (~q)) AND ((~b) OR (~a))),q
458d,cccc,3,0,3,generic,no,((~b) AND (a) AND (q)) OR ((~x) AND (~b)) OR ((~q) AND (b) AND (a)),a
45a5,0000,3,0,3,clock,no,((~b) AND (a) AND (q)) OR ((~x) AND (~b)) OR ((~q) AND (b) AND (x)),0
45b3,ff00,3,0,3,clock,no,((~b) AND (a) AND (q)) OR (((~x) OR (~q)) AND (~a) AND ((~b) OR (~q))) OR ((~q) AND (b) AND (x)),q
45c4,cccc,3,0,3,generic,no,((~b) AND (a)) OR (((~b) OR (~q)) AND (a) AND (x)) OR ((~x) AND (~b) AND (q)),a
45ce,0000,3,0,3,clock,no,(((~b) OR (~q)) AND (a)) OR ((~x) AND (~b) AND (q)) OR ((~q) AND (~x) AND (b)),0
45d7,ff00,3,0,3,clock,no,(((~b) OR (~q)) AND (a) AND (x)) OR (((~x) OR (~q)) AND (~b)) OR ((~x) AND ((~b) OR (~q)) AND ((~b) OR (~a))),q
45e5,cccc,3,0,3,generic,no,((~b) AND (a)) OR ((~x) AND (~b)) OR ((~q) AND (b) AND (x)),a
45f0,0000,3,0,3,clock,no,((~b) AND (a) AND (q)) OR ((~x) AND (~b) AND (q)) OR ((~q) AND (x)),0
45fc,ff00,3,0,3,clock,no,(((~b) OR (~q)) AND (a)) OR ((~x) AND (~b) AND (q)) OR ((~q) AND (x)),q
460f,f0f0,3,0,3,generic,no,((~b) AND (a) AND (q)) OR ((~x) AND ((~a) OR (~q)) AND (b)) OR ((~q) AND (~x)),x
462f,0000,3,0,3,clock,no,((~b) AND (a) AND (q)) OR (((~x) OR (~q)) AND (~a) AND (b)) OR ((~q) AND (~x)),0
464a,aaaa,3,0,3,generic,no,((~b) AND (a) AND (q)) OR ((~b) AND (a) AND (x)) OR ((~x) AND ((~a) OR (~q)) AND (b)),b
465a,ffff,3,0,3,clock,no,((~b) AND (a) AND (q)) OR ((~x) AND ((~a) OR (~q)) AND (b)) OR ((~q) AND (~b) AND (x)),1
466f,f0f0,3,0,3,generic,no,(((~b) OR (~q)) AND ((~b) OR (~x)) AND (a)) OR (((~x) OR (~q)) AND (~a) AND (b)) OR ((~q) AND (~x)),x
468a,aaaa,3,0,3,generic,no,((~b) AND (a) AND (q)) OR ((~x) AND ((~a) OR (~q)) AND (b)) OR ((~q) AND (b) AND (a)),b
46ba,ffff,3,0,3,clock,no,((~b) AND (a) AND (q)) OR (((~x) OR (~q)) AND ((~a) OR (~q)) AND (b)) OR ((~q) AND (~a) AND (x)),1
46cf,f0f0,3,0,3,generic,no,(((~b) OR (~q)) AND (a)) OR ((~x) AND ((~a) OR (~q)) AND (b)) OR ((~q) AND (~x)),x
46ef,aaaa,3,0,3,generic,no,(((~b) OR (~q)) AND (a)) OR (((~x) OR (~q)) AND ((~a) OR (~q)) AND (b)) OR ((~q) AND (~x)),b
4701,f0f0,3,0,3,generic,no,((~b) AND (a) AND (q)) OR ((~x) AND ((~b) OR (~a)) AND (q)) OR ((~x) AND (~a) AND (~b)),x
471b,0000,3,0,3,clock,no,((~b) AND (a) AND (q)) OR (((~x) OR (~q)) AND (~a) AND ((~b) OR (~x))) OR ((~x) AND ((~a) OR (~q)) AND (b)),0
473b,ff00,3,0,3,clock,no,((~b) AND (a) AND (q)) OR (((~x) OR (~q)) AND (~a)) OR ((~x) AND ((~a) OR (~q)) AND (b)),q
474d,cccc,3,0,3,generic,no,(((~b) OR (~q)) AND ((~b) OR (~x)) AND (a)) OR ((~x) AND ((~b) OR (~a)) AND (q)) OR ((~x) AND (~b)),a
4755,0000,3,0,3,clock,no,((~b) AND (a)) OR ((~x) AND ((~b) OR (~a)) AND (q)) OR (((~x) OR (~q)) AND (~b)),0
4766,ff00,3,0,3,clock,no,((~b) AND (a)) OR ((~x) AND ((~b) OR (~a)) AND (q)) OR (((~x) OR (~q)) AND (~a) AND (b)),q
4774,cccc,3,0,3,generic,no,((~b) AND (a)) OR ((~x) AND ((~b) OR (~a)) AND (q)) OR ((~q) AND ((~b) OR (~a)) AND (x)),a
479b,0000,3,0,3,clock,no,((~b) AND (a) AND (q)) OR (((~x) OR (~q)) AND (~a) AND ((~b) OR (~x))) OR ((~q) AND (b) AND (a)),0
47af,ff00,3,0,3,clock,no,((~b) AND (a) AND (q)) OR ((~x) AND ((~b) OR (~a) OR (~q))) OR (((~x) OR (~q)) AND ((~a) OR (~q)) AND (b)),q
47c2,cccc,3,0,3,generic,no,(((~b) OR (~q)) AND (a) AND (x)) OR ((~x) AND ((~b) OR (~a)) AND (q)) OR ((~x) AND (~a) AND (b)),a
47cc,0000,3,0,3,clock,no,(((~b) OR (~q)) AND (a)) OR ((~x) AND ((~b) OR (~a)) AND (q)),0
47d3,ff00,3,0,3,clock,no,((~b) AND (a) AND (q)) OR (((~b) OR (~q)) AND (a) AND (x)) OR (((~x) OR (~q)) AND (~a) AND ((~b) OR (~x))),q
47e2,cccc,3,0,3,generic,no,(((~b) OR (~q)) AND (a) AND (x)) OR ((~x) AND ((~b) OR (~a)) AND (q)) OR (((~x) OR (~q)) AND (~a) AND (b)),a
47f0,0000,3,0,3,clock,no,((~b) AND (a) AND (q)) OR ((~x) AND ((~b) OR (~a)) AND (q)) OR ((~q) AND (x)),0
484a,ff00,3,0,3,clock,no,((~b) AND (a) AND (x)) OR ((~x) AND (b) AND (a)) OR ((~q) AND (~x) AND (b)),q
485b,cccc,3,0,3,generic,no,((~b) AND (a) AND (x)) OR ((~x) AND (b) AND (a)) OR ((~q) AND (~a) AND ((~b) OR (~x))),a
48c8,0000,3,0,3,clock,no,(((~b) OR (~q)) AND (a) AND (x)) OR (((~x) OR (~q)) AND (b) AND (a)),0
48d8,ff00,3,0,3,clock,no,(((~b) OR (~q)) AND (a) AND (x)) OR (((~x) OR (~q)) AND (b) AND (a)) OR ((~q) AND (~b) AND (x)),q
48f8,cccc,3,0,3,generic,no,(((~b) OR (~q)) AND (a) AND (x)) OR (((~x) OR (~q)) AND (b) AND (a)) OR ((~q) AND (x)),a
495d,0000,3,0,3,clock,no,((~b) AND (a) AND (x)) OR ((~x) AND (b) AND (a)) OR (((~x) OR (~q)) AND ((~a) OR (~q)) AND (~b)),0
49d9,ff00,3,0,3,clock,no,(((~b) OR (~q)) AND (a) AND (x)) OR (((~x) OR (~q)) AND (b) AND (a)) OR (((~x) OR (~q)) AND (~a) AND (~b)),q
4a48,f0f0,3,0,3,generic,no,((~b) AND (a) AND (x)) OR ((~x) AND (b) AND (q)) OR ((~x) AND (b) AND (a)),x
4a53,f0f0,3,0,3,generic,no,((~b) AND (a) AND (x)) OR ((~x) AND (b) AND (q)) OR ((~q) AND (~a) AND ((~b) OR (~x))),x
4a6a,aaaa,3,0,3,generic,no,((~b) AND (a) AND (x)) OR (((~x) OR (~q)) AND ((~a) OR (~x)) AND (b)),b
4a77,ffff,3,0,3,clock,no,((~b) AND (a) AND (x)) OR ((~x) AND (b) AND (q)) OR ((~q) AND ((~b) OR (~a))),1
4ac4,f0f0,3,0,3,generic,no,(((~b) OR (~q)) AND (a) AND (x)) OR ((~x) AND (b) AND (q)) OR ((~q) AND (~b) AND (a)),x
4ace,aaaa,3,0,3,generic,no,(((~b) OR (~q)) AND (a) AND (x)) OR ((~x) AND (b)) OR ((~q) AND (a)),b
4ad7,ffff,3,0,3,clock,no,(((~b) OR (~q)) AND (a) AND (x)) OR ((~x) AND (b) AND (q)) OR ((~q) AND ((~b) OR (~x)) AND ((~b) OR (~a))),1
4aeb,f0f0,3,0,3,generic,no,(((~b) OR (~q)) AND (a) AND (x)) OR (((~x) OR (~q)) AND (b)) OR ((~q) AND (~x) AND (~a)),x
4afb,aaaa,3,0,3,generic,no,(((~b) OR (~q)) AND (a) AND (x)) OR (((~x) OR (~q)) AND (b)) OR ((~q) AND (~a)),b
4b4f,cccc,3,0,3,generic,no,((~b) AND (a) AND (x)) OR ((~x) AND (b)) OR ((~x) AND ((~a) OR (~q))),a
4b6b,0000,3,0,3,clock,no,((~b) AND (a) AND (x)) OR (((~x) OR (~q)) AND ((~a) OR (~x)) AND (b)) OR ((~x) AND (~a)),0
4bc0,ff00,3,0,3,clock,no,(((~b) OR (~q)) AND (a) AND (x)) OR ((~x) AND (b) AND (q)) OR ((~x) AND (~a) AND (q)),q
4bcb,cccc,3,0,3,generic,no,(((~b) OR (~q)) AND (a) AND (x)) OR ((~x) AND (b)) OR ((~x) AND (~a)),a
4bea,0000,3,0,3,clock,no,(((~b) OR (~q)) AND (a) AND (x)) OR (((~x) OR (~q)) AND (b)) OR ((~x) AND (~a) AND (q)),0
4bff,ff00,3,0,3,clock,no,(((~b) OR (~q)) AND (a) AND (x)) OR (((~x) OR (~q)) AND (b)) OR (((~x) OR (~q)) AND ((~a) OR (~q))),q
4c11,f0f0,3,0,3,generic,no,(((~b) OR (~x)) AND (a) AND (q)) OR ((~q) AND (~a) AND (~b)),x
4c2e,aaaa,3,0,3,generic,no,(((~b) OR (~x)) AND (a) AND (q)) OR ((~x) AND (a)) OR ((~q) AND ((~a) OR (~x)) AND (b)),b
4c3f,cccc,3,0,3,generic,no,(((~b) OR (~x)) AND (a) AND (q)) OR ((~q) AND ((~a) OR (~x))),a
4c4f,ffff,3,0,3,clock,no,(((~b) OR (~x)) AND (a)) OR ((~q) AND (~x)),1
4c58,f0f0,3,0,3,generic,no,(((~b) OR (~x)) AND (a) AND (q)) OR ((~x) AND (b) AND (a)) OR ((~q) AND (~b) AND (x)),x
4c66,aaaa,3,0,3,generic,no,(((~b) OR (~x)) AND (a) AND (q)) OR ((~b) AND (a)) OR ((~q) AND (~a) AND (b)),b
4c72,ffff,3,0,3,clock,no,(((~b) OR (~x)) AND (a) AND (q)) OR ((~q) AND ((~b) OR (~a)) AND (x)) OR ((~q) AND (~a) AND (b)),1
4c7c,f0f0,3,0,3,generic,no,(((~b) OR (~x)) AND (a)) OR ((~q) AND ((~b) OR (~a)) AND (x)),x
4c8c,aaaa,3,0,3,generic,no,(((~b) OR (~x)) AND (a) AND (q)) OR ((~x) AND (a)) OR (((~x) OR (~q)) AND (b) AND (a)),b
4c9f,ffff,3,0,3,clock,no,(((~b) OR (~x)) AND (a) AND (q)) OR (((~x) OR (~q)) AND (b) AND (a)) OR ((~q) AND ((~a) OR (~x)) AND ((~b) OR (~x))),1
4ca8,f0f0,3,0,3,generic,no,(((~b) OR (~x)) AND (a) AND (q)) OR (((~x) OR (~q)) AND (b) AND (a)) OR ((~q) AND (b) AND (x)),x
4cb1,aaaa,3,0,3,generic,no,(((~b) OR (~x)) AND (a) AND (q)) OR ((~q) AND (b) AND (x)) OR ((~q) AND (~a) AND (~b)),b
4cbb,ffff,3,0,3,clock,no,(((~b) OR (~x)) AND (a) AND (q)) OR (((~x) OR (~q)) AND (b) AND (a)) OR ((~q) AND (~a)),1
4cc8,f0f0,3,0,3,generic,no,(((~b) OR (~x)) AND (a) AND (q)) OR (((~b) OR (~q)) AND (a) AND (x)) OR (((~x) OR (~q)) AND (b) AND (a)),x
4cd1,aaaa,3,0,3,generic,no,(((~b) OR (~x)) AND (a) AND (q)) OR (((~b) OR (~q)) AND (a) AND (x)) OR ((~q) AND (~a) AND (~b)),b
4cdd,ffff,3,0,3,clock,no,(((~b) OR (~x) OR (~q)) AND (a)) OR ((~q) AND (~b)),1
4cec,f0f0,3,0,3,generic,no,(((~b) OR (~x) OR (~q)) AND (a)) OR ((~q) AND (b) AND (x)),x
4cf3,aaaa,3,0,3,generic,no,(((~b) OR (~x)) AND (a) AND (q)) OR (((~b) OR (~q)) AND (a) AND (x)) OR ((~q) AND (~a)),b
4cfc,ffff,3,0,3,clock,no,(((~b) OR (~x) OR (~q)) AND (a)) OR ((~q) AND (x)),1
4d09,aaaa,3,0,3,generic,no,(((~b) OR (~x)) AND (a) AND (q)) OR ((~x) AND (b) AND (a)) OR ((~x) AND (~a) AND (~b)),b
4d1b,ff00,3,0,3,clock,no,(((~b) OR (~x)) AND (a) AND (q)) OR (((~x) OR (~q)) AND (~a) AND (~b)) OR ((~q) AND (~x) AND (b)),q
4d37,f0f0,3,0,3,generic,no,(((~b) OR (~x)) AND (a) AND (q)) OR (((~x) OR (~q)) AND ((~a) OR (~x)) AND (~b)) OR (((~x) OR (~q)) AND (~a) AND ((~b) OR (~q))),x
4d4e,f0f0,3,0,3,generic,no,(((~b) OR (~x)) AND (a)) OR ((~x) AND (~b) AND (q)) OR ((~q) AND (~x) AND (b)),x
4d5c,aaaa,3,0,3,generic,no,(((~b) OR (~x)) AND (a)) OR ((~x) AND (~b) AND (q)) OR ((~q) AND (~b) AND (x)),b
4d71,ffff,3,0,3,clock,no,(((~b) OR (~x)) AND (a) AND (q)) OR (((~x) OR (~q)) AND (~a) AND (~b)) OR ((~q) AND ((~b) OR (~a)) AND (x)),1
4d88,f0f0,3,0,3,generic,no,(((~b) OR (~x)) AND (a) AND (q)) OR (((~x) OR (~q)) AND (b) AND (a)) OR ((~x) AND (~b) AND (q)),x
4da0,aaaa,3,0,3,generic,no,(((~b) OR (~x)) AND (a) AND (q)) OR ((~x) AND (~b) AND (q)) OR ((~q) AND (b) AND (x)),b
4dab,ffff,3,0,3,clock,no,(((~b) OR (~x)) AND (a) AND (q)) OR ((~x) AND (~a) AND ((~b) OR (~q))) OR ((~q) AND (b)),1
4dc0,f0f0,3,0,3,generic,no,(((~b) OR (~x)) AND (a) AND (q)) OR (((~b) OR (~q)) AND (a) AND (x)) OR ((~x) AND (~b) AND (q)),x
4dcd,aaaa,3,0,3,generic,no,(((~b) OR (~x) OR (~q)) AND (a)) OR ((~x) AND (~b)),b
4ddd,ffff,3,0,3,clock,no,(((~b) OR (~x) OR (~q)) AND (a)) OR (((~x) OR (~q)) AND (~b)),1
4df1,f0f0,3,0,3,generic,no,(((~b) OR (~x)) AND (a) AND (q)) OR (((~x) OR (~q)) AND (~a) AND (~b)) OR ((~q) AND (x)),x
4e00,cccc,3,0,3,generic,no,(((~b) OR (~x)) AND (a) AND (q)) OR ((~x) AND (b) AND (q)),a
4e11,f0f0,3,0,3,generic,no,(((~b) OR (~x)) AND (a) AND (q)) OR ((~x) AND (b) AND (q)) OR ((~q) AND (~a) AND (~b)),x
4e2b,f0f0,3,0,3,generic,no,(((~b) OR (~x)) AND (a) AND (q)) OR (((~x) OR (~q)) AND ((~a) OR (~x)) AND (b)) OR ((~q) AND (~x) AND (~a)),x
4e44,cccc,3,0,3,generic,no,((~b) AND (a)) OR ((~x) AND (b) AND (q)),a
4e54,cccc,3,0,3,generic,no,((~b) AND (a)) OR ((~x) AND (b) AND (q)) OR ((~q) AND (~b) AND (x)),a
4e5f,0000,3,0,3,clock,no,(((~b) OR (~x)) AND (a)) OR ((~x) AND (b)) OR ((~q) AND ((~b) OR (~x))),0
4e70,ff00,3,0,3,clock,no,(((~b) OR (~x)) AND (a) AND (q)) OR ((~x) AND (b) AND (q)) OR ((~q) AND ((~b) OR (~a)) AND (x)),q
4e7f,cccc,3,0,3,generic,no,(((~b) OR (~x)) AND (a)) OR (((~x) OR (~q)) AND ((~a) OR (~x)) AND (b)) OR ((~q) AND ((~b) OR (~a) OR (~x))),a
4eae,0000,3,0,3,clock,no,(((~b) OR (~x)) AND (a) AND (q)) OR ((~x) AND (a)) OR (((~x) OR (~q)) AND (b)),0
4ec2,ff00,3,0,3,clock,no,(((~b) OR (~x)) AND (a) AND (q)) OR (((~b) OR (~q)) AND (a) AND (x)) OR ((~x) AND (~a) AND (b)),q
4edc,cccc,3,0,3,generic,no,(((~b) OR (~x) OR (~q)) AND (a)) OR ((~x) AND (b) AND (q)) OR ((~q) AND (~b) AND (x)),a
4eec,0000,3,0,3,clock,no,(((~b) OR (~x) OR (~q)) AND (a)) OR ((~x) AND (b) AND (q)) OR ((~q) AND (b) AND (x)),0
4efa,ff00,3,0,3,clock,no,(((~b) OR (~x)) AND (a) AND (q)) OR (((~x) OR (~q)) AND (b)) OR ((~q) AND (x)),q
4f07,f0f0,3,0,3,generic,no,(((~b) OR (~x)) AND (a) AND (q)) OR ((~x) AND ((~b) OR (~a))),x
4f23,aaaa,3,0,3,generic,no,(((~b) OR (~x)) AND (a) AND (q)) OR ((~x) AND (~a)) OR (((~x) OR (~q)) AND (~a) AND (b)),b
4f42,cccc,3,0,3,generic,no,((~b) AND (a) AND (x)) OR ((~x) AND (q)) OR ((~x) AND (~a) AND (b)),a
4f51,cccc,3,0,3,generic,no,((~b) AND (a) AND (x)) OR ((~x) AND (q)) OR (((~x) OR (~q)) AND (~a) AND (~b)),a
4f5f,0000,3,0,3,clock,no,(((~b) OR (~x)) AND (a)) OR (((~x) OR (~q)) AND ((~b) OR (~x))),0
4f70,ff00,3,0,3,clock,no,(((~b) OR (~x)) AND (a) AND (q)) OR ((~x) AND (q)) OR ((~q) AND ((~b) OR (~a)) AND (x)),q
4f8b,cccc,3,0,3,generic,no,(((~b) OR (~x)) AND (a) AND (q)) OR (((~x) OR (~q)) AND (b) AND (a)) OR ((~x) AND (~a)),a
4faa,0000,3,0,3,clock,no,(((~b) OR (~x)) AND (a) AND (q)) OR ((~x) AND (q)) OR (((~x) OR (~q)) AND (b)),0
4fbf,ff00,3,0,3,clock,no,(((~b) OR (~x)) AND (a) AND (q)) OR (((~x) OR (~q)) AND ((~a) OR (~x))) OR (((~x) OR (~q)) AND (b)),q
4fc7,cccc,3,0,3,generic,no,(((~b) OR (~x)) AND (a) AND (q)) OR (((~b) OR (~q)) AND (a) AND (x)) OR ((~x) AND ((~b) OR (~a))),a
4fd0,0000,3,0,3,clock,no,(((~b) OR (~q)) AND (a) AND (x)) OR ((~x) AND (q)) OR ((~q) AND (~b) AND (x)),0
4fdd,ff00,3,0,3,clock,no,(((~b) OR (~x) OR (~q)) AND (a)) OR ((~x) AND (q)) OR (((~x) OR (~q)) AND (~b)),q
4fee,cccc,3,0,3,generic,no,(((~b) OR (~x) OR (~q)) AND (a)) OR ((~x) AND (q)) OR (((~x) OR (~q)) AND (b)),a
4fff,0000,3,0,3,clock,no,(((~b) OR (~x) OR (~q)) AND (a)) OR ((~x) OR (~q)),0
5011,cccc,3,0,3,generic,no,((~b) AND (x) AND (q)) OR ((~q) AND (~a) AND (~b)),a
502b,f0f0,3,0,3,generic,no,((~b) AND (x) AND (q)) OR ((~q) AND ((~a) OR (~x)) AND (b)) OR ((~q) AND (~x) AND (~a)),x
5043,aaaa,3,0,3,generic,no,((~b) AND (x) AND (q)) OR ((~b) AND (a) AND (x)) OR ((~q) AND (~x) AND (~a)),b
5054,aaaa,3,0,3,generic,no,((~b) AND (x)) OR ((~q) AND (~b) AND (a)),b
505d,ffff,3,0,3,clock,no,((~b) AND (x)) OR ((~q) AND (~b)) OR ((~q) AND ((~b) OR (~x)) AND (a)),1
5070,f0f0,3,0,3,generic,no,((~b) OR (~q)) AND ((~b) OR (~a)) AND (x),x
5077,aaaa,3,0,3,generic,no,(((~b) OR (~q)) AND ((~b) OR (~a)) AND (x)) OR ((~q) AND ((~b) OR (~a))),b
507f,ffff,3,0,3,clock,no,(((~b) OR (~q)) AND ((~b) OR (~a)) AND (x)) OR ((~q) AND ((~b) OR (~a) OR (~x))),1
5098,f0f0,3,0,3,generic,no,((~b) AND (x) AND (q)) OR ((~a) AND (~b) AND (x)) OR ((~q) AND (b) AND (a)),x
50a3,aaaa,3,0,3,generic,no,((~b) AND (x) AND (q)) OR ((~q) AND (b) AND (x)) OR ((~q) AND (~x) AND (~a)),b
50ac,ffff,3,0,3,clock,no,((~b) AND (x) AND (q)) OR ((~q) AND (b) AND (x)) OR ((~q) AND (~x) AND (a)),1
50b7,f0f0,3,0,3,generic,no,((~b) AND (x) AND (q)) OR ((~q) AND (b) AND (x)) OR ((~q) AND ((~a) OR (~x)) AND ((~b) OR (~a))),x
50c4,aaaa,3,0,3,generic,no,((~b) AND (x) AND (q)) OR (((~b) OR (~q)) AND (a) AND (x)) OR ((~q) AND (~b) AND (a)),b
50cd,ffff,3,0,3,clock,no,((~b) AND (x) AND (q)) OR ((~q) AND (a)) OR ((~q) AND (~x) AND (~b)),1
50d5,f0f0,3,0,3,generic,no,((~b) AND (x)) OR (((~b) OR (~q)) AND (a) AND (x)) OR ((~q) AND (~b)),x
50dd,aaaa,3,0,3,generic,no,((~b) AND (x)) OR ((~q) AND (a)) OR ((~q) AND (~b)),b
50ea,ffff,3,0,3,clock,no,((~b) AND (x) AND (q)) OR (((~b) OR (~q)) AND (a) AND (x)) OR ((~q) AND (b)),1
50f4,f0f0,3,0,3,generic,no,(((~b) OR (~q)) AND (x)) OR ((~q) AND (~b) AND (a)),x
50fb,aaaa,3,0,3,generic,no,(((~b) OR (~q)) AND (x)) OR ((~q) AND (b)) OR ((~q) AND (~a)),b
5105,f0f0,3,0,3,generic,no,((~b) AND (x) AND (q)) OR ((~x) AND ((~a) OR (~q)) AND (~b)),x
511f,aaaa,3,0,3,generic,no,((~b) AND (x) AND (q)) OR (((~a) OR (~q)) AND ((~a) OR (~x)) AND (~b)) OR ((~x) AND ((~a) OR (~q)) AND ((~b) OR (~q))),b
5135,ff00,3,0,3,clock,no,((~b) AND (x) AND (q)) OR (((~a) OR (~q)) AND ((~a) OR (~x)) AND (~b)) OR ((~a) AND ((~b) OR (~q)) AND (x)),q
514f,f0f0,3,0,3,generic,no,((~b) AND (x) AND (q)) OR ((~b) AND (a) AND (x)) OR ((~x) AND ((~a) OR (~q)) AND ((~b) OR (~q))),x
515c,0000,3,0,3,clock,no,((~b) AND (x)) OR ((~a) AND (~b) AND (q)) OR ((~q) AND ((~b) OR (~x)) AND (a)),0
5171,ff00,3,0,3,clock,no,(((~b) OR (~q)) AND ((~b) OR (~a)) AND (x)) OR ((~a) AND (~b)),q
517b,cccc,3,0,3,generic,no,(((~b) OR (~q)) AND ((~b) OR (~a)) AND (x)) OR ((~a) AND ((~b) OR (~q))) OR ((~q) AND ((~a) OR (~x)) AND (b)),a
518d,0000,3,0,3,clock,no,((~b) AND (x) AND (q)) OR ((~x) AND ((~a) OR (~q)) AND (~b)) OR ((~q) AND (b) AND (a)),0
51a1,ff00,3,0,3,clock,no,((~b) AND (x) AND (q)) OR ((~x) AND (~a) AND (~b)) OR ((~q) AND (b) AND (x)),q
51b3,cccc,3,0,3,generic,no,((~b) AND (x) AND (q)) OR ((~a) AND ((~b) OR (~q))) OR ((~q) AND (b) AND (x)),a
51c4,0000,3,0,3,clock,no,(((~b) OR (~q)) AND (a) AND (x)) OR ((~a) AND (~b) AND (q)) OR ((~q) AND (~b) AND (a)),0
51cd,ff00,3,0,3,clock,no,((~b) AND (x) AND (q)) OR ((~x) AND ((~a) OR (~q)) AND (~b)) OR ((~q) AND (a)),q
51d8,cccc,3,0,3,generic,no,((~b) AND (x)) OR ((~a) AND (~b) AND (q)) OR ((~q) AND (b) AND (a)),a
51e2,0000,3,0,3,clock,no,(((~b) OR (~q)) AND (a) AND (x)) OR ((~a) AND (~b) AND (q)) OR ((~q) AND (~a) AND (b)),0
51f4,ff00,3,0,3,clock,no,(((~b) OR (~q)) AND (x)) OR ((~a) AND (~b) AND (q)) OR ((~q) AND (~b) AND (a)),q
51fc,cccc,3,0,3,generic,no,(((~b) OR (~q)) AND (x)) OR ((~a) AND (~b) AND (q)) OR ((~q) AND (a)),a
5212,aaaa,3,0,3,generic,no,((~b) AND (x) AND (q)) OR ((~a) AND (~b) AND (x)) OR ((~x) AND (~a) AND (b)),b
522e,aaaa,3,0,3,generic,no,((~b) AND (x) AND (q)) OR (((~x) OR (~q)) AND (~a) AND (b)) OR ((~q) AND (~x) AND (a)),b
524a,cccc,3,0,3,generic,no,((~b) AND (x) AND (q)) OR ((~b) AND (a) AND (x)) OR ((~x) AND ((~a) OR (~q)) AND (b)),a
525e,f0f0,3,0,3,generic,no,((~b) AND (x)) OR ((~x) AND ((~a) OR (~q)) AND (b)) OR ((~q) AND ((~b) OR (~x)) AND (a)),x
5276,aaaa,3,0,3,generic,no,(((~b) OR (~q)) AND ((~b) OR (~a)) AND (x)) OR (((~x) OR (~q)) AND (~a) AND (b)) OR ((~q) AND (~b) AND (a)),b
528a,ffff,3,0,3,clock,no,((~b) AND (x) AND (q)) OR ((~x) AND ((~a) OR (~q)) AND (b)) OR ((~q) AND (b) AND (a)),1
52bb,f0f0,3,0,3,generic,no,((~b) AND (x) AND (q)) OR (((~x) OR (~q)) AND ((~a) OR (~q)) AND (b)) OR ((~q) AND (~a)),x
52de,aaaa,3,0,3,generic,no,((~b) AND (x)) OR ((~x) AND ((~a) OR (~q)) AND (b)) OR ((~q) AND (a)),b
52f6,ffff,3,0,3,clock,no,(((~b) OR (~q)) AND (x)) OR (((~x) OR (~q)) AND (~a) AND (b)) OR ((~q) AND (~b) AND (a)),1
5303,aaaa,3,0,3,generic,no,((~b) AND (x) AND (q)) OR ((~x) AND (~a)),b
531f,cccc,3,0,3,generic,no,((~b) AND (x) AND (q)) OR (((~a) OR (~q)) AND ((~a) OR (~x)) AND ((~b) OR (~x))),a
533f,f0f0,3,0,3,generic,no,((~b) AND (x) AND (q)) OR (((~a) OR (~q)) AND ((~a) OR (~x)) AND ((~b) OR (~x) OR (~q))),x
5354,0000,3,0,3,clock,no,((~b) AND (x)) OR ((~a) AND ((~b) OR (~x)) AND (q)) OR ((~q) AND (~b) AND (a)),0
535f,ff00,3,0,3,clock,no,((~b) AND (x)) OR (((~a) OR (~q)) AND ((~b) OR (~x))),q
5374,cccc,3,0,3,generic,no,(((~b) OR (~q)) AND ((~b) OR (~a)) AND (x)) OR ((~a) AND ((~b) OR (~x)) AND (q)) OR ((~q) AND (~b) AND (a)),a
5388,0000,3,0,3,clock,no,((~b) AND (x) AND (q)) OR ((~a) AND ((~b) OR (~x)) AND (q)) OR ((~q) AND (b) AND (a)),0
53a3,ff00,3,0,3,clock,no,((~b) AND (x) AND (q)) OR ((~x) AND (~a)) OR ((~q) AND (b) AND (x)),q
53bf,cccc,3,0,3,generic,no,((~b) AND (x) AND (q)) OR (((~a) OR (~q)) AND ((~a) OR (~x)) AND ((~b) OR (~x) OR (~q))) OR (((~x) OR (~q)) AND ((~a) OR (~q)) AND (b)),a
53c7,0000,3,0,3,clock,no,((~b) AND (x) AND (q)) OR (((~b) OR (~q)) AND (a) AND (x)) OR ((~x) AND ((~a) OR (~q)) AND ((~b) OR (~a))),0
53d1,ff00,3,0,3,clock,no,(((~b) OR (~q)) AND (a) AND (x)) OR ((~a) AND ((~b) OR (~x)) AND (q)) OR ((~a) AND (~b)),q
53df,cccc,3,0,3,generic,no,(((~b) OR (~q)) AND (a) AND (x)) OR (((~a) OR (~q)) AND ((~b) OR (~x))),a
53f3,0000,3,0,3,clock,no,(((~b) OR (~q)) AND (x)) OR ((~a) AND ((~b) OR (~x) OR (~q))),0
53fb,ff00,3,0,3,clock,no,(((~b) OR (~q)) AND (x)) OR ((~a) AND ((~b) OR (~x) OR (~q))) OR (((~x) OR (~q)) AND ((~a) OR (~q)) AND (b)),q
540d,ffff,3,0,3,clock,no,((~b) AND (x) AND (q)) OR ((~x) AND ((~b) OR (~q)) AND (a)) OR ((~q) AND (~x) AND (~b)),1
5422,aaaa,3,0,3,generic,no,((~b) AND (x) AND (q)) OR ((~b) AND (a) AND (q)) OR ((~q) AND (~a) AND (b)),b
543a,cccc,3,0,3,generic,no,((~b) AND (a) AND (q)) OR ((~a) AND ((~b) OR (~q)) AND (x)) OR ((~q) AND ((~a) OR (~x)) AND (b)),a
5450,f0f0,3,0,3,generic,no,((~b) AND (x)) OR ((~b) AND (a) AND (q)),x
545e,f0f0,3,0,3,generic,no,((~b) AND (x)) OR (((~b) OR (~q)) AND ((~b) OR (~x)) AND (a)) OR ((~q) AND (~x) AND (b)),x
5473,aaaa,3,0,3,generic,no,(((~b) OR (~q)) AND ((~b) OR (~a)) AND (x)) OR ((~b) AND (a) AND (q)) OR ((~q) AND (~a)),b
547c,ffff,3,0,3,clock,no,(((~b) OR (~q)) AND ((~b) OR (~a)) AND (x)) OR (((~b) OR (~q)) AND ((~b) OR (~x)) AND (a)),1
54a0,f0f0,3,0,3,generic,no,((~b) AND (x) AND (q)) OR ((~b) AND (a) AND (q)) OR ((~q) AND (b) AND (x)),x
54ba,aaaa,3,0,3,generic,no,((~b) AND (a) AND (q)) OR ((~a) AND ((~b) OR (~q)) AND (x)) OR ((~q) AND (b)),b
54cf,ffff,3,0,3,clock,no,((~b) AND (x) AND (q)) OR (((~b) OR (~q)) AND (a)) OR ((~q) AND (~x)),1
54df,f0f0,3,0,3,generic,no,((~b) AND (x)) OR (((~b) OR (~q)) AND (a)) OR ((~q) AND ((~b) OR (~x))),x
54f3,aaaa,3,0,3,generic,no,(((~b) OR (~q)) AND (x)) OR ((~b) AND (a) AND (q)) OR ((~q) AND (~a)),b
54fa,ffff,3,0,3,clock,no,(((~b) OR (~q)) AND (x)) OR ((~b) AND (a) AND (q)) OR ((~q) AND (b)),1
5507,aaaa,3,0,3,generic,no,((~b) AND (q)) OR ((~x) AND ((~b) OR (~q)) AND ((~b) OR (~a))),b
551a,cccc,3,0,3,generic,no,((~b) AND (q)) OR ((~a) AND (~b) AND (x)) OR ((~q) AND (~x) AND (b)),a
5530,f0f0,3,0,3,generic,no,((~b) AND (q)) OR ((~a) AND ((~b) OR (~q)) AND (x)),x
5544,aaaa,3,0,3,generic,no,((~b) AND (q)) OR ((~b) AND (a)),b
5557,ff00,3,0,3,clock,no,((~b) OR (~q)) AND ((~b) OR (~x)) AND ((~b) OR (~a)),q
556a,cccc,3,0,3,generic,no,((~b) AND (q)) OR ((~b) AND (a) AND (x)) OR ((~q) AND ((~a) OR (~x)) AND (b)),a
5575,0000,3,0,3,clock,no,(((~b) OR (~q)) AND ((~b) OR (~a)) AND (x)) OR (~b),0
5588,ff00,3,0,3,clock,no,((~b) AND (q)) OR ((~q) AND (b) AND (a)),q
5598,cccc,3,0,3,generic,no,((~b) AND (q)) OR ((~a) AND (~b) AND (x)) OR ((~q) AND (b) AND (a)),a
55a2,0000,3,0,3,clock,no,((~b) AND (q)) OR ((~q) AND (b) AND (x)) OR ((~q) AND (~a) AND (b)),0
55aa,ff00,3,0,3,clock,no,q XOR b,q
55b3,cccc,3,0,3,generic,no,((~b) AND (q)) OR ((~a) AND ((~b) OR (~q))) OR ((~q) AND (b) AND (x)),a
55c0,0000,3,0,3,clock,no,((~b) AND (q)) OR (((~b) OR (~q)) AND (a) AND (x)),0
55c8,ff00,3,0,3,clock,no,((~b) AND (q)) OR (((~b) OR (~q)) AND (a) AND (x)) OR ((~q) AND (b) AND (a)),q
55d1,cccc,3,0,3,generic,no,((~b) AND (q)) OR (((~b) OR (~q)) AND (a) AND (x)) OR ((~a) AND (~b)),a
55e0,0000,3,0,3,clock,no,((~b) AND (q)) OR (((~b) OR (~q)) AND (a) AND (x)) OR ((~q) AND (b) AND (x)),0
55f0,ff00,3,0,3,clock,no,((~b) AND (q)) OR (((~b) OR (~q)) AND (x)),q
55f8,ffff,3,0,3,clock,no,((~b) AND (q)) OR (((~b) OR (~q)) AND (x)) OR ((~q) AND (b) AND (a)),1
55ff,aaff,1,2,3,generic,no,"NAND(q,b)","NAND(q,~b)"
55ff,ddff,1,2,3,generic,no,"NAND(q,b)",(a) OR (~b) OR (~q)
55ff,eea0,1,2,3,generic,no,"NAND(q,b)",((a) AND (q)) OR ((b) AND (q)) OR ((b) AND (x))
55ff,fa88,1,2,3,generic,no,"NAND(q,b)",((x) AND (q)) OR ((b) AND (q)) OR ((b) AND (a))
55ff,ff5f,1,2,3,generic,no,"NAND(q,b)",(q) OR (~b) OR (~x)
560e,aaaa,3,0,3,generic,no,((~b) AND (x) AND (q)) OR ((~x) AND ((~b) OR (~q)) AND (a)) OR ((~x) AND ((~a) OR (~q)) AND (b)),b
563a,cccc,3,0,3,generic,no,((~b) AND (a) AND (q)) OR ((~a) AND ((~b) OR (~q)) AND (x)) OR ((~x) AND ((~a) OR (~q)) AND (b)),a
5672,0000,3,0,3,clock,no,(((~b) OR (~q)) AND ((~b) OR (~a)) AND (x)) OR ((~b) AND (a) AND (q)) OR (((~x) OR (~q)) AND (~a) AND (b)),0
56ba,ff00,3,0,3,clock,no,((~b) AND (a) AND (q)) OR ((~a) AND ((~b) OR (~q)) AND (x)) OR (((~x) OR (~q)) AND ((~a) OR (~q)) AND (b)),q
56fe,cccc,3,0,3,generic,no,(((~b) OR (~q)) AND (x)) OR (((~b) OR (~q)) AND (a)) OR (((~x) OR (~q)) AND ((~a) OR (~q)) AND (b)),a
570e,aaaa,3,0,3,generic,no,(((~b) OR (~x)) AND ((~b) OR (~a)) AND (q)) OR ((~x) AND ((~b) OR (~q)) AND (a)) OR ((~x) AND ((~a) OR (~q)) AND (b)),b
571f,cccc,3,0,3,generic,no,(((~b) OR (~x)) AND ((~b) OR (~a)) AND (q)) OR (((~a) OR (~x)) AND ((~b) OR (~x)) AND ((~b) OR (~a) OR (~q))),a
5734,f0f0,3,0,3,generic,no,(((~b) OR (~x)) AND ((~b) OR (~a)) AND (q)) OR ((~a) AND ((~b) OR (~q)) AND (x)) OR ((~x) AND (~b) AND (a)),x
5747,aaaa,3,0,3,generic,no,(((~b) OR (~x)) AND ((~b) OR (~a)) AND (q)) OR ((~b) AND (a)) OR ((~x) AND ((~b) OR (~a))),b
575a,ff00,3,0,3,clock,no,(((~b) OR (~x)) AND ((~b) OR (~a)) AND (q)) OR ((~b) AND (x)) OR ((~x) AND ((~a) OR (~q)) AND (b)),q
576e,cccc,3,0,3,generic,no,(((~b) OR (~x)) AND ((~b) OR (~a)) AND (q)) OR (((~b) OR (~q)) AND ((~b) OR (~x)) AND (a)) OR (((~x) OR (~q)) AND (~a) AND (b)),a
5777,0000,3,0,3,clock,no,((~b) OR (~x) OR (~q)) AND ((~b) OR (~a)),0
578a,ff00,3,0,3,clock,no,(((~b) OR (~x)) AND ((~b) OR (~a)) AND (q)) OR ((~x) AND ((~a) OR (~q)) AND (b)) OR ((~q) AND (b) AND (a)),q
579b,cccc,3,0,3,generic,no,(((~b) OR (~x)) AND ((~b) OR (~a)) AND (q)) OR ((~a) AND ((~b) OR (~x))) OR ((~q) AND (b) AND (a)),a
57a4,0000,3,0,3,clock,no,(((~b) OR (~x)) AND ((~b) OR (~a)) AND (q)) OR ((~x) AND (~b) AND (a)) OR ((~q) AND (b) AND (x)),0
57ac,ff00,3,0,3,clock,no,(((~b) OR (~x)) AND ((~b) OR (~a)) AND (q)) OR ((~x) AND ((~b) OR (~q)) AND (a)) OR ((~q) AND (b) AND (x)),q
57b7,cccc,3,0,3,generic,no,(((~b) OR (~x)) AND ((~b) OR (~a)) AND (q)) OR (((~a) OR (~x)) AND ((~b) OR (~x) OR (~q)) AND ((~b) OR (~a))) OR ((~q) AND (b) AND (x)),a
57c2,0000,3,0,3,clock,no,(((~b) OR (~x)) AND ((~b) OR (~a)) AND (q)) OR (((~b) OR (~q)) AND (a) AND (x)) OR ((~x) AND (~a) AND (b)),0
57ca,ff00,3,0,3,clock,no,(((~b) OR (~x)) AND ((~b) OR (~a)) AND (q)) OR (((~b) OR (~q)) AND (a) AND (x)) OR ((~x) AND ((~a) OR (~q)) AND (b)),q
57d3,cccc,3,0,3,generic,no,(((~b) OR (~x)) AND ((~b) OR (~a)) AND (q)) OR (((~b) OR (~q)) AND (a) AND (x)) OR ((~a) AND ((~b) OR (~x))),a
57e0,0000,3,0,3,clock,no,(((~b) OR (~x)) AND ((~b) OR (~a)) AND (q)) OR (((~b) OR (~q)) AND (a) AND (x)) OR ((~q) AND (b) AND (x)),0
57f0,ff00,3,0,3,clock,no,(((~b) OR (~x)) AND ((~b) OR (~a)) AND (q)) OR (((~b) OR (~q)) AND (x)),q
57f8,cccc,3,0,3,generic,no,(((~b) OR (~x)) AND ((~b) OR (~a)) AND (q)) OR (((~b) OR (~q)) AND (x)) OR ((~q) AND (b) AND (a)),a
5818,aaaa,3,0,3,generic,no,((~b) AND (x) AND (q)) OR ((~a) AND (~b) AND (x)) OR ((~x) AND (b) AND (a)),b
585a,aaaa,3,0,3,generic,no,((~b) AND (x)) OR ((~x) AND (b) AND (a)) OR ((~q) AND (~x) AND (b)),b
5879,ffff,3,0,3,clock,no,(((~b) OR (~q)) AND ((~b) OR (~a)) AND (x)) OR ((~x) AND (b) AND (a)) OR ((~q) AND (~a) AND (~b)),1
588a,f0f0,3,0,3,generic,no,((~b) AND (x) AND (q)) OR (((~x) OR (~q)) AND (b) AND (a)) OR ((~q) AND (~x) AND (b)),x
589b,aaaa,3,0,3,generic,no,((~b) AND (x) AND (q)) OR (((~x) OR (~q)) AND (b) AND (a)) OR ((~q) AND (~a) AND ((~b) OR (~x))),b
58bb,ffff,3,0,3,clock,no,((~b) AND (x) AND (q)) OR (((~x) OR (~q)) AND (b) AND (a)) OR ((~q) AND (~a)),1
58db,f0f0,3,0,3,generic,no,((~b) AND (x)) OR (((~x) OR (~q)) AND (b) AND (a)) OR ((~q) AND (~a) AND ((~b) OR (~x))),x
58fb,aaaa,3,0,3,generic,no,(((~b) OR (~q)) AND (x)) OR (((~x) OR (~q)) AND (b) AND (a)) OR ((~q) AND (~a)),b
590d,ffff,3,0,3,clock,no,((~b) AND (x) AND (q)) OR ((~x) AND (b) AND (a)) OR ((~x) AND ((~a) OR (~q)) AND (~b)),1
595b,0000,3,0,3,clock,no,((~b) AND (x)) OR ((~a) AND ((~b) OR (~q)) AND ((~b) OR (~x))) OR ((~x) AND (b) AND (a)),0
597d,ff00,3,0,3,clock,no,(((~b) OR (~q)) AND ((~b) OR (~a)) AND (x)) OR (((~a) OR (~q)) AND (~b)) OR ((~x) AND (b) AND (a)),q
5999,cccc,3,0,3,generic,no,((~b) AND (x) AND (q)) OR ((~a) AND (~b)) OR (((~x) OR (~q)) AND (b) AND (a)),a
59d9,0000,3,0,3,clock,no,((~b) AND (x)) OR ((~a) AND (~b)) OR (((~x) OR (~q)) AND (b) AND (a)),0
59fb,ff00,3,0,3,clock,no,(((~b) OR (~q)) AND (x)) OR ((~a) AND ((~b) OR (~q))) OR (((~x) OR (~q)) AND (b) AND (a)),q
5a0c,f0f0,3,0,3,generic,no,((~b) AND (x) AND (q)) OR ((~x) AND (b) AND (q)) OR ((~q) AND (~x) AND (a)),x
5a2e,0000,3,0,3,clock,no,((~b) AND (x) AND (q)) OR (((~x) OR (~q)) AND ((~a) OR (~x)) AND (b)) OR ((~q) AND (~x) AND (a)),0
5a4c,cccc,3,0,3,generic,no,((~b) AND (x) AND (q)) OR ((~x) AND (b) AND (q)) OR ((~q) AND ((~b) OR (~x)) AND (a)),a
5a5c,ffff,3,0,3,clock,no,((~b) AND (x)) OR ((~x) AND (b) AND (q)) OR ((~q) AND ((~b) OR (~x)) AND (a)),1
5a72,f0f0,3,0,3,generic,no,(((~b) OR (~q)) AND ((~b) OR (~a)) AND (x)) OR ((~x) AND (b) AND (q)) OR (((~x) OR (~q)) AND (~a) AND (b)),x
5a7b,aaaa,3,0,3,generic,no,(((~b) OR (~q)) AND ((~b) OR (~a)) AND (x)) OR (((~x) OR (~q)) AND ((~a) OR (~x)) AND (b)) OR ((~q) AND (~a)),b
5aa0,ffff,3,0,3,clock,no,((~b) AND (x) AND (q)) OR ((~x) AND (b) AND (q)) OR ((~q) AND (b) AND (x)),1
5abf,f0f0,3,0,3,generic,no,((~b) AND (x) AND (q)) OR (((~x) OR (~q)) AND (b)) OR ((~q) AND ((~a) OR (~x))),x
5ada,aaaa,3,0,3,generic,no,((~b) AND (x)) OR (((~b) OR (~q)) AND (a) AND (x)) OR ((~x) AND (b)),b
5af1,ffff,3,0,3,clock,no,(((~b) OR (~q)) AND (x)) OR ((~x) AND (b) AND (q)) OR ((~q) AND (~a) AND (~b)),1
5afa,f0f0,3,0,3,generic,no,(((~b) OR (~q)) AND (x)) OR (((~x) OR (~q)) AND (b)),x
5b05,ff00,3,0,3,clock,no,((~b) AND (x) AND (q)) OR ((~x) AND (b) AND (q)) OR ((~x) AND ((~a) OR (~q)) AND (~b)),q
5b1f,cccc,3,0,3,generic,no,((~b) AND (x) AND (q)) OR (((~a) OR (~q)) AND ((~a) OR (~x)) AND ((~b) OR (~x))) OR ((~x) AND (b)),a
5b40,aaaa,3,0,3,generic,no,((~b) AND (a) AND (x)) OR ((~a) AND ((~b) OR (~x)) AND (q)) OR ((~x) AND (b) AND (q)),b
5b5f,ff00,3,0,3,clock,no,((~b) AND (x)) OR (((~a) OR (~q)) AND ((~b) OR (~x))) OR ((~x) AND (b)),q
5b78,cccc,3,0,3,generic,no,(((~b) OR (~q)) AND ((~b) OR (~a)) AND (x)) OR ((~a) AND ((~b) OR (~x)) AND (q)) OR ((~x) AND (b) AND (a)),a
5b9b,0000,3,0,3,clock,no,((~b) AND (x) AND (q)) OR ((~a) AND ((~b) OR (~x))) OR (((~x) OR (~q)) AND (b) AND (a)),0
5bbf,ff00,3,0,3,clock,no,((~b) AND (x) AND (q)) OR (((~a) OR (~q)) AND ((~a) OR (~x)) AND ((~b) OR (~x) OR (~q))) OR (((~x) OR (~q)) AND (b)),q
5bd7,cccc,3,0,3,generic,no,(((~b) OR (~q)) AND (a) AND (x)) OR (((~a) OR (~q)) AND ((~b) OR (~x)) AND ((~b) OR (~a))) OR ((~x) AND (b) AND (q)),a
5bf3,0000,3,0,3,clock,no,(((~b) OR (~q)) AND (x)) OR ((~a) AND ((~b) OR (~x) OR (~q))) OR ((~x) AND (b) AND (q)),0
5bff,ff00,3,0,3,clock,no,(((~b) OR (~q)) AND (x)) OR (((~a) OR (~q)) AND ((~b) OR (~x) OR (~q))) OR (((~x) OR (~q)) AND (b)),q
5c11,f0f0,3,0,3,generic,no,((~b) AND (x) AND (q)) OR (((~b) OR (~x)) AND (a) AND (q)) OR ((~q) AND (~a) AND (~b)),x
5c31,0000,3,0,3,clock,no,(((~b) OR (~x)) AND (a) AND (q)) OR ((~a) AND ((~b) OR (~q)) AND (x)) OR ((~q) AND (~a) AND (~b)),0
5c40,cccc,3,0,3,generic,no,((~b) AND (x) AND (q)) OR (((~b) OR (~x)) AND (a) AND (q)) OR ((~b) AND (a) AND (x)),a
5c5a,f0f0,3,0,3,generic,no,((~b) AND (x)) OR (((~b) OR (~x)) AND (a) AND (q)) OR ((~q) AND (~x) AND (b)),x
5c72,f0f0,3,0,3,generic,no,(((~b) OR (~q)) AND ((~b) OR (~a)) AND (x)) OR (((~b) OR (~x)) AND (a) AND (q)) OR ((~q) AND (~a) AND (b)),x
5c7c,aaaa,3,0,3,generic,no,(((~b) OR (~q)) AND ((~b) OR (~a)) AND (x)) OR (((~b) OR (~x)) AND (a)),b
5c98,ffff,3,0,3,clock,no,(((~b) OR (~x)) AND (a) AND (q)) OR ((~a) AND (~b) AND (x)) OR (((~x) OR (~q)) AND (b) AND (a)),1
5cba,f0f0,3,0,3,generic,no,(((~b) OR (~x)) AND (a) AND (q)) OR ((~a) AND ((~b) OR (~q)) AND (x)) OR ((~q) AND (b)),x
5cd8,aaaa,3,0,3,generic,no,((~b) AND (x)) OR (((~b) OR (~x)) AND (a) AND (q)) OR (((~x) OR (~q)) AND (b) AND (a)),b
5cee,ffff,3,0,3,clock,no,((~b) AND (x) AND (q)) OR (((~b) OR (~x) OR (~q)) AND (a)) OR ((~q) AND (b)),1
5cf7,f0f0,3,0,3,generic,no,(((~b) OR (~q)) AND (x)) OR (((~b) OR (~x)) AND (a) AND (q)) OR ((~q) AND ((~b) OR (~a))),x
5d00,cccc,3,0,3,generic,no,((~b) AND (q)) OR (((~b) OR (~x)) AND (a) AND (q)),a
5d0f,f0f0,3,0,3,generic,no,((~b) AND (q)) OR (((~b) OR (~x)) AND (a) AND (q)) OR ((~x) AND ((~b) OR (~q))),x
5d2e,aaaa,3,0,3,generic,no,((~b) AND (q)) OR ((~x) AND (a)) OR ((~q) AND ((~a) OR (~x)) AND (b)),b
5d4c,cccc,3,0,3,generic,no,((~b) AND (q)) OR (((~b) OR (~x)) AND (a)),a
5d5f,ffff,3,0,3,clock,no,(((~b) OR (~q)) AND ((~b) OR (~x))) OR (((~b) OR (~x)) AND (a)),1
5d78,f0f0,3,0,3,generic,no,((~b) AND (q)) OR (((~b) OR (~q)) AND ((~b) OR (~a)) AND (x)) OR ((~x) AND (b) AND (a)),x
5d8b,aaaa,3,0,3,generic,no,((~b) AND (q)) OR (((~x) OR (~q)) AND (b) AND (a)) OR ((~x) AND (~a) AND ((~b) OR (~q))),b
5d9b,ffff,3,0,3,clock,no,((~b) AND (q)) OR ((~a) AND ((~b) OR (~q)) AND ((~b) OR (~x))) OR (((~x) OR (~q)) AND (b) AND (a)),1
5dae,f0f0,3,0,3,generic,no,((~b) AND (q)) OR ((~x) AND (a)) OR ((~q) AND (b)),x
5dbf,aaaa,3,0,3,generic,no,((~b) AND (q)) OR (((~a) OR (~x)) AND ((~b) OR (~q))) OR (((~x) OR (~q)) AND (b) AND (a)),b
5dcf,ffff,3,0,3,clock,no,((~b) AND (q)) OR (((~b) OR (~x) OR (~q)) AND (a)) OR ((~x) AND ((~b) OR (~q))),1
5ddd,f0f0,3,0,3,generic,no,(((~b) OR (~x) OR (~q)) AND (a)) OR (~b),x
5df5,aaaa,3,0,3,generic,no,(((~b) OR (~q)) AND (x)) OR (~b) OR (((~b) OR (~x)) AND (a) AND (q)),b
5e02,f0f0,3,0,3,generic,no,((~b) AND (x) AND (q)) OR (((~b) OR (~x)) AND (a) AND (q)) OR ((~x) AND (~a) AND (b)),x
5e30,0000,3,0,3,clock,no,(((~b) OR (~x)) AND (a) AND (q)) OR ((~a) AND ((~b) OR (~q)) AND (x)) OR ((~x) AND (b) AND (q)),0
5e5c,cccc,3,0,3,generic,no,((~b) AND (x)) OR (((~b) OR (~x)) AND (a)) OR ((~x) AND (b) AND (q)),a
5e7e,cccc,3,0,3,generic,no,(((~b) OR (~q)) AND ((~b) OR (~a)) AND (x)) OR (((~b) OR (~x)) AND (a)) OR (((~x) OR (~q)) AND ((~a) OR (~x)) AND (b)),a
5ede,0000,3,0,3,clock,no,((~b) AND (x)) OR (((~b) OR (~x) OR (~q)) AND (a)) OR ((~x) AND (b)),0
5efc,ff00,3,0,3,clock,no,(((~b) OR (~q)) AND (x)) OR (((~b) OR (~x) OR (~q)) AND (a)) OR ((~x) AND (b) AND (q)),q
5f0a,f0f0,3,0,3,generic,no,(((~b) OR (~x)) AND (q)) OR ((~x) AND (b)),x
5f19,aaaa,3,0,3,generic,no,(((~b) OR (~x)) AND (q)) OR ((~a) AND (~b)) OR ((~x) AND (b) AND (a)),b
5f2f,cccc,3,0,3,generic,no,(((~b) OR (~x)) AND (q)) OR (~x) OR (((~x) OR (~q)) AND ((~a) OR (~x)) AND (b)),a
5f40,f0f0,3,0,3,generic,no,(((~b) OR (~x)) AND (q)) OR ((~b) AND (a) AND (x)),x
5f50,aaaa,3,0,3,generic,no,(((~b) OR (~x)) AND (q)) OR ((~b) AND (x)),b
5f66,aaaa,3,0,3,generic,no,(((~b) OR (~x)) AND (q)) OR ((~b) AND (a)) OR (((~x) OR (~q)) AND (~a) AND (b)),b
5f73,ffff,3,0,3,clock,no,(((~b) OR (~x)) AND (q)) OR (((~b) OR (~q)) AND ((~b) OR (~a)) AND (x)) OR ((~a) AND ((~b) OR (~x) OR (~q))),1
5f7f,f0f0,3,0,3,generic,no,((~b) OR (~x) OR (~q)) AND ((~b) OR (~a) OR (~x)),x
5f8f,aaaa,3,0,3,generic,no,(((~b) OR (~x)) AND (q)) OR (~x) OR (((~x) OR (~q)) AND (b) AND (a)),b
5fa0,ffff,3,0,3,clock,no,(((~b) OR (~x)) AND (q)) OR ((~q) AND (b) AND (x)),1
5fa8,f0f0,3,0,3,generic,no,(((~b) OR (~x)) AND (q)) OR (((~x) OR (~q)) AND (b) AND (a)) OR ((~q) AND (b) AND (x)),x
5fb1,aaaa,3,0,3,generic,no,(((~b) OR (~x)) AND (q)) OR ((~a) AND (~b)) OR ((~q) AND (b) AND (x)),b
5fbb,ffff,3,0,3,clock,no,(((~b) OR (~x)) AND (q)) OR ((~a) AND ((~b) OR (~x) OR (~q))) OR (((~x) OR (~q)) AND (b)),1
5fc5,f0f0,3,0,3,generic,no,(((~b) OR (~x)) AND (q)) OR (((~b) OR (~q)) AND (a) AND (x)) OR ((~x) AND (~b)),x
5fcf,aaaa,3,0,3,generic,no,(((~b) OR (~x)) AND (q)) OR (((~b) OR (~x) OR (~q)) AND (a)) OR (~x),b
5fd8,ffff,3,0,3,clock,no,(((~b) OR (~x)) AND (q)) OR ((~b) AND (x)) OR (((~x) OR (~q)) AND (b) AND (a)),1
5fec,0000,3,0,3,clock,no,(((~b) OR (~x)) AND (q)) OR (((~b) OR (~x) OR (~q)) AND (a)) OR ((~q) AND (b) AND (x)),0
5ff4,ff00,3,0,3,clock,no,(((~b) OR (~x)) AND (q)) OR (((~b) OR (~q)) AND (x)) OR ((~b) AND (a)),q
5fff,8fff,1,2,3,generic,no,(~b) OR (~x) OR (~q),((b) AND (a)) OR (~x) OR (~q)
5fff,cc00,1,2,3,generic,no,(~b) OR (~x) OR (~q),q AND a
5fff,eae0,1,2,3,generic,no,(~b) OR (~x) OR (~q),((a) AND (x)) OR ((b) AND (q)) OR ((b) AND (x))
5fff,f5f5,1,2,3,generic,no,(~b) OR (~x) OR (~q),x OR ~b
5fff,fd55,1,2,3,generic,no,(~b) OR (~x) OR (~q),((x) AND (q)) OR ((a) AND (q)) OR (~b)
5fff,fff8,1,2,3,generic,no,(~b) OR (~x) OR (~q),(q) OR (x) OR ((b) AND (a))
606c,aaaa,3,0,3,generic,no,((~b) AND (a) AND (x)) OR ((~a) AND (b) AND (x)) OR ((~q) AND ((~b) OR (~x)) AND (a)),b
6077,ffff,3,0,3,clock,no,((~b) AND (a) AND (x)) OR ((~a) AND (b) AND (x)) OR ((~q) AND ((~b) OR (~a))),1
60e7,f0f0,3,0,3,generic,no,(((~b) OR (~q)) AND (a) AND (x)) OR (((~a) OR (~q)) AND (b) AND (x)) OR ((~q) AND (~x) AND ((~b) OR (~a))),x
60f3,aaaa,3,0,3,generic,no,(((~b) OR (~q)) AND (a) AND (x)) OR (((~a) OR (~q)) AND (b) AND (x)) OR ((~q) AND (~a)),b
616f,ffff,3,0,3,clock,no,((~b) AND (a) AND (x)) OR ((~a) AND (b) AND (x)) OR ((~x) AND ((~a) OR (~q)) AND ((~b) OR (~q))),1
61ef,f0f0,3,0,3,generic,no,(((~b) OR (~q)) AND (a) AND (x)) OR (((~a) OR (~q)) AND (b) AND (x)) OR ((~x) AND ((~a) OR (~q)) AND ((~b) OR (~q))),x
6245,cccc,3,0,3,generic,no,((~b) AND (a) AND (x)) OR ((~a) AND (b) AND (q)) OR ((~q) AND (~x) AND (~b)),a
6263,ffff,3,0,3,clock,no,((~b) AND (a) AND (x)) OR ((~a) AND (b)) OR ((~q) AND (~x) AND (~a)),1
6270,f0f0,3,0,3,generic,no,((~b) AND (a) AND (x)) OR ((~a) AND (b) AND (q)) OR ((~q) AND ((~b) OR (~a)) AND (x)),x
62c0,aaaa,3,0,3,generic,no,(((~b) OR (~q)) AND (a) AND (x)) OR ((~a) AND (b) AND (q)),b
62c8,ffff,3,0,3,clock,no,(((~b) OR (~q)) AND (a) AND (x)) OR ((~a) AND (b) AND (q)) OR ((~q) AND (b) AND (a)),1
62d5,f0f0,3,0,3,generic,no,(((~b) OR (~q)) AND (a) AND (x)) OR ((~a) AND (b) AND (q)) OR ((~q) AND (~b)),x
62e7,aaaa,3,0,3,generic,no,(((~b) OR (~q)) AND (a) AND (x)) OR ((~a) AND (b)) OR ((~q) AND (~x) AND ((~b) OR (~a))),b
62f2,ffff,3,0,3,clock,no,(((~b) OR (~q)) AND (a) AND (x)) OR ((~a) AND (b)) OR ((~q) AND (x)),1
6345,0000,3,0,3,clock,no,((~b) AND (a) AND (x)) OR ((~a) AND (b) AND (q)) OR ((~x) AND ((~a) OR (~q)) AND (~b)),0
635f,ff00,3,0,3,clock,no,((~b) AND (a) AND (x)) OR ((~a) AND (b) AND (q)) OR (((~x) OR (~q)) AND ((~a) OR (~q)) AND ((~b) OR (~x))),q
6377,cccc,3,0,3,generic,no,((~b) AND (a) AND (x)) OR ((~a) AND (b)) OR (((~x) OR (~q)) AND ((~a) OR (~q)) AND ((~b) OR (~a))),a
63c7,0000,3,0,3,clock,no,(((~b) OR (~q)) AND (a) AND (x)) OR ((~a) AND (b) AND (q)) OR ((~x) AND ((~a) OR (~q)) AND ((~b) OR (~a))),0
63e0,ff00,3,0,3,clock,no,(((~b) OR (~q)) AND (a) AND (x)) OR (((~a) OR (~q)) AND (b) AND (x)) OR ((~x) AND (~a) AND (q)),q
63f3,cccc,3,0,3,generic,no,(((~b) OR (~q)) AND (a) AND (x)) OR ((~a) AND (b)) OR (((~x) OR (~q)) AND (~a)),a
642a,aaaa,3,0,3,generic,no,((~b) AND (a) AND (q)) OR ((~a) AND (b) AND (x)) OR ((~q) AND ((~a) OR (~x)) AND (b)),b
6466,ff00,3,0,3,clock,no,((~b) AND (a)) OR ((~a) AND (b) AND (x)) OR ((~q) AND (~a) AND (b)),q
6474,cccc,3,0,3,generic,no,((~b) AND (a)) OR ((~a) AND (b) AND (x)) OR ((~q) AND ((~b) OR (~a)) AND (x)),a
64a2,0000,3,0,3,clock,no,((~b) AND (a) AND (q)) OR (((~a) OR (~q)) AND (b) AND (x)) OR ((~q) AND (~a) AND (b)),0
64aa,ff00,3,0,3,clock,no,((~b) AND (a) AND (q)) OR (((~a) OR (~q)) AND (b) AND (x)) OR ((~q) AND (b)),q
64b7,cccc,3,0,3,generic,no,((~b) AND (a) AND (q)) OR (((~a) OR (~q)) AND (b) AND (x)) OR ((~q) AND ((~a) OR (~x)) AND ((~b) OR (~a))),a
64ec,0000,3,0,3,clock,no,(((~b) OR (~q)) AND (a)) OR (((~a) OR (~q)) AND (b) AND (x)),0
64f5,ff00,3,0,3,clock,no,((~b) AND (a)) OR (((~a) OR (~q)) AND (b) AND (x)) OR ((~q) AND (~b)),q
6525,f0f0,3,0,3,generic,no,((~b) AND (a) AND (q)) OR ((~a) AND (b) AND (x)) OR ((~x) AND (~b)),x
6564,aaaa,3,0,3,generic,no,((~b) AND (a)) OR ((~a) AND (b) AND (x)) OR ((~x) AND (~b) AND (q)),b
657d,aaaa,3,0,3,generic,no,(((~b) OR (~q)) AND ((~b) OR (~x)) AND (a)) OR ((~a) AND (b) AND (x)) OR (((~x) OR (~q)) AND (~b)),b
65a7,ffff,3,0,3,clock,no,((~b) AND (a) AND (q)) OR (((~a) OR (~q)) AND (b) AND (x)) OR ((~x) AND ((~b) OR (~q)) AND ((~b) OR (~a))),1
65e4,f0f0,3,0,3,generic,no,((~b) AND (a)) OR (((~a) OR (~q)) AND (b) AND (x)) OR ((~x) AND (~b) AND (q)),x
65f7,aaaa,3,0,3,generic,no,((~b) AND (a)) OR (((~a) OR (~q)) AND (b) AND (x)) OR (((~x) OR (~q)) AND ((~b) OR (~q)) AND ((~b) OR (~a))),b
660c,f0f0,3,0,3,generic,no,((~b) AND (a) AND (q)) OR ((~a) AND (b) AND (q)) OR ((~x) AND ((~b) OR (~q)) AND (a)),x
662e,aaaa,3,0,3,generic,no,((~b) AND (a) AND (q)) OR (((~a) OR (~q)) AND ((~a) OR (~x)) AND (b)) OR ((~x) AND ((~b) OR (~q)) AND (a)),b
6645,cccc,3,0,3,generic,no,((~b) AND (a)) OR ((~a) AND (b) AND (q)) OR ((~q) AND (~x) AND (~b)),a
665c,ffff,3,0,3,clock,no,(((~b) OR (~q)) AND ((~b) OR (~x)) AND (a)) OR ((~a) AND (b) AND (q)) OR ((~q) AND (~b) AND (x)),1
666f,0000,3,0,3,clock,no,(((~b) OR (~q)) AND ((~b) OR (~x)) AND (a)) OR (((~a) OR (~q)) AND ((~a) OR (~x)) AND (b)) OR ((~q) AND (~x)),0
667a,ff00,3,0,3,clock,no,((~b) AND (a) AND (q)) OR (((~a) OR (~q)) AND ((~a) OR (~x)) AND (b)) OR ((~q) AND ((~b) OR (~a)) AND (x)),q
66aa,cccc,3,0,3,generic,no,((~b) AND (a) AND (q)) OR (((~a) OR (~q)) AND (b)),a
66c0,0000,3,0,3,clock,no,((~b) AND (a) AND (q)) OR (((~b) OR (~q)) AND (a) AND (x)) OR ((~a) AND (b) AND (q)),0
66dc,ff00,3,0,3,clock,no,(((~b) OR (~q)) AND (a)) OR ((~a) AND (b) AND (q)) OR ((~q) AND (~b) AND (x)),q
66ec,cccc,3,0,3,generic,no,(((~b) OR (~q)) AND (a)) OR ((~a) AND (b) AND (q)) OR (((~a) OR (~q)) AND (b) AND (x)),a
66fa,0000,3,0,3,clock,no,((~b) AND (a) AND (q)) OR (((~a) OR (~q)) AND (b)) OR ((~q) AND (x)),0
670f,aaaa,3,0,3,generic,no,((~b) AND (a) AND (q)) OR ((~a) AND (b) AND (q)) OR ((~x) AND ((~b) OR (~a) OR (~q))),b
672a,ffff,3,0,3,clock,no,((~b) AND (a) AND (q)) OR (((~a) OR (~q)) AND ((~a) OR (~x)) AND (b)) OR ((~x) AND ((~b) OR (~a)) AND (q)),1
6744,aaaa,3,0,3,generic,no,((~b) AND (a)) OR ((~a) AND (b) AND (q)) OR ((~x) AND ((~b) OR (~a)) AND (q)),b
675d,aaaa,3,0,3,generic,no,(((~b) OR (~q)) AND ((~b) OR (~x)) AND (a)) OR ((~a) AND (b) AND (q)) OR (((~x) OR (~q)) AND (~b)),b
676e,ffff,3,0,3,clock,no,(((~b) OR (~q)) AND ((~b) OR (~x)) AND (a)) OR (((~a) OR (~q)) AND ((~a) OR (~x)) AND (b)) OR ((~x) AND ((~b) OR (~a)) AND (q)),1
67aa,f0f0,3,0,3,generic,no,((~b) AND (a) AND (q)) OR (((~a) OR (~q)) AND (b)) OR ((~x) AND ((~b) OR (~a)) AND (q)),x
67c0,aaaa,3,0,3,generic,no,(((~b) OR (~q)) AND (a) AND (x)) OR ((~a) AND (b) AND (q)) OR ((~x) AND ((~b) OR (~a)) AND (q)),b
67d5,ffff,3,0,3,clock,no,(((~b) OR (~q)) AND (a) AND (x)) OR ((~a) AND (b) AND (q)) OR (((~x) OR (~q)) AND (~b)),1
67e7,f0f0,3,0,3,generic,no,((~b) AND (a)) OR (((~a) OR (~q)) AND (b) AND (x)) OR ((~x) AND ((~b) OR (~a))),x
68e8,aaaa,3,0,3,generic,no,(((~b) OR (~q)) AND (a) AND (x)) OR (((~a) OR (~q)) AND (b) AND (x)) OR (((~x) OR (~q)) AND (b) AND (a)),b
6a51,f0f0,3,0,3,generic,no,((~b) AND (a) AND (x)) OR (((~a) OR (~x)) AND (b) AND (q)) OR ((~q) AND (~a) AND (~b)),x
6a70,f0f0,3,0,3,generic,no,((~b) AND (a) AND (x)) OR (((~a) OR (~x)) AND (b) AND (q)) OR ((~q) AND ((~b) OR (~a)) AND (x)),x
6ac2,aaaa,3,0,3,generic,no,(((~b) OR (~q)) AND (a) AND (x)) OR (((~a) OR (~x)) AND (b) AND (q)) OR ((~x) AND (~a) AND (b)),b
6aca,ffff,3,0,3,clock,no,(((~b) OR (~q)) AND (a) AND (x)) OR (((~a) OR (~x)) AND (b) AND (q)) OR ((~x) AND (b)),1
6ad7,f0f0,3,0,3,generic,no,(((~b) OR (~q)) AND (a) AND (x)) OR (((~a) OR (~x)) AND (b) AND (q)) OR ((~q) AND ((~b) OR (~x)) AND ((~b) OR (~a))),x
6aef,aaaa,3,0,3,generic,no,(((~b) OR (~q)) AND (a) AND (x)) OR (((~a) OR (~x) OR (~q)) AND (b)) OR ((~q) AND (~x)),b
6aff,ffff,3,0,3,clock,no,(((~b) OR (~q)) AND (a) AND (x)) OR (((~a) OR (~x) OR (~q)) AND (b)) OR (~q),1
6b55,0000,3,0,3,clock,no,((~b) AND (a) AND (x)) OR (((~a) OR (~x)) AND (b) AND (q)) OR (((~x) OR (~q)) AND ((~a) OR (~q)) AND (~b)),0
6b7f,aaaa,3,0,3,generic,no,((~b) AND (a) AND (x)) OR (((~a) OR (~x)) AND (b)) OR (((~x) OR (~q)) AND ((~a) OR (~q)) AND ((~b) OR (~a) OR (~x))),b
6bcf,ffff,3,0,3,clock,no,(((~b) OR (~q)) AND (a) AND (x)) OR (((~a) OR (~x)) AND (b) AND (q)) OR ((~x) AND ((~a) OR (~q))),1
6bef,f0f0,3,0,3,generic,no,(((~b) OR (~q)) AND (a) AND (x)) OR (((~a) OR (~x) OR (~q)) AND (b)) OR ((~x) AND ((~a) OR (~q))),x
6c25,cccc,3,0,3,generic,no,(((~b) OR (~x)) AND (a) AND (q)) OR ((~a) AND (b) AND (x)) OR ((~q) AND (~x) AND (~b)),a
6c64,f0f0,3,0,3,generic,no,(((~b) OR (~x)) AND (a) AND (q)) OR ((~b) AND (a)) OR ((~a) AND (b) AND (x)),x
6c7c,f0f0,3,0,3,generic,no,(((~b) OR (~x)) AND (a)) OR ((~a) AND (b) AND (x)) OR ((~q) AND ((~b) OR (~a)) AND (x)),x
6ca5,aaaa,3,0,3,generic,no,(((~b) OR (~x)) AND (a) AND (q)) OR (((~a) OR (~q)) AND (b) AND (x)) OR ((~q) AND (~x) AND (~b)),b
6cb0,ffff,3,0,3,clock,no,(((~b) OR (~x)) AND (a) AND (q)) OR (((~a) OR (~q)) AND (b) AND (x)) OR ((~q) AND (~a) AND (x)),1
6ce4,f0f0,3,0,3,generic,no,(((~b) OR (~x)) AND (a) AND (q)) OR ((~b) AND (a)) OR (((~a) OR (~q)) AND (b) AND (x)),x
6cf7,aaaa,3,0,3,generic,no,(((~b) OR (~x)) AND (a) AND (q)) OR (((~a) OR (~q)) AND (b) AND (x)) OR ((~q) AND ((~b) OR (~a))),b
6d27,cccc,3,0,3,generic,no,(((~b) OR (~x)) AND (a) AND (q)) OR ((~a) AND (b) AND (x)) OR ((~x) AND ((~b) OR (~q)) AND ((~b) OR (~a))),a
6d6f,f0f0,3,0,3,generic,no,(((~b) OR (~x)) AND (a)) OR ((~a) AND (b) AND (x)) OR ((~x) AND ((~b) OR (~q))),x
6da3,aaaa,3,0,3,generic,no,(((~b) OR (~x)) AND (a) AND (q)) OR (((~a) OR (~q)) AND (b) AND (x)) OR ((~x) AND (~a) AND ((~b) OR (~q))),b
6db5,ffff,3,0,3,clock,no,(((~b) OR (~x)) AND (a) AND (q)) OR (((~a) OR (~q)) AND (b) AND (x)) OR (((~x) OR (~q)) AND ((~a) OR (~x)) AND (~b)),1
6dfd,f0f0,3,0,3,generic,no,(((~b) OR (~x) OR (~q)) AND (a)) OR (((~a) OR (~q)) AND (b) AND (x)) OR (((~x) OR (~q)) AND (~b)),x
6e11,cccc,3,0,3,generic,no,(((~b) OR (~x)) AND (a) AND (q)) OR (((~a) OR (~x)) AND (b) AND (q)) OR ((~q) AND (~a) AND (~b)),a
6e30,f0f0,3,0,3,generic,no,(((~b) OR (~x)) AND (a) AND (q)) OR (((~a) OR (~x)) AND (b) AND (q)) OR ((~q) AND (~a) AND (x)),x
6e4e,aaaa,3,0,3,generic,no,(((~b) OR (~x)) AND (a)) OR (((~a) OR (~x)) AND (b) AND (q)) OR ((~x) AND (b)),b
6e6c,cccc,3,0,3,generic,no,(((~b) OR (~x)) AND (a)) OR (((~a) OR (~x)) AND (b) AND (q)) OR ((~a) AND (b) AND (x)),a
6e7c,cccc,3,0,3,generic,no,(((~b) OR (~x)) AND (a)) OR (((~a) OR (~x)) AND (b) AND (q)) OR ((~q) AND ((~b) OR (~a)) AND (x)),a
6eab,0000,3,0,3,clock,no,(((~b) OR (~x)) AND (a) AND (q)) OR (((~a) OR (~x) OR (~q)) AND (b)) OR ((~q) AND (~x) AND (~a)),0
6ec0,ff00,3,0,3,clock,no,(((~b) OR (~x)) AND (a) AND (q)) OR (((~b) OR (~q)) AND (a) AND (x)) OR (((~a) OR (~x)) AND (b) AND (q)),q
6edd,cccc,3,0,3,generic,no,(((~b) OR (~x) OR (~q)) AND (a)) OR (((~a) OR (~x)) AND (b) AND (q)) OR ((~q) AND (~b)),a
6eef,0000,3,0,3,clock,no,(((~b) OR (~x) OR (~q)) AND (a)) OR (((~a) OR (~x) OR (~q)) AND (b)) OR ((~q) AND (~x)),0
6efe,ff00,3,0,3,clock,no,(((~b) OR (~x) OR (~q)) AND (a)) OR (((~a) OR (~x) OR (~q)) AND (b)) OR ((~q) AND (x)),q
6f15,cccc,3,0,3,generic,no,(((~b) OR (~x)) AND (a) AND (q)) OR (((~a) OR (~x)) AND (b) AND (q)) OR (((~x) OR (~q)) AND ((~a) OR (~x)) AND (~b)),a
6f37,f0f0,3,0,3,generic,no,(((~b) OR (~x)) AND (a) AND (q)) OR (((~a) OR (~x)) AND (b) AND (q)) OR (((~x) OR (~q)) AND ((~a) OR (~x)) AND ((~b) OR (~a))),x
6f55,ff00,3,0,3,clock,no,(((~b) OR (~x)) AND (a) AND (q)) OR (((~a) OR (~x)) AND (b) AND (q)) OR (((~x) OR (~q)) AND (~b)),q
6f6e,f0f0,3,0,3,generic,no,(((~b) OR (~x)) AND (a)) OR (((~a) OR (~x)) AND (b)) OR ((~x) AND (q)),x
6fab,f0f0,3,0,3,generic,no,(((~b) OR (~x)) AND (a) AND (q)) OR (((~a) OR (~x) OR (~q)) AND (b)) OR ((~x) AND (~a)),x
6fc5,aaaa,3,0,3,generic,no,(((~b) OR (~q)) AND (a) AND (x)) OR (((~a) OR (~x)) AND (b) AND (q)) OR ((~x) AND (~b)),b
6fd7,ffff,3,0,3,clock,no,(((~b) OR (~q)) AND (a) AND (x)) OR (((~a) OR (~x)) AND (b) AND (q)) OR (((~x) OR (~q)) AND ((~b) OR (~x)) AND ((~b) OR (~a))),1
6fec,f0f0,3,0,3,generic,no,(((~b) OR (~x) OR (~q)) AND (a)) OR (((~a) OR (~q)) AND (b) AND (x)) OR ((~x) AND (q)),x
700a,cccc,3,0,3,generic,no,(((~b) OR (~a)) AND (x) AND (q)) OR ((~q) AND (~x) AND (b)),a
701c,f0f0,3,0,3,generic,no,(((~b) OR (~a)) AND (x) AND (q)) OR ((~a) AND (~b) AND (x)) OR ((~q) AND (~x) AND (a)),x
7031,aaaa,3,0,3,generic,no,(((~b) OR (~a)) AND (x) AND (q)) OR ((~a) AND (x)) OR ((~q) AND (~a) AND (~b)),b
7047,cccc,3,0,3,generic,no,(((~b) OR (~a)) AND (x) AND (q)) OR ((~b) AND (a) AND (x)) OR ((~q) AND (~x) AND ((~b) OR (~a))),a
705c,f0f0,3,0,3,generic,no,(((~b) OR (~a)) AND (x) AND (q)) OR ((~b) AND (x)) OR ((~q) AND ((~b) OR (~x)) AND (a)),x
7073,0000,3,0,3,clock,no,(((~b) OR (~a)) AND (x)) OR ((~q) AND (~a)),0
707b,ff00,3,0,3,clock,no,(((~b) OR (~a)) AND (x)) OR ((~q) AND (~a)) OR ((~q) AND ((~a) OR (~x)) AND (b)),q
708b,cccc,3,0,3,generic,no,(((~b) OR (~a)) AND (x) AND (q)) OR ((~q) AND (b) AND (a)) OR ((~q) AND (~x) AND (~a)),a
709d,0000,3,0,3,clock,no,(((~b) OR (~a)) AND (x) AND (q)) OR ((~q) AND (b) AND (a)) OR ((~q) AND ((~a) OR (~x)) AND (~b)),0
70a7,ff00,3,0,3,clock,no,(((~b) OR (~a)) AND (x) AND (q)) OR (((~a) OR (~q)) AND (b) AND (x)) OR ((~q) AND (~x) AND ((~b) OR (~a))),q
70b0,cccc,3,0,3,generic,no,(((~b) OR (~a)) AND (x) AND (q)) OR ((~a) AND (x)) OR (((~a) OR (~q)) AND (b) AND (x)),a
70bb,0000,3,0,3,clock,no,(((~b) OR (~a)) AND (x) AND (q)) OR ((~q) AND (b)) OR ((~q) AND (~a)),0
70c7,ff00,3,0,3,clock,no,(((~b) OR (~a)) AND (x) AND (q)) OR (((~b) OR (~q)) AND (a) AND (x)) OR ((~q) AND (~x) AND ((~b) OR (~a))),q
70d0,cccc,3,0,3,generic,no,(((~b) OR (~a)) AND (x) AND (q)) OR ((~b) AND (x)) OR (((~b) OR (~q)) AND (a) AND (x)),a
70dd,0000,3,0,3,clock,no,(((~b) OR (~a)) AND (x) AND (q)) OR ((~q) AND (a)) OR ((~q) AND (~b)),0
70ec,ff00,3,0,3,clock,no,(((~b) OR (~a)) AND (x) AND (q)) OR (((~a) OR (~q)) AND (b) AND (x)) OR ((~q) AND (a)),q
70f5,cccc,3,0,3,generic,no,(((~b) OR (~a) OR (~q)) AND (x)) OR ((~q) AND (~b)),a
70fc,0000,3,0,3,clock,no,(((~b) OR (~a) OR (~q)) AND (x)) OR ((~q) AND (a)),0
710a,cccc,3,0,3,generic,no,(((~b) OR (~a)) AND (x) AND (q)) OR ((~a) AND (~b) AND (q)) OR ((~q) AND (~x) AND (b)),a
7120,f0f0,3,0,3,generic,no,(((~b) OR (~a)) AND (x) AND (q)) OR ((~a) AND (b) AND (x)) OR ((~a) AND (~b) AND (q)),x
7133,aaaa,3,0,3,generic,no,(((~b) OR (~a)) AND (x) AND (q)) OR ((~a) AND ((~b) OR (~q))),b
714c,cccc,3,0,3,generic,no,(((~b) OR (~a)) AND (x) AND (q)) OR ((~a) AND (~b) AND (q)) OR ((~q) AND ((~b) OR (~x)) AND (a)),a
7172,cccc,3,0,3,generic,no,(((~b) OR (~a)) AND (x)) OR ((~a) AND (~b) AND (q)) OR ((~q) AND (~a) AND (b)),a
717c,0000,3,0,3,clock,no,(((~b) OR (~a)) AND (x)) OR ((~a) AND (~b) AND (q)) OR ((~q) AND ((~b) OR (~x)) AND (a)),0
718d,ff00,3,0,3,clock,no,(((~b) OR (~a)) AND (x) AND (q)) OR ((~x) AND ((~a) OR (~q)) AND (~b)) OR ((~q) AND (b) AND (a)),q
71a3,cccc,3,0,3,generic,no,(((~b) OR (~a)) AND (x) AND (q)) OR (((~a) OR (~q)) AND (b) AND (x)) OR ((~x) AND (~a) AND ((~b) OR (~q))),a
71b5,0000,3,0,3,clock,no,(((~b) OR (~a)) AND (x) AND (q)) OR (((~a) OR (~q)) AND (b) AND (x)) OR (((~a) OR (~q)) AND ((~a) OR (~x)) AND (~b)),0
71c5,ff00,3,0,3,clock,no,(((~b) OR (~a)) AND (x) AND (q)) OR (((~b) OR (~q)) AND (a) AND (x)) OR ((~x) AND ((~a) OR (~q)) AND (~b)),q
71dd,cccc,3,0,3,generic,no,(((~b) OR (~a)) AND (x) AND (q)) OR (((~a) OR (~q)) AND (~b)) OR ((~q) AND (a)),a
71f4,0000,3,0,3,clock,no,(((~b) OR (~a) OR (~q)) AND (x)) OR ((~a) AND (~b) AND (q)) OR ((~q) AND (~b) AND (a)),0
71fb,ff00,3,0,3,clock,no,(((~b) OR (~a) OR (~q)) AND (x)) OR ((~a) AND ((~b) OR (~q))) OR ((~q) AND (b)),q
720b,cccc,3,0,3,generic,no,(((~b) OR (~a)) AND (x) AND (q)) OR ((~x) AND ((~a) OR (~q)) AND (b)) OR ((~q) AND (~x) AND (~a)),a
721f,aaaa,3,0,3,generic,no,(((~b) OR (~a)) AND (x) AND (q)) OR ((~a) AND (b) AND (q)) OR ((~q) AND ((~a) OR (~x)) AND ((~b) OR (~x))),b
7237,cccc,3,0,3,generic,no,(((~b) OR (~a)) AND (x) AND (q)) OR ((~a) AND (b)) OR ((~q) AND ((~a) OR (~x)) AND ((~b) OR (~a))),a
7250,f0f0,3,0,3,generic,no,((~b) AND (x)) OR ((~a) AND (b) AND (q)),x
726e,aaaa,3,0,3,generic,no,(((~b) OR (~a)) AND (x) AND (q)) OR (((~a) OR (~q)) AND ((~a) OR (~x)) AND (b)) OR ((~q) AND ((~b) OR (~x)) AND (a)),b
727a,aaaa,3,0,3,generic,no,(((~b) OR (~a)) AND (x)) OR (((~a) OR (~q)) AND ((~a) OR (~x)) AND (b)),b
728a,ffff,3,0,3,clock,no,(((~b) OR (~a)) AND (x) AND (q)) OR ((~x) AND ((~a) OR (~q)) AND (b)) OR ((~q) AND (b) AND (a)),1
72ba,f0f0,3,0,3,generic,no,(((~b) OR (~a)) AND (x) AND (q)) OR ((~a) AND (x)) OR (((~a) OR (~q)) AND (b)),x
72ce,aaaa,3,0,3,generic,no,(((~b) OR (~a)) AND (x) AND (q)) OR ((~x) AND ((~a) OR (~q)) AND (b)) OR ((~q) AND (a)),b
72ee,ffff,3,0,3,clock,no,(((~b) OR (~a)) AND (x) AND (q)) OR (((~a) OR (~q)) AND (b)) OR ((~q) AND (a)),1
72f6,f0f0,3,0,3,generic,no,(((~b) OR (~a) OR (~q)) AND (x)) OR ((~a) AND (b)) OR ((~q) AND (~b) AND (a)),x
72ff,aaaa,3,0,3,generic,no,(((~b) OR (~a) OR (~q)) AND (x)) OR (((~a) OR (~q)) AND (b)) OR (~q),b
7311,f0f0,3,0,3,generic,no,(((~b) OR (~a)) AND (x) AND (q)) OR ((~a) AND (q)) OR ((~a) AND (~b)),x
732f,f0f0,3,0,3,generic,no,(((~b) OR (~a)) AND (x) AND (q)) OR (((~a) OR (~q)) AND ((~a) OR (~x)) AND (b)) OR ((~x) AND ((~a) OR (~q))),x
734a,cccc,3,0,3,generic,no,((~b) AND (a) AND (x)) OR ((~a) AND (q)) OR ((~x) AND ((~a) OR (~q)) AND (b)),a
7360,f0f0,3,0,3,generic,no,((~b) AND (a) AND (x)) OR ((~a) AND (q)) OR ((~a) AND (b) AND (x)),x
737b,0000,3,0,3,clock,no,(((~b) OR (~a)) AND (x)) OR (~a) OR (((~a) OR (~q)) AND ((~a) OR (~x)) AND (b)),0
739b,ff00,3,0,3,clock,no,(((~b) OR (~a)) AND (x) AND (q)) OR ((~a) AND ((~b) OR (~x))) OR ((~q) AND (b) AND (a)),q
73af,cccc,3,0,3,generic,no,(((~b) OR (~a)) AND (x) AND (q)) OR (((~a) OR (~q)) AND (b)) OR ((~x) AND ((~a) OR (~q))),a
73c2,0000,3,0,3,clock,no,(((~b) OR (~q)) AND (a) AND (x)) OR ((~a) AND (q)) OR ((~x) AND (~a) AND (b)),0
73ca,ff00,3,0,3,clock,no,(((~b) OR (~q)) AND (a) AND (x)) OR ((~a) AND (q)) OR ((~x) AND ((~a) OR (~q)) AND (b)),q
73d7,cccc,3,0,3,generic,no,(((~b) OR (~a)) AND (x) AND (q)) OR (((~b) OR (~q)) AND (a) AND (x)) OR (((~a) OR (~q)) AND ((~b) OR (~x)) AND ((~b) OR (~a))),a
73f0,0000,3,0,3,clock,no,(((~b) OR (~a) OR (~q)) AND (x)) OR ((~a) AND (q)),0
73f7,ff00,3,0,3,clock,no,(((~b) OR (~a) OR (~q)) AND (x)) OR (((~a) OR (~q)) AND ((~b) OR (~a))),q
7404,f0f0,3,0,3,generic,no,(((~b) OR (~a)) AND (x) AND (q)) OR ((~x) AND (~b) AND (a)),x
7417,aaaa,3,0,3,generic,no,(((~b) OR (~a)) AND (x) AND (q)) OR ((~x) AND (~b) AND (a)) OR ((~q) AND (~a) AND ((~b) OR (~x))),b
7430,cccc,3,0,3,generic,no,((~b) AND (a) AND (q)) OR ((~a) AND (x)),a
7447,f0f0,3,0,3,generic,no,(((~b) OR (~a)) AND (x) AND (q)) OR ((~b) AND (a)) OR ((~q) AND (~x) AND ((~b) OR (~a))),x
7464,aaaa,3,0,3,generic,no,(((~b) OR (~a)) AND (x) AND (q)) OR ((~b) AND (a)) OR ((~a) AND (b) AND (x)),b
7477,aaaa,3,0,3,generic,no,(((~b) OR (~a)) AND (x)) OR ((~b) AND (a)) OR ((~q) AND ((~b) OR (~a))),b
7488,ffff,3,0,3,clock,no,(((~b) OR (~a)) AND (x) AND (q)) OR ((~b) AND (a) AND (q)) OR ((~q) AND (b) AND (a)),1
74b0,f0f0,3,0,3,generic,no,((~b) AND (a) AND (q)) OR ((~a) AND (x)) OR (((~a) OR (~q)) AND (b) AND (x)),x
74ce,aaaa,3,0,3,generic,no,(((~b) OR (~a)) AND (x) AND (q)) OR (((~b) OR (~q)) AND (a)) OR ((~q) AND (~x) AND (b)),b
74ec,ffff,3,0,3,clock,no,(((~b) OR (~a)) AND (x) AND (q)) OR (((~b) OR (~q)) AND (a)) OR (((~a) OR (~q)) AND (b) AND (x)),1
74f5,f0f0,3,0,3,generic,no,(((~b) OR (~a) OR (~q)) AND (x)) OR ((~b) AND (a)) OR ((~q) AND (~b)),x
74fe,aaaa,3,0,3,generic,no,(((~b) OR (~a) OR (~q)) AND (x)) OR (((~b) OR (~q)) AND (a)) OR ((~q) AND (b)),b
750f,f0f0,3,0,3,generic,no,(((~b) OR (~a)) AND (x) AND (q)) OR ((~x) AND ((~b) OR (~q))),x
7527,aaaa,3,0,3,generic,no,(((~b) OR (~a)) AND (x) AND (q)) OR ((~a) AND (b) AND (x)) OR ((~x) AND ((~b) OR (~q)) AND ((~b) OR (~a))),b
753f,cccc,3,0,3,generic,no,(((~b) OR (~a)) AND (x) AND (q)) OR (((~a) OR (~x)) AND ((~b) OR (~q))),a
755d,f0f0,3,0,3,generic,no,(((~b) OR (~a)) AND (x) AND (q)) OR (~b) OR (((~b) OR (~q)) AND ((~b) OR (~x)) AND (a)),x
757c,0000,3,0,3,clock,no,(((~b) OR (~a)) AND (x)) OR ((~b) AND (q)) OR (((~b) OR (~q)) AND ((~b) OR (~x)) AND (a)),0
759d,ff00,3,0,3,clock,no,(((~b) OR (~a)) AND (x) AND (q)) OR (((~a) OR (~x)) AND (~b)) OR ((~q) AND (b) AND (a)),q
75a5,cccc,3,0,3,generic,no,(((~b) OR (~a)) AND (x) AND (q)) OR (((~a) OR (~q)) AND (b) AND (x)) OR ((~x) AND (~b)),a
75b1,0000,3,0,3,clock,no,((~b) AND (q)) OR (((~a) OR (~q)) AND (b) AND (x)) OR ((~a) AND (~b)),0
75bf,ff00,3,0,3,clock,no,(((~b) OR (~a)) AND (x) AND (q)) OR (((~a) OR (~q)) AND (b) AND (x)) OR (((~a) OR (~x)) AND ((~b) OR (~q))),q
75d5,cccc,3,0,3,generic,no,(((~b) OR (~a)) AND (x) AND (q)) OR (~b) OR (((~b) OR (~q)) AND (a) AND (x)),a
75f0,0000,3,0,3,clock,no,(((~b) OR (~a) OR (~q)) AND (x)) OR ((~b) AND (q)),0
75f7,ff00,3,0,3,clock,no,(((~b) OR (~a) OR (~q)) AND (x)) OR (((~b) OR (~q)) AND ((~b) OR (~a))),q
7604,f0f0,3,0,3,generic,no,(((~b) OR (~a)) AND (x) AND (q)) OR ((~a) AND (b) AND (q)) OR ((~x) AND (~b) AND (a)),x
762e,f0f0,3,0,3,generic,no,(((~b) OR (~a)) AND (x) AND (q)) OR (((~a) OR (~q)) AND ((~a) OR (~x)) AND (b)) OR ((~x) AND ((~b) OR (~q)) AND (a)),x
765c,aaaa,3,0,3,generic,no,((~b) AND (x)) OR (((~b) OR (~q)) AND ((~b) OR (~x)) AND (a)) OR ((~a) AND (b) AND (q)),b
767e,ffff,3,0,3,clock,no,(((~b) OR (~a)) AND (x)) OR (((~b) OR (~q)) AND ((~b) OR (~x)) AND (a)) OR (((~a) OR (~q)) AND ((~a) OR (~x)) AND (b)),1
76ee,f0f0,3,0,3,generic,no,(((~b) OR (~a)) AND (x) AND (q)) OR (((~b) OR (~q)) AND (a)) OR (((~a) OR (~q)) AND (b)),x
76fe,aaaa,3,0,3,generic,no,(((~b) OR (~a) OR (~q)) AND (x)) OR (((~b) OR (~q)) AND (a)) OR (((~a) OR (~q)) AND (b)),b
770d,f0f0,3,0,3,generic,no,(((~b) OR (~a)) AND (q)) OR ((~x) AND (~b)) OR ((~x) AND ((~b) OR (~q)) AND (a)),x
771f,aaaa,3,0,3,generic,no,(((~b) OR (~a)) AND (q)) OR (((~a) OR (~x)) AND ((~b) OR (~x)) AND ((~b) OR (~a) OR (~q))),b
772f,cccc,3,0,3,generic,no,(((~b) OR (~a)) AND (q)) OR (((~a) OR (~q)) AND ((~a) OR (~x)) AND (b)) OR ((~x) AND ((~b) OR (~a) OR (~q))),a
7741,f0f0,3,0,3,generic,no,(((~b) OR (~a)) AND (q)) OR ((~b) AND (a) AND (x)) OR ((~x) AND (~a) AND (~b)),x
7752,aaaa,3,0,3,generic,no,(((~b) OR (~a)) AND (q)) OR ((~b) AND (x)) OR ((~x) AND (~a) AND (b)),b
776a,cccc,3,0,3,generic,no,(((~b) OR (~a)) AND (q)) OR ((~b) AND (a) AND (x)) OR (((~a) OR (~q)) AND ((~a) OR (~x)) AND (b)),a
777f,cccc,3,0,3,generic,no,((~b) OR (~a) OR (~q)) AND ((~b) OR (~a) OR (~x)),a
778f,0000,3,0,3,clock,no,(((~b) OR (~a)) AND (q)) OR ((~x) AND ((~b) OR (~a) OR (~q))) OR ((~q) AND (b) AND (a)),0
77a0,ff00,3,0,3,clock,no,(((~b) OR (~a)) AND (q)) OR (((~a) OR (~q)) AND (b) AND (x)),q
77a8,cccc,3,0,3,generic,no,(((~b) OR (~a)) AND (q)) OR (((~a) OR (~q)) AND (b) AND (x)) OR ((~q) AND (b) AND (a)),a
77b1,0000,3,0,3,clock,no,(((~b) OR (~a)) AND (q)) OR (((~a) OR (~q)) AND (b) AND (x)) OR ((~a) AND (~b)),0
77bb,ff00,3,0,3,clock,no,(((~b) OR (~a)) AND (q)) OR (~a) OR (((~a) OR (~q)) AND (b)),q
77c5,cccc,3,0,3,generic,no,(((~b) OR (~a)) AND (q)) OR (((~b) OR (~q)) AND (a) AND (x)) OR ((~x) AND (~b)),a
77cf,0000,3,0,3,clock,no,(((~b) OR (~a)) AND (q)) OR (((~b) OR (~q)) AND (a)) OR ((~x) AND ((~b) OR (~a) OR (~q))),0
77d8,ff00,3,0,3,clock,no,(((~b) OR (~a)) AND (q)) OR ((~b) AND (x)) OR ((~q) AND (b) AND (a)),q
77ea,cccc,3,0,3,generic,no,(((~b) OR (~a)) AND (q)) OR (((~b) OR (~q)) AND (a) AND (x)) OR (((~a) OR (~q)) AND (b)),a
77f4,0000,3,0,3,clock,no,(((~b) OR (~a)) AND (q)) OR (((~b) OR (~a) OR (~q)) AND (x)) OR ((~b) AND (a)),0
77ff,8f8f,1,2,3,generic,no,(~b) OR (~a) OR (~q),((b) AND (a)) OR (~x)
77ff,c8ff,1,2,3,generic,no,(~b) OR (~a) OR (~q),((a) AND (x)) OR ((b) AND (a)) OR (~q)
77ff,eac8,1,2,3,generic,no,(~b) OR (~a) OR (~q),((a) AND (x)) OR ((b) AND (q)) OR ((b) AND (a))
77ff,f5d5,1,2,3,generic,no,(~b) OR (~a) OR (~q),((x) AND (q)) OR ((a) AND (x)) OR (~b)
77ff,fcff,1,2,3,generic,no,(~b) OR (~a) OR (~q),(x) OR (a) OR (~q)
77ff,fff5,1,2,3,generic,no,(~b) OR (~a) OR (~q),(q) OR (x) OR (~b)
782a,aaaa,3,0,3,generic,no,(((~b) OR (~a)) AND (x) AND (q)) OR ((~x) AND (b) AND (a)) OR ((~q) AND ((~a) OR (~x)) AND (b)),b
787b,aaaa,3,0,3,generic,no,(((~b) OR (~a)) AND (x)) OR ((~x) AND (b) AND (a)) OR ((~q) AND (~a)),b
788b,ffff,3,0,3,clock,no,(((~b) OR (~a)) AND (x) AND (q)) OR (((~x) OR (~q)) AND (b) AND (a)) OR ((~q) AND (~x) AND (~a)),1
789d,f0f0,3,0,3,generic,no,(((~b) OR (~a)) AND (x) AND (q)) OR (((~x) OR (~q)) AND (b) AND (a)) OR ((~q) AND ((~a) OR (~x)) AND (~b)),x
78c8,aaaa,3,0,3,generic,no,(((~b) OR (~a)) AND (x) AND (q)) OR (((~b) OR (~q)) AND (a) AND (x)) OR (((~x) OR (~q)) AND (b) AND (a)),b
78f9,ffff,3,0,3,clock,no,(((~b) OR (~a) OR (~q)) AND (x)) OR (((~x) OR (~q)) AND (b) AND (a)) OR ((~q) AND (~a) AND (~b)),1
790b,f0f0,3,0,3,generic,no,(((~b) OR (~a)) AND (x) AND (q)) OR ((~x) AND (b) AND (a)) OR ((~x) AND (~a) AND ((~b) OR (~q))),x
793f,ff00,3,0,3,clock,no,(((~b) OR (~a)) AND (x) AND (q)) OR (((~a) OR (~q)) AND ((~a) OR (~x)) AND ((~b) OR (~q))) OR ((~x) AND (b) AND (a)),q
7988,ffff,3,0,3,clock,no,(((~b) OR (~a)) AND (x) AND (q)) OR ((~a) AND (~b) AND (q)) OR (((~x) OR (~q)) AND (b) AND (a)),1
799d,f0f0,3,0,3,generic,no,(((~b) OR (~a)) AND (x) AND (q)) OR (((~a) OR (~q)) AND ((~a) OR (~x)) AND (~b)) OR (((~x) OR (~q)) AND (b) AND (a)),x
79fb,aaaa,3,0,3,generic,no,(((~b) OR (~a) OR (~q)) AND (x)) OR ((~a) AND ((~b) OR (~q))) OR (((~x) OR (~q)) AND (b) AND (a)),b
7a0b,f0f0,3,0,3,generic,no,(((~b) OR (~a)) AND (x) AND (q)) OR ((~x) AND (b)) OR ((~q) AND (~x) AND (~a)),x
7a2b,aaaa,3,0,3,generic,no,(((~b) OR (~a)) AND (x) AND (q)) OR (((~a) OR (~x)) AND (b)) OR ((~q) AND (~x) AND (~a)),b
7a4e,cccc,3,0,3,generic,no,(((~b) OR (~a)) AND (x) AND (q)) OR ((~x) AND (b)) OR ((~q) AND ((~b) OR (~x)) AND (a)),a
7a6e,f0f0,3,0,3,generic,no,(((~b) OR (~a)) AND (x) AND (q)) OR (((~a) OR (~x)) AND (b)) OR ((~q) AND ((~b) OR (~x)) AND (a)),x
7a7e,f0f0,3,0,3,generic,no,(((~b) OR (~a)) AND (x)) OR (((~a) OR (~x)) AND (b)) OR ((~q) AND ((~b) OR (~x)) AND (a)),x
7aae,aaaa,3,0,3,generic,no,(((~b) OR (~a)) AND (x) AND (q)) OR (((~a) OR (~x) OR (~q)) AND (b)) OR ((~q) AND (~x) AND (a)),b
7aca,ffff,3,0,3,clock,no,(((~b) OR (~a)) AND (x) AND (q)) OR (((~b) OR (~q)) AND (a) AND (x)) OR ((~x) AND (b)),1
7aee,f0f0,3,0,3,generic,no,(((~b) OR (~a)) AND (x) AND (q)) OR (((~a) OR (~x) OR (~q)) AND (b)) OR ((~q) AND (a)),x
7af7,aaaa,3,0,3,generic,no,(((~b) OR (~a) OR (~q)) AND (x)) OR (((~a) OR (~x)) AND (b) AND (q)) OR ((~q) AND ((~b) OR (~a))),b
7aff,ffff,3,0,3,clock,no,(((~b) OR (~a) OR (~q)) AND (x)) OR (((~a) OR (~x) OR (~q)) AND (b)) OR (~q),1
7b13,aaaa,3,0,3,generic,no,(((~b) OR (~a)) AND (x) AND (q)) OR (((~a) OR (~x)) AND (b) AND (q)) OR ((~a) AND ((~b) OR (~x))),b
7b3b,cccc,3,0,3,generic,no,(((~b) OR (~a)) AND (x) AND (q)) OR (~a) OR (((~a) OR (~x)) AND (b)),a
7b58,f0f0,3,0,3,generic,no,((~b) AND (x)) OR ((~a) AND (q)) OR ((~x) AND (b) AND (a)),x
7b7f,0000,3,0,3,clock,no,(((~b) OR (~a)) AND (x)) OR (((~a) OR (~q)) AND ((~b) OR (~a) OR (~x))) OR (((~a) OR (~x)) AND (b)),0
7baa,ff00,3,0,3,clock,no,(((~b) OR (~a)) AND (x) AND (q)) OR ((~a) AND (q)) OR (((~a) OR (~x) OR (~q)) AND (b)),q
7bca,cccc,3,0,3,generic,no,(((~b) OR (~q)) AND (a) AND (x)) OR ((~a) AND (q)) OR ((~x) AND (b)),a
7bea,0000,3,0,3,clock,no,(((~b) OR (~q)) AND (a) AND (x)) OR ((~a) AND (q)) OR (((~a) OR (~x) OR (~q)) AND (b)),0
7bf8,ff00,3,0,3,clock,no,(((~b) OR (~a) OR (~q)) AND (x)) OR ((~a) AND (q)) OR (((~x) OR (~q)) AND (b) AND (a)),q
7c0a,f0f0,3,0,3,generic,no,(((~b) OR (~a)) AND (x) AND (q)) OR (((~b) OR (~x)) AND (a) AND (q)) OR ((~q) AND (~x) AND (b)),x
7c2a,aaaa,3,0,3,generic,no,(((~b) OR (~a)) AND (x) AND (q)) OR (((~b) OR (~x)) AND (a) AND (q)) OR ((~q) AND ((~a) OR (~x)) AND (b)),b
7c3f,cccc,3,0,3,generic,no,(((~b) OR (~a)) AND (x) AND (q)) OR (((~b) OR (~x)) AND (a) AND (q)) OR ((~q) AND ((~a) OR (~x))),a
7c6c,f0f0,3,0,3,generic,no,(((~b) OR (~a)) AND (x) AND (q)) OR (((~b) OR (~x)) AND (a)) OR ((~a) AND (b) AND (x)),x
7c7e,f0f0,3,0,3,generic,no,(((~b) OR (~a)) AND (x)) OR (((~b) OR (~x)) AND (a)) OR ((~q) AND ((~a) OR (~x)) AND (b)),x
7cae,aaaa,3,0,3,generic,no,(((~b) OR (~a)) AND (x) AND (q)) OR ((~x) AND (a)) OR ((~q) AND (b)),b
7ccd,ffff,3,0,3,clock,no,(((~b) OR (~a)) AND (x) AND (q)) OR (((~b) OR (~x) OR (~q)) AND (a)) OR ((~q) AND (~x) AND (~b)),1
7cee,f0f0,3,0,3,generic,no,(((~b) OR (~a)) AND (x) AND (q)) OR (((~b) OR (~x) OR (~q)) AND (a)) OR ((~q) AND (b)),x
7cf7,aaaa,3,0,3,generic,no,(((~b) OR (~a) OR (~q)) AND (x)) OR (((~b) OR (~x)) AND (a) AND (q)) OR ((~q) AND ((~b) OR (~a))),b
7cff,ffff,3,0,3,clock,no,(((~b) OR (~a) OR (~q)) AND (x)) OR (((~b) OR (~x) OR (~q)) AND (a)) OR (~q),1
7d13,0000,3,0,3,clock,no,(((~b) OR (~a)) AND (x) AND (q)) OR (((~b) OR (~x)) AND (a) AND (q)) OR ((~a) AND ((~b) OR (~q)) AND ((~b) OR (~x))),0
7d35,cccc,3,0,3,generic,no,(((~b) OR (~x)) AND (a) AND (q)) OR ((~a) AND (x)) OR (((~a) OR (~x)) AND (~b)),a
7d57,ffff,3,0,3,clock,no,(((~b) OR (~a)) AND (x) AND (q)) OR (((~b) OR (~q)) AND ((~b) OR (~x)) AND ((~b) OR (~a))) OR (((~b) OR (~x)) AND (a) AND (q)),1
7d7f,0000,3,0,3,clock,no,(((~b) OR (~a)) AND (x)) OR (((~b) OR (~q)) AND ((~b) OR (~a) OR (~x))) OR (((~b) OR (~x)) AND (a)),0
7da0,ff00,3,0,3,clock,no,((~b) AND (q)) OR (((~b) OR (~x)) AND (a) AND (q)) OR (((~a) OR (~q)) AND (b) AND (x)),q
7db8,cccc,3,0,3,generic,no,((~b) AND (q)) OR ((~a) AND (x)) OR (((~x) OR (~q)) AND (b) AND (a)),a
7dec,0000,3,0,3,clock,no,((~b) AND (q)) OR (((~b) OR (~x) OR (~q)) AND (a)) OR (((~a) OR (~q)) AND (b) AND (x)),0
7df8,ff00,3,0,3,clock,no,(((~b) OR (~a) OR (~q)) AND (x)) OR ((~b) AND (q)) OR (((~x) OR (~q)) AND (b) AND (a)),q
7e10,f0f0,3,0,3,generic,no,(((~b) OR (~x)) AND (a) AND (q)) OR (((~a) OR (~x)) AND (b) AND (q)) OR ((~a) AND (~b) AND (x)),x
7e70,aaaa,3,0,3,generic,no,(((~b) OR (~a)) AND (x)) OR (((~b) OR (~x)) AND (a) AND (q)) OR (((~a) OR (~x)) AND (b) AND (q)),b
7ece,aaaa,3,0,3,generic,no,(((~b) OR (~a)) AND (x) AND (q)) OR (((~b) OR (~x) OR (~q)) AND (a)) OR ((~x) AND (b)),b
7efa,ffff,3,0,3,clock,no,(((~b) OR (~a) OR (~q)) AND (x)) OR (((~b) OR (~x)) AND (a) AND (q)) OR (((~a) OR (~x) OR (~q)) AND (b)),1
7f09,aaaa,3,0,3,generic,no,(((~b) OR (~a) OR (~x)) AND (q)) OR ((~x) AND (b) AND (a)) OR ((~x) AND (~a) AND (~b)),b
7f17,cccc,3,0,3,generic,no,(((~b) OR (~a) OR (~x)) AND (q)) OR (((~a) OR (~x)) AND ((~b) OR (~x)) AND ((~b) OR (~a))),a
7f25,f0f0,3,0,3,generic,no,(((~b) OR (~a) OR (~x)) AND (q)) OR ((~a) AND (b) AND (x)) OR ((~x) AND (~b)),x
7f35,aaaa,3,0,3,generic,no,(((~b) OR (~a) OR (~x)) AND (q)) OR ((~a) AND (x)) OR (((~a) OR (~x)) AND (~b)),b
7f46,cccc,3,0,3,generic,no,(((~b) OR (~a) OR (~x)) AND (q)) OR ((~b) AND (a)) OR ((~x) AND (~a) AND (b)),a
7f55,f0f0,3,0,3,generic,no,(((~b) OR (~a) OR (~x)) AND (q)) OR (~b),x
7f70,aaaa,3,0,3,generic,no,(((~b) OR (~a) OR (~x)) AND (q)) OR (((~b) OR (~a)) AND (x)),b
7f89,ff00,3,0,3,clock,no,(((~b) OR (~a) OR (~x)) AND (q)) OR (((~x) OR (~q)) AND (b) AND (a)) OR ((~x) AND (~a) AND (~b)),q
7f99,cccc,3,0,3,generic,no,(((~b) OR (~a) OR (~x)) AND (q)) OR ((~a) AND (~b)) OR (((~x) OR (~q)) AND (b) AND (a)),a
7fa3,0000,3,0,3,clock,no,(((~b) OR (~a) OR (~x)) AND (q)) OR (((~a) OR (~q)) AND (b) AND (x)) OR ((~x) AND (~a)),0
7fab,ff00,3,0,3,clock,no,(((~b) OR (~a) OR (~x)) AND (q)) OR (((~a) OR (~x) OR (~q)) AND (b)) OR ((~x) AND (~a)),q
7fb5,cccc,3,0,3,generic,no,(((~b) OR (~a) OR (~x)) AND (q)) OR (((~a) OR (~q)) AND (b) AND (x)) OR (((~a) OR (~x)) AND (~b)),a
7fc1,0000,3,0,3,clock,no,(((~b) OR (~a) OR (~x)) AND (q)) OR (((~b) OR (~q)) AND (a) AND (x)) OR ((~x) AND (~a) AND (~b)),0
7fc8,ff00,3,0,3,clock,no,(((~b) OR (~a) OR (~x)) AND (q)) OR (((~b) OR (~q)) AND (a) AND (x)) OR (((~x) OR (~q)) AND (b) AND (a)),q
7fd1,cccc,3,0,3,generic,no,(((~b) OR (~a) OR (~x)) AND (q)) OR (((~b) OR (~q)) AND (a) AND (x)) OR ((~a) AND (~b)),a
7fdf,0000,3,0,3,clock,no,(((~b) OR (~a) OR (~x)) AND (q)) OR ((~b) OR (~x)) OR (((~b) OR (~x) OR (~q)) AND (a)),0
7fee,ff00,3,0,3,clock,no,(((~b) OR (~a) OR (~x)) AND (q)) OR (((~b) OR (~x) OR (~q)) AND (a)) OR (((~a) OR (~x) OR (~q)) AND (b)),q
7ff7,cccc,3,0,3,generic,no,(((~b) OR (~a) OR (~x)) AND (q)) OR ((~b) OR (~a)) OR (((~b) OR (~a) OR (~q)) AND (x)),a
8087,0000,3,0,3,clock,no,((~q) AND (~x) AND ((~b) OR (~a))) OR ((b) AND (a) AND (x)),0
808f,aaaa,3,0,3,generic,no,((~q) AND (~x)) OR ((b) AND (a) AND (x)),b
809b,ffff,3,0,3,clock,no,((~q) AND (b) AND (a)) OR ((b) AND (a) AND (x)) OR ((~q) AND (~a) AND ((~b) OR (~x))),1
80a8,aaaa,3,0,3,generic,no,((~q) AND (b) AND (x)) OR ((b) AND (a) AND (x)) OR ((~q) AND (b) AND (a)),b
80b1,ff00,3,0,3,clock,no,((~q) AND (b) AND (x)) OR ((b) AND (a) AND (x)) OR ((~q) AND (~a) AND (~b)),q
80bb,cccc,3,0,3,generic,no,((~q) AND (b)) OR ((b) AND (a) AND (x)) OR ((~q) AND (~a)),a
80c7,f0f0,3,0,3,generic,no,((~q) AND (a) AND (x)) OR ((b) AND (a) AND (x)) OR ((~q) AND (~x) AND ((~b) OR (~a))),x
80d1,aaaa,3,0,3,generic,no,((~q) AND (a) AND (x)) OR ((b) AND (a) AND (x)) OR ((~q) AND (~a) AND (~b)),b
80da,ffff,3,0,3,clock,no,((~q) AND (~b) AND (x)) OR ((b) AND (a) AND (x)) OR ((~q) AND (~x) AND (b)),1
80ea,aaaa,3,0,3,generic,no,((~q) AND (a) AND (x)) OR ((b) AND (a) AND (x)) OR ((~q) AND (b)),b
80f5,ff00,3,0,3,clock,no,((~q) AND (x)) OR ((b) AND (a) AND (x)) OR ((~q) AND (~b)),q
8187,0000,3,0,3,clock,no,((~x) AND ((~a) OR (~q)) AND (~b)) OR ((b) AND (a) AND (x)) OR ((~x) AND (~a) AND ((~b) OR (~q))),0
8193,ff00,3,0,3,clock,no,(((~x) OR (~q)) AND (~a) AND (~b)) OR ((b) AND (a) AND (x)) OR ((~x) AND (~a) AND ((~b) OR (~q))),q
81a1,cccc,3,0,3,generic,no,((~x) AND (~a) AND (~b)) OR ((b) AND (a) AND (x)) OR ((~q) AND (b) AND (x)),a
81b3,0000,3,0,3,clock,no,(((~x) OR (~q)) AND (~a) AND ((~b) OR (~q))) OR ((b) AND (a) AND (x)),0
81c3,ff00,3,0,3,clock,no,((~x) AND (~a) AND ((~b) OR (~q))) OR ((b) AND (a) AND (x)) OR ((~q) AND (a) AND (x)),q
81d5,cccc,3,0,3,generic,no,(((~x) OR (~q)) AND ((~a) OR (~q)) AND (~b)) OR ((b) AND (a) AND (x)),a
81f7,0000,3,0,3,clock,no,(((~x) OR (~q)) AND ((~a) OR (~q)) AND (~b)) OR ((b) AND (a) AND (x)) OR (((~x) OR (~q)) AND (~a) AND ((~b) OR (~q))),0
828e,ff00,3,0,3,clock,no,((~x) AND ((~a) OR (~q)) AND (b)) OR ((b) AND (a) AND (x)) OR ((~q) AND (~x) AND (a)),q
82a3,cccc,3,0,3,generic,no,(((~x) OR (~q)) AND (~a) AND (b)) OR ((b) AND (a) AND (x)) OR ((~q) AND (~x) AND (~a)),a
82b3,0000,3,0,3,clock,no,(((~x) OR (~q)) AND (~a) AND (b)) OR ((b) AND (a) AND (x)) OR ((~q) AND (~a)),0
82c6,ff00,3,0,3,clock,no,((~x) AND (~a) AND (b)) OR ((b) AND (a) AND (x)) OR ((~q) AND (~b) AND (a)),q
82e2,cccc,3,0,3,generic,no,(((~x) OR (~q)) AND (~a) AND (b)) OR ((b) AND (a) AND (x)) OR ((~q) AND (a) AND (x)),a
82ff,0000,3,0,3,clock,no,(((~x) OR (~q)) AND ((~a) OR (~q)) AND (b)) OR ((b) AND (a) AND (x)) OR (~q),0
838b,aaaa,3,0,3,generic,no,((~x) AND (~a)) OR ((b) AND (a) AND (x)) OR ((~x) AND ((~a) OR (~q)) AND (b)),b
8397,ffff,3,0,3,clock,no,(((~x) OR (~q)) AND (~a) AND ((~b) OR (~x))) OR ((b) AND (a) AND (x)) OR ((~x) AND ((~a) OR (~q)) AND ((~b) OR (~a))),1
83aa,f0f0,3,0,3,generic,no,((~x) AND (~a) AND (q)) OR ((b) AND (a) AND (x)) OR (((~x) OR (~q)) AND ((~a) OR (~q)) AND (b)),x
83bf,aaaa,3,0,3,generic,no,(((~x) OR (~q)) AND ((~a) OR (~q)) AND ((~a) OR (~x))) OR ((b) AND (a) AND (x)),b
83cf,ffff,3,0,3,clock,no,((~x) AND ((~a) OR (~q))) OR ((b) AND (a) AND (x)) OR ((~q) AND (a)),1
83f3,f0f0,3,0,3,generic,no,(((~x) OR (~q)) AND (~a)) OR ((b) AND (a) AND (x)) OR ((~q) AND (x)),x
848e,aaaa,3,0,3,generic,no,((~x) AND ((~b) OR (~q)) AND (a)) OR ((b) AND (a) AND (x)) OR ((~q) AND (~x) AND (b)),b
84a4,ffff,3,0,3,clock,no,((~x) AND (~b) AND (a)) OR ((b) AND (a) AND (x)) OR ((~q) AND (b) AND (x)),1
84bf,f0f0,3,0,3,generic,no,((~x) AND ((~b) OR (~q)) AND (a)) OR ((b) AND (a) AND (x)) OR ((~q) AND ((~a) OR (~x))),x
84cf,aaaa,3,0,3,generic,no,(((~x) OR (~q)) AND ((~b) OR (~q)) AND (a)) OR ((b) AND (a) AND (x)) OR ((~q) AND (~x)),b
84df,ffff,3,0,3,clock,no,(((~x) OR (~q)) AND ((~b) OR (~q)) AND (a)) OR ((b) AND (a) AND (x)) OR ((~q) AND ((~b) OR (~x))),1
84fc,f0f0,3,0,3,generic,no,(((~x) OR (~q)) AND ((~b) OR (~q)) AND (a)) OR ((b) AND (a) AND (x)) OR ((~q) AND (x)),x
858c,aaaa,3,0,3,generic,no,((~x) AND (~b) AND (q)) OR ((b) AND (a) AND (x)) OR ((~x) AND ((~b) OR (~q)) AND (a)),b
8597,ffff,3,0,3,clock,no,(((~x) OR (~q)) AND ((~a) OR (~x)) AND (~b)) OR ((b) AND (a) AND (x)) OR ((~x) AND ((~b) OR (~q)) AND ((~b) OR (~a))),1
85aa,f0f0,3,0,3,generic,no,((~x) AND (~b) AND (q)) OR ((b) AND (a) AND (x)) OR ((~q) AND (b)),x
85c0,aaaa,3,0,3,generic,no,((~x) AND (~b) AND (q)) OR ((b) AND (a) AND (x)) OR ((~q) AND (a) AND (x)),b
85cf,ffff,3,0,3,clock,no,((~x) AND ((~b) OR (~q))) OR ((b) AND (a) AND (x)) OR (((~x) OR (~q)) AND ((~b) OR (~q)) AND (a)),1
85f5,f0f0,3,0,3,generic,no,(((~x) OR (~q)) AND (~b)) OR ((b) AND (a) AND (x)) OR ((~q) AND (x)),x
86ce,aaaa,3,0,3,generic,no,(((~x) OR (~q)) AND ((~b) OR (~q)) AND (a)) OR ((b) AND (a) AND (x)) OR ((~x) AND ((~a) OR (~q)) AND (b)),b
8788,ffff,3,0,3,clock,no,((~x) AND ((~b) OR (~a)) AND (q)) OR ((b) AND (a) AND (x)) OR ((~q) AND (b) AND (a)),1
8797,f0f0,3,0,3,generic,no,((~x) AND ((~b) OR (~a))) OR ((b) AND (a) AND (x)) OR (((~x) OR (~q)) AND ((~a) OR (~x)) AND (~b)),x
87b0,aaaa,3,0,3,generic,no,((~x) AND ((~b) OR (~a)) AND (q)) OR ((b) AND (a) AND (x)) OR ((~q) AND (~a) AND (x)),b
87c7,ffff,3,0,3,clock,no,((~x) AND ((~b) OR (~a))) OR ((b) AND (a) AND (x)) OR (((~x) OR (~q)) AND (~b) AND (a)),1
87f0,f0f0,3,0,3,generic,no,((~x) AND ((~b) OR (~a)) AND (q)) OR ((b) AND (a) AND (x)) OR ((~q) AND (x)),x
880a,f0f0,3,0,3,generic,no,((~q) AND (~x) AND (b)) OR ((b) AND (a) AND (q)),x
8822,aaaa,3,0,3,generic,no,((~q) AND (~a) AND (b)) OR ((b) AND (a) AND (q)),b
8838,cccc,3,0,3,generic,no,((~x) AND (b) AND (a)) OR ((b) AND (a) AND (q)) OR ((~q) AND (~a) AND (x)),a
8851,f0f0,3,0,3,generic,no,((~q) AND (~b) AND (x)) OR ((b) AND (a) AND (q)) OR ((~q) AND (~a) AND (~b)),x
8872,aaaa,3,0,3,generic,no,((~q) AND ((~b) OR (~a)) AND (x)) OR ((b) AND (a) AND (q)) OR ((~q) AND (~a) AND (b)),b
8883,f0f0,3,0,3,generic,no,((~q) AND (~x) AND (~a)) OR ((b) AND (a) AND (q)) OR ((b) AND (a) AND (x)),x
888f,f0f0,3,0,3,generic,no,((~q) AND (~x)) OR ((b) AND (a)),x
889f,aaaa,3,0,3,generic,no,((~q) AND ((~a) OR (~x)) AND ((~b) OR (~x))) OR ((b) AND (a)),b
88aa,f0f0,3,0,3,generic,no,((~q) AND (b)) OR ((b) AND (a)),x
88b1,f0f0,3,0,3,generic,no,((~q) AND (b) AND (x)) OR ((b) AND (a) AND (q)) OR ((~q) AND (~a) AND (~b)),x
88bb,aaaa,3,0,3,generic,no,((~q) AND (~a)) OR ((b) AND (a)),b
88c4,ffff,3,0,3,clock,no,((~q) AND (a) AND (x)) OR ((b) AND (a) AND (q)) OR ((~q) AND (~b) AND (a)),1
88ce,f0f0,3,0,3,generic,no,((~q) AND (a)) OR ((b) AND (a)) OR ((~q) AND (~x) AND (b)),x
88d8,aaaa,3,0,3,generic,no,((~q) AND (~b) AND (x)) OR ((b) AND (a)),b
88df,ffff,3,0,3,clock,no,((~q) AND ((~b) OR (~x))) OR ((b) AND (a)),1
88f1,f0f0,3,0,3,generic,no,((~q) AND (x)) OR ((b) AND (a) AND (q)) OR ((~q) AND (~a) AND (~b)),x
88f9,ff00,3,0,3,clock,no,((~q) AND (x)) OR ((b) AND (a)) OR ((~q) AND (~a) AND (~b)),q
8907,aaaa,3,0,3,generic,no,((~x) AND ((~a) OR (~q)) AND (~b)) OR ((b) AND (a) AND (q)) OR ((~x) AND (~a) AND ((~b) OR (~q))),b
891f,cccc,3,0,3,generic,no,(((~x) OR (~q)) AND (~a) AND (~b)) OR ((b) AND (a) AND (q)) OR ((~x) AND ((~a) OR (~q)) AND ((~b) OR (~q))),a
893f,f0f0,3,0,3,generic,no,(((~x) OR (~q)) AND (~a) AND ((~b) OR (~q))) OR ((b) AND (a) AND (q)) OR ((~x) AND ((~a) OR (~q)) AND ((~b) OR (~q))),x
8971,aaaa,3,0,3,generic,no,(((~x) OR (~q)) AND (~a) AND (~b)) OR ((b) AND (a) AND (q)) OR ((~q) AND ((~b) OR (~a)) AND (x)),b
898b,ff00,3,0,3,clock,no,((~x) AND (~a) AND ((~b) OR (~q))) OR ((b) AND (a)),q
899f,cccc,3,0,3,generic,no,(((~x) OR (~q)) AND (~a) AND (~b)) OR ((b) AND (a)) OR ((~x) AND ((~a) OR (~q)) AND ((~b) OR (~q))),a
89af,0000,3,0,3,clock,no,((~x) AND ((~a) OR (~q)) AND ((~b) OR (~q))) OR ((b) AND (a)) OR ((~q) AND (b)),0
89bf,ff00,3,0,3,clock,no,(((~x) OR (~q)) AND (~a) AND ((~b) OR (~q))) OR ((b) AND (a)) OR ((~x) AND ((~a) OR (~q)) AND ((~b) OR (~q))),q
89cf,cccc,3,0,3,generic,no,((~x) AND ((~a) OR (~q)) AND ((~b) OR (~q))) OR ((b) AND (a)) OR ((~q) AND (a)),a
89f1,0000,3,0,3,clock,no,(((~x) OR (~q)) AND (~a) AND (~b)) OR ((b) AND (a) AND (q)) OR ((~q) AND (x)),0
89ff,ff00,3,0,3,clock,no,(((~x) OR (~q)) AND ((~a) OR (~q)) AND ((~b) OR (~q))) OR ((b) AND (a)),q
8a13,f0f0,3,0,3,generic,no,((~x) AND (b) AND (q)) OR ((b) AND (a) AND (q)) OR ((~q) AND (~a) AND ((~b) OR (~x))),x
8a2e,f0f0,3,0,3,generic,no,(((~x) OR (~q)) AND ((~a) OR (~x)) AND (b)) OR ((b) AND (a) AND (q)) OR ((~q) AND (~x) AND (a)),x
8a4e,cccc,3,0,3,generic,no,((~x) AND (b)) OR ((b) AND (a) AND (q)) OR ((~q) AND ((~b) OR (~x)) AND (a)),a
8a77,f0f0,3,0,3,generic,no,((~x) AND (b) AND (q)) OR ((b) AND (a) AND (q)) OR ((~q) AND ((~b) OR (~a))),x
8a8d,f0f0,3,0,3,generic,no,((~x) AND (b) AND (q)) OR ((b) AND (a)) OR ((~q) AND (~x) AND (~b)),x
8a9b,aaaa,3,0,3,generic,no,((~x) AND (b)) OR ((b) AND (a)) OR ((~q) AND (~a) AND ((~b) OR (~x))),b
8aaa,ffff,3,0,3,clock,no,(((~x) OR (~q)) AND (b)) OR ((b) AND (a)),1
8ab8,f0f0,3,0,3,generic,no,((~x) AND (b) AND (q)) OR ((b) AND (a)) OR ((~q) AND (~a) AND (x)),x
8ac8,aaaa,3,0,3,generic,no,((~x) AND (b) AND (q)) OR ((b) AND (a)) OR ((~q) AND (a) AND (x)),b
8ad7,ffff,3,0,3,clock,no,((~x) AND (b) AND (q)) OR ((b) AND (a) AND (x)) OR ((~q) AND ((~b) OR (~x)) AND ((~b) OR (~a))),1
8aee,f0f0,3,0,3,generic,no,(((~x) OR (~q)) AND (b)) OR ((b) AND (a)) OR ((~q) AND (a)),x
8b00,cccc,3,0,3,generic,no,((~x) AND (~a) AND (q)) OR ((b) AND (a) AND (q)),a
8b15,f0f0,3,0,3,generic,no,((~x) AND (~a) AND (q)) OR ((b) AND (a) AND (q)) OR ((~q) AND ((~a) OR (~x)) AND (~b)),x
8b37,aaaa,3,0,3,generic,no,(((~x) OR (~q)) AND (~a)) OR ((b) AND (a) AND (q)) OR ((~x) AND ((~a) OR (~q)) AND ((~b) OR (~a))),b
8b73,cccc,3,0,3,generic,no,(((~x) OR (~q)) AND (~a)) OR ((b) AND (a) AND (q)) OR ((~q) AND ((~b) OR (~a)) AND (x)),a
8b8c,cccc,3,0,3,generic,no,((~x) AND (~a) AND (q)) OR ((b) AND (a)) OR ((~q) AND (~x) AND (a)),a
8b9d,0000,3,0,3,clock,no,((~x) AND (~a) AND (q)) OR ((b) AND (a)) OR ((~q) AND ((~a) OR (~x)) AND (~b)),0
8baa,ff00,3,0,3,clock,no,(((~x) OR (~q)) AND (b)) OR ((b) AND (a)) OR ((~x) AND (~a) AND (q)),q
8bc0,cccc,3,0,3,generic,no,((~x) AND (~a) AND (q)) OR ((b) AND (a) AND (q)) OR ((~q) AND (a) AND (x)),a
8bd3,0000,3,0,3,clock,no,(((~x) OR (~q)) AND (~a) AND ((~b) OR (~x))) OR ((b) AND (a) AND (q)) OR ((~q) AND (a) AND (x)),0
8bf0,ff00,3,0,3,clock,no,((~x) AND (~a) AND (q)) OR ((b) AND (a) AND (q)) OR ((~q) AND (x)),q
8c04,f0f0,3,0,3,generic,no,((~x) AND (~b) AND (a)) OR ((b) AND (a) AND (q)),x
8c1f,aaaa,3,0,3,generic,no,((~x) AND (a)) OR ((b) AND (a) AND (q)) OR ((~q) AND ((~a) OR (~x)) AND ((~b) OR (~x))),b
8c45,ff00,3,0,3,clock,no,(((~x) OR (~q)) AND (~b) AND (a)) OR ((b) AND (a) AND (q)) OR ((~q) AND (~x) AND (~b)),q
8c57,f0f0,3,0,3,generic,no,((~x) AND (a) AND (q)) OR ((b) AND (a) AND (q)) OR ((~q) AND ((~b) OR (~x)) AND ((~b) OR (~a))),x
8c83,aaaa,3,0,3,generic,no,((~x) AND (a) AND (q)) OR ((b) AND (a) AND (x)) OR ((~q) AND (~x) AND (~a)),b
8c91,aaaa,3,0,3,generic,no,((~x) AND (a) AND (q)) OR ((b) AND (a) AND (x)) OR ((~q) AND (~a) AND (~b)),b
8c9f,ffff,3,0,3,clock,no,((~x) AND (a)) OR ((b) AND (a)) OR ((~q) AND ((~a) OR (~x)) AND ((~b) OR (~x))),1
8cae,f0f0,3,0,3,generic,no,((~x) AND (a)) OR ((b) AND (a)) OR ((~q) AND (b)),x
8cbf,aaaa,3,0,3,generic,no,((~x) AND (a)) OR ((b) AND (a)) OR ((~q) AND ((~a) OR (~x))),b
8cce,ffff,3,0,3,clock,no,(((~x) OR (~q)) AND (a)) OR ((b) AND (a)) OR ((~q) AND (~x) AND (b)),1
8cdd,f0f0,3,0,3,generic,no,(((~x) OR (~q)) AND (a)) OR ((b) AND (a)) OR ((~q) AND (~b)),x
8cf7,aaaa,3,0,3,generic,no,((~x) AND (a) AND (q)) OR ((b) AND (a) AND (x)) OR ((~q) AND ((~b) OR (~a))),b
8d07,f0f0,3,0,3,generic,no,((~x) AND ((~b) OR (~q)) AND ((~b) OR (~a))) OR ((b) AND (a) AND (q)),x
8d2a,aaaa,3,0,3,generic,no,((~x) AND (~b) AND (q)) OR ((b) AND (a) AND (q)) OR ((~q) AND ((~a) OR (~x)) AND (b)),b
8d4f,aaaa,3,0,3,generic,no,(((~x) OR (~q)) AND ((~b) OR (~x)) AND (a)) OR ((b) AND (a) AND (q)) OR ((~x) AND ((~b) OR (~q))),b
8d83,cccc,3,0,3,generic,no,((~x) AND (a) AND (q)) OR ((b) AND (a) AND (x)) OR ((~x) AND (~a) AND ((~b) OR (~q))),a
8d95,0000,3,0,3,clock,no,((~x) AND (a) AND (q)) OR ((b) AND (a) AND (x)) OR (((~x) OR (~q)) AND ((~a) OR (~x)) AND (~b)),0
8da5,ff00,3,0,3,clock,no,((~x) AND (~b)) OR ((b) AND (a) AND (q)) OR ((~q) AND (b) AND (x)),q
8db5,cccc,3,0,3,generic,no,(((~x) OR (~q)) AND ((~a) OR (~x)) AND (~b)) OR ((b) AND (a) AND (q)) OR ((~q) AND (b) AND (x)),a
8dc7,0000,3,0,3,clock,no,((~x) AND ((~b) OR (~q)) AND ((~b) OR (~a))) OR ((b) AND (a) AND (q)) OR ((~q) AND (a) AND (x)),0
8dd8,ff00,3,0,3,clock,no,((~x) AND (~b) AND (q)) OR ((b) AND (a)) OR ((~q) AND (~b) AND (x)),q
8dfd,cccc,3,0,3,generic,no,(((~x) OR (~q)) AND (~b)) OR ((b) AND (a)) OR ((~q) AND (x)),a
8e26,f0f0,3,0,3,generic,no,((~x) AND (~b) AND (a)) OR ((b) AND (a) AND (q)) OR (((~x) OR (~q)) AND (~a) AND (b)),x
8e66,aaaa,3,0,3,generic,no,(((~x) OR (~q)) AND (~b) AND (a)) OR ((b) AND (a) AND (q)) OR (((~x) OR (~q)) AND (~a) AND (b)),b
8eaa,ffff,3,0,3,clock,no,((~x) AND (a) AND (q)) OR ((b) AND (a)) OR (((~x) OR (~q)) AND (b)),1
8f03,aaaa,3,0,3,generic,no,((~x) AND (q)) OR ((b) AND (a) AND (q)) OR ((~x) AND (~a)),b
8f15,f0f0,3,0,3,generic,no,((~x) AND (q)) OR ((b) AND (a) AND (q)) OR (((~x) OR (~q)) AND ((~a) OR (~x)) AND (~b)),x
8f4f,aaaa,3,0,3,generic,no,(((~x) OR (~q)) AND ((~b) OR (~x)) AND (a)) OR ((b) AND (a) AND (q)) OR (~x),b
8f85,cccc,3,0,3,generic,no,((~x) AND (q)) OR ((b) AND (a) AND (x)) OR ((~x) AND (~b)),a
8f95,ffff,3,0,3,clock,no,((~x) AND (q)) OR ((b) AND (a) AND (x)) OR (((~x) OR (~q)) AND ((~a) OR (~x)) AND (~b)),1
8fa7,f0f0,3,0,3,generic,no,((~x) AND ((~b) OR (~a))) OR ((b) AND (a) AND (q)) OR ((~q) AND (b) AND (x)),x
8fb8,ff00,3,0,3,clock,no,((~x) AND (q)) OR ((b) AND (a)) OR ((~q) AND (~a) AND (x)),q
8fcc,cccc,3,0,3,generic,no,((~x) AND (q)) OR ((b) AND (a)) OR (((~x) OR (~q)) AND (a)),a
8fdf,f0f0,3,0,3,generic,no,(((~x) OR (~q)) AND ((~b) OR (~x))) OR ((b) AND (a)),x
9093,cccc,3,0,3,generic,no,((~a) AND (~b) AND (x)) OR ((b) AND (a) AND (x)) OR ((~q) AND (~a) AND ((~b) OR (~x))),a
90b0,0000,3,0,3,clock,no,((~a) AND ((~b) OR (~q)) AND (x)) OR ((b) AND (a) AND (x)),0
90b8,ff00,3,0,3,clock,no,((~a) AND ((~b) OR (~q)) AND (x)) OR ((b) AND (a) AND (x)) OR ((~q) AND (b) AND (a)),q
90d4,cccc,3,0,3,generic,no,(((~a) OR (~q)) AND (~b) AND (x)) OR ((b) AND (a) AND (x)) OR ((~q) AND (~b) AND (a)),a
90f0,0000,3,0,3,clock,no,(((~a) OR (~q)) AND ((~b) OR (~q)) AND (x)) OR ((b) AND (a) AND (x)),0
90f7,ff00,3,0,3,clock,no,(((~a) OR (~q)) AND ((~b) OR (~q)) AND (x)) OR ((b) AND (a) AND (x)) OR ((~q) AND ((~b) OR (~a))),q
9187,f0f0,3,0,3,generic,no,((~a) AND (~b) AND (q)) OR ((b) AND (a) AND (x)) OR ((~q) AND (~x) AND ((~b) OR (~a))),x
919b,0000,3,0,3,clock,no,((~a) AND ((~b) OR (~q)) AND ((~b) OR (~x))) OR ((b) AND (a) AND (x)) OR ((~q) AND (b) AND (a)),0
91b0,ff00,3,0,3,clock,no,((~a) AND (~b) AND (q)) OR ((b) AND (a) AND (x)) OR ((~a) AND ((~b) OR (~q)) AND (x)),q
91c0,cccc,3,0,3,generic,no,((~a) AND (~b) AND (q)) OR ((b) AND (a) AND (x)) OR ((~q) AND (a) AND (x)),a
91d7,0000,3,0,3,clock,no,(((~a) OR (~q)) AND (~b)) OR ((b) AND (a) AND (x)) OR ((~a) AND ((~b) OR (~q)) AND ((~b) OR (~x))),0
91f5,ff00,3,0,3,clock,no,(((~a) OR (~q)) AND (~b)) OR ((b) AND (a) AND (x)) OR (((~a) OR (~q)) AND ((~b) OR (~q)) AND (x)),q
92da,cccc,3,0,3,generic,no,(((~a) OR (~q)) AND (~b) AND (x)) OR ((b) AND (a) AND (x)) OR ((~x) AND ((~a) OR (~q)) AND (b)),a
938c,aaaa,3,0,3,generic,no,((~a) AND ((~b) OR (~x)) AND (q)) OR ((b) AND (a) AND (x)) OR ((~q) AND (~x) AND (a)),b
93a0,ff00,3,0,3,clock,no,((~a) AND ((~b) OR (~x)) AND (q)) OR ((b) AND (a) AND (x)) OR ((~q) AND (b) AND (x)),q
93bf,cccc,3,0,3,generic,no,(((~a) OR (~q)) AND ((~a) OR (~x)) AND ((~b) OR (~x) OR (~q))) OR ((b) AND (a) AND (x)),a
93d7,0000,3,0,3,clock,no,(((~a) OR (~q)) AND ((~b) OR (~x)) AND ((~b) OR (~a))) OR ((b) AND (a) AND (x)),0
949c,ff00,3,0,3,clock,no,((~a) AND (~b) AND (x)) OR ((b) AND (a) AND (x)) OR ((~x) AND ((~b) OR (~q)) AND (a)),q
9580,f0f0,3,0,3,generic,no,(((~a) OR (~x)) AND (~b) AND (q)) OR ((b) AND (a) AND (x)),x
9597,f0f0,3,0,3,generic,no,(((~a) OR (~x)) AND (~b)) OR ((b) AND (a) AND (x)) OR ((~a) AND ((~b) OR (~q)) AND ((~b) OR (~x))),x
95b3,aaaa,3,0,3,generic,no,(((~a) OR (~x)) AND (~b) AND (q)) OR ((b) AND (a) AND (x)) OR ((~a) AND ((~b) OR (~q))),b
95cc,ffff,3,0,3,clock,no,(((~a) OR (~x)) AND (~b) AND (q)) OR ((b) AND (a) AND (x)) OR (((~x) OR (~q)) AND ((~b) OR (~q)) AND (a)),1
95f5,f0f0,3,0,3,generic,no,(((~a) OR (~x) OR (~q)) AND (~b)) OR ((b) AND (a) AND (x)) OR (((~a) OR (~q)) AND ((~b) OR (~q)) AND (x)),x
978c,aaaa,3,0,3,generic,no,((~a) AND ((~b) OR (~x)) AND (q)) OR ((b) AND (a) AND (x)) OR ((~x) AND ((~b) OR (~q)) AND (a)),b
97aa,ffff,3,0,3,clock,no,(((~a) OR (~x)) AND (~b) AND (q)) OR ((b) AND (a) AND (x)) OR (((~x) OR (~q)) AND ((~a) OR (~q)) AND (b)),1
97d0,f0f0,3,0,3,generic,no,(((~a) OR (~q)) AND (~b) AND (x)) OR ((b) AND (a) AND (x)) OR ((~x) AND ((~b) OR (~a)) AND (q)),x
9810,cccc,3,0,3,generic,no,((~a) AND (~b) AND (x)) OR ((b) AND (a) AND (q)),a
9833,f0f0,3,0,3,generic,no,((~a) AND ((~b) OR (~q)) AND (x)) OR ((b) AND (a) AND (q)) OR ((~q) AND (~a)),x
9854,aaaa,3,0,3,generic,no,(((~a) OR (~q)) AND (~b) AND (x)) OR ((b) AND (a) AND (q)) OR ((~q) AND (~b) AND (a)),b
9874,aaaa,3,0,3,generic,no,((~a) AND ((~b) OR (~q)) AND (x)) OR ((b) AND (a) AND (q)) OR ((~q) AND (~b) AND (a)),b
989a,cccc,3,0,3,generic,no,((~a) AND (~b) AND (x)) OR ((b) AND (a)) OR ((~q) AND (~x) AND (b)),a
98b9,0000,3,0,3,clock,no,((~a) AND ((~b) OR (~q)) AND (x)) OR ((b) AND (a)) OR ((~q) AND (~a) AND (~b)),0
98d0,ff00,3,0,3,clock,no,(((~a) OR (~q)) AND (~b) AND (x)) OR ((b) AND (a) AND (q)) OR ((b) AND (a) AND (x)),q
98df,cccc,3,0,3,generic,no,(((~a) OR (~q)) AND (~b) AND (x)) OR ((b) AND (a)) OR ((~q) AND ((~b) OR (~x))),a
98f7,0000,3,0,3,clock,no,(((~a) OR (~q)) AND ((~b) OR (~q)) AND (x)) OR ((b) AND (a) AND (q)) OR ((~q) AND ((~b) OR (~a))),0
98fd,ff00,3,0,3,clock,no,(((~a) OR (~q)) AND ((~b) OR (~q)) AND (x)) OR ((b) AND (a)) OR ((~q) AND (~b)),q
9911,f0f0,3,0,3,generic,no,((~a) AND (~b)) OR ((b) AND (a) AND (q)),x
9935,f0f0,3,0,3,generic,no,(((~a) OR (~q)) AND ((~a) OR (~x)) AND (~b)) OR ((b) AND (a) AND (q)) OR ((~a) AND ((~b) OR (~q)) AND (x)),x
995f,cccc,3,0,3,generic,no,(((~a) OR (~q)) AND ((~b) OR (~q)) AND ((~b) OR (~x))) OR ((b) AND (a) AND (q)),a
998b,f0f0,3,0,3,generic,no,((~a) AND (~b) AND (q)) OR ((b) AND (a)) OR ((~x) AND (~a) AND ((~b) OR (~q))),x
999f,0000,3,0,3,clock,no,(((~a) OR (~q)) AND ((~a) OR (~x)) AND (~b)) OR ((b) AND (a)) OR ((~a) AND ((~b) OR (~q)) AND ((~b) OR (~x))),0
99b5,ff00,3,0,3,clock,no,(((~a) OR (~q)) AND ((~a) OR (~x)) AND (~b)) OR ((b) AND (a) AND (q)) OR ((~q) AND (b) AND (x)),q
99c8,cccc,3,0,3,generic,no,((~a) AND (~b) AND (q)) OR ((b) AND (a)) OR ((~q) AND (a) AND (x)),a
99db,0000,3,0,3,clock,no,((~a) AND ((~b) OR (~q)) AND ((~b) OR (~x))) OR ((b) AND (a)) OR (((~a) OR (~q)) AND (~b) AND (x)),0
99f5,ff00,3,0,3,clock,no,(((~a) OR (~q)) AND (~b)) OR ((b) AND (a) AND (q)) OR (((~a) OR (~q)) AND ((~b) OR (~q)) AND (x)),q
9a10,f0f0,3,0,3,generic,no,((~a) AND (~b) AND (x)) OR ((b) AND (a) AND (q)) OR ((~x) AND (b) AND (q)),x
9a5a,f0f0,3,0,3,generic,no,(((~a) OR (~q)) AND (~b) AND (x)) OR ((b) AND (a) AND (q)) OR ((~x) AND (b)),x
9ad0,aaaa,3,0,3,generic,no,(((~a) OR (~q)) AND (~b) AND (x)) OR ((b) AND (a) AND (x)) OR ((~x) AND (b) AND (q)),b
9afa,ffff,3,0,3,clock,no,(((~a) OR (~q)) AND ((~b) OR (~q)) AND (x)) OR ((b) AND (a)) OR (((~x) OR (~q)) AND (b)),1
9b15,aaaa,3,0,3,generic,no,((~a) AND ((~b) OR (~x)) AND (q)) OR ((b) AND (a) AND (q)) OR (((~a) OR (~q)) AND ((~a) OR (~x)) AND (~b)),b
9b50,cccc,3,0,3,generic,no,((~a) AND ((~b) OR (~x)) AND (q)) OR ((b) AND (a) AND (q)) OR (((~a) OR (~q)) AND (~b) AND (x)),a
9b8b,f0f0,3,0,3,generic,no,((~a) AND ((~b) OR (~x)) AND (q)) OR ((b) AND (a)) OR ((~x) AND (~a)),x
9ba0,0000,3,0,3,clock,no,((~a) AND ((~b) OR (~x)) AND (q)) OR ((b) AND (a) AND (q)) OR ((~q) AND (b) AND (x)),0
9bbf,ff00,3,0,3,clock,no,(((~a) OR (~q)) AND ((~a) OR (~x)) AND ((~b) OR (~x) OR (~q))) OR ((b) AND (a)),q
9bd8,cccc,3,0,3,generic,no,((~a) AND ((~b) OR (~x)) AND (q)) OR ((b) AND (a)) OR (((~a) OR (~q)) AND (~b) AND (x)),a
9bf8,0000,3,0,3,clock,no,((~a) AND ((~b) OR (~x)) AND (q)) OR ((b) AND (a)) OR (((~a) OR (~q)) AND ((~b) OR (~q)) AND (x)),0
9c3c,aaaa,3,0,3,generic,no,((~a) AND ((~b) OR (~q)) AND (x)) OR ((b) AND (a) AND (q)) OR ((~x) AND (a)),b
9c98,f0f0,3,0,3,generic,no,((~a) AND (~b) AND (x)) OR ((b) AND (a)) OR ((~x) AND (a) AND (q)),x
9cf0,f0f0,3,0,3,generic,no,(((~a) OR (~q)) AND ((~b) OR (~q)) AND (x)) OR ((b) AND (a) AND (q)) OR ((~x) AND (a) AND (q)),x
9d08,cccc,3,0,3,generic,no,(((~a) OR (~x)) AND (~b) AND (q)) OR ((b) AND (a) AND (q)) OR ((~x) AND (b) AND (a)),a
9d30,f0f0,3,0,3,generic,no,(((~a) OR (~x)) AND (~b) AND (q)) OR ((b) AND (a) AND (q)) OR ((~a) AND ((~b) OR (~q)) AND (x)),x
9d77,aaaa,3,0,3,generic,no,(((~a) OR (~x) OR (~q)) AND ((~b) OR (~q)) AND ((~b) OR (~a))) OR ((b) AND (a) AND (q)),b
9d95,cccc,3,0,3,generic,no,(((~a) OR (~x)) AND (~b)) OR ((b) AND (a) AND (q)) OR ((b) AND (a) AND (x)),a
9db3,ffff,3,0,3,clock,no,((~a) AND ((~b) OR (~q))) OR ((b) AND (a) AND (x)) OR ((~x) AND (a) AND (q)),1
9dc0,f0f0,3,0,3,generic,no,(((~a) OR (~x)) AND (~b) AND (q)) OR ((b) AND (a) AND (q)) OR ((~q) AND (a) AND (x)),x
9df0,aaaa,3,0,3,generic,no,(((~a) OR (~x)) AND (~b) AND (q)) OR ((b) AND (a) AND (q)) OR (((~a) OR (~q)) AND ((~b) OR (~q)) AND (x)),b
9f01,f0f0,3,0,3,generic,no,(((~a) OR (~x)) AND ((~b) OR (~x)) AND (q)) OR ((b) AND (a) AND (q)) OR ((~x) AND (~a) AND (~b)),x
9f17,aaaa,3,0,3,generic,no,(((~a) OR (~x)) AND ((~b) OR (~x)) AND ((~b) OR (~a))) OR ((b) AND (a) AND (q)),b
9f5f,cccc,3,0,3,generic,no,(((~a) OR (~x) OR (~q)) AND ((~b) OR (~x))) OR ((b) AND (a) AND (q)),a
9f8a,f0f0,3,0,3,generic,no,(((~a) OR (~x)) AND ((~b) OR (~x)) AND (q)) OR ((b) AND (a)) OR ((~x) AND (b)),x
9fa0,0000,3,0,3,clock,no,(((~a) OR (~x)) AND ((~b) OR (~x)) AND (q)) OR ((b) AND (a) AND (q)) OR ((~q) AND (b) AND (x)),0
9fb7,ff00,3,0,3,clock,no,(((~a) OR (~x)) AND ((~b) OR (~x)) AND (q)) OR ((b) AND (a) AND (x)) OR (((~a) OR (~x)) AND ((~b) OR (~x) OR (~q)) AND ((~b) OR (~a))),q
9fcc,cccc,3,0,3,generic,no,(((~a) OR (~x)) AND ((~b) OR (~x)) AND (q)) OR ((b) AND (a)) OR (((~x) OR (~q)) AND (a)),a
9ff0,0000,3,0,3,clock,no,(((~a) OR (~x)) AND ((~b) OR (~x)) AND (q)) OR ((b) AND (a) AND (q)) OR (((~a) OR (~q)) AND ((~b) OR (~q)) AND (x)),0
a005,f0f0,3,0,3,generic,no,((~q) AND (~x) AND (~b)) OR ((b) AND (x) AND (q)),x
a01f,aaaa,3,0,3,generic,no,((~q) AND ((~a) OR (~x)) AND ((~b) OR (~x))) OR ((b) AND (x) AND (q)),b
a032,cccc,3,0,3,generic,no,((~q) AND (~a) AND (x)) OR ((b) AND (x) AND (q)) OR ((~q) AND (~a) AND (b)),a
a04e,f0f0,3,0,3,generic,no,((~q) AND ((~b) OR (~x)) AND (a)) OR ((b) AND (x) AND (q)) OR ((~q) AND (~x) AND (b)),x
a06c,aaaa,3,0,3,generic,no,((~a) AND (b) AND (x)) OR ((b) AND (x) AND (q)) OR ((~q) AND ((~b) OR (~x)) AND (a)),b
a080,3fff,2,1,3,generic,no,((b) AND (x) AND (q)) OR ((b) AND (a) AND (x)),(~a) OR (~x) OR (~q)
a095,aaaa,3,0,3,generic,no,((~q) AND ((~a) OR (~x)) AND (~b)) OR ((b) AND (x) AND (q)) OR ((b) AND (a) AND (x)),b
a0a8,cccc,3,0,3,generic,no,((~q) AND (b) AND (a)) OR ((b) AND (x)),a
a0b0,ffff,3,0,3,clock,no,((~q) AND (~a) AND (x)) OR ((b) AND (x)),1
a0b9,f0f0,3,0,3,generic,no,((~q) AND (b) AND (a)) OR ((b) AND (x)) OR ((~q) AND (~a) AND (~b)),x
a0c3,aaaa,3,0,3,generic,no,((~q) AND (a) AND (x)) OR ((b) AND (x) AND (q)) OR ((~q) AND (~x) AND (~a)),b
a0cc,ffff,3,0,3,clock,no,((~q) AND (a)) OR ((b) AND (x) AND (q)),1
a0d5,f0f0,3,0,3,generic,no,((~q) AND (a) AND (x)) OR ((b) AND (x) AND (q)) OR ((~q) AND (~b)),x
a0e2,ff00,3,0,3,clock,no,((~q) AND (a) AND (x)) OR ((b) AND (x)) OR ((~q) AND (~a) AND (b)),q
a0ec,f0f0,3,0,3,generic,no,((~q) AND (a)) OR ((b) AND (x)),x
a0f4,f0f0,3,0,3,generic,no,((~q) AND (x)) OR ((b) AND (x)) OR ((~q) AND (~b) AND (a)),x
a0ff,7f7f,2,1,3,generic,no,((b) AND (x)) OR (~q),(~b) OR (~a) OR (~x)
a11b,f0f0,3,0,3,generic,no,(((~x) OR (~q)) AND (~a) AND (~b)) OR ((b) AND (x) AND (q)) OR ((~q) AND (~x) AND (b)),x
a137,cccc,3,0,3,generic,no,(((~x) OR (~q)) AND (~a) AND ((~b) OR (~q))) OR ((b) AND (x) AND (q)) OR ((~x) AND ((~a) OR (~q)) AND (~b)),a
a155,f0f0,3,0,3,generic,no,(((~x) OR (~q)) AND ((~a) OR (~q)) AND (~b)) OR ((b) AND (x) AND (q)),x
a185,0000,3,0,3,clock,no,((~x) AND ((~a) OR (~q)) AND (~b)) OR ((b) AND (x) AND (q)) OR ((b) AND (a) AND (x)),0
a1a3,aaaa,3,0,3,generic,no,((~x) AND (~a) AND ((~b) OR (~q))) OR ((b) AND (x)),b
a1af,ffff,3,0,3,clock,no,((~x) AND ((~a) OR (~q)) AND ((~b) OR (~q))) OR ((b) AND (x)),1
a1bd,f0f0,3,0,3,generic,no,(((~x) OR (~q)) AND (~a) AND (~b)) OR ((b) AND (x)) OR ((~q) AND (~x) AND (a)),x
a1d1,aaaa,3,0,3,generic,no,(((~x) OR (~q)) AND (~a) AND (~b)) OR ((b) AND (x) AND (q)) OR ((~q) AND (a) AND (x)),b
a1e7,ffff,3,0,3,clock,no,((~x) AND (~a) AND ((~b) OR (~q))) OR ((b) AND (x)) OR ((~q) AND (~b) AND (a)),1
a1fd,f0f0,3,0,3,generic,no,(((~x) OR (~q)) AND ((~a) OR (~q)) AND (~b)) OR ((b) AND (x)) OR ((~q) AND (a)),x
a20f,cccc,3,0,3,generic,no,((~a) AND (b) AND (q)) OR ((b) AND (x) AND (q)) OR ((~q) AND (~x)),a
a22b,cccc,3,0,3,generic,no,(((~a) OR (~q)) AND ((~a) OR (~x)) AND (b)) OR ((b) AND (x) AND (q)) OR ((~q) AND (~x) AND (~a)),a
a246,aaaa,3,0,3,generic,no,((~x) AND (~a) AND (b)) OR ((b) AND (x) AND (q)) OR ((~q) AND (~b) AND (a)),b
a272,cccc,3,0,3,generic,no,((~a) AND (b)) OR ((b) AND (x) AND (q)) OR ((~q) AND ((~b) OR (~a)) AND (x)),a
a28f,f0f0,3,0,3,generic,no,((~a) AND (b) AND (q)) OR ((b) AND (a) AND (x)) OR ((~q) AND (~x)),x
a2aa,0000,3,0,3,clock,no,(((~a) OR (~q)) AND (b)) OR ((b) AND (x)),0
a2b1,ff00,3,0,3,clock,no,((~a) AND (b) AND (q)) OR ((b) AND (x)) OR ((~q) AND (~a) AND (~b)),q
a2bf,cccc,3,0,3,generic,no,(((~a) OR (~q)) AND (b)) OR ((b) AND (x)) OR ((~q) AND ((~a) OR (~x))),a
a2d0,0000,3,0,3,clock,no,((~a) AND (b) AND (q)) OR ((b) AND (a) AND (x)) OR ((~q) AND (~b) AND (x)),0
a2e4,ff00,3,0,3,clock,no,((~a) AND (b) AND (q)) OR ((b) AND (x)) OR ((~q) AND (~b) AND (a)),q
a2f5,cccc,3,0,3,generic,no,((~a) AND (b) AND (q)) OR ((b) AND (x)) OR ((~q) AND (~b)),a
a30a,aaaa,3,0,3,generic,no,((~x) AND (~a) AND (q)) OR ((b) AND (x) AND (q)) OR ((~x) AND ((~a) OR (~q)) AND (b)),b
a323,cccc,3,0,3,generic,no,((~a) AND (b)) OR ((b) AND (x) AND (q)) OR ((~x) AND (~a)),a
a34c,f0f0,3,0,3,generic,no,((~x) AND (~a) AND (q)) OR ((b) AND (x) AND (q)) OR ((~q) AND ((~b) OR (~x)) AND (a)),x
a385,0000,3,0,3,clock,no,((~a) AND (b) AND (q)) OR ((b) AND (a) AND (x)) OR ((~x) AND ((~a) OR (~q)) AND (~b)),0
a39b,ff00,3,0,3,clock,no,(((~x) OR (~q)) AND (~a) AND ((~b) OR (~x))) OR ((b) AND (x) AND (q)) OR ((~q) AND (b) AND (a)),q
a3ab,ffff,3,0,3,clock,no,(((~a) OR (~q)) AND (b)) OR ((b) AND (x)) OR ((~x) AND (~a)),1
a3b7,f0f0,3,0,3,generic,no,(((~x) OR (~q)) AND (~a)) OR ((b) AND (x)) OR ((~x) AND ((~a) OR (~q)) AND ((~b) OR (~a))),x
a3cf,aaaa,3,0,3,generic,no,((~x) AND ((~a) OR (~q))) OR ((b) AND (x) AND (q)) OR ((~q) AND (a)),b
a3e4,ffff,3,0,3,clock,no,((~x) AND (~a) AND (q)) OR ((b) AND (x)) OR ((~q) AND (~b) AND (a)),1
a3f7,f0f0,3,0,3,generic,no,(((~x) OR (~q)) AND ((~a) OR (~q)) AND ((~b) OR (~a))) OR ((b) AND (x)),x
a41d,aaaa,3,0,3,generic,no,((~x) AND ((~b) OR (~q)) AND (a)) OR ((b) AND (x) AND (q)) OR ((~q) AND ((~a) OR (~x)) AND (~b)),b
a445,cccc,3,0,3,generic,no,(((~x) OR (~q)) AND (~b) AND (a)) OR ((b) AND (x) AND (q)) OR ((~q) AND (~x) AND (~b)),a
a45d,0000,3,0,3,clock,no,((~x) AND ((~b) OR (~q)) AND (a)) OR ((b) AND (x) AND (q)) OR ((~q) AND (~b)),0
a484,cccc,3,0,3,generic,no,((~x) AND (~b) AND (a)) OR ((b) AND (x) AND (q)) OR ((b) AND (a) AND (x)),a
a4ae,ffff,3,0,3,clock,no,((~x) AND ((~b) OR (~q)) AND (a)) OR ((b) AND (x)) OR ((~q) AND (b)),1
a4bf,f0f0,3,0,3,generic,no,((~x) AND ((~b) OR (~q)) AND (a)) OR ((b) AND (x)) OR ((~q) AND ((~a) OR (~x))),x
a4dd,aaaa,3,0,3,generic,no,(((~x) OR (~q)) AND ((~b) OR (~q)) AND (a)) OR ((b) AND (x) AND (q)) OR ((~q) AND (~b)),b
a4ec,ffff,3,0,3,clock,no,(((~x) OR (~q)) AND ((~b) OR (~q)) AND (a)) OR ((b) AND (x)),1
a4fc,f0f0,3,0,3,generic,no,(((~x) OR (~q)) AND ((~b) OR (~q)) AND (a)) OR ((b) AND (x)) OR ((~q) AND (x)),x
a50d,cccc,3,0,3,generic,no,((~x) AND (~b)) OR ((b) AND (x) AND (q)) OR ((~x) AND ((~b) OR (~q)) AND (a)),a
a52a,f0f0,3,0,3,generic,no,((~x) AND (~b) AND (q)) OR ((b) AND (x) AND (q)) OR ((~q) AND ((~a) OR (~x)) AND (b)),x
a54f,f0f0,3,0,3,generic,no,((~x) AND ((~b) OR (~q))) OR ((b) AND (x) AND (q)) OR (((~x) OR (~q)) AND (~b) AND (a)),x
a587,aaaa,3,0,3,generic,no,((~x) AND ((~b) OR (~q)) AND ((~b) OR (~a))) OR ((b) AND (x) AND (q)) OR ((b) AND (a) AND (x)),b
a5a3,f0f0,3,0,3,generic,no,((~x) AND (~b) AND (q)) OR ((b) AND (x)) OR ((~x) AND (~a) AND ((~b) OR (~q))),x
a5b0,0000,3,0,3,clock,no,((~x) AND (~b) AND (q)) OR ((b) AND (x)) OR ((~q) AND (~a) AND (x)),0
a5bf,ff00,3,0,3,clock,no,(((~x) OR (~q)) AND ((~a) OR (~x)) AND ((~b) OR (~q))) OR ((b) AND (x)),q
a5d5,cccc,3,0,3,generic,no,(((~x) OR (~q)) AND (~b)) OR ((b) AND (x) AND (q)) OR ((b) AND (a) AND (x)),a
a5ec,0000,3,0,3,clock,no,((~x) AND (~b) AND (q)) OR ((b) AND (x)) OR (((~x) OR (~q)) AND ((~b) OR (~q)) AND (a)),0
a5fd,ff00,3,0,3,clock,no,(((~x) OR (~q)) AND (~b)) OR ((b) AND (x)) OR (((~x) OR (~q)) AND ((~b) OR (~q)) AND (a)),q
a644,ffff,3,0,3,clock,no,((~a) AND (b) AND (q)) OR ((b) AND (x) AND (q)) OR (((~x) OR (~q)) AND (~b) AND (a)),1
a6ac,f0f0,3,0,3,generic,no,((~a) AND (b) AND (q)) OR ((b) AND (x)) OR ((~x) AND ((~b) OR (~q)) AND (a)),x
a6ec,aaaa,3,0,3,generic,no,((~a) AND (b) AND (q)) OR ((b) AND (x)) OR (((~x) OR (~q)) AND ((~b) OR (~q)) AND (a)),b
a70f,f0f0,3,0,3,generic,no,((~x) AND ((~b) OR (~a) OR (~q))) OR ((b) AND (x) AND (q)),x
a73f,aaaa,3,0,3,generic,no,(((~x) OR (~q)) AND ((~a) OR (~x)) AND ((~b) OR (~a) OR (~q))) OR ((b) AND (x) AND (q)),b
a785,cccc,3,0,3,generic,no,((~a) AND (b) AND (q)) OR ((b) AND (a) AND (x)) OR ((~x) AND (~b)),a
a7a8,ffff,3,0,3,clock,no,((~x) AND ((~b) OR (~a)) AND (q)) OR ((b) AND (x)) OR ((~q) AND (b) AND (a)),1
a7b5,f0f0,3,0,3,generic,no,((~a) AND (b) AND (q)) OR ((b) AND (x)) OR (((~x) OR (~q)) AND ((~a) OR (~x)) AND (~b)),x
a7d5,aaaa,3,0,3,generic,no,((~a) AND (b) AND (q)) OR ((b) AND (a) AND (x)) OR (((~x) OR (~q)) AND (~b)),b
a7ec,ffff,3,0,3,clock,no,((~x) AND ((~b) OR (~a)) AND (q)) OR ((b) AND (x)) OR (((~x) OR (~q)) AND ((~b) OR (~q)) AND (a)),1
a800,77ff,2,1,3,generic,no,((b) AND (x) AND (q)) OR ((b) AND (a) AND (q)),(~b) OR (~a) OR (~q)
a819,f0f0,3,0,3,generic,no,((~x) AND (b) AND (a)) OR ((b) AND (x) AND (q)) OR ((~q) AND (~a) AND (~b)),x
a831,aaaa,3,0,3,generic,no,((~a) AND (b) AND (x)) OR ((b) AND (a) AND (q)) OR ((~q) AND (~a) AND (~b)),b
a85d,cccc,3,0,3,generic,no,((~x) AND (b) AND (a)) OR ((b) AND (x) AND (q)) OR ((~q) AND (~b)),a
a888,3f3f,2,1,3,generic,no,((b) AND (x) AND (q)) OR ((b) AND (a)),"NAND(x,a)"
a8a0,55ff,2,1,3,generic,no,((b) AND (x)) OR ((b) AND (a) AND (q)),"NAND(q,b)"
a8af,aaaa,3,0,3,generic,no,(((~a) OR (~q)) AND (b) AND (x)) OR ((b) AND (a)) OR ((~q) AND (~x)),b
a8b8,ffff,3,0,3,clock,no,(((~a) OR (~q)) AND (b) AND (x)) OR ((b) AND (a)) OR ((~q) AND (~a) AND (x)),1
a8cc,f0f0,3,0,3,generic,no,(((~x) OR (~q)) AND (b) AND (a)) OR ((b) AND (x) AND (q)) OR ((~q) AND (a)),x
a8f0,aaaa,3,0,3,generic,no,(((~a) OR (~q)) AND (b) AND (x)) OR ((b) AND (a) AND (q)) OR ((~q) AND (x)),b
a903,0000,3,0,3,clock,no,((~x) AND (~a) AND ((~b) OR (~q))) OR ((b) AND (x) AND (q)) OR ((b) AND (a) AND (q)),0
a919,aaaa,3,0,3,generic,no,((~x) AND (b) AND (a)) OR ((b) AND (x) AND (q)) OR (((~x) OR (~q)) AND (~a) AND (~b)),b
a93b,cccc,3,0,3,generic,no,((~x) AND (b) AND (a)) OR ((b) AND (x) AND (q)) OR (((~x) OR (~q)) AND (~a) AND ((~b) OR (~q))),a
a98f,f0f0,3,0,3,generic,no,(((~x) OR (~q)) AND (b) AND (a)) OR ((b) AND (x) AND (q)) OR ((~x) AND ((~a) OR (~q)) AND ((~b) OR (~q))),x
a9af,ff00,3,0,3,clock,no,(((~a) OR (~q)) AND (b) AND (x)) OR ((b) AND (a)) OR ((~x) AND ((~a) OR (~q)) AND ((~b) OR (~q))),q
a9fd,cccc,3,0,3,generic,no,(((~a) OR (~q)) AND (b) AND (x)) OR ((b) AND (a)) OR (((~x) OR (~q)) AND ((~a) OR (~q)) AND (~b)),a
aa0b,cccc,3,0,3,generic,no,((~x) AND (b)) OR ((b) AND (q)) OR ((~q) AND (~x) AND (~a)),a
aa20,f0f0,3,0,3,generic,no,((~a) AND (b) AND (x)) OR ((b) AND (q)),x
aa33,aaaa,3,0,3,generic,no,((~q) AND (~a)) OR ((b) AND (q)),b
aa4d,cccc,3,0,3,generic,no,((~q) AND ((~b) OR (~x)) AND (a)) OR ((b) AND (q)) OR ((~q) AND (~x) AND (~b)),a
aa5d,f0f0,3,0,3,generic,no,((~x) AND (b) AND (a)) OR ((b) AND (q)) OR ((~q) AND (~b)),x
aa7a,aaaa,3,0,3,generic,no,(((~a) OR (~x)) AND (b)) OR ((b) AND (q)) OR ((~q) AND ((~b) OR (~a)) AND (x)),b
aa88,7777,2,1,3,generic,no,((b) AND (q)) OR ((b) AND (a)),"NAND(a,b)"
aaa0,0fff,2,1,3,generic,no,((b) AND (q)) OR ((b) AND (x)),"NAND(q,x)"
aaac,aaaa,3,0,3,generic,no,(((~a) OR (~x)) AND (b) AND (q)) OR ((b) AND (x)) OR ((~q) AND (~x) AND (a)),b
aab5,ffff,3,0,3,clock,no,(((~a) OR (~x)) AND (b) AND (q)) OR ((b) AND (x)) OR ((~q) AND ((~a) OR (~x)) AND (~b)),1
aac0,f0f0,3,0,3,generic,no,((~q) AND (a) AND (x)) OR ((b) AND (q)),x
aaca,aaaa,3,0,3,generic,no,((~x) AND (b)) OR ((b) AND (q)) OR ((~q) AND (a) AND (x)),b
aad1,ffff,3,0,3,clock,no,((~q) AND (a) AND (x)) OR ((b) AND (q)) OR ((~q) AND (~a) AND (~b)),1
aadf,f0f0,3,0,3,generic,no,(((~a) OR (~x)) AND (b) AND (q)) OR ((b) AND (a)) OR ((~q) AND ((~b) OR (~x))),x
aaef,aaaa,3,0,3,generic,no,((~q) AND (a)) OR (b) OR ((~q) AND (~x)),b
aaf5,ffff,3,0,3,clock,no,(((~a) OR (~x)) AND (b) AND (q)) OR ((b) AND (x)) OR ((~q) AND (~b)),1
aaff,77ff,2,1,3,generic,no,"NAND(q,~b)",(~b) OR (~a) OR (~q)
ab0f,f0f0,3,0,3,generic,no,((~x) AND ((~a) OR (~q))) OR ((b) AND (q)),x
ab23,aaaa,3,0,3,generic,no,((~a) AND (b)) OR ((b) AND (q)) OR ((~x) AND (~a)),b
ab3b,cccc,3,0,3,generic,no,(((~a) OR (~x)) AND (b)) OR ((b) AND (q)) OR (((~x) OR (~q)) AND (~a)),a
ab5d,cccc,3,0,3,generic,no,((~x) AND (b) AND (a)) OR ((b) AND (q)) OR (((~x) OR (~q)) AND ((~a) OR (~q)) AND (~b)),a
ab85,f0f0,3,0,3,generic,no,(((~a) OR (~x)) AND (b) AND (q)) OR ((b) AND (a) AND (x)) OR ((~x) AND ((~a) OR (~q)) AND (~b)),x
ab93,ff00,3,0,3,clock,no,(((~a) OR (~x)) AND (b) AND (q)) OR ((b) AND (a) AND (x)) OR (((~x) OR (~q)) AND (~a) AND ((~b) OR (~x))),q
abaa,f0f0,3,0,3,generic,no,((~x) AND (~a) AND (q)) OR (b),x
abbf,f0f0,3,0,3,generic,no,(((~x) OR (~q)) AND ((~a) OR (~q)) AND ((~a) OR (~x))) OR (b),x
abcd,aaaa,3,0,3,generic,no,((~x) AND ((~a) OR (~q)) AND (~b)) OR ((b) AND (q)) OR ((~q) AND (a)),b
abdf,ffff,3,0,3,clock,no,(((~a) OR (~x)) AND (b) AND (q)) OR ((b) AND (a)) OR (((~x) OR (~q)) AND ((~a) OR (~q)) AND ((~b) OR (~x))),1
abf3,f0f0,3,0,3,generic,no,(((~x) OR (~q)) AND (~a)) OR ((b) AND (q)) OR ((~q) AND (x)),x
ac04,cccc,3,0,3,generic,no,((~x) AND (a) AND (q)) OR ((b) AND (x) AND (q)) OR ((~x) AND (~b) AND (a)),a
ac1f,f0f0,3,0,3,generic,no,((~x) AND (a)) OR ((b) AND (x) AND (q)) OR ((~q) AND ((~a) OR (~x)) AND ((~b) OR (~x))),x
ac4d,0000,3,0,3,clock,no,(((~x) OR (~q)) AND ((~b) OR (~x)) AND (a)) OR ((b) AND (x) AND (q)) OR ((~q) AND (~x) AND (~b)),0
ac6c,cccc,3,0,3,generic,no,((~a) AND (b) AND (x)) OR ((b) AND (x) AND (q)) OR (((~x) OR (~q)) AND ((~b) OR (~x)) AND (a)),a
aca4,f0f0,3,0,3,generic,no,(((~a) OR (~q)) AND (b) AND (x)) OR ((b) AND (a) AND (q)) OR ((~x) AND (~b) AND (a)),x
acb1,f0f0,3,0,3,generic,no,((~x) AND (a) AND (q)) OR ((b) AND (x)) OR ((~q) AND (~a) AND (~b)),x
acc0,aaaa,3,0,3,generic,no,((~x) AND (a) AND (q)) OR ((b) AND (x) AND (q)) OR ((~q) AND (a) AND (x)),b
acdd,ffff,3,0,3,clock,no,(((~x) OR (~q)) AND (a)) OR ((b) AND (x) AND (q)) OR ((~q) AND (~b)),1
acef,f0f0,3,0,3,generic,no,(((~x) OR (~q)) AND (a)) OR ((b) AND (x)) OR ((~q) AND (~x)),x
ad00,cccc,3,0,3,generic,no,((~x) AND (a) AND (q)) OR ((b) AND (x) AND (q)) OR ((~x) AND (~b) AND (q)),a
ad11,ffff,3,0,3,clock,no,((~x) AND (a) AND (q)) OR ((b) AND (x) AND (q)) OR (((~x) OR (~q)) AND (~a) AND (~b)),1
ad35,f0f0,3,0,3,generic,no,((~a) AND (b) AND (x)) OR ((b) AND (a) AND (q)) OR (((~x) OR (~q)) AND ((~a) OR (~x)) AND (~b)),x
ad5f,aaaa,3,0,3,generic,no,(((~x) OR (~q)) AND ((~b) OR (~x)) AND (a)) OR ((b) AND (x) AND (q)) OR (((~x) OR (~q)) AND ((~b) OR (~q)) AND ((~b) OR (~x))),b
ad9d,ffff,3,0,3,clock,no,(((~x) OR (~q)) AND (b) AND (a)) OR ((b) AND (x) AND (q)) OR (((~x) OR (~q)) AND ((~a) OR (~x)) AND (~b)),1
adb3,0000,3,0,3,clock,no,((~x) AND (a) AND (q)) OR ((b) AND (x)) OR (((~x) OR (~q)) AND (~a) AND ((~b) OR (~q))),0
adcf,ff00,3,0,3,clock,no,(((~x) OR (~q)) AND (a)) OR ((b) AND (x) AND (q)) OR ((~x) AND ((~b) OR (~q))),q
adf7,cccc,3,0,3,generic,no,(((~a) OR (~q)) AND (b) AND (x)) OR ((b) AND (a) AND (q)) OR (((~x) OR (~q)) AND ((~b) OR (~q)) AND ((~b) OR (~a))),a
ae0a,aaaa,3,0,3,generic,no,((~x) AND (a) AND (q)) OR ((b) AND (q)) OR ((~x) AND (b)),b
ae24,cccc,3,0,3,generic,no,((~a) AND (b) AND (x)) OR ((b) AND (q)) OR ((~x) AND (~b) AND (a)),a
ae45,ffff,3,0,3,clock,no,(((~x) OR (~q)) AND (~b) AND (a)) OR ((b) AND (q)) OR ((~q) AND (~x) AND (~b)),1
ae5c,aaaa,3,0,3,generic,no,(((~x) OR (~q)) AND ((~b) OR (~x)) AND (a)) OR ((b) AND (q)) OR ((~q) AND (~b) AND (x)),b
ae7f,cccc,3,0,3,generic,no,(((~x) OR (~q)) AND ((~b) OR (~x)) AND (a)) OR ((b) AND (q)) OR ((~q) AND ((~b) OR (~a) OR (~x))),a
aeba,cccc,3,0,3,generic,no,((~x) AND (a) AND (q)) OR (b) OR ((~q) AND (~a) AND (x)),a
aecd,0000,3,0,3,clock,no,(((~x) OR (~q)) AND (a)) OR ((b) AND (q)) OR ((~q) AND (~x) AND (~b)),0
aee4,ff00,3,0,3,clock,no,(((~a) OR (~x)) AND (b) AND (q)) OR ((b) AND (x)) OR (((~x) OR (~q)) AND (~b) AND (a)),q
aefa,cccc,3,0,3,generic,no,((~x) AND (a) AND (q)) OR (b) OR ((~q) AND (x)),a
af07,aaaa,3,0,3,generic,no,((~x) AND ((~b) OR (~a))) OR ((b) AND (q)),b
af1d,cccc,3,0,3,generic,no,((~x) AND (a)) OR ((b) AND (q)) OR (((~x) OR (~q)) AND ((~a) OR (~x)) AND (~b)),a
af44,aaaa,3,0,3,generic,no,((~x) AND (q)) OR ((b) AND (q)) OR (((~x) OR (~q)) AND (~b) AND (a)),b
af75,cccc,3,0,3,generic,no,((~a) AND (b) AND (x)) OR ((b) AND (q)) OR (((~x) OR (~q)) AND (~b)),a
af9d,0000,3,0,3,clock,no,(((~a) OR (~x)) AND (b) AND (q)) OR ((b) AND (a)) OR (((~x) OR (~q)) AND ((~a) OR (~x)) AND (~b)),0
afab,cccc,3,0,3,generic,no,((~x) AND (q)) OR (b) OR ((~x) AND (~a)),a
afba,cccc,3,0,3,generic,no,((~x) AND (q)) OR (b) OR ((~q) AND (~a) AND (x)),a
afcd,0000,3,0,3,clock,no,(((~x) OR (~q)) AND (a)) OR ((b) AND (q)) OR ((~x) AND (~b)),0
afe0,ff00,3,0,3,clock,no,((~x) AND (q)) OR ((b) AND (x)) OR ((~q) AND (a) AND (x)),q
aff5,ffff,3,0,3,clock,no,(((~a) OR (~x)) AND (b) AND (q)) OR ((b) AND (x)) OR (((~x) OR (~q)) AND (~b)),1
b00c,cccc,3,0,3,generic,no,((~a) AND (x) AND (q)) OR ((b) AND (x) AND (q)) OR ((~q) AND (~x) AND (a)),a
b030,f0f0,3,0,3,generic,no,((~a) AND (x)) OR ((b) AND (x) AND (q)),x
b053,0000,3,0,3,clock,no,(((~a) OR (~q)) AND (~b) AND (x)) OR ((b) AND (x) AND (q)) OR ((~q) AND (~a) AND ((~b) OR (~x))),0
b072,ff00,3,0,3,clock,no,(((~a) OR (~q)) AND ((~b) OR (~a)) AND (x)) OR ((b) AND (x) AND (q)) OR ((~q) AND (~a) AND (b)),q
b087,f0f0,3,0,3,generic,no,((~a) AND (x) AND (q)) OR ((b) AND (a) AND (x)) OR ((~q) AND (~x) AND ((~b) OR (~a))),x
b0a5,aaaa,3,0,3,generic,no,((~a) AND (x) AND (q)) OR ((b) AND (x)) OR ((~q) AND (~x) AND (~b)),b
b0b5,ff00,3,0,3,clock,no,((~a) AND (x)) OR ((b) AND (x)) OR ((~q) AND ((~a) OR (~x)) AND (~b)),q
b0c4,cccc,3,0,3,generic,no,((~a) AND (x) AND (q)) OR ((b) AND (a) AND (x)) OR ((~q) AND (~b) AND (a)),a
b0df,0000,3,0,3,clock,no,((~a) AND (x) AND (q)) OR ((b) AND (a) AND (x)) OR ((~q) AND ((~b) OR (~x))),0
b0f2,ff00,3,0,3,clock,no,(((~a) OR (~q)) AND (x)) OR ((b) AND (x)) OR ((~q) AND (~a) AND (b)),q
b0fc,cccc,3,0,3,generic,no,(((~a) OR (~q)) AND (x)) OR ((b) AND (x)) OR ((~q) AND (a)),a
b113,aaaa,3,0,3,generic,no,((~a) AND ((~b) OR (~q)) AND ((~b) OR (~x))) OR ((b) AND (x) AND (q)),b
b137,cccc,3,0,3,generic,no,((~a) AND ((~b) OR (~q))) OR ((b) AND (x) AND (q)) OR (((~a) OR (~q)) AND ((~a) OR (~x)) AND (~b)),a
b170,f0f0,3,0,3,generic,no,(((~a) OR (~q)) AND ((~b) OR (~a)) AND (x)) OR ((b) AND (x) AND (q)) OR ((~a) AND (~b) AND (q)),x
b18f,0000,3,0,3,clock,no,((~a) AND (x) AND (q)) OR ((b) AND (a) AND (x)) OR ((~x) AND ((~a) OR (~q)) AND ((~b) OR (~q))),0
b1a1,cccc,3,0,3,generic,no,((~a) AND (x) AND (q)) OR ((b) AND (x)) OR ((~x) AND (~a) AND (~b)),a
b1b5,ffff,3,0,3,clock,no,(((~a) OR (~q)) AND ((~a) OR (~x)) AND (~b)) OR ((b) AND (x)),1
b1cc,f0f0,3,0,3,generic,no,((~a) AND (~b) AND (q)) OR ((b) AND (x) AND (q)) OR ((~q) AND (a)),x
b1e4,aaaa,3,0,3,generic,no,((~a) AND (~b) AND (q)) OR ((b) AND (x)) OR ((~q) AND (~b) AND (a)),b
b1f7,ffff,3,0,3,clock,no,(((~a) OR (~q)) AND ((~b) OR (~q)) AND ((~b) OR (~a))) OR ((b) AND (x)),1
b22a,0000,3,0,3,clock,no,((~a) AND (x) AND (q)) OR ((b) AND (x) AND (q)) OR (((~a) OR (~q)) AND ((~a) OR (~x)) AND (b)),0
b270,ff00,3,0,3,clock,no,(((~a) OR (~q)) AND ((~b) OR (~a)) AND (x)) OR ((b) AND (x) AND (q)) OR ((~a) AND (b) AND (q)),q
b2aa,ffff,3,0,3,clock,no,((~a) AND (x) AND (q)) OR ((b) AND (x)) OR (((~a) OR (~q)) AND (b)),1
b302,aaaa,3,0,3,generic,no,((~a) AND (q)) OR ((b) AND (x) AND (q)) OR ((~x) AND (~a) AND (b)),b
b31f,cccc,3,0,3,generic,no,(((~a) OR (~q)) AND ((~a) OR (~x)) AND ((~b) OR (~x))) OR ((b) AND (x) AND (q)),a
b350,aaaa,3,0,3,generic,no,((~a) AND (q)) OR ((b) AND (x) AND (q)) OR (((~a) OR (~q)) AND (~b) AND (x)),b
b385,cccc,3,0,3,generic,no,((~a) AND (q)) OR ((b) AND (a) AND (x)) OR ((~x) AND ((~a) OR (~q)) AND (~b)),a
b3a1,f0f0,3,0,3,generic,no,((~a) AND (q)) OR ((b) AND (x)) OR ((~x) AND (~a) AND (~b)),x
b3b7,f0f0,3,0,3,generic,no,(((~a) OR (~q)) AND ((~a) OR (~x)) AND ((~b) OR (~a))) OR ((b) AND (x)),x
b3d3,ff00,3,0,3,clock,no,((~a) AND ((~b) OR (~x))) OR ((b) AND (x) AND (q)) OR ((~q) AND (a) AND (x)),q
b3f0,cccc,3,0,3,generic,no,((~a) AND (q)) OR ((b) AND (x)) OR (((~a) OR (~q)) AND (x)),a
b414,cccc,3,0,3,generic,no,((~a) AND (~b) AND (x)) OR ((b) AND (x) AND (q)) OR ((~x) AND (~b) AND (a)),a
b474,ffff,3,0,3,clock,no,(((~a) OR (~q)) AND ((~b) OR (~a)) AND (x)) OR ((b) AND (x) AND (q)) OR (((~x) OR (~q)) AND (~b) AND (a)),1
b4cc,f0f0,3,0,3,generic,no,((~a) AND (x) AND (q)) OR ((b) AND (x) AND (q)) OR (((~x) OR (~q)) AND ((~b) OR (~q)) AND (a)),x
b503,cccc,3,0,3,generic,no,(((~a) OR (~x)) AND (~b) AND (q)) OR ((b) AND (x) AND (q)) OR ((~x) AND (~a) AND ((~b) OR (~q))),a
b51f,f0f0,3,0,3,generic,no,(((~a) OR (~x)) AND ((~b) OR (~q)) AND ((~b) OR (~x))) OR ((b) AND (x) AND (q)),x
b55d,aaaa,3,0,3,generic,no,(((~a) OR (~x) OR (~q)) AND (~b)) OR ((b) AND (x) AND (q)) OR ((~x) AND ((~b) OR (~q)) AND (a)),b
b595,cccc,3,0,3,generic,no,((~a) AND (x) AND (q)) OR ((b) AND (a) AND (x)) OR (((~a) OR (~x)) AND (~b)),a
b5ac,f0f0,3,0,3,generic,no,(((~a) OR (~x)) AND (~b) AND (q)) OR ((b) AND (x)) OR ((~x) AND ((~b) OR (~q)) AND (a)),x
b5cc,f0f0,3,0,3,generic,no,(((~a) OR (~x)) AND (~b) AND (q)) OR ((b) AND (x) AND (q)) OR (((~x) OR (~q)) AND ((~b) OR (~q)) AND (a)),x
b5f0,aaaa,3,0,3,generic,no,(((~a) OR (~q)) AND (x)) OR ((b) AND (x)) OR (((~a) OR (~x)) AND (~b) AND (q)),b
b703,f0f0,3,0,3,generic,no,(((~a) OR (~x)) AND ((~b) OR (~a)) AND (q)) OR ((b) AND (x) AND (q)) OR ((~x) AND (~a)),x
b722,aaaa,3,0,3,generic,no,(((~a) OR (~x)) AND ((~b) OR (~a)) AND (q)) OR ((b) AND (x) AND (q)) OR ((~a) AND (b)),b
b777,cccc,3,0,3,generic,no,(((~a) OR (~x) OR (~q)) AND ((~b) OR (~a))) OR ((b) AND (x) AND (q)),a
b790,f0f0,3,0,3,generic,no,(((~a) OR (~x)) AND ((~b) OR (~a)) AND (q)) OR ((b) AND (a) AND (x)) OR ((~a) AND (~b) AND (x)),x
b7aa,aaaa,3,0,3,generic,no,(((~a) OR (~x)) AND ((~b) OR (~a)) AND (q)) OR ((b) AND (x)) OR (((~a) OR (~q)) AND (b)),b
b7cc,aaaa,3,0,3,generic,no,(((~a) OR (~x)) AND ((~b) OR (~a)) AND (q)) OR ((b) AND (x) AND (q)) OR (((~x) OR (~q)) AND ((~b) OR (~q)) AND (a)),b
b7e4,ffff,3,0,3,clock,no,(((~a) OR (~x)) AND ((~b) OR (~a)) AND (q)) OR ((b) AND (x)) OR (((~x) OR (~q)) AND (~b) AND (a)),1
b807,aaaa,3,0,3,generic,no,((~a) AND (x) AND (q)) OR ((b) AND (a) AND (q)) OR ((~q) AND (~x) AND ((~b) OR (~a))),b
b82a,cccc,3,0,3,generic,no,((~a) AND (x) AND (q)) OR ((b) AND (a) AND (q)) OR ((~q) AND ((~a) OR (~x)) AND (b)),a
b850,f0f0,3,0,3,generic,no,((~a) AND (x) AND (q)) OR ((b) AND (a) AND (q)) OR (((~a) OR (~q)) AND (~b) AND (x)),x
b877,aaaa,3,0,3,generic,no,(((~a) OR (~q)) AND ((~b) OR (~a)) AND (x)) OR ((b) AND (a) AND (q)) OR ((~q) AND ((~b) OR (~a))),b
b898,cccc,3,0,3,generic,no,((~a) AND (x) AND (q)) OR ((b) AND (a)) OR ((~a) AND (~b) AND (x)),a
b8bb,cccc,3,0,3,generic,no,((~a) AND (x)) OR ((b) AND (a)) OR ((~q) AND (~a)),a
b8d8,0000,3,0,3,clock,no,((~a) AND (x) AND (q)) OR ((b) AND (a)) OR (((~a) OR (~q)) AND (~b) AND (x)),0
b8f3,ff00,3,0,3,clock,no,(((~a) OR (~q)) AND (x)) OR ((b) AND (a) AND (q)) OR ((~q) AND (~a)),q
b8fb,cccc,3,0,3,generic,no,(((~a) OR (~q)) AND (x)) OR ((b) AND (a)) OR ((~q) AND (~a)),a
b908,aaaa,3,0,3,generic,no,((~a) AND (~b) AND (q)) OR ((b) AND (x) AND (q)) OR ((~x) AND (b) AND (a)),b
b920,cccc,3,0,3,generic,no,((~a) AND (b) AND (x)) OR ((b) AND (a) AND (q)) OR ((~a) AND (~b) AND (q)),a
b95d,cccc,3,0,3,generic,no,(((~a) OR (~q)) AND (~b)) OR ((b) AND (x) AND (q)) OR ((~x) AND (b) AND (a)),a
b97f,0000,3,0,3,clock,no,(((~a) OR (~q)) AND ((~b) OR (~a)) AND (x)) OR ((b) AND (a) AND (q)) OR (((~a) OR (~q)) AND ((~b) OR (~q)) AND ((~b) OR (~a) OR (~x))),0
b99d,aaaa,3,0,3,generic,no,((~a) AND (x) AND (q)) OR ((b) AND (a)) OR (((~a) OR (~q)) AND ((~a) OR (~x)) AND (~b)),b
b9bd,ffff,3,0,3,clock,no,((~a) AND (x)) OR ((b) AND (a)) OR (((~a) OR (~q)) AND ((~a) OR (~x)) AND (~b)),1
b9f5,f0f0,3,0,3,generic,no,(((~a) OR (~q)) AND (x)) OR ((b) AND (a) AND (q)) OR (((~a) OR (~q)) AND (~b)),x
ba00,cccc,3,0,3,generic,no,((~a) AND (x) AND (q)) OR ((b) AND (q)),a
ba15,f0f0,3,0,3,generic,no,((~a) AND (x) AND (q)) OR ((b) AND (q)) OR ((~q) AND ((~a) OR (~x)) AND (~b)),x
ba37,aaaa,3,0,3,generic,no,((~a) AND (x)) OR ((b) AND (q)) OR ((~q) AND ((~a) OR (~x)) AND ((~b) OR (~a))),b
ba54,cccc,3,0,3,generic,no,(((~a) OR (~q)) AND (~b) AND (x)) OR ((b) AND (q)) OR ((~q) AND (~b) AND (a)),a
ba73,ffff,3,0,3,clock,no,(((~a) OR (~q)) AND ((~b) OR (~a)) AND (x)) OR ((b) AND (q)) OR ((~q) AND (~a)),1
baa0,aaaa,3,0,3,generic,no,((~a) AND (x) AND (q)) OR ((b) AND (q)) OR ((b) AND (x)),b
bac0,aaaa,3,0,3,generic,no,((~a) AND (x) AND (q)) OR ((b) AND (q)) OR ((~q) AND (a) AND (x)),b
baee,ffff,3,0,3,clock,no,((~a) AND (x) AND (q)) OR (b) OR ((~q) AND (a)),1
baf7,f0f0,3,0,3,generic,no,(((~a) OR (~q)) AND (x)) OR ((b) AND (q)) OR ((~q) AND ((~b) OR (~a))),x
bb00,cccc,3,0,3,generic,no,((~a) AND (q)) OR ((b) AND (q)),a
bb15,f0f0,3,0,3,generic,no,(((~a) OR (~q)) AND ((~a) OR (~x)) AND (~b)) OR ((b) AND (q)),x
bb33,77ff,2,1,3,generic,no,((b) AND (q)) OR (~a),(~b) OR (~a) OR (~q)
bb5d,f0f0,3,0,3,generic,no,(((~a) OR (~q)) AND (~b)) OR ((b) AND (q)) OR ((~x) AND (b) AND (a)),x
bb8c,aaaa,3,0,3,generic,no,((~a) AND (q)) OR ((b) AND (a)) OR ((~q) AND (~x) AND (a)),b
bba8,cccc,3,0,3,generic,no,((~a) AND (q)) OR ((b) AND (x)) OR ((b) AND (a)),a
bbb8,aaaa,3,0,3,generic,no,((~a) AND (q)) OR ((b) AND (a)) OR ((~a) AND (x)),b
bbd3,ff00,3,0,3,clock,no,((~a) AND ((~b) OR (~x))) OR ((b) AND (q)) OR ((~q) AND (a) AND (x)),q
bbee,cccc,3,0,3,generic,no,((~a) AND (q)) OR (b) OR ((~q) AND (a)),a
bbfa,0000,3,0,3,clock,no,((~a) AND (q)) OR (b) OR (((~a) OR (~q)) AND (x)),0
bc34,f0f0,3,0,3,generic,no,((~a) AND (x)) OR ((b) AND (a) AND (q)) OR ((~x) AND (~b) AND (a)),x
bc7c,0000,3,0,3,clock,no,(((~a) OR (~q)) AND ((~b) OR (~a)) AND (x)) OR ((b) AND (x) AND (q)) OR (((~x) OR (~q)) AND ((~b) OR (~x)) AND (a)),0
bcec,aaaa,3,0,3,generic,no,((~a) AND (x) AND (q)) OR ((b) AND (x)) OR (((~x) OR (~q)) AND (a)),b
bd07,ffff,3,0,3,clock,no,((~a) AND (x) AND (q)) OR ((b) AND (a) AND (q)) OR ((~x) AND ((~b) OR (~q)) AND ((~b) OR (~a))),1
bd33,0000,3,0,3,clock,no,((~a) AND ((~b) OR (~q))) OR ((b) AND (x) AND (q)) OR ((~x) AND (a) AND (q)),0
bd5f,aaaa,3,0,3,generic,no,((~a) AND (x) AND (q)) OR ((b) AND (a) AND (q)) OR (((~a) OR (~x) OR (~q)) AND ((~b) OR (~q)) AND ((~b) OR (~x))),b
bd8f,ffff,3,0,3,clock,no,((~a) AND (x) AND (q)) OR ((b) AND (a)) OR ((~x) AND ((~b) OR (~q))),1
bdbf,0000,3,0,3,clock,no,((~a) AND (x)) OR ((b) AND (a)) OR (((~a) OR (~x)) AND ((~b) OR (~q))),0
bdf5,ff00,3,0,3,clock,no,(((~a) OR (~q)) AND (x)) OR ((b) AND (a) AND (q)) OR (((~a) OR (~x) OR (~q)) AND (~b)),q
be14,f0f0,3,0,3,generic,no,((~a) AND (~b) AND (x)) OR ((b) AND (q)) OR ((~x) AND (~b) AND (a)),x
be5c,f0f0,3,0,3,generic,no,(((~a) OR (~q)) AND (~b) AND (x)) OR ((b) AND (q)) OR (((~x) OR (~q)) AND ((~b) OR (~x)) AND (a)),x
bedc,ff00,3,0,3,clock,no,(((~a) OR (~q)) AND (~b) AND (x)) OR ((b) AND (q)) OR (((~x) OR (~q)) AND (a)),q
bf00,f0f0,3,0,3,generic,no,(((~a) OR (~x)) AND (q)) OR ((b) AND (q)),x
bf15,aaaa,3,0,3,generic,no,(((~a) OR (~x)) AND (~b)) OR ((b) AND (q)),b
bf3f,5fff,2,1,3,generic,no,((b) AND (q)) OR (~a) OR (~x),(~b) OR (~x) OR (~q)
bf81,aaaa,3,0,3,generic,no,(((~a) OR (~x)) AND (q)) OR ((b) AND (a) AND (x)) OR ((~x) AND (~a) AND (~b)),b
bf90,cccc,3,0,3,generic,no,(((~a) OR (~x)) AND (q)) OR ((b) AND (a) AND (x)) OR ((~a) AND (~b) AND (x)),a
bfa3,f0f0,3,0,3,generic,no,(((~a) OR (~x)) AND (q)) OR ((b) AND (x)) OR ((~x) AND (~a)),x
bfb7,aaaa,3,0,3,generic,no,(((~a) OR (~x)) AND (q)) OR ((b) AND (x)) OR (((~a) OR (~x)) AND ((~b) OR (~a))),b
bfd0,ff00,3,0,3,clock,no,(((~a) OR (~x)) AND (q)) OR ((b) AND (a) AND (x)) OR (((~a) OR (~q)) AND (~b) AND (x)),q
bfe4,cccc,3,0,3,generic,no,(((~a) OR (~x)) AND (q)) OR ((b) AND (x)) OR (((~x) OR (~q)) AND (~b) AND (a)),a
bff8,0000,3,0,3,clock,no,(((~a) OR (~x)) AND (q)) OR ((b) AND (a)) OR (((~a) OR (~q)) AND (x)),0
c00a,f0f0,3,0,3,generic,no,((~q) AND (~x) AND (b)) OR ((a) AND (x) AND (q)),x
c023,aaaa,3,0,3,generic,no,((~q) AND (~a) AND (b)) OR ((a) AND (x) AND (q)) OR ((~q) AND (~x) AND (~a)),b
c03b,cccc,3,0,3,generic,no,((~q) AND (~a)) OR ((a) AND (x) AND (q)) OR ((~q) AND ((~a) OR (~x)) AND (b)),a
c050,f0f0,3,0,3,generic,no,((~q) AND (~b) AND (x)) OR ((a) AND (x) AND (q)),x
c070,aaaa,3,0,3,generic,no,((~q) AND ((~b) OR (~a)) AND (x)) OR ((a) AND (x) AND (q)),b
c080,7f7f,2,1,3,generic,no,((a) AND (x) AND (q)) OR ((b) AND (a) AND (x)),(~b) OR (~a) OR (~x)
c09b,aaaa,3,0,3,generic,no,((~q) AND (b) AND (a)) OR ((a) AND (x) AND (q)) OR ((~q) AND (~a) AND ((~b) OR (~x))),b
c0af,cccc,3,0,3,generic,no,((~q) AND (b)) OR ((a) AND (x) AND (q)) OR ((~q) AND (~x)),a
c0c4,ffff,3,0,3,clock,no,((~q) AND (~b) AND (a)) OR ((a) AND (x)),1
c0ce,f0f0,3,0,3,generic,no,((~q) AND (a)) OR ((a) AND (x)) OR ((~q) AND (~x) AND (b)),x
c0d7,aaaa,3,0,3,generic,no,((~q) AND ((~b) OR (~x)) AND ((~b) OR (~a))) OR ((a) AND (x)),b
c0dd,ffff,3,0,3,clock,no,((~q) AND (a)) OR ((a) AND (x)) OR ((~q) AND (~b)),1
c0e7,0000,3,0,3,clock,no,((~q) AND (b) AND (x)) OR ((a) AND (x)) OR ((~q) AND (~x) AND ((~b) OR (~a))),0
c0f2,aaaa,3,0,3,generic,no,((~q) AND (x)) OR ((a) AND (x)) OR ((~q) AND (~a) AND (b)),b
c0fb,ffff,3,0,3,clock,no,((~q) AND (b)) OR ((a) AND (x)) OR ((~q) AND (~a)),1
c113,cccc,3,0,3,generic,no,(((~x) OR (~q)) AND (~a) AND (~b)) OR ((a) AND (x) AND (q)) OR ((~x) AND (~a) AND ((~b) OR (~q))),a
c12f,cccc,3,0,3,generic,no,((~x) AND ((~a) OR (~q)) AND ((~b) OR (~q))) OR ((a) AND (x) AND (q)) OR ((~q) AND ((~a) OR (~x)) AND (b)),a
c14d,aaaa,3,0,3,generic,no,((~x) AND ((~a) OR (~q)) AND (~b)) OR ((a) AND (x) AND (q)) OR ((~q) AND ((~b) OR (~x)) AND (a)),b
c177,cccc,3,0,3,generic,no,(((~x) OR (~q)) AND ((~a) OR (~q)) AND (~b)) OR ((a) AND (x) AND (q)) OR (((~x) OR (~q)) AND (~a) AND ((~b) OR (~q))),a
c18f,ffff,3,0,3,clock,no,((~x) AND ((~a) OR (~q)) AND ((~b) OR (~q))) OR ((a) AND (x) AND (q)) OR ((b) AND (a) AND (x)),1
c1b1,f0f0,3,0,3,generic,no,(((~x) OR (~q)) AND (~a) AND (~b)) OR ((a) AND (x) AND (q)) OR ((~q) AND (b) AND (x)),x
c1cb,aaaa,3,0,3,generic,no,((~x) AND (~a) AND ((~b) OR (~q))) OR ((a) AND (x)) OR ((~q) AND (b) AND (a)),b
c1d7,ffff,3,0,3,clock,no,(((~x) OR (~q)) AND ((~a) OR (~q)) AND (~b)) OR ((a) AND (x)) OR ((~x) AND (~a) AND ((~b) OR (~q))),1
c1e5,f0f0,3,0,3,generic,no,((~x) AND ((~a) OR (~q)) AND (~b)) OR ((a) AND (x)) OR ((~q) AND (b) AND (x)),x
c1f7,aaaa,3,0,3,generic,no,(((~x) OR (~q)) AND ((~a) OR (~q)) AND (~b)) OR ((a) AND (x)) OR (((~x) OR (~q)) AND (~a) AND ((~b) OR (~q))),b
c20f,f0f0,3,0,3,generic,no,((~x) AND ((~a) OR (~q)) AND (b)) OR ((a) AND (x) AND (q)) OR ((~q) AND (~x)),x
c22f,0000,3,0,3,clock,no,(((~x) OR (~q)) AND (~a) AND (b)) OR ((a) AND (x) AND (q)) OR ((~q) AND (~x)),0
c24e,cccc,3,0,3,generic,no,((~x) AND ((~a) OR (~q)) AND (b)) OR ((a) AND (x) AND (q)) OR ((~q) AND ((~b) OR (~x)) AND (a)),a
c27a,cccc,3,0,3,generic,no,((~x) AND ((~a) OR (~q)) AND (b)) OR ((a) AND (x) AND (q)) OR ((~q) AND ((~b) OR (~a)) AND (x)),a
c2ba,f0f0,3,0,3,generic,no,(((~x) OR (~q)) AND ((~a) OR (~q)) AND (b)) OR ((a) AND (x) AND (q)) OR ((~q) AND (~a) AND (x)),x
c2cb,aaaa,3,0,3,generic,no,((~x) AND ((~a) OR (~q)) AND (b)) OR ((a) AND (x)) OR ((~q) AND (~x) AND (~a)),b
c2da,ffff,3,0,3,clock,no,((~x) AND ((~a) OR (~q)) AND (b)) OR ((a) AND (x)) OR ((~q) AND (~b) AND (x)),1
c2ea,f0f0,3,0,3,generic,no,(((~x) OR (~q)) AND ((~a) OR (~q)) AND (b)) OR ((a) AND (x)),x
c2fa,aaaa,3,0,3,generic,no,(((~x) OR (~q)) AND ((~a) OR (~q)) AND (b)) OR ((a) AND (x)) OR ((~q) AND (x)),b
c30b,f0f0,3,0,3,generic,no,((~x) AND (~a)) OR ((a) AND (x) AND (q)) OR ((~x) AND ((~a) OR (~q)) AND (b)),x
c32a,aaaa,3,0,3,generic,no,((~x) AND (~a) AND (q)) OR ((a) AND (x) AND (q)) OR ((~q) AND ((~a) OR (~x)) AND (b)),b
c347,cccc,3,0,3,generic,no,((~b) AND (a) AND (x)) OR ((a) AND (x) AND (q)) OR ((~x) AND ((~a) OR (~q)) AND ((~b) OR (~a))),a
c383,f0f0,3,0,3,generic,no,((~x) AND (~a)) OR ((a) AND (x) AND (q)) OR ((b) AND (a) AND (x)),x
c3a7,f0f0,3,0,3,generic,no,((~x) AND ((~a) OR (~q)) AND ((~b) OR (~a))) OR ((a) AND (x) AND (q)) OR ((~q) AND (b) AND (x)),x
c3c2,cccc,3,0,3,generic,no,((~x) AND (~a) AND (q)) OR ((a) AND (x)) OR ((~x) AND (~a) AND (b)),a
c3cc,cccc,3,0,3,generic,no,((~x) AND (~a) AND (q)) OR ((a) AND (x)) OR ((~q) AND (a)),a
c3db,0000,3,0,3,clock,no,(((~x) OR (~q)) AND (~a) AND ((~b) OR (~x))) OR ((a) AND (x)) OR ((~x) AND ((~a) OR (~q)) AND (b)),0
c3ea,ff00,3,0,3,clock,no,((~x) AND (~a) AND (q)) OR ((a) AND (x)) OR (((~x) OR (~q)) AND ((~a) OR (~q)) AND (b)),q
c3ff,cccc,3,0,3,generic,no,(((~x) OR (~q)) AND ((~a) OR (~q))) OR ((a) AND (x)),a
c413,aaaa,3,0,3,generic,no,((~b) AND (a) AND (q)) OR ((a) AND (x) AND (q)) OR ((~q) AND (~a) AND ((~b) OR (~x))),b
c437,cccc,3,0,3,generic,no,((~b) AND (a) AND (q)) OR ((a) AND (x) AND (q)) OR ((~q) AND ((~a) OR (~x)) AND ((~b) OR (~a))),a
c450,f0f0,3,0,3,generic,no,((~b) AND (a) AND (q)) OR ((a) AND (x) AND (q)) OR ((~q) AND (~b) AND (x)),x
c47c,0000,3,0,3,clock,no,(((~b) OR (~q)) AND ((~b) OR (~x)) AND (a)) OR ((a) AND (x) AND (q)) OR ((~q) AND ((~b) OR (~a)) AND (x)),0
c493,cccc,3,0,3,generic,no,((~b) AND (a) AND (q)) OR ((b) AND (a) AND (x)) OR ((~q) AND (~a) AND ((~b) OR (~x))),a
c4bf,f0f0,3,0,3,generic,no,((~b) AND (a) AND (q)) OR ((b) AND (a) AND (x)) OR ((~q) AND ((~a) OR (~x))),x
c4cd,f0f0,3,0,3,generic,no,(((~b) OR (~q)) AND (a)) OR ((a) AND (x)) OR ((~q) AND (~x) AND (~b)),x
c4d5,aaaa,3,0,3,generic,no,((~b) AND (a)) OR ((a) AND (x)) OR ((~q) AND (~b)),b
c4e2,ffff,3,0,3,clock,no,((~b) AND (a) AND (q)) OR ((a) AND (x)) OR ((~q) AND (~a) AND (b)),1
c4f3,f0f0,3,0,3,generic,no,((~b) AND (a) AND (q)) OR ((a) AND (x)) OR ((~q) AND (~a)),x
c505,cccc,3,0,3,generic,no,((~x) AND (~b)) OR ((a) AND (x) AND (q)),a
c522,f0f0,3,0,3,generic,no,((~x) AND (~b) AND (q)) OR ((a) AND (x) AND (q)) OR ((~q) AND (~a) AND (b)),x
c54d,aaaa,3,0,3,generic,no,(((~b) OR (~q)) AND ((~b) OR (~x)) AND (a)) OR ((a) AND (x) AND (q)) OR ((~x) AND (~b)),b
c581,cccc,3,0,3,generic,no,((~b) AND (a) AND (q)) OR ((b) AND (a) AND (x)) OR ((~x) AND (~a) AND (~b)),a
c595,ffff,3,0,3,clock,no,((~b) AND (a) AND (q)) OR ((b) AND (a) AND (x)) OR (((~x) OR (~q)) AND ((~a) OR (~x)) AND (~b)),1
c5bf,f0f0,3,0,3,generic,no,((~b) AND (a) AND (q)) OR ((b) AND (a) AND (x)) OR (((~x) OR (~q)) AND ((~a) OR (~x)) AND ((~b) OR (~q))),x
c5cd,aaaa,3,0,3,generic,no,(((~b) OR (~q)) AND (a)) OR ((a) AND (x)) OR ((~x) AND (~b)),b
c5d7,ffff,3,0,3,clock,no,(((~x) OR (~q)) AND (~b)) OR ((a) AND (x)) OR ((~x) AND ((~b) OR (~q)) AND ((~b) OR (~a))),1
c5ea,f0f0,3,0,3,generic,no,((~x) AND (~b) AND (q)) OR ((a) AND (x)) OR ((~q) AND (b)),x
c602,cccc,3,0,3,generic,no,((~b) AND (a) AND (q)) OR ((a) AND (x) AND (q)) OR ((~x) AND (~a) AND (b)),a
c64e,cccc,3,0,3,generic,no,(((~b) OR (~q)) AND ((~b) OR (~x)) AND (a)) OR ((a) AND (x) AND (q)) OR ((~x) AND ((~a) OR (~q)) AND (b)),a
c6ae,f0f0,3,0,3,generic,no,((~x) AND ((~b) OR (~q)) AND (a)) OR ((a) AND (x) AND (q)) OR (((~x) OR (~q)) AND ((~a) OR (~q)) AND (b)),x
c6ee,ff00,3,0,3,clock,no,(((~b) OR (~q)) AND (a)) OR ((a) AND (x)) OR (((~x) OR (~q)) AND ((~a) OR (~q)) AND (b)),q
c715,f0f0,3,0,3,generic,no,((~x) AND ((~b) OR (~a)) AND (q)) OR ((a) AND (x) AND (q)) OR (((~x) OR (~q)) AND ((~a) OR (~x)) AND (~b)),x
c74c,aaaa,3,0,3,generic,no,(((~b) OR (~q)) AND ((~b) OR (~x)) AND (a)) OR ((a) AND (x) AND (q)) OR ((~x) AND ((~b) OR (~a)) AND (q)),b
c78f,cccc,3,0,3,generic,no,((~b) AND (a) AND (q)) OR ((b) AND (a) AND (x)) OR ((~x) AND ((~b) OR (~a) OR (~q))),a
c7c0,f0f0,3,0,3,generic,no,((~x) AND ((~b) OR (~a)) AND (q)) OR ((a) AND (x)),x
c7d0,0000,3,0,3,clock,no,((~x) AND ((~b) OR (~a)) AND (q)) OR ((a) AND (x)) OR ((~q) AND (~b) AND (x)),0
c7e0,ff00,3,0,3,clock,no,((~x) AND ((~b) OR (~a)) AND (q)) OR ((a) AND (x)) OR ((~q) AND (b) AND (x)),q
c7f7,cccc,3,0,3,generic,no,(((~x) OR (~q)) AND ((~b) OR (~a))) OR ((a) AND (x)),a
c80c,cccc,3,0,3,generic,no,((~x) AND (b) AND (a)) OR ((a) AND (x) AND (q)) OR ((~q) AND (~x) AND (a)),a
c833,f0f0,3,0,3,generic,no,((~q) AND (~a)) OR ((a) AND (x) AND (q)) OR ((b) AND (a) AND (q)),x
c850,aaaa,3,0,3,generic,no,((~b) AND (a) AND (x)) OR ((b) AND (a) AND (q)) OR ((~q) AND (~b) AND (x)),b
c878,cccc,3,0,3,generic,no,((~x) AND (b) AND (a)) OR ((a) AND (x) AND (q)) OR ((~q) AND ((~b) OR (~a)) AND (x)),a
c88f,cccc,3,0,3,generic,no,(((~x) OR (~q)) AND (b) AND (a)) OR ((a) AND (x) AND (q)) OR ((~q) AND (~x)),a
c8c0,7777,2,1,3,generic,no,((a) AND (x)) OR ((b) AND (a) AND (q)),"NAND(a,b)"
c8cf,ff00,3,0,3,clock,no,(((~b) OR (~q)) AND (a) AND (x)) OR ((b) AND (a)) OR ((~q) AND (~x)),q
c8d9,cccc,3,0,3,generic,no,(((~b) OR (~q)) AND (a) AND (x)) OR ((b) AND (a)) OR ((~q) AND (~a) AND (~b)),a
c8f0,0000,3,0,3,clock,no,(((~b) OR (~q)) AND (a) AND (x)) OR ((b) AND (a) AND (q)) OR ((~q) AND (x)),0
c901,f0f0,3,0,3,generic,no,((~x) AND (~a) AND (~b)) OR ((a) AND (x) AND (q)) OR ((b) AND (a) AND (q)),x
c919,0000,3,0,3,clock,no,((~x) AND (b) AND (a)) OR ((a) AND (x) AND (q)) OR (((~x) OR (~q)) AND (~a) AND (~b)),0
c951,aaaa,3,0,3,generic,no,((~b) AND (a) AND (x)) OR ((b) AND (a) AND (q)) OR (((~x) OR (~q)) AND (~a) AND (~b)),b
c98f,cccc,3,0,3,generic,no,(((~x) OR (~q)) AND (b) AND (a)) OR ((a) AND (x) AND (q)) OR ((~x) AND ((~a) OR (~q)) AND ((~b) OR (~q))),a
c9cd,f0f0,3,0,3,generic,no,(((~b) OR (~q)) AND (a) AND (x)) OR ((b) AND (a)) OR ((~x) AND ((~a) OR (~q)) AND (~b)),x
c9fb,aaaa,3,0,3,generic,no,(((~b) OR (~q)) AND (a) AND (x)) OR ((b) AND (a)) OR (((~x) OR (~q)) AND (~a) AND ((~b) OR (~q))),b
ca0e,f0f0,3,0,3,generic,no,((~x) AND (b)) OR ((a) AND (x) AND (q)) OR ((~q) AND (~x) AND (a)),x
ca2f,f0f0,3,0,3,generic,no,(((~x) OR (~q)) AND ((~a) OR (~x)) AND (b)) OR ((a) AND (x) AND (q)) OR ((~q) AND (~x)),x
ca50,cccc,3,0,3,generic,no,((~x) AND (b) AND (q)) OR ((a) AND (x) AND (q)) OR ((~q) AND (~b) AND (x)),a
ca80,f0f0,3,0,3,generic,no,((~x) AND (b) AND (q)) OR ((a) AND (x) AND (q)) OR ((b) AND (a) AND (x)),x
cabb,f0f0,3,0,3,generic,no,(((~x) OR (~q)) AND (b)) OR ((a) AND (x) AND (q)) OR ((~q) AND (~a)),x
cacc,ff00,3,0,3,clock,no,((~x) AND (b) AND (q)) OR ((a) AND (x)) OR ((~q) AND (a)),q
cad7,cccc,3,0,3,generic,no,((~x) AND (b) AND (q)) OR ((a) AND (x)) OR ((~q) AND ((~b) OR (~x)) AND ((~b) OR (~a))),a
caeb,0000,3,0,3,clock,no,(((~x) OR (~q)) AND (b)) OR ((a) AND (x)) OR ((~q) AND (~x) AND (~a)),0
cafa,ff00,3,0,3,clock,no,(((~x) OR (~q)) AND (b)) OR ((a) AND (x)) OR ((~q) AND (x)),q
cb0a,f0f0,3,0,3,generic,no,((~x) AND (b)) OR ((a) AND (x) AND (q)) OR ((~x) AND (~a) AND (q)),x
cb2f,0000,3,0,3,clock,no,(((~x) OR (~q)) AND ((~a) OR (~x)) AND (b)) OR ((a) AND (x) AND (q)) OR ((~x) AND ((~a) OR (~q))),0
cb4f,ff00,3,0,3,clock,no,((~b) AND (a) AND (x)) OR ((b) AND (a) AND (q)) OR ((~x) AND ((~a) OR (~q))),q
cb88,f0f0,3,0,3,generic,no,(((~x) OR (~q)) AND (b) AND (a)) OR ((a) AND (x) AND (q)) OR ((~x) AND (~a) AND (q)),x
cbbf,0000,3,0,3,clock,no,(((~x) OR (~q)) AND (b)) OR ((a) AND (x) AND (q)) OR (((~x) OR (~q)) AND ((~a) OR (~q)) AND ((~a) OR (~x))),0
cbd1,aaaa,3,0,3,generic,no,((~x) AND (b) AND (q)) OR ((a) AND (x)) OR (((~x) OR (~q)) AND (~a) AND (~b)),b
cbeb,ffff,3,0,3,clock,no,(((~x) OR (~q)) AND (b)) OR ((a) AND (x)) OR ((~x) AND (~a)),1
cc00,77ff,2,1,3,generic,no,q AND a,(~b) OR (~a) OR (~q)
cc13,f0f0,3,0,3,generic,no,((~q) AND (~a) AND ((~b) OR (~x))) OR ((a) AND (q)),x
cc2f,aaaa,3,0,3,generic,no,((~q) AND ((~a) OR (~x)) AND (b)) OR ((a) AND (q)) OR ((~q) AND (~x)),b
cc40,cccc,3,0,3,generic,no,((~b) AND (a) AND (x)) OR ((a) AND (q)),a
cc53,f0f0,3,0,3,generic,no,((~b) AND (a) AND (x)) OR ((a) AND (q)) OR ((~q) AND (~a) AND ((~b) OR (~x))),x
cc71,aaaa,3,0,3,generic,no,((~q) AND ((~b) OR (~a)) AND (x)) OR ((a) AND (q)) OR ((~q) AND (~a) AND (~b)),b
cc80,7f7f,2,1,3,generic,no,((a) AND (q)) OR ((b) AND (a) AND (x)),(~b) OR (~a) OR (~x)
cc91,cccc,3,0,3,generic,no,(((~b) OR (~x)) AND (a) AND (q)) OR ((b) AND (a) AND (x)) OR ((~q) AND (~a) AND (~b)),a
cca8,f0f0,3,0,3,generic,no,(((~b) OR (~x)) AND (a) AND (q)) OR ((b) AND (a)) OR ((~q) AND (b) AND (x)),x
ccbf,aaaa,3,0,3,generic,no,(((~b) OR (~x)) AND (a) AND (q)) OR ((b) AND (a)) OR ((~q) AND ((~a) OR (~x))),b
cccd,0000,3,0,3,clock,no,((~q) AND (~x) AND (~b)) OR (a),0
ccd5,ff00,3,0,3,clock,no,(((~b) OR (~x)) AND (a) AND (q)) OR ((a) AND (x)) OR ((~q) AND (~b)),q
cce0,cccc,3,0,3,generic,no,(((~b) OR (~x)) AND (a) AND (q)) OR ((a) AND (x)) OR ((~q) AND (b) AND (x)),a
ccf0,0000,3,0,3,clock,no,q ? a : x,0
ccf7,ff00,3,0,3,clock,no,(((~b) OR (~x)) AND (a) AND (q)) OR ((a) AND (x)) OR ((~q) AND ((~b) OR (~a))),q
cd01,aaaa,3,0,3,generic,no,((~x) AND (~a) AND (~b)) OR ((a) AND (q)),b
cd13,cccc,3,0,3,generic,no,((~x) AND (~b) AND (q)) OR ((a) AND (q)) OR ((~q) AND (~a) AND ((~b) OR (~x))),a
cd2b,f0f0,3,0,3,generic,no,((~x) AND (~a) AND ((~b) OR (~q))) OR ((a) AND (q)) OR ((~q) AND ((~a) OR (~x)) AND (b)),x
cd44,aaaa,3,0,3,generic,no,((~b) AND (a)) OR ((a) AND (q)) OR ((~x) AND (~b) AND (q)),b
cd5f,cccc,3,0,3,generic,no,(((~x) OR (~q)) AND ((~b) OR (~q)) AND ((~b) OR (~x))) OR ((a) AND (q)),a
cd87,cccc,3,0,3,generic,no,(((~b) OR (~x)) AND (a) AND (q)) OR ((b) AND (a) AND (x)) OR ((~x) AND ((~b) OR (~q)) AND ((~b) OR (~a))),a
cd99,f0f0,3,0,3,generic,no,(((~b) OR (~x)) AND (a) AND (q)) OR ((b) AND (a)) OR (((~x) OR (~q)) AND (~a) AND (~b)),x
cdb1,aaaa,3,0,3,generic,no,(((~x) OR (~q)) AND (~a) AND (~b)) OR ((a) AND (q)) OR ((~q) AND (b) AND (x)),b
cdc3,ffff,3,0,3,clock,no,(((~b) OR (~x)) AND (a) AND (q)) OR ((a) AND (x)) OR ((~x) AND (~a) AND ((~b) OR (~q))),1
cddc,0000,3,0,3,clock,no,((~x) AND (~b) AND (q)) OR (a) OR ((~q) AND (~b) AND (x)),0
cdef,ff00,3,0,3,clock,no,((~x) AND ((~b) OR (~q))) OR (a) OR ((~q) AND (b)),q
cdfd,cccc,3,0,3,generic,no,(((~x) OR (~q)) AND (~b)) OR (a) OR ((~q) AND (x)),a
ce0c,aaaa,3,0,3,generic,no,((~x) AND (a)) OR ((a) AND (q)) OR ((~x) AND (b) AND (q)),b
ce27,aaaa,3,0,3,generic,no,(((~x) OR (~q)) AND (~a) AND (b)) OR ((a) AND (q)) OR ((~q) AND (~x) AND ((~b) OR (~a))),b
ce3b,f0f0,3,0,3,generic,no,(((~x) OR (~q)) AND ((~a) OR (~x)) AND (b)) OR ((a) AND (q)) OR ((~q) AND (~a)),x
ce5f,aaaa,3,0,3,generic,no,((~x) AND (b)) OR ((a) AND (q)) OR ((~q) AND ((~b) OR (~x))),b
ce82,cccc,3,0,3,generic,no,(((~b) OR (~x)) AND (a) AND (q)) OR ((b) AND (a) AND (x)) OR ((~x) AND (~a) AND (b)),a
cebb,cccc,3,0,3,generic,no,(((~x) OR (~q)) AND (b)) OR ((a) AND (q)) OR ((~q) AND (~a)),a
cedd,0000,3,0,3,clock,no,((~x) AND (b) AND (q)) OR (a) OR ((~q) AND (~b)),0
ceee,ff00,3,0,3,clock,no,(((~x) OR (~q)) AND (b)) OR (a),q
ceff,cccc,3,0,3,generic,no,(((~x) OR (~q)) AND (b)) OR (a) OR (~q),a
cf0f,3f3f,2,1,3,generic,no,((a) AND (q)) OR (~x),"NAND(x,a)"
cf2a,f0f0,3,0,3,generic,no,((~x) AND (q)) OR ((a) AND (q)) OR (((~x) OR (~q)) AND ((~a) OR (~x)) AND (b)),x
cf4f,aaaa,3,0,3,generic,no,(((~b) OR (~x)) AND (a)) OR ((a) AND (q)) OR (~x),b
cf88,cccc,3,0,3,generic,no,(((~b) OR (~x)) AND (a) AND (q)) OR ((b) AND (a)) OR ((~x) AND (q)),a
cfa7,aaaa,3,0,3,generic,no,((~x) AND ((~b) OR (~a))) OR ((a) AND (q)) OR ((~q) AND (b) AND (x)),b
cfc1,cccc,3,0,3,generic,no,((~x) AND (q)) OR ((a) AND (x)) OR ((~x) AND (~a) AND (~b)),a
cfd1,cccc,3,0,3,generic,no,((~x) AND (q)) OR ((a) AND (x)) OR (((~x) OR (~q)) AND (~a) AND (~b)),a
cfe0,0000,3,0,3,clock,no,((~x) AND (q)) OR ((a) AND (x)) OR ((~q) AND (b) AND (x)),0
cff3,aaaa,3,0,3,generic,no,(((~b) OR (~x)) AND (a) AND (q)) OR ((a) AND (x)) OR (((~x) OR (~q)) AND (~a)),b
d00a,aaaa,3,0,3,generic,no,((~b) AND (x) AND (q)) OR ((a) AND (x) AND (q)) OR ((~q) AND (~x) AND (b)),b
d030,cccc,3,0,3,generic,no,((~a) AND ((~b) OR (~q)) AND (x)) OR ((a) AND (x) AND (q)),a
d044,f0f0,3,0,3,generic,no,((~b) AND (x) AND (q)) OR ((a) AND (x) AND (q)) OR ((~q) AND (~b) AND (a)),x
d072,aaaa,3,0,3,generic,no,(((~b) OR (~q)) AND ((~b) OR (~a)) AND (x)) OR ((a) AND (x) AND (q)) OR ((~q) AND (~a) AND (b)),b
d085,cccc,3,0,3,generic,no,((~b) AND (x) AND (q)) OR ((b) AND (a) AND (x)) OR ((~q) AND (~x) AND (~b)),a
d0a2,f0f0,3,0,3,generic,no,((~b) AND (x) AND (q)) OR ((b) AND (a) AND (x)) OR ((~q) AND (~a) AND (b)),x
d0c8,aaaa,3,0,3,generic,no,((~b) AND (x) AND (q)) OR ((a) AND (x)) OR ((~q) AND (b) AND (a)),b
d0d7,ff00,3,0,3,clock,no,((~b) AND (x)) OR ((a) AND (x)) OR ((~q) AND ((~b) OR (~x)) AND ((~b) OR (~a))),q
d0ea,cccc,3,0,3,generic,no,((~b) AND (x) AND (q)) OR ((a) AND (x)) OR ((~q) AND (b)),a
d0f7,0000,3,0,3,clock,no,(((~b) OR (~q)) AND (x)) OR ((a) AND (x)) OR ((~q) AND ((~b) OR (~a))),0
d105,cccc,3,0,3,generic,no,((~b) AND (x) AND (q)) OR ((a) AND (x) AND (q)) OR ((~x) AND ((~a) OR (~q)) AND (~b)),a
d122,f0f0,3,0,3,generic,no,((~a) AND (~b) AND (q)) OR ((a) AND (x) AND (q)) OR ((~q) AND (~a) AND (b)),x
d151,aaaa,3,0,3,generic,no,((~b) AND (x)) OR ((a) AND (x) AND (q)) OR ((~a) AND (~b)),b
d180,cccc,3,0,3,generic,no,((~b) AND (x) AND (q)) OR ((b) AND (a) AND (x)) OR ((~a) AND (~b) AND (q)),a
d195,ffff,3,0,3,clock,no,((~b) AND (x) AND (q)) OR ((b) AND (a) AND (x)) OR (((~a) OR (~q)) AND ((~a) OR (~x)) AND (~b)),1
d1bf,0000,3,0,3,clock,no,((~b) AND (x) AND (q)) OR ((b) AND (a) AND (x)) OR (((~a) OR (~q)) AND ((~a) OR (~x)) AND ((~b) OR (~q))),0
d1d3,aaaa,3,0,3,generic,no,((~a) AND ((~b) OR (~q)) AND ((~b) OR (~x))) OR ((a) AND (x)),b
d1df,ffff,3,0,3,clock,no,(((~a) OR (~q)) AND ((~b) OR (~q)) AND ((~b) OR (~x))) OR ((a) AND (x)),1
d1f5,f0f0,3,0,3,generic,no,(((~b) OR (~q)) AND (x)) OR ((a) AND (x)) OR (((~a) OR (~q)) AND (~b)),x
d222,aaaa,3,0,3,generic,no,((~b) AND (x) AND (q)) OR ((a) AND (x) AND (q)) OR (((~x) OR (~q)) AND (~a) AND (b)),b
d282,f0f0,3,0,3,generic,no,((~b) AND (x) AND (q)) OR ((b) AND (a) AND (x)) OR ((~x) AND (~a) AND (b)),x
d2e2,0000,3,0,3,clock,no,((~b) AND (x) AND (q)) OR ((a) AND (x)) OR (((~x) OR (~q)) AND (~a) AND (b)),0
d307,cccc,3,0,3,generic,no,((~b) AND (x) AND (q)) OR ((a) AND (x) AND (q)) OR ((~x) AND ((~a) OR (~q)) AND ((~b) OR (~a))),a
d330,f0f0,3,0,3,generic,no,((~a) AND ((~b) OR (~x)) AND (q)) OR ((a) AND (x) AND (q)) OR ((~a) AND ((~b) OR (~q)) AND (x)),x
d373,aaaa,3,0,3,generic,no,(((~b) OR (~q)) AND ((~b) OR (~a)) AND (x)) OR ((a) AND (x) AND (q)) OR ((~a) AND ((~b) OR (~x) OR (~q))),b
d39f,ff00,3,0,3,clock,no,((~b) AND (x) AND (q)) OR ((b) AND (a) AND (x)) OR (((~a) OR (~q)) AND ((~a) OR (~x)) AND ((~b) OR (~x))),q
d3c7,f0f0,3,0,3,generic,no,((~b) AND (x) AND (q)) OR ((a) AND (x)) OR ((~x) AND ((~a) OR (~q)) AND ((~b) OR (~a))),x
d3df,f0f0,3,0,3,generic,no,(((~a) OR (~q)) AND ((~b) OR (~x))) OR ((a) AND (x)),x
d3fb,aaaa,3,0,3,generic,no,((~a) AND ((~b) OR (~x) OR (~q))) OR ((a) AND (x)) OR (((~x) OR (~q)) AND ((~a) OR (~q)) AND (b)),b
d430,ffff,3,0,3,clock,no,((~b) AND (a) AND (q)) OR ((a) AND (x) AND (q)) OR ((~a) AND ((~b) OR (~q)) AND (x)),1
d474,0000,3,0,3,clock,no,(((~b) OR (~q)) AND ((~b) OR (~a)) AND (x)) OR ((a) AND (x) AND (q)) OR ((~b) AND (a)),0
d4cc,aaaa,3,0,3,generic,no,((~b) AND (x) AND (q)) OR ((a) AND (x)) OR (((~b) OR (~q)) AND (a)),b
d503,f0f0,3,0,3,generic,no,((~b) AND (q)) OR ((a) AND (x) AND (q)) OR ((~x) AND (~a) AND ((~b) OR (~q))),x
d522,aaaa,3,0,3,generic,no,((~b) AND (q)) OR ((a) AND (x) AND (q)) OR ((~q) AND (~a) AND (b)),b
d555,5fff,2,1,3,generic,no,((a) AND (x) AND (q)) OR (~b),(~b) OR (~x) OR (~q)
d587,aaaa,3,0,3,generic,no,((~b) AND (q)) OR ((b) AND (a) AND (x)) OR ((~x) AND ((~b) OR (~q)) AND ((~b) OR (~a))),b
d5aa,cccc,3,0,3,generic,no,((~b) AND (q)) OR ((a) AND (x) AND (q)) OR ((~q) AND (b)),a
d5ca,f0f0,3,0,3,generic,no,((~b) AND (q)) OR ((a) AND (x)) OR ((~q) AND (~x) AND (b)),x
d5e2,f0f0,3,0,3,generic,no,((~b) AND (q)) OR ((a) AND (x)) OR ((~q) AND (~a) AND (b)),x
d5ff,7f7f,2,1,3,generic,no,((a) AND (x)) OR (~b) OR (~q),(~b) OR (~a) OR (~x)
d715,aaaa,3,0,3,generic,no,(((~b) OR (~x)) AND ((~b) OR (~a)) AND (q)) OR ((a) AND (x) AND (q)) OR (((~a) OR (~x)) AND (~b)),b
d755,cccc,3,0,3,generic,no,(((~b) OR (~x)) AND ((~b) OR (~a)) AND (q)) OR ((a) AND (x) AND (q)) OR (~b),a
d788,f0f0,3,0,3,generic,no,(((~b) OR (~x)) AND ((~b) OR (~a)) AND (q)) OR ((a) AND (x) AND (q)) OR ((~q) AND (b) AND (a)),x
d7b3,aaaa,3,0,3,generic,no,(((~b) OR (~x)) AND ((~b) OR (~a)) AND (q)) OR ((b) AND (a) AND (x)) OR ((~a) AND ((~b) OR (~x) OR (~q))),b
d7cf,cccc,3,0,3,generic,no,(((~b) OR (~x)) AND ((~b) OR (~a)) AND (q)) OR ((a) AND (x)) OR ((~x) AND ((~b) OR (~a) OR (~q))),a
d7f0,cccc,3,0,3,generic,no,(((~b) OR (~x)) AND ((~b) OR (~a)) AND (q)) OR ((a) AND (x)) OR (((~b) OR (~q)) AND (x)),a
d80c,aaaa,3,0,3,generic,no,((~b) AND (x) AND (q)) OR ((b) AND (a) AND (q)) OR ((~q) AND (~x) AND (a)),b
d838,cccc,3,0,3,generic,no,((~a) AND ((~b) OR (~q)) AND (x)) OR ((a) AND (x) AND (q)) OR ((~x) AND (b) AND (a)),a
d85c,f0f0,3,0,3,generic,no,((~b) AND (x)) OR ((b) AND (a) AND (q)) OR ((~q) AND ((~b) OR (~x)) AND (a)),x
d87c,0000,3,0,3,clock,no,(((~b) OR (~q)) AND ((~b) OR (~a)) AND (x)) OR ((b) AND (a) AND (q)) OR ((~q) AND ((~b) OR (~x)) AND (a)),0
d89d,cccc,3,0,3,generic,no,((~b) AND (x) AND (q)) OR ((b) AND (a)) OR ((~q) AND ((~a) OR (~x)) AND (~b)),a
d8d9,ffff,3,0,3,clock,no,((~b) AND (x)) OR ((b) AND (a)) OR ((~q) AND (~a) AND (~b)),1
d8f1,f0f0,3,0,3,generic,no,(((~b) OR (~q)) AND (x)) OR ((b) AND (a) AND (q)) OR ((~q) AND (~a) AND (~b)),x
d8f9,aaaa,3,0,3,generic,no,(((~b) OR (~q)) AND (x)) OR ((b) AND (a)) OR ((~q) AND (~a) AND (~b)),b
d901,f0f0,3,0,3,generic,no,((~b) AND (x) AND (q)) OR ((b) AND (a) AND (q)) OR ((~x) AND (~a) AND (~b)),x
d91b,0000,3,0,3,clock,no,((~a) AND ((~b) OR (~q)) AND ((~b) OR (~x))) OR ((a) AND (x) AND (q)) OR ((~x) AND (b) AND (a)),0
d953,aaaa,3,0,3,generic,no,((~b) AND (x)) OR ((b) AND (a) AND (q)) OR ((~a) AND ((~b) OR (~q)) AND ((~b) OR (~x))),b
d973,ffff,3,0,3,clock,no,(((~b) OR (~q)) AND ((~b) OR (~a)) AND (x)) OR ((b) AND (a) AND (q)) OR ((~a) AND ((~b) OR (~q))),1
d98f,f0f0,3,0,3,generic,no,((~b) AND (x) AND (q)) OR ((b) AND (a)) OR ((~x) AND ((~a) OR (~q)) AND ((~b) OR (~q))),x
d9d3,aaaa,3,0,3,generic,no,(((~b) OR (~q)) AND (a) AND (x)) OR ((b) AND (a) AND (q)) OR ((~a) AND ((~b) OR (~q)) AND ((~b) OR (~x))),b
d9f1,cccc,3,0,3,generic,no,(((~b) OR (~q)) AND (x)) OR ((b) AND (a) AND (q)) OR ((~a) AND (~b)),a
d9fd,0000,3,0,3,clock,no,(((~b) OR (~q)) AND (x)) OR ((b) AND (a)) OR (((~a) OR (~q)) AND (~b)),0
da30,aaaa,3,0,3,generic,no,((~a) AND ((~b) OR (~q)) AND (x)) OR ((a) AND (x) AND (q)) OR ((~x) AND (b) AND (q)),b
da80,f0f0,3,0,3,generic,no,((~b) AND (x) AND (q)) OR ((b) AND (a) AND (x)) OR ((~x) AND (b) AND (q)),x
daf0,f0f0,3,0,3,generic,no,(((~b) OR (~q)) AND (x)) OR ((a) AND (x)) OR ((~x) AND (b) AND (q)),x
db0f,aaaa,3,0,3,generic,no,((~b) AND (x) AND (q)) OR ((b) AND (a) AND (q)) OR ((~x) AND ((~a) OR (~q))),b
db3b,cccc,3,0,3,generic,no,((~a) AND ((~b) OR (~x) OR (~q))) OR ((a) AND (x) AND (q)) OR (((~x) OR (~q)) AND ((~a) OR (~x)) AND (b)),a
db70,f0f0,3,0,3,generic,no,(((~b) OR (~q)) AND ((~b) OR (~a)) AND (x)) OR ((b) AND (a) AND (q)) OR ((~a) AND ((~b) OR (~x)) AND (q)),x
db9f,ff00,3,0,3,clock,no,((~b) AND (x) AND (q)) OR ((b) AND (a)) OR (((~a) OR (~q)) AND ((~a) OR (~x)) AND ((~b) OR (~x))),q
dbd5,ffff,3,0,3,clock,no,(((~a) OR (~q)) AND (~b)) OR ((a) AND (x)) OR ((~x) AND (b) AND (q)),1
dbf8,0000,3,0,3,clock,no,(((~b) OR (~q)) AND (x)) OR ((b) AND (a)) OR ((~a) AND ((~b) OR (~x)) AND (q)),0
dc0c,cccc,3,0,3,generic,no,((~b) AND (x) AND (q)) OR ((a) AND (q)) OR ((~x) AND (a)),a
dc2a,f0f0,3,0,3,generic,no,((~b) AND (x) AND (q)) OR ((a) AND (q)) OR ((~q) AND ((~a) OR (~x)) AND (b)),x
dc3f,aaaa,3,0,3,generic,no,((~b) AND (x) AND (q)) OR ((a) AND (q)) OR ((~q) AND ((~a) OR (~x))),b
dc5f,cccc,3,0,3,generic,no,((~b) AND (x)) OR ((a) AND (q)) OR ((~q) AND ((~b) OR (~x))),a
dc7c,f0f0,3,0,3,generic,no,(((~b) OR (~q)) AND ((~b) OR (~a)) AND (x)) OR ((a) AND (q)) OR (((~b) OR (~x)) AND (a)),x
dccc,aaaa,3,0,3,generic,no,((~b) AND (x) AND (q)) OR (a),b
dcec,ff00,3,0,3,clock,no,((~b) AND (x) AND (q)) OR (a) OR ((~q) AND (b) AND (x)),q
dcf5,cccc,3,0,3,generic,no,(((~b) OR (~q)) AND (x)) OR ((a) AND (q)) OR ((~q) AND (~b)),a
dcff,0000,3,0,3,clock,no,(((~b) OR (~q)) AND (x)) OR (a) OR (~q),0
dd11,cccc,3,0,3,generic,no,((~a) AND (~b)) OR ((a) AND (q)),a
dd35,f0f0,3,0,3,generic,no,(((~a) OR (~x)) AND (~b)) OR ((a) AND (q)) OR ((~a) AND ((~b) OR (~q)) AND (x)),x
dd55,77ff,2,1,3,generic,no,((a) AND (q)) OR (~b),(~b) OR (~a) OR (~q)
dd89,f0f0,3,0,3,generic,no,((~b) AND (q)) OR ((b) AND (a)) OR ((~x) AND (~a) AND (~b)),x
dd9f,aaaa,3,0,3,generic,no,((~b) AND (q)) OR ((b) AND (a)) OR (((~a) OR (~x)) AND ((~b) OR (~q)) AND ((~b) OR (~x))),b
ddc0,cccc,3,0,3,generic,no,((~b) AND (q)) OR ((a) AND (q)) OR ((a) AND (x)),a
ddd7,f0f0,3,0,3,generic,no,(((~b) OR (~q)) AND ((~b) OR (~x)) AND ((~b) OR (~a))) OR ((a) AND (q)) OR ((a) AND (x)),x
ddf3,aaaa,3,0,3,generic,no,(((~b) OR (~q)) AND (x)) OR ((a) AND (q)) OR ((~a) AND ((~b) OR (~q))),b
ddff,7777,2,1,3,generic,no,(a) OR (~b) OR (~q),"NAND(a,b)"
de32,aaaa,3,0,3,generic,no,((~a) AND ((~b) OR (~q)) AND (x)) OR ((a) AND (q)) OR (((~x) OR (~q)) AND (~a) AND (b)),b
deaa,cccc,3,0,3,generic,no,((~b) AND (x) AND (q)) OR ((a) AND (q)) OR (((~x) OR (~q)) AND (b)),a
defa,f0f0,3,0,3,generic,no,(((~b) OR (~q)) AND (x)) OR ((a) AND (q)) OR (((~x) OR (~q)) AND (b)),x
df0a,cccc,3,0,3,generic,no,(((~b) OR (~x)) AND (q)) OR ((a) AND (q)) OR ((~x) AND (b)),a
df33,f0f0,3,0,3,generic,no,((~a) AND ((~b) OR (~x) OR (~q))) OR ((a) AND (q)),x
df5f,77ff,2,1,3,generic,no,((a) AND (q)) OR (~b) OR (~x),(~b) OR (~a) OR (~q)
df89,f0f0,3,0,3,generic,no,(((~b) OR (~x)) AND (q)) OR ((b) AND (a)) OR ((~x) AND (~a) AND (~b)),x
df9d,aaaa,3,0,3,generic,no,(((~b) OR (~x)) AND (q)) OR ((b) AND (a)) OR (((~a) OR (~x)) AND (~b)),b
dfc1,cccc,3,0,3,generic,no,(((~b) OR (~x)) AND (q)) OR ((a) AND (x)) OR ((~x) AND (~a) AND (~b)),a
dfd1,f0f0,3,0,3,generic,no,(((~b) OR (~x)) AND (q)) OR ((a) AND (x)) OR ((~a) AND (~b)),x
dfec,f0f0,3,0,3,generic,no,(((~b) OR (~x)) AND (q)) OR (a) OR ((~q) AND (b) AND (x)),x
dfff,aaaa,3,0,3,generic,no,((~b) OR (~x) OR (~q)) OR (a),b
e015,aaaa,3,0,3,generic,no,((~q) AND ((~a) OR (~x)) AND (~b)) OR ((a) AND (x) AND (q)) OR ((b) AND (x) AND (q)),b
e035,cccc,3,0,3,generic,no,((~a) AND (b) AND (x)) OR ((a) AND (x) AND (q)) OR ((~q) AND ((~a) OR (~x)) AND (~b)),a
e053,f0f0,3,0,3,generic,no,((~b) AND (a) AND (x)) OR ((b) AND (x) AND (q)) OR ((~q) AND (~a) AND ((~b) OR (~x))),x
e080,00ff,2,1,3,clock,no,((a) AND (x) AND (q)) OR ((b) AND (x) AND (q)) OR ((b) AND (a) AND (x)),~q
e0aa,aaaa,3,0,3,generic,no,(((~a) OR (~q)) AND (b) AND (x)) OR ((a) AND (x) AND (q)) OR ((~q) AND (b)),b
e0c3,f0f0,3,0,3,generic,no,(((~b) OR (~q)) AND (a) AND (x)) OR ((b) AND (x) AND (q)) OR ((~q) AND (~x) AND (~a)),x
e0e2,0000,3,0,3,clock,no,(((~b) OR (~q)) AND (a) AND (x)) OR ((b) AND (x)) OR ((~q) AND (~a) AND (b)),0
e0ef,aaaa,3,0,3,generic,no,(((~b) OR (~q)) AND (a) AND (x)) OR ((b) AND (x)) OR ((~q) AND (~x)),b
e0ff,7777,2,1,3,generic,no,((a) AND (x)) OR ((b) AND (x)) OR (~q),"NAND(a,b)"
e125,aaaa,3,0,3,generic,no,((~a) AND (b) AND (x)) OR ((a) AND (x) AND (q)) OR ((~x) AND ((~a) OR (~q)) AND (~b)),b
e14f,cccc,3,0,3,generic,no,((~b) AND (a) AND (x)) OR ((b) AND (x) AND (q)) OR ((~x) AND ((~a) OR (~q)) AND ((~b) OR (~q))),a
e1a5,f0f0,3,0,3,generic,no,(((~a) OR (~q)) AND (b) AND (x)) OR ((a) AND (x) AND (q)) OR ((~x) AND ((~a) OR (~q)) AND (~b)),x
e1cf,ff00,3,0,3,clock,no,(((~b) OR (~q)) AND (a) AND (x)) OR ((b) AND (x) AND (q)) OR ((~x) AND ((~a) OR (~q)) AND ((~b) OR (~q))),q
e1f3,cccc,3,0,3,generic,no,(((~b) OR (~q)) AND (a) AND (x)) OR ((b) AND (x)) OR (((~x) OR (~q)) AND (~a) AND ((~b) OR (~q))),a
e211,aaaa,3,0,3,generic,no,((~a) AND (b) AND (q)) OR ((a) AND (x) AND (q)) OR ((~q) AND (~a) AND (~b)),b
e230,cccc,3,0,3,generic,no,((~a) AND (b) AND (q)) OR ((a) AND (x) AND (q)) OR ((~q) AND (~a) AND (x)),a
e24c,f0f0,3,0,3,generic,no,((~a) AND (b) AND (q)) OR ((a) AND (x) AND (q)) OR ((~q) AND ((~b) OR (~x)) AND (a)),x
e27f,aaaa,3,0,3,generic,no,(((~a) OR (~q)) AND ((~a) OR (~x)) AND (b)) OR ((a) AND (x) AND (q)) OR ((~q) AND ((~b) OR (~a) OR (~x))),b
e2ba,ff00,3,0,3,clock,no,(((~a) OR (~q)) AND (b)) OR ((a) AND (x) AND (q)) OR ((~q) AND (~a) AND (x)),q
e2cc,f0f0,3,0,3,generic,no,((~a) AND (b) AND (q)) OR ((a) AND (x)) OR ((~q) AND (a)),x
e2e7,f0f0,3,0,3,generic,no,((~a) AND (b)) OR ((a) AND (x)) OR ((~q) AND (~x) AND ((~b) OR (~a))),x
e2f3,aaaa,3,0,3,generic,no,((~a) AND (b)) OR ((a) AND (x)) OR ((~q) AND (~a)),b
e305,cccc,3,0,3,generic,no,((~a) AND (b) AND (q)) OR ((a) AND (x) AND (q)) OR ((~x) AND ((~a) OR (~q)) AND (~b)),a
e327,f0f0,3,0,3,generic,no,((~a) AND (b)) OR ((a) AND (x) AND (q)) OR ((~x) AND ((~a) OR (~q)) AND ((~b) OR (~a))),x
e340,cccc,3,0,3,generic,no,((~b) AND (a) AND (x)) OR ((b) AND (x) AND (q)) OR ((~x) AND (~a) AND (q)),a
e373,ffff,3,0,3,clock,no,((~b) AND (a) AND (x)) OR ((b) AND (x) AND (q)) OR (((~x) OR (~q)) AND (~a)),1
e3af,f0f0,3,0,3,generic,no,(((~a) OR (~q)) AND (b)) OR ((a) AND (x) AND (q)) OR ((~x) AND ((~a) OR (~q))),x
e3c7,ff00,3,0,3,clock,no,(((~b) OR (~q)) AND (a) AND (x)) OR ((b) AND (x) AND (q)) OR ((~x) AND ((~a) OR (~q)) AND ((~b) OR (~a))),q
e3e7,cccc,3,0,3,generic,no,(((~b) OR (~q)) AND (a) AND (x)) OR ((b) AND (x)) OR ((~x) AND ((~a) OR (~q)) AND ((~b) OR (~a))),a
e3ff,0000,3,0,3,clock,no,(((~b) OR (~q)) AND (a) AND (x)) OR ((b) AND (x)) OR (((~x) OR (~q)) AND ((~a) OR (~q))),0
e41f,cccc,3,0,3,generic,no,((~b) AND (a) AND (q)) OR ((b) AND (x) AND (q)) OR ((~q) AND ((~a) OR (~x)) AND ((~b) OR (~x))),a
e447,f0f0,3,0,3,generic,no,((~b) AND (a)) OR ((b) AND (x) AND (q)) OR ((~q) AND (~x) AND ((~b) OR (~a))),x
e45f,aaaa,3,0,3,generic,no,(((~b) OR (~q)) AND ((~b) OR (~x)) AND (a)) OR ((b) AND (x) AND (q)) OR ((~q) AND ((~b) OR (~x))),b
e4a0,cccc,3,0,3,generic,no,((~b) AND (a) AND (q)) OR ((b) AND (x)),a
e4b5,f0f0,3,0,3,generic,no,((~b) AND (a) AND (q)) OR ((b) AND (x)) OR ((~q) AND ((~a) OR (~x)) AND (~b)),x
e4dd,0000,3,0,3,clock,no,(((~b) OR (~q)) AND (a)) OR ((b) AND (x) AND (q)) OR ((~q) AND (~b)),0
e4ed,aaaa,3,0,3,generic,no,(((~b) OR (~q)) AND (a)) OR ((b) AND (x)) OR ((~q) AND (~x) AND (~b)),b
e4f7,ffff,3,0,3,clock,no,((~b) AND (a)) OR ((b) AND (x)) OR ((~q) AND ((~b) OR (~a))),1
e50f,0000,3,0,3,clock,no,((~b) AND (a) AND (q)) OR ((b) AND (x) AND (q)) OR ((~x) AND ((~b) OR (~q))),0
e533,ff00,3,0,3,clock,no,((~b) AND (a) AND (q)) OR ((b) AND (x) AND (q)) OR (((~x) OR (~q)) AND (~a) AND ((~b) OR (~q))),q
e54d,ffff,3,0,3,clock,no,(((~b) OR (~q)) AND ((~b) OR (~x)) AND (a)) OR ((b) AND (x) AND (q)) OR ((~x) AND (~b)),1
e57f,f0f0,3,0,3,generic,no,(((~b) OR (~q)) AND ((~b) OR (~x)) AND (a)) OR ((b) AND (x) AND (q)) OR (((~x) OR (~q)) AND ((~b) OR (~q)) AND ((~b) OR (~a) OR (~x))),x
e5b3,ff00,3,0,3,clock,no,((~b) AND (a) AND (q)) OR ((b) AND (x)) OR (((~x) OR (~q)) AND (~a) AND ((~b) OR (~q))),q
e5cf,cccc,3,0,3,generic,no,(((~b) OR (~q)) AND (a)) OR ((b) AND (x) AND (q)) OR ((~x) AND ((~b) OR (~q))),a
e5ed,0000,3,0,3,clock,no,(((~b) OR (~q)) AND (a)) OR ((b) AND (x)) OR ((~x) AND (~b)),0
e602,cccc,3,0,3,generic,no,((~b) AND (a) AND (q)) OR ((b) AND (x) AND (q)) OR ((~x) AND (~a) AND (b)),a
e646,f0f0,3,0,3,generic,no,((~b) AND (a)) OR ((b) AND (x) AND (q)) OR ((~x) AND (~a) AND (b)),x
e6ae,f0f0,3,0,3,generic,no,(((~a) OR (~q)) AND (b)) OR ((a) AND (x) AND (q)) OR ((~x) AND ((~b) OR (~q)) AND (a)),x
e6ee,aaaa,3,0,3,generic,no,(((~b) OR (~q)) AND (a)) OR ((a) AND (x)) OR (((~a) OR (~q)) AND (b)),b
e722,f0f0,3,0,3,generic,no,((~a) AND (b)) OR ((a) AND (x) AND (q)) OR ((~x) AND ((~b) OR (~a)) AND (q)),x
e747,aaaa,3,0,3,generic,no,((~b) AND (a)) OR ((b) AND (x) AND (q)) OR ((~x) AND ((~b) OR (~a))),b
e77f,aaaa,3,0,3,generic,no,(((~b) OR (~q)) AND ((~b) OR (~x)) AND (a)) OR ((b) AND (x) AND (q)) OR (((~x) OR (~q)) AND ((~b) OR (~a) OR (~q)) AND ((~b) OR (~a) OR (~x))),b
e7bf,cccc,3,0,3,generic,no,((~b) AND (a) AND (q)) OR ((b) AND (x)) OR (((~x) OR (~q)) AND ((~a) OR (~x)) AND ((~b) OR (~a) OR (~q))),a
e7df,f0f0,3,0,3,generic,no,(((~b) OR (~q)) AND (a)) OR ((b) AND (x) AND (q)) OR (((~x) OR (~q)) AND ((~b) OR (~x)) AND ((~b) OR (~a) OR (~q))),x
e7ff,ff00,3,0,3,clock,no,(((~b) OR (~q)) AND (a)) OR ((b) AND (x)) OR (((~x) OR (~q)) AND ((~b) OR (~a) OR (~q))),q
e888,77ff,2,1,3,generic,no,((a) AND (x) AND (q)) OR ((b) AND (x) AND (q)) OR ((b) AND (a)),(~b) OR (~a) OR (~q)
e8c8,55ff,2,1,3,generic,no,((a) AND (x)) OR ((b) AND (x) AND (q)) OR ((b) AND (a)),"NAND(q,b)"
ea08,aaaa,3,0,3,generic,no,(((~a) OR (~x)) AND (b) AND (q)) OR ((a) AND (x) AND (q)) OR ((~x) AND (b) AND (a)),b
ea2f,cccc,3,0,3,generic,no,(((~a) OR (~x)) AND (b)) OR ((a) AND (x) AND (q)) OR ((~q) AND (~x)),a
ea48,f0f0,3,0,3,generic,no,((~b) AND (a) AND (x)) OR ((b) AND (q)) OR ((~x) AND (b) AND (a)),x
ea70,aaaa,3,0,3,generic,no,((~b) AND (a) AND (x)) OR ((b) AND (q)) OR ((~q) AND ((~b) OR (~a)) AND (x)),b
eaa0,3f3f,2,1,3,generic,no,((a) AND (x) AND (q)) OR ((b) AND (q)) OR ((b) AND (x)),"NAND(x,a)"
eac0,3f3f,2,1,3,generic,no,((a) AND (x)) OR ((b) AND (q)),"NAND(x,a)"
eacf,aaaa,3,0,3,generic,no,(((~b) OR (~q)) AND (a) AND (x)) OR ((b) AND (q)) OR ((~q) AND (~x)),b
eaeb,ffff,3,0,3,clock,no,(((~b) OR (~q)) AND (a) AND (x)) OR (b) OR ((~q) AND (~x) AND (~a)),1
eaff,3f3f,2,1,3,generic,no,((a) AND (x)) OR (b) OR (~q),"NAND(x,a)"
eb11,ffff,3,0,3,clock,no,(((~a) OR (~x)) AND (b) AND (q)) OR ((a) AND (x) AND (q)) OR (((~x) OR (~q)) AND (~a) AND (~b)),1
eb41,aaaa,3,0,3,generic,no,((~b) AND (a) AND (x)) OR ((b) AND (q)) OR ((~x) AND (~a) AND (~b)),b
eb55,ff00,3,0,3,clock,no,((~b) AND (a) AND (x)) OR ((b) AND (q)) OR (((~x) OR (~q)) AND ((~a) OR (~q)) AND (~b)),q
ebbb,cccc,3,0,3,generic,no,(((~a) OR (~x) OR (~q)) AND (b)) OR ((a) AND (x) AND (q)) OR (((~x) OR (~q)) AND (~a)),a
ebd1,f0f0,3,0,3,generic,no,(((~b) OR (~q)) AND (a) AND (x)) OR ((b) AND (q)) OR (((~x) OR (~q)) AND (~a) AND (~b)),x
ebf7,ff00,3,0,3,clock,no,(((~b) OR (~q)) AND (a) AND (x)) OR ((b) AND (q)) OR (((~x) OR (~q)) AND ((~a) OR (~q)) AND ((~b) OR (~a))),q
ec0a,aaaa,3,0,3,generic,no,(((~b) OR (~x)) AND (a) AND (q)) OR ((b) AND (x) AND (q)) OR ((~q) AND (~x) AND (b)),b
ec28,cccc,3,0,3,generic,no,((~a) AND (b) AND (x)) OR ((a) AND (q)) OR ((~x) AND (b) AND (a)),a
ec4d,f0f0,3,0,3,generic,no,(((~b) OR (~x)) AND (a)) OR ((b) AND (x) AND (q)) OR ((~q) AND (~x) AND (~b)),x
ec75,aaaa,3,0,3,generic,no,((~a) AND (b) AND (x)) OR ((a) AND (q)) OR ((~q) AND (~b)),b
eca0,5f5f,2,1,3,generic,no,((a) AND (q)) OR ((b) AND (x)),"NAND(x,b)"
ecb0,aaaa,3,0,3,generic,no,(((~b) OR (~x)) AND (a) AND (q)) OR ((b) AND (x)) OR ((~q) AND (~a) AND (x)),b
eccd,aaaa,3,0,3,generic,no,(((~b) OR (~x) OR (~q)) AND (a)) OR ((b) AND (x) AND (q)) OR ((~q) AND (~x) AND (~b)),b
ecee,f0f0,3,0,3,generic,no,(((~b) OR (~x) OR (~q)) AND (a)) OR ((b) AND (x)) OR ((~q) AND (b)),x
ecff,5f5f,2,1,3,generic,no,(a) OR ((b) AND (x)) OR (~q),"NAND(x,b)"
ed15,cccc,3,0,3,generic,no,(((~b) OR (~x)) AND (a) AND (q)) OR ((b) AND (x) AND (q)) OR (((~x) OR (~q)) AND ((~a) OR (~x)) AND (~b)),a
ed33,f0f0,3,0,3,generic,no,(((~b) OR (~x)) AND (a) AND (q)) OR ((b) AND (x) AND (q)) OR (((~x) OR (~q)) AND (~a) AND ((~b) OR (~q))),x
ed5f,aaaa,3,0,3,generic,no,(((~b) OR (~x)) AND (a)) OR ((b) AND (x) AND (q)) OR (((~x) OR (~q)) AND ((~b) OR (~q)) AND ((~b) OR (~x))),b
eda7,cccc,3,0,3,generic,no,(((~b) OR (~x)) AND (a) AND (q)) OR ((b) AND (x)) OR ((~x) AND ((~b) OR (~q)) AND ((~b) OR (~a))),a
edcf,0000,3,0,3,clock,no,(((~b) OR (~x) OR (~q)) AND (a)) OR ((b) AND (x) AND (q)) OR ((~x) AND ((~b) OR (~q))),0
edfd,aaaa,3,0,3,generic,no,(((~b) OR (~x) OR (~q)) AND (a)) OR ((b) AND (x)) OR (((~x) OR (~q)) AND (~b)),b
ee0a,aaaa,3,0,3,generic,no,(((~b) OR (~x)) AND (a) AND (q)) OR ((b) AND (q)) OR ((~x) AND (b)),b
ee2b,cccc,3,0,3,generic,no,(((~a) OR (~x)) AND (b)) OR ((a) AND (q)) OR ((~q) AND (~x) AND (~a)),a
ee46,f0f0,3,0,3,generic,no,((~b) AND (a)) OR ((b) AND (q)) OR ((~x) AND (~a) AND (b)),x
ee64,aaaa,3,0,3,generic,no,((~b) AND (a)) OR ((b) AND (q)) OR ((~a) AND (b) AND (x)),b
ee80,3fff,2,1,3,generic,no,((a) AND (q)) OR ((b) AND (q)) OR ((b) AND (a) AND (x)),(~a) OR (~x) OR (~q)
eeaa,7777,2,1,3,generic,no,((a) AND (q)) OR (b),"NAND(a,b)"
eecc,55ff,2,1,3,generic,no,(a) OR ((b) AND (q)),"NAND(q,b)"
eeea,7f7f,2,1,3,generic,no,((a) AND (q)) OR ((a) AND (x)) OR (b),(~b) OR (~a) OR (~x)
eefa,ff00,3,0,3,clock,no,(((~b) OR (~x)) AND (a) AND (q)) OR (b) OR ((~q) AND (x)),q
ef0f,3f3f,2,1,3,generic,no,((a) AND (q)) OR ((b) AND (q)) OR (~x),"NAND(x,a)"
ef23,f0f0,3,0,3,generic,no,((~a) AND (b)) OR ((a) AND (q)) OR ((~x) AND (~a)),x
ef44,aaaa,3,0,3,generic,no,((~b) AND (a)) OR ((b) AND (q)) OR ((~x) AND (q)),b
ef5f,ff00,3,0,3,clock,no,(((~b) OR (~x)) AND (a)) OR ((b) AND (q)) OR (((~x) OR (~q)) AND ((~b) OR (~x))),q
efb3,0000,3,0,3,clock,no,(((~b) OR (~x)) AND (a) AND (q)) OR ((b) AND (x)) OR (((~x) OR (~q)) AND (~a)),0
efcf,0fff,2,1,3,generic,no,(a) OR ((b) AND (q)) OR (~x),"NAND(q,x)"
efe4,aaaa,3,0,3,generic,no,((~b) AND (a)) OR ((b) AND (x)) OR ((~x) AND (q)),b
f005,f0f0,3,0,3,generic,no,((~q) AND (~x) AND (~b)) OR ((x) AND (q)),x
f01b,cccc,3,0,3,generic,no,((~q) AND (~a) AND ((~b) OR (~x))) OR ((x) AND (q)) OR ((~q) AND (~x) AND (b)),a
f02f,f0f0,3,0,3,generic,no,((~a) AND (b) AND (x)) OR ((x) AND (q)) OR ((~q) AND (~x)),x
f045,aaaa,3,0,3,generic,no,((~b) AND (a) AND (x)) OR ((x) AND (q)) OR ((~q) AND (~x) AND (~b)),b
f05a,cccc,3,0,3,generic,no,((~b) AND (x)) OR ((x) AND (q)) OR ((~q) AND (~x) AND (b)),a
f072,f0f0,3,0,3,generic,no,(((~b) OR (~a)) AND (x)) OR ((x) AND (q)) OR ((~q) AND (~a) AND (b)),x
f087,cccc,3,0,3,generic,no,(((~b) OR (~a)) AND (x) AND (q)) OR ((b) AND (a) AND (x)) OR ((~q) AND (~x) AND ((~b) OR (~a))),a
f09b,f0f0,3,0,3,generic,no,((~q) AND (b) AND (a)) OR ((x) AND (q)) OR ((~q) AND (~a) AND ((~b) OR (~x))),x
f0ac,cccc,3,0,3,generic,no,(((~b) OR (~a)) AND (x) AND (q)) OR ((b) AND (x)) OR ((~q) AND (~x) AND (a)),a
f0c0,55ff,2,1,3,generic,no,((x) AND (q)) OR ((a) AND (x)),"NAND(q,b)"
f0d1,cccc,3,0,3,generic,no,(((~b) OR (~a)) AND (x) AND (q)) OR ((a) AND (x)) OR ((~q) AND (~a) AND (~b)),a
f0ea,aaaa,3,0,3,generic,no,(((~b) OR (~a)) AND (x) AND (q)) OR ((a) AND (x)) OR ((~q) AND (b)),b
f0f6,aaaa,3,0,3,generic,no,((~q) AND (~b) AND (a)) OR (x) OR ((~q) AND (~a) AND (b)),b
f0fe,f0f0,3,0,3,generic,no,((~q) AND (a)) OR (x) OR ((~q) AND (b)),x
f10f,cccc,3,0,3,generic,no,((~x) AND ((~a) OR (~q)) AND ((~b) OR (~q))) OR ((x) AND (q)),a
f125,cccc,3,0,3,generic,no,((~a) AND (b) AND (x)) OR ((x) AND (q)) OR ((~x) AND ((~a) OR (~q)) AND (~b)),a
f13f,aaaa,3,0,3,generic,no,(((~a) OR (~q)) AND ((~a) OR (~x)) AND ((~b) OR (~q))) OR ((x) AND (q)),b
f150,cccc,3,0,3,generic,no,((~b) AND (x)) OR ((x) AND (q)) OR ((~a) AND (~b) AND (q)),a
f180,f0f0,3,0,3,generic,no,(((~b) OR (~a)) AND (x) AND (q)) OR ((b) AND (a) AND (x)) OR ((~a) AND (~b) AND (q)),x
f191,aaaa,3,0,3,generic,no,(((~b) OR (~a)) AND (x) AND (q)) OR ((b) AND (a) AND (x)) OR ((~a) AND (~b)),b
f1a3,ff00,3,0,3,clock,no,(((~b) OR (~a)) AND (x) AND (q)) OR ((b) AND (x)) OR ((~x) AND (~a) AND ((~b) OR (~q))),q
f1bf,cccc,3,0,3,generic,no,(((~b) OR (~a)) AND (x) AND (q)) OR ((b) AND (x)) OR (((~a) OR (~q)) AND ((~a) OR (~x)) AND ((~b) OR (~q))),a
f1d3,f0f0,3,0,3,generic,no,(((~b) OR (~a)) AND (x) AND (q)) OR ((a) AND (x)) OR ((~a) AND ((~b) OR (~q)) AND ((~b) OR (~x))),x
f1f4,ff00,3,0,3,clock,no,((~a) AND (~b) AND (q)) OR (x) OR ((~q) AND (~b) AND (a)),q
f1fc,cccc,3,0,3,generic,no,((~a) AND (~b) AND (q)) OR (x) OR ((~q) AND (a)),a
f20c,aaaa,3,0,3,generic,no,((~a) AND (b) AND (q)) OR ((x) AND (q)) OR ((~q) AND (~x) AND (a)),b
f220,cccc,3,0,3,generic,no,((~a) AND (b) AND (q)) OR ((x) AND (q)) OR ((~a) AND (b) AND (x)),a
f23a,f0f0,3,0,3,generic,no,((~a) AND (x)) OR ((x) AND (q)) OR (((~a) OR (~q)) AND ((~a) OR (~x)) AND (b)),x
f255,aaaa,3,0,3,generic,no,((~a) AND (b) AND (q)) OR ((x) AND (q)) OR ((~q) AND (~b)),b
f27f,cccc,3,0,3,generic,no,(((~a) OR (~q)) AND ((~a) OR (~x)) AND (b)) OR ((x) AND (q)) OR ((~q) AND ((~b) OR (~a) OR (~x))),a
f2af,ffff,3,0,3,clock,no,(((~a) OR (~q)) AND (b)) OR ((x) AND (q)) OR ((~q) AND (~x)),1
f2ea,0000,3,0,3,clock,no,(((~b) OR (~a)) AND (x) AND (q)) OR ((a) AND (x)) OR (((~a) OR (~q)) AND (b)),0
f2f7,aaaa,3,0,3,generic,no,((~a) AND (b)) OR (x) OR ((~q) AND ((~b) OR (~a))),b
f2ff,ffff,3,0,3,clock,no,(((~a) OR (~q)) AND (b)) OR (x) OR (~q),1
f315,aaaa,3,0,3,generic,no,((~a) AND (q)) OR ((x) AND (q)) OR (((~a) OR (~q)) AND ((~a) OR (~x)) AND (~b)),b
f330,cccc,3,0,3,generic,no,((~a) AND (q)) OR ((x) AND (q)) OR ((~a) AND (x)),a
f350,aaaa,3,0,3,generic,no,((~b) AND (x)) OR ((x) AND (q)) OR ((~a) AND (q)),b
f388,cccc,3,0,3,generic,no,((~a) AND (q)) OR ((x) AND (q)) OR ((~q) AND (b) AND (a)),a
f3ab,f0f0,3,0,3,generic,no,(((~a) OR (~q)) AND (b)) OR ((x) AND (q)) OR ((~x) AND (~a)),x
f3c2,cccc,3,0,3,generic,no,((~a) AND (q)) OR ((a) AND (x)) OR ((~x) AND (~a) AND (b)),a
f3d7,f0f0,3,0,3,generic,no,(((~b) OR (~a)) AND (x) AND (q)) OR ((a) AND (x)) OR (((~a) OR (~q)) AND ((~b) OR (~x)) AND ((~b) OR (~a))),x
f3f8,0000,3,0,3,clock,no,((~a) AND (q)) OR (x) OR ((~q) AND (b) AND (a)),0
f404,f0f0,3,0,3,generic,no,((~x) AND (~b) AND (a)) OR ((x) AND (q)),x
f417,aaaa,3,0,3,generic,no,((~x) AND (~b) AND (a)) OR ((x) AND (q)) OR ((~q) AND (~a) AND ((~b) OR (~x))),b
f430,cccc,3,0,3,generic,no,((~b) AND (a) AND (q)) OR ((x) AND (q)) OR ((~a) AND (x)),a
f44e,f0f0,3,0,3,generic,no,(((~b) OR (~q)) AND ((~b) OR (~x)) AND (a)) OR ((x) AND (q)) OR ((~q) AND (~x) AND (b)),x
f46e,aaaa,3,0,3,generic,no,(((~b) OR (~q)) AND ((~b) OR (~x)) AND (a)) OR ((x) AND (q)) OR ((~q) AND ((~a) OR (~x)) AND (b)),b
f4ac,aaaa,3,0,3,generic,no,(((~b) OR (~a)) AND (x) AND (q)) OR ((b) AND (x)) OR ((~x) AND ((~b) OR (~q)) AND (a)),b
f4dc,f0f0,3,0,3,generic,no,((~b) AND (x)) OR ((x) AND (q)) OR (((~b) OR (~q)) AND (a)),x
f4f5,f0f0,3,0,3,generic,no,((~b) AND (a)) OR (x) OR ((~q) AND (~b)),x
f4fe,aaaa,3,0,3,generic,no,(((~b) OR (~q)) AND (a)) OR (x) OR ((~q) AND (b)),b
f50f,f0f0,3,0,3,generic,no,((~x) AND ((~b) OR (~q))) OR ((x) AND (q)),x
f530,aaaa,3,0,3,generic,no,((~b) AND (q)) OR ((x) AND (q)) OR ((~a) AND (x)),b
f54f,ff00,3,0,3,clock,no,(((~b) OR (~q)) AND ((~b) OR (~x)) AND (a)) OR ((x) AND (q)) OR ((~x) AND ((~b) OR (~q))),q
f585,aaaa,3,0,3,generic,no,(((~b) OR (~a)) AND (x) AND (q)) OR ((b) AND (a) AND (x)) OR ((~x) AND (~b)),b
f5a2,cccc,3,0,3,generic,no,((~b) AND (q)) OR ((b) AND (x)) OR ((~q) AND (~a) AND (b)),a
f5b7,f0f0,3,0,3,generic,no,(((~b) OR (~a)) AND (x) AND (q)) OR ((b) AND (x)) OR (((~a) OR (~x)) AND ((~b) OR (~q)) AND ((~b) OR (~a))),x
f5d7,aaaa,3,0,3,generic,no,(((~b) OR (~a)) AND (x) AND (q)) OR ((a) AND (x)) OR (((~b) OR (~q)) AND ((~b) OR (~x)) AND ((~b) OR (~a))),b
f5f7,cccc,3,0,3,generic,no,(((~b) OR (~q)) AND ((~b) OR (~a))) OR (x),a
f602,cccc,3,0,3,generic,no,((~b) AND (a) AND (q)) OR ((x) AND (q)) OR ((~x) AND (~a) AND (b)),a
f62e,cccc,3,0,3,generic,no,(((~a) OR (~q)) AND ((~a) OR (~x)) AND (b)) OR ((x) AND (q)) OR ((~x) AND ((~b) OR (~q)) AND (a)),a
f6ae,f0f0,3,0,3,generic,no,(((~a) OR (~q)) AND (b)) OR ((x) AND (q)) OR ((~x) AND ((~b) OR (~q)) AND (a)),x
f6fc,ff00,3,0,3,clock,no,(((~b) OR (~q)) AND (a)) OR (x) OR ((~a) AND (b) AND (q)),q
f710,f0f0,3,0,3,generic,no,(((~b) OR (~a)) AND (q)) OR ((x) AND (q)) OR ((~a) AND (~b) AND (x)),x
f73f,aaaa,3,0,3,generic,no,(((~a) OR (~x)) AND ((~b) OR (~a) OR (~q))) OR ((x) AND (q)),b
f777,5fff,2,1,3,generic,no,((x) AND (q)) OR (~b) OR (~a),(~b) OR (~x) OR (~q)
f790,aaaa,3,0,3,generic,no,(((~b) OR (~a)) AND (q)) OR ((b) AND (a) AND (x)) OR ((~a) AND (~b) AND (x)),b
f7a8,cccc,3,0,3,generic,no,(((~b) OR (~a)) AND (q)) OR ((b) AND (x)) OR ((~q) AND (b) AND (a)),a
f7c3,f0f0,3,0,3,generic,no,(((~b) OR (~a)) AND (q)) OR ((a) AND (x)) OR ((~x) AND (~a)),x
f7e0,aaaa,3,0,3,generic,no,(((~b) OR (~a)) AND (q)) OR ((a) AND (x)) OR ((b) AND (x)),b
f7fa,aaaa,3,0,3,generic,no,(((~b) OR (~a)) AND (q)) OR (x) OR (((~a) OR (~q)) AND (b)),b
f80a,aaaa,3,0,3,generic,no,(((~b) OR (~a)) AND (x) AND (q)) OR ((b) AND (a) AND (q)) OR ((~q) AND (~x) AND (b)),b
f81f,cccc,3,0,3,generic,no,(((~b) OR (~a)) AND (x) AND (q)) OR ((b) AND (a) AND (q)) OR ((~q) AND ((~a) OR (~x)) AND ((~b) OR (~x))),a
f848,f0f0,3,0,3,generic,no,((~b) AND (a) AND (x)) OR ((x) AND (q)) OR ((~x) AND (b) AND (a)),x
f877,aaaa,3,0,3,generic,no,(((~b) OR (~a)) AND (x)) OR ((b) AND (a) AND (q)) OR ((~q) AND ((~b) OR (~a))),b
f88b,aaaa,3,0,3,generic,no,(((~b) OR (~a)) AND (x) AND (q)) OR ((b) AND (a)) OR ((~q) AND (~x) AND (~a)),b
f8a8,33ff,2,1,3,generic,no,((x) AND (q)) OR ((b) AND (x)) OR ((b) AND (a)),"NAND(q,a)"
f8c8,7777,2,1,3,generic,no,((x) AND (q)) OR ((a) AND (x)) OR ((b) AND (a)),"NAND(a,b)"
f8f5,f0f0,3,0,3,generic,no,(((~b) OR (~a) OR (~q)) AND (x)) OR ((b) AND (a) AND (q)) OR ((~q) AND (~b)),x
f900,cccc,3,0,3,generic,no,(((~b) OR (~a)) AND (x) AND (q)) OR ((b) AND (a) AND (q)) OR ((~a) AND (~b) AND (q)),a
f90f,ffff,3,0,3,clock,no,(((~b) OR (~a)) AND (x) AND (q)) OR ((b) AND (a) AND (q)) OR ((~x) AND ((~a) OR (~q)) AND ((~b) OR (~q))),1
f93b,f0f0,3,0,3,generic,no,((~a) AND ((~b) OR (~q))) OR ((x) AND (q)) OR ((~x) AND (b) AND (a)),x
f975,aaaa,3,0,3,generic,no,(((~b) OR (~a)) AND (x)) OR ((b) AND (a) AND (q)) OR (((~a) OR (~q)) AND (~b)),b
f98f,ffff,3,0,3,clock,no,(((~b) OR (~a)) AND (x) AND (q)) OR ((b) AND (a)) OR ((~x) AND ((~a) OR (~q)) AND ((~b) OR (~q))),1
f9f0,aaaa,3,0,3,generic,no,(((~b) OR (~a) OR (~q)) AND (x)) OR ((b) AND (a) AND (q)) OR ((~a) AND (~b) AND (q)),b
f9ff,aaaa,3,0,3,generic,no,(((~b) OR (~a) OR (~q)) AND (x)) OR ((b) AND (a)) OR (((~a) OR (~q)) AND ((~b) OR (~q))),b
fa0e,aaaa,3,0,3,generic,no,((~x) AND (b)) OR ((x) AND (q)) OR ((~q) AND (~x) AND (a)),b
fa2e,cccc,3,0,3,generic,no,(((~a) OR (~x)) AND (b)) OR ((x) AND (q)) OR ((~q) AND (~x) AND (a)),a
fa50,f0f0,3,0,3,generic,no,((~b) AND (x)) OR ((b) AND (q)),x
fa71,aaaa,3,0,3,generic,no,(((~b) OR (~a)) AND (x)) OR ((b) AND (q)) OR ((~q) AND (~a) AND (~b)),b
fa80,7f7f,2,1,3,generic,no,((x) AND (q)) OR ((b) AND (q)) OR ((b) AND (a) AND (x)),(~b) OR (~a) OR (~x)
faae,aaaa,3,0,3,generic,no,(((~b) OR (~a)) AND (x) AND (q)) OR (b) OR ((~q) AND (~x) AND (a)),b
fad8,f0f0,3,0,3,generic,no,((~b) AND (x)) OR ((b) AND (q)) OR ((b) AND (a)),x
faf4,f0f0,3,0,3,generic,no,(((~b) OR (~a) OR (~q)) AND (x)) OR ((b) AND (q)) OR ((~q) AND (~b) AND (a)),x
faff,5fff,2,1,3,generic,no,(x) OR (b) OR (~q),(~b) OR (~x) OR (~q)
fb11,aaaa,3,0,3,generic,no,(((~b) OR (~a)) AND (x) AND (q)) OR ((b) AND (q)) OR ((~a) AND (~b)),b
fb33,5fff,2,1,3,generic,no,((x) AND (q)) OR ((b) AND (q)) OR (~a),(~b) OR (~x) OR (~q)
fb57,f0f0,3,0,3,generic,no,(((~b) OR (~a)) AND (x) AND (q)) OR ((b) AND (q)) OR (((~a) OR (~q)) AND ((~b) OR (~x)) AND ((~b) OR (~a))),x
fb8b,cccc,3,0,3,generic,no,(((~b) OR (~a)) AND (x) AND (q)) OR ((b) AND (a)) OR ((~x) AND (~a)),a
fbbf,0000,3,0,3,clock,no,(((~b) OR (~a)) AND (x) AND (q)) OR (b) OR (((~a) OR (~q)) AND ((~a) OR (~x))),0
fbdf,ff00,3,0,3,clock,no,(((~b) OR (~a)) AND (x) AND (q)) OR ((b) AND (a)) OR (((~a) OR (~q)) AND ((~b) OR (~x))),q
fbff,0000,3,0,3,clock,no,(((~b) OR (~a) OR (~q)) AND (x)) OR (b) OR ((~a) OR (~q)),0
fc0d,f0f0,3,0,3,generic,no,((~x) AND (a)) OR ((x) AND (q)) OR ((~q) AND (~x) AND (~b)),x
fc2e,aaaa,3,0,3,generic,no,((~x) AND (a)) OR ((x) AND (q)) OR ((~q) AND ((~a) OR (~x)) AND (b)),b
fc44,cccc,3,0,3,generic,no,(((~b) OR (~a)) AND (x) AND (q)) OR ((a) AND (q)) OR ((~b) AND (a)),a
fc70,f0f0,3,0,3,generic,no,(((~b) OR (~a)) AND (x)) OR ((a) AND (q)),x
fc80,77ff,2,1,3,generic,no,((x) AND (q)) OR ((a) AND (q)) OR ((b) AND (a) AND (x)),(~b) OR (~a) OR (~q)
fcb8,cccc,3,0,3,generic,no,(((~b) OR (~x)) AND (a) AND (q)) OR ((b) AND (a)) OR ((~a) AND (x)),a
fcdd,cccc,3,0,3,generic,no,(((~b) OR (~a)) AND (x) AND (q)) OR (a) OR ((~q) AND (~b)),a
fcf4,cccc,3,0,3,generic,no,(((~b) OR (~a) OR (~q)) AND (x)) OR ((a) AND (q)) OR ((~b) AND (a)),a
fcff,77ff,2,1,3,generic,no,(x) OR (a) OR (~q),(~b) OR (~a) OR (~q)
fd11,f0f0,3,0,3,generic,no,(((~b) OR (~a)) AND (x) AND (q)) OR ((a) AND (q)) OR ((~a) AND (~b)),x
fd37,f0f0,3,0,3,generic,no,(((~b) OR (~a)) AND (x) AND (q)) OR ((a) AND (q)) OR (((~a) OR (~x)) AND ((~b) OR (~q)) AND ((~b) OR (~a))),x
fd5d,f0f0,3,0,3,generic,no,(((~b) OR (~x)) AND (a)) OR ((x) AND (q)) OR (~b),x
fd8f,0000,3,0,3,clock,no,(((~b) OR (~a)) AND (x) AND (q)) OR ((b) AND (a)) OR ((~x) AND ((~b) OR (~q))),0
fdb7,ff00,3,0,3,clock,no,(((~b) OR (~x)) AND (a) AND (q)) OR ((b) AND (x)) OR (((~a) OR (~x)) AND ((~b) OR (~q)) AND ((~b) OR (~a))),q
fdec,aaaa,3,0,3,generic,no,((~b) AND (q)) OR (a) OR ((b) AND (x)),b
fdff,cccc,3,0,3,generic,no,(((~b) OR (~a) OR (~q)) AND (x)) OR (a) OR ((~b) OR (~q)),a
fe2e,cccc,3,0,3,generic,no,(((~a) OR (~x)) AND (b)) OR ((x) AND (q)) OR ((~x) AND (a)),a
fe74,f0f0,3,0,3,generic,no,(((~b) OR (~a)) AND (x)) OR ((b) AND (q)) OR ((~b) AND (a)),x
fedc,f0f0,3,0,3,generic,no,((~b) AND (x)) OR (a) OR ((b) AND (q)),x
fefc,00ff,2,1,3,clock,no,(x) OR (a) OR ((b) AND (q)),~q
ff00,005c,0,3,3,generic,no,q,((~q) AND (~b) AND (x)) OR ((~q) AND ((~b) OR (~x)) AND (a))
ff00,00b2,0,3,3,generic,no,q,((~q) AND (b) AND (x)) OR ((~q) AND (~a) AND (x)) OR ((~q) AND (~a) AND (b))
ff00,00e5,0,3,3,generic,no,q,((~q) AND (a) AND (x)) OR ((~q) AND (b) AND (x)) OR ((~q) AND (~x) AND (~b))
ff00,012f,0,3,3,generic,no,q,((~x) AND ((~a) OR (~q)) AND ((~b) OR (~q))) OR ((~q) AND ((~a) OR (~x)) AND (b))
ff00,01a9,0,3,3,generic,no,q,((~x) AND (~a) AND (~b)) OR ((~q) AND (b) AND (x)) OR ((~q) AND (b) AND (a))
ff00,01fb,0,3,3,generic,no,q,(((~x) OR (~q)) AND (~a) AND ((~b) OR (~q))) OR ((~q) AND (x)) OR ((~q) AND (b))
ff00,0267,0,3,3,generic,no,q,(((~x) OR (~q)) AND (~a) AND (b)) OR ((~q) AND (~b) AND (a)) OR ((~q) AND (~x) AND ((~b) OR (~a)))
ff00,02d3,0,3,3,generic,no,q,((~x) AND (~a) AND (b)) OR ((~q) AND (a) AND (x)) OR ((~q) AND (~a) AND ((~b) OR (~x)))
ff00,0327,0,3,3,generic,no,q,((~x) AND ((~a) OR (~q)) AND ((~b) OR (~a))) OR (((~x) OR (~q)) AND (~a) AND (b))
ff00,0371,0,3,3,generic,no,q,((~x) AND (~a) AND (q)) OR (((~x) OR (~q)) AND (~a) AND (~b)) OR ((~q) AND ((~b) OR (~a)) AND (x))
ff00,03bb,0,3,3,generic,no,q,(((~x) OR (~q)) AND (~a)) OR (((~x) OR (~q)) AND ((~a) OR (~q)) AND (b))
ff00,03f4,0,3,3,generic,no,q,((~x) AND (~a) AND (q)) OR ((~q) AND (x)) OR ((~q) AND (~b) AND (a))
ff00,045c,0,3,3,generic,no,q,((~x) AND ((~b) OR (~q)) AND (a)) OR ((~q) AND (~b) AND (x))
ff00,04cc,0,3,3,generic,no,q,((~x) OR (~q)) AND ((~b) OR (~q)) AND (a)
ff00,051b,0,3,3,generic,no,q,((~x) AND (~b) AND (q)) OR (((~x) OR (~q)) AND (~a) AND (~b)) OR ((~q) AND (~x) AND (b))
ff00,0566,0,3,3,generic,no,q,((~x) AND (~b) AND (q)) OR (((~x) OR (~q)) AND (~b) AND (a)) OR ((~q) AND (~a) AND (b))
ff00,05b0,0,3,3,generic,no,q,((~x) AND (~b) AND (q)) OR ((~q) AND (b) AND (x)) OR ((~q) AND (~a) AND (x))
ff00,05ef,0,3,3,generic,no,q,((~x) AND ((~b) OR (~q))) OR (((~x) OR (~q)) AND ((~b) OR (~q)) AND (a)) OR ((~q) AND (b))
ff00,0677,0,3,3,generic,no,q,(((~x) OR (~q)) AND (~b) AND (a)) OR (((~x) OR (~q)) AND (~a) AND (b)) OR ((~q) AND ((~b) OR (~a)))
ff00,0727,0,3,3,generic,no,q,((~x) AND ((~b) OR (~a))) OR (((~x) OR (~q)) AND (~a) AND (b))
ff00,0771,0,3,3,generic,no,q,((~x) AND ((~b) OR (~a)) AND (q)) OR (((~x) OR (~q)) AND (~a) AND (~b)) OR ((~q) AND ((~b) OR (~a)) AND (x))
ff00,07bb,0,3,3,generic,no,q,((~x) AND ((~b) OR (~a)) AND (q)) OR (((~x) OR (~q)) AND (~a)) OR (((~x) OR (~q)) AND ((~a) OR (~q)) AND (b))
ff00,07fa,0,3,3,generic,no,q,((~x) AND ((~b) OR (~a)) AND (q)) OR (((~x) OR (~q)) AND ((~a) OR (~q)) AND (b)) OR ((~q) AND (x))
ff00,087c,0,3,3,generic,no,q,((~x) AND (b) AND (a)) OR ((~q) AND ((~b) OR (~a)) AND (x)) OR ((~q) AND ((~b) OR (~x)) AND (a))
ff00,08dd,0,3,3,generic,no,q,(((~x) OR (~q)) AND (b) AND (a)) OR ((~q) AND (~b))
ff00,098f,0,3,3,generic,no,q,(((~x) OR (~q)) AND (b) AND (a)) OR ((~x) AND ((~a) OR (~q)) AND ((~b) OR (~q)))
ff00,0a1d,0,3,3,generic,no,q,((~x) AND (b) AND (q)) OR ((~x) AND (b) AND (a)) OR ((~q) AND ((~a) OR (~x)) AND (~b))
ff00,0a5d,0,3,3,generic,no,q,((~x) AND (b) AND (q)) OR ((~x) AND (b) AND (a)) OR ((~q) AND (~b))
ff00,0aaf,0,3,3,generic,no,q,(((~x) OR (~q)) AND (b)) OR ((~q) AND (~x))
ff00,0aeb,0,3,3,generic,no,q,(((~x) OR (~q)) AND (b)) OR ((~q) AND (a) AND (x)) OR ((~q) AND (~x) AND (~a))
ff00,0b23,0,3,3,generic,no,q,((~x) AND (b) AND (q)) OR ((~x) AND (~a)) OR (((~x) OR (~q)) AND (~a) AND (b))
ff00,0b7a,0,3,3,generic,no,q,(((~x) OR (~q)) AND ((~a) OR (~x)) AND (b)) OR ((~x) AND (~a) AND (q)) OR ((~q) AND ((~b) OR (~a)) AND (x))
ff00,0bce,0,3,3,generic,no,q,((~x) AND (b)) OR ((~x) AND (~a) AND (q)) OR ((~q) AND (a))
ff00,0c23,0,3,3,generic,no,q,((~x) AND (a) AND (q)) OR ((~q) AND (~a) AND (b)) OR ((~q) AND (~x) AND (~a))
ff00,0c66,0,3,3,generic,no,q,((~x) AND (a) AND (q)) OR (((~x) OR (~q)) AND (~b) AND (a)) OR ((~q) AND (~a) AND (b))
ff00,0cb0,0,3,3,generic,no,q,((~x) AND (a) AND (q)) OR ((~q) AND (b) AND (x)) OR ((~q) AND (~a) AND (x))
ff00,0cef,0,3,3,generic,no,q,(((~x) OR (~q)) AND (a)) OR ((~q) AND (b)) OR ((~q) AND (~x))
ff00,0d2b,0,3,3,generic,no,q,((~x) AND (a) AND (q)) OR ((~x) AND (~a) AND ((~b) OR (~q))) OR ((~q) AND ((~a) OR (~x)) AND (b))
ff00,0d88,0,3,3,generic,no,q,(((~x) OR (~q)) AND (b) AND (a)) OR ((~x) AND (~b) AND (q))
ff00,0dd1,0,3,3,generic,no,q,((~x) AND (a) AND (q)) OR (((~x) OR (~q)) AND (~a) AND (~b)) OR ((~q) AND (a) AND (x))
ff00,0e22,0,3,3,generic,no,q,((~x) AND (a) AND (q)) OR (((~x) OR (~q)) AND (~a) AND (b))
ff00,0e72,0,3,3,generic,no,q,((~x) AND (a) AND (q)) OR (((~x) OR (~q)) AND (~a) AND (b)) OR ((~q) AND ((~b) OR (~a)) AND (x))
ff00,0eef,0,3,3,generic,no,q,(((~x) OR (~q)) AND (a)) OR (((~x) OR (~q)) AND (b)) OR ((~q) AND (~x))
ff00,0f37,0,3,3,generic,no,q,((~x) AND (q)) OR (((~x) OR (~q)) AND ((~a) OR (~x)) AND ((~b) OR (~a)))
ff00,0f88,0,3,3,generic,no,q,((~x) AND (q)) OR (((~x) OR (~q)) AND (b) AND (a))
ff00,0fc8,0,3,3,generic,no,q,((~x) AND (q)) OR (((~x) OR (~q)) AND (b) AND (a)) OR ((~q) AND (a) AND (x))
ff00,101e,0,3,3,generic,no,q,((~a) AND (~b) AND (x)) OR ((~q) AND (~x) AND (a)) OR ((~q) AND (~x) AND (b))
ff00,1098,0,3,3,generic,no,q,((~a) AND (~b) AND (x)) OR ((~q) AND (b) AND (a))
ff00,10f5,0,3,3,generic,no,q,(((~a) OR (~q)) AND ((~b) OR (~q)) AND (x)) OR ((~q) AND (~b))
ff00,1135,0,3,3,generic,no,q,(((~a) OR (~q)) AND ((~a) OR (~x)) AND (~b)) OR ((~a) AND ((~b) OR (~q)) AND (x))
ff00,1189,0,3,3,generic,no,q,((~a) AND (~b) AND (q)) OR ((~x) AND (~a) AND (~b)) OR ((~q) AND (b) AND (a))
ff00,11c8,0,3,3,generic,no,q,((~a) AND (~b) AND (q)) OR ((~q) AND (a) AND (x)) OR ((~q) AND (b) AND (a))
ff00,121a,0,3,3,generic,no,q,((~a) AND (~b) AND (x)) OR ((~x) AND ((~a) OR (~q)) AND (b))
ff00,12fa,0,3,3,generic,no,q,(((~a) OR (~q)) AND ((~b) OR (~q)) AND (x)) OR (((~x) OR (~q)) AND ((~a) OR (~q)) AND (b))
ff00,1344,0,3,3,generic,no,q,((~a) AND ((~b) OR (~x)) AND (q)) OR ((~q) AND (~b) AND (a))
ff00,1398,0,3,3,generic,no,q,((~a) AND ((~b) OR (~x)) AND (q)) OR ((~a) AND (~b) AND (x)) OR ((~q) AND (b) AND (a))
ff00,13d1,0,3,3,generic,no,q,((~a) AND ((~b) OR (~x)) AND (q)) OR ((~a) AND (~b)) OR ((~q) AND (a) AND (x))
ff00,143e,0,3,3,generic,no,q,((~a) AND ((~b) OR (~q)) AND (x)) OR ((~x) AND ((~b) OR (~q)) AND (a)) OR ((~q) AND ((~a) OR (~x)) AND (b))
ff00,150c,0,3,3,generic,no,q,(((~a) OR (~x)) AND (~b) AND (q)) OR ((~x) AND ((~b) OR (~q)) AND (a))
ff00,1550,0,3,3,generic,no,q,(((~a) OR (~x)) AND (~b) AND (q)) OR (((~a) OR (~q)) AND (~b) AND (x))
ff00,15a5,0,3,3,generic,no,q,(((~a) OR (~x)) AND (~b) AND (q)) OR ((~x) AND (~b)) OR ((~q) AND (b) AND (x))
ff00,15e2,0,3,3,generic,no,q,(((~a) OR (~x)) AND (~b) AND (q)) OR ((~q) AND (a) AND (x)) OR ((~q) AND (~a) AND (b))
ff00,170d,0,3,3,generic,no,q,((~a) AND ((~b) OR (~x)) AND (q)) OR ((~x) AND (~b)) OR ((~x) AND ((~b) OR (~q)) AND (a))
ff00,174f,0,3,3,generic,no,q,(((~a) OR (~x)) AND (~b) AND (q)) OR ((~x) AND ((~b) OR (~a) OR (~q))) OR (((~x) OR (~q)) AND (~b) AND (a))
ff00,17a7,0,3,3,generic,no,q,(((~a) OR (~x)) AND (~b) AND (q)) OR ((~x) AND ((~b) OR (~a))) OR ((~q) AND (b) AND (x))
ff00,17f0,0,3,3,generic,no,q,(((~a) OR (~q)) AND ((~b) OR (~q)) AND (x)) OR ((~x) AND ((~b) OR (~a)) AND (q))
ff00,189a,0,3,3,generic,no,q,((~a) AND (~b) AND (x)) OR (((~x) OR (~q)) AND (b) AND (a)) OR ((~q) AND (~x) AND (b))
ff00,1939,0,3,3,generic,no,q,((~a) AND (~b)) OR ((~a) AND ((~b) OR (~q)) AND (x)) OR ((~x) AND (b) AND (a))
ff00,19df,0,3,3,generic,no,q,(((~a) OR (~q)) AND ((~b) OR (~q)) AND ((~b) OR (~x))) OR (((~x) OR (~q)) AND (b) AND (a))
ff00,1a5c,0,3,3,generic,no,q,(((~a) OR (~q)) AND (~b) AND (x)) OR ((~x) AND (b) AND (q)) OR ((~q) AND ((~b) OR (~x)) AND (a))
ff00,1b00,0,3,3,generic,no,q,((~a) AND ((~b) OR (~x)) AND (q)) OR ((~x) AND (b) AND (q))
ff00,1b4c,0,3,3,generic,no,q,((~a) AND ((~b) OR (~x)) AND (q)) OR ((~x) AND (b) AND (q)) OR ((~q) AND ((~b) OR (~x)) AND (a))
ff00,1bb1,0,3,3,generic,no,q,((~a) AND (~b)) OR ((~x) AND (b) AND (q)) OR ((~q) AND (b) AND (x))
ff00,1c1d,0,3,3,generic,no,q,((~a) AND (~b) AND (x)) OR ((~x) AND (a)) OR ((~q) AND ((~a) OR (~x)) AND (~b))
ff00,1c9c,0,3,3,generic,no,q,((~a) AND (~b) AND (x)) OR ((~x) AND (a)) OR (((~x) OR (~q)) AND (b) AND (a))
ff00,1d11,0,3,3,generic,no,q,((~a) AND (~b)) OR ((~x) AND (a) AND (q))
ff00,1d73,0,3,3,generic,no,q,((~a) AND ((~b) OR (~q))) OR (((~a) OR (~q)) AND (~b) AND (x)) OR ((~x) AND (a) AND (q))
ff00,1dd5,0,3,3,generic,no,q,(((~a) OR (~x) OR (~q)) AND (~b)) OR ((~x) AND (a) AND (q)) OR ((~q) AND (a) AND (x))
ff00,1ebe,0,3,3,generic,no,q,((~a) AND ((~b) OR (~q)) AND (x)) OR ((~x) AND (a)) OR (((~x) OR (~q)) AND (b))
ff00,1f2f,0,3,3,generic,no,q,(((~a) OR (~x)) AND ((~b) OR (~x)) AND (q)) OR (~x) OR (((~x) OR (~q)) AND ((~a) OR (~x)) AND (b))
ff00,1f75,0,3,3,generic,no,q,(((~a) OR (~x)) AND ((~b) OR (~x)) AND (q)) OR (((~a) OR (~x) OR (~q)) AND (~b)) OR ((~a) AND ((~b) OR (~q)) AND (x))
ff00,1fc0,0,3,3,generic,no,q,(((~a) OR (~x)) AND ((~b) OR (~x)) AND (q)) OR ((~q) AND (a) AND (x))
ff00,2023,0,3,3,generic,no,q,((~a) AND (b) AND (x)) OR ((~q) AND (~x) AND (~a))
ff00,20a2,0,3,3,generic,no,q,(((~a) OR (~q)) AND (b) AND (x)) OR ((~q) AND (~a) AND (b))
ff00,20f3,0,3,3,generic,no,q,(((~a) OR (~q)) AND (b) AND (x)) OR ((~q) AND (x)) OR ((~q) AND (~a))
ff00,21af,0,3,3,generic,no,q,(((~a) OR (~q)) AND (b) AND (x)) OR ((~x) AND ((~a) OR (~q)) AND ((~b) OR (~q)))
ff00,2227,0,3,3,generic,no,q,((~a) AND (b)) OR ((~q) AND (~x) AND ((~b) OR (~a)))
ff00,226e,0,3,3,generic,no,q,(((~a) OR (~q)) AND ((~a) OR (~x)) AND (b)) OR ((~q) AND ((~b) OR (~x)) AND (a))
ff00,22b5,0,3,3,generic,no,q,((~a) AND (b) AND (q)) OR (((~a) OR (~q)) AND (b) AND (x)) OR ((~q) AND ((~a) OR (~x)) AND (~b))
ff00,22f1,0,3,3,generic,no,q,((~a) AND (b) AND (q)) OR ((~q) AND (x)) OR ((~q) AND (~a) AND (~b))
ff00,232e,0,3,3,generic,no,q,(((~a) OR (~q)) AND ((~a) OR (~x)) AND (b)) OR ((~x) AND (~a) AND (q)) OR ((~q) AND (~x) AND (a))
ff00,2389,0,3,3,generic,no,q,((~a) AND (b) AND (q)) OR ((~x) AND (~a) AND (~b)) OR ((~q) AND (b) AND (a))
ff00,23e2,0,3,3,generic,no,q,((~a) AND (b)) OR ((~x) AND (~a) AND (q)) OR ((~q) AND (a) AND (x))
ff00,2475,0,3,3,generic,no,q,((~a) AND (b) AND (x)) OR (((~x) OR (~q)) AND (~b) AND (a)) OR ((~q) AND (~b))
ff00,252a,0,3,3,generic,no,q,((~a) AND (b) AND (x)) OR ((~x) AND (~b) AND (q)) OR ((~q) AND ((~a) OR (~x)) AND (b))
ff00,25bf,0,3,3,generic,no,q,(((~a) OR (~q)) AND (b) AND (x)) OR (((~x) OR (~q)) AND ((~a) OR (~x)) AND ((~b) OR (~q)))
ff00,2647,0,3,3,generic,no,q,((~a) AND (b) AND (q)) OR (((~x) OR (~q)) AND (~b) AND (a)) OR ((~q) AND (~x) AND ((~b) OR (~a)))
ff00,26ee,0,3,3,generic,no,q,(((~a) OR (~q)) AND (b)) OR (((~x) OR (~q)) AND ((~b) OR (~q)) AND (a))
ff00,2733,0,3,3,generic,no,q,((~a) AND (b)) OR ((~x) AND ((~b) OR (~a)) AND (q)) OR (((~x) OR (~q)) AND (~a))
ff00,27a8,0,3,3,generic,no,q,(((~a) OR (~q)) AND (b) AND (x)) OR ((~x) AND ((~b) OR (~a)) AND (q)) OR ((~q) AND (b) AND (a))
ff00,282b,0,3,3,generic,no,q,((~a) AND (b) AND (x)) OR ((~x) AND (b) AND (a)) OR ((~q) AND (~x) AND (~a))
ff00,29b9,0,3,3,generic,no,q,(((~a) OR (~q)) AND (b) AND (x)) OR (((~x) OR (~q)) AND (b) AND (a)) OR (((~x) OR (~q)) AND (~a) AND (~b))
ff00,2a3c,0,3,3,generic,no,q,(((~a) OR (~x)) AND (b) AND (q)) OR ((~q) AND (~a) AND (x)) OR ((~q) AND (~x) AND (a))
ff00,2a7f,0,3,3,generic,no,q,(((~a) OR (~x)) AND (b)) OR ((~q) AND ((~b) OR (~a) OR (~x)))
ff00,2acc,0,3,3,generic,no,q,(((~a) OR (~x)) AND (b) AND (q)) OR ((~q) AND (a))
ff00,2b08,0,3,3,generic,no,q,(((~a) OR (~x)) AND (b) AND (q)) OR ((~x) AND (b) AND (a)) OR ((~x) AND (~a) AND (q))
ff00,2b50,0,3,3,generic,no,q,(((~a) OR (~x)) AND (b) AND (q)) OR ((~x) AND (~a) AND (q)) OR ((~q) AND (~b) AND (x))
ff00,2bc1,0,3,3,generic,no,q,(((~a) OR (~x)) AND (b) AND (q)) OR ((~x) AND (~a) AND (~b)) OR ((~q) AND (a) AND (x))
ff00,2c37,0,3,3,generic,no,q,((~a) AND (b) AND (x)) OR ((~x) AND (a) AND (q)) OR ((~q) AND ((~a) OR (~x)) AND ((~b) OR (~a)))
ff00,2cef,0,3,3,generic,no,q,(((~a) OR (~q)) AND (b) AND (x)) OR (((~x) OR (~q)) AND (a)) OR ((~q) AND (~x))
ff00,2dbd,0,3,3,generic,no,q,(((~a) OR (~q)) AND (b) AND (x)) OR ((~x) AND (a)) OR (((~x) OR (~q)) AND ((~a) OR (~x)) AND (~b))
ff00,2e32,0,3,3,generic,no,q,((~a) AND (b)) OR ((~x) AND (a) AND (q)) OR ((~q) AND (~a) AND (x))
ff00,2ea2,0,3,3,generic,no,q,((~a) AND (b)) OR (((~a) OR (~q)) AND (b) AND (x)) OR ((~x) AND (a) AND (q))
ff00,2f08,0,3,3,generic,no,q,(((~a) OR (~x)) AND (b) AND (q)) OR ((~x) AND (q)) OR ((~x) AND (b) AND (a))
ff00,2f50,0,3,3,generic,no,q,(((~a) OR (~x)) AND (b) AND (q)) OR ((~x) AND (q)) OR ((~q) AND (~b) AND (x))
ff00,2fbb,0,3,3,generic,no,q,(((~a) OR (~x) OR (~q)) AND (b)) OR ((~x) AND (q)) OR (((~x) OR (~q)) AND (~a))
ff00,301c,0,3,3,generic,no,q,((~a) AND (x) AND (q)) OR ((~a) AND (~b) AND (x)) OR ((~q) AND (~x) AND (a))
ff00,305f,0,3,3,generic,no,q,((~a) AND (x) AND (q)) OR ((~q) AND ((~b) OR (~x)))
ff00,30af,0,3,3,generic,no,q,((~a) AND (x) AND (q)) OR (((~a) OR (~q)) AND (b) AND (x)) OR ((~q) AND (~x))
ff00,30ee,0,3,3,generic,no,q,((~a) AND (x) AND (q)) OR ((~q) AND (a)) OR ((~q) AND (b))
ff00,3127,0,3,3,generic,no,q,((~a) AND (x) AND (q)) OR ((~x) AND ((~a) OR (~q)) AND (~b)) OR ((~q) AND (~a) AND (b))
ff00,317c,0,3,3,generic,no,q,(((~a) OR (~q)) AND ((~b) OR (~a)) AND (x)) OR ((~a) AND (~b) AND (q)) OR ((~q) AND ((~b) OR (~x)) AND (a))
ff00,31d1,0,3,3,generic,no,q,((~a) AND (x) AND (q)) OR ((~a) AND (~b)) OR ((~q) AND (a) AND (x))
ff00,321c,0,3,3,generic,no,q,((~a) AND (b) AND (q)) OR ((~a) AND (~b) AND (x)) OR ((~q) AND (~x) AND (a))
ff00,3273,0,3,3,generic,no,q,(((~a) OR (~q)) AND ((~b) OR (~a)) AND (x)) OR ((~a) AND (b)) OR ((~q) AND (~a))
ff00,32f3,0,3,3,generic,no,q,(((~a) OR (~q)) AND (x)) OR ((~a) AND (b)) OR ((~q) AND (~a))
ff00,3330,0,3,3,generic,no,q,((~a) AND (q)) OR ((~a) AND (x))
ff00,337b,0,3,3,generic,no,q,(((~a) OR (~q)) AND ((~b) OR (~a)) AND (x)) OR (~a) OR (((~a) OR (~q)) AND ((~a) OR (~x)) AND (b))
ff00,33c4,0,3,3,generic,no,q,((~a) AND (q)) OR ((~q) AND (a) AND (x)) OR ((~q) AND (~b) AND (a))
ff00,340e,0,3,3,generic,no,q,((~a) AND (x) AND (q)) OR ((~x) AND ((~b) OR (~q)) AND (a)) OR ((~q) AND (~x) AND (b))
ff00,347d,0,3,3,generic,no,q,(((~a) OR (~q)) AND ((~b) OR (~a)) AND (x)) OR ((~x) AND ((~b) OR (~q)) AND (a)) OR ((~q) AND (~b))
ff00,3511,0,3,3,generic,no,q,((~a) AND (x) AND (q)) OR (((~a) OR (~x)) AND (~b) AND (q)) OR ((~a) AND (~b))
ff00,3570,0,3,3,generic,no,q,(((~a) OR (~q)) AND ((~b) OR (~a)) AND (x)) OR (((~a) OR (~x)) AND (~b) AND (q))
ff00,35cd,0,3,3,generic,no,q,((~a) AND (x) AND (q)) OR ((~x) AND (~b)) OR (((~x) OR (~q)) AND ((~b) OR (~q)) AND (a))
ff00,3676,0,3,3,generic,no,q,(((~a) OR (~q)) AND ((~b) OR (~a)) AND (x)) OR ((~a) AND (b)) OR (((~x) OR (~q)) AND (~b) AND (a))
ff00,3725,0,3,3,generic,no,q,(((~a) OR (~x)) AND ((~b) OR (~a)) AND (q)) OR ((~a) AND (b) AND (x)) OR ((~x) AND (~b))
ff00,3770,0,3,3,generic,no,q,(((~a) OR (~x)) AND ((~b) OR (~a)) AND (q)) OR (((~a) OR (~q)) AND ((~b) OR (~a)) AND (x))
ff00,37b8,0,3,3,generic,no,q,(((~a) OR (~x)) AND ((~b) OR (~a)) AND (q)) OR ((~a) AND (x)) OR ((~q) AND (b) AND (a))
ff00,37fa,0,3,3,generic,no,q,(((~a) OR (~x)) AND ((~b) OR (~a)) AND (q)) OR (((~a) OR (~q)) AND (x)) OR (((~a) OR (~q)) AND (b))
ff00,3898,0,3,3,generic,no,q,((~a) AND (x) AND (q)) OR ((~a) AND (~b) AND (x)) OR (((~x) OR (~q)) AND (b) AND (a))
ff00,395d,0,3,3,generic,no,q,((~a) AND (x) AND (q)) OR (((~a) OR (~q)) AND (~b)) OR ((~x) AND (b) AND (a))
ff00,3a11,0,3,3,generic,no,q,((~a) AND (x) AND (q)) OR (((~a) OR (~x)) AND (b) AND (q)) OR ((~q) AND (~a) AND (~b))
ff00,3a5c,0,3,3,generic,no,q,(((~a) OR (~x)) AND (b) AND (q)) OR (((~a) OR (~q)) AND (~b) AND (x)) OR ((~q) AND ((~b) OR (~x)) AND (a))
ff00,3af1,0,3,3,generic,no,q,(((~a) OR (~q)) AND (x)) OR (((~a) OR (~x)) AND (b) AND (q)) OR ((~q) AND (~a) AND (~b))
ff00,3b2a,0,3,3,generic,no,q,((~a) AND (q)) OR (((~a) OR (~x)) AND (b))
ff00,3b8d,0,3,3,generic,no,q,((~a) AND (q)) OR (((~x) OR (~q)) AND (b) AND (a)) OR ((~x) AND ((~a) OR (~q)) AND (~b))
ff00,3bf8,0,3,3,generic,no,q,((~a) AND (q)) OR (((~a) OR (~q)) AND (x)) OR (((~x) OR (~q)) AND (b) AND (a))
ff00,3c44,0,3,3,generic,no,q,((~a) AND (x) AND (q)) OR ((~x) AND (a) AND (q)) OR (((~x) OR (~q)) AND (~b) AND (a))
ff00,3cce,0,3,3,generic,no,q,((~a) AND (x) AND (q)) OR (((~x) OR (~q)) AND (a)) OR ((~q) AND (~x) AND (b))
ff00,3d35,0,3,3,generic,no,q,((~a) AND (x)) OR (((~a) OR (~x)) AND (~b)) OR ((~x) AND (a) AND (q))
ff00,3ddd,0,3,3,generic,no,q,((~a) AND (x) AND (q)) OR (((~a) OR (~x) OR (~q)) AND (~b)) OR (((~x) OR (~q)) AND (a))
ff00,3e7a,0,3,3,generic,no,q,(((~a) OR (~q)) AND ((~b) OR (~a)) AND (x)) OR (((~a) OR (~x)) AND (b)) OR ((~x) AND (a) AND (q))
ff00,3f23,0,3,3,generic,no,q,(((~a) OR (~x)) AND (q)) OR ((~a) AND (b)) OR ((~x) AND (~a))
ff00,3f64,0,3,3,generic,no,q,(((~a) OR (~x)) AND (q)) OR ((~a) AND (b) AND (x)) OR (((~x) OR (~q)) AND (~b) AND (a))
ff00,3fb0,0,3,3,generic,no,q,(((~a) OR (~x)) AND (q)) OR ((~a) AND (x)) OR (((~a) OR (~q)) AND (b) AND (x))
ff00,3ff3,0,3,3,generic,no,q,(((~a) OR (~x)) AND (q)) OR (~a) OR (((~a) OR (~q)) AND (x))
ff00,4074,0,3,3,generic,no,q,((~b) AND (a) AND (x)) OR ((~q) AND ((~b) OR (~a)) AND (x)) OR ((~q) AND (~b) AND (a))
ff00,40ea,0,3,3,generic,no,q,(((~b) OR (~q)) AND (a) AND (x)) OR ((~q) AND (b))
ff00,417f,0,3,3,generic,no,q,((~b) AND (a) AND (x)) OR (((~x) OR (~q)) AND ((~a) OR (~q)) AND (~b)) OR ((~q) AND ((~b) OR (~a) OR (~x)))
ff00,425a,0,3,3,generic,no,q,((~b) AND (a) AND (x)) OR ((~x) AND ((~a) OR (~q)) AND (b)) OR ((~q) AND (~b) AND (x))
ff00,42f7,0,3,3,generic,no,q,(((~b) OR (~q)) AND (a) AND (x)) OR (((~x) OR (~q)) AND (~a) AND (b)) OR ((~q) AND ((~b) OR (~a)))
ff00,43c8,0,3,3,generic,no,q,(((~b) OR (~q)) AND (a) AND (x)) OR ((~x) AND (~a) AND (q)) OR ((~q) AND (b) AND (a))
ff00,4422,0,3,3,generic,no,q,((~b) AND (a) AND (q)) OR ((~q) AND (~a) AND (b))
ff00,4466,0,3,3,generic,no,q,((~b) AND (a)) OR ((~q) AND (~a) AND (b))
ff00,44b0,0,3,3,generic,no,q,((~b) AND (a) AND (q)) OR ((~q) AND (b) AND (x)) OR ((~q) AND (~a) AND (x))
ff00,44ee,0,3,3,generic,no,q,(((~b) OR (~q)) AND (a)) OR ((~q) AND (b))
ff00,4530,0,3,3,generic,no,q,((~b) AND (a) AND (q)) OR ((~x) AND (~b) AND (q)) OR ((~q) AND (~a) AND (x))
ff00,457d,0,3,3,generic,no,q,(((~b) OR (~q)) AND ((~b) OR (~x)) AND (a)) OR (((~x) OR (~q)) AND (~b)) OR ((~q) AND ((~b) OR (~a)) AND (x))
ff00,45dd,0,3,3,generic,no,q,(((~b) OR (~q)) AND (a)) OR (((~x) OR (~q)) AND (~b))
ff00,4632,0,3,3,generic,no,q,((~b) AND (a) AND (q)) OR (((~x) OR (~q)) AND (~a) AND (b)) OR ((~q) AND (~a) AND (x))
ff00,46ca,0,3,3,generic,no,q,((~b) AND (a) AND (q)) OR (((~b) OR (~q)) AND (a) AND (x)) OR ((~x) AND ((~a) OR (~q)) AND (b))
ff00,4737,0,3,3,generic,no,q,((~b) AND (a) AND (q)) OR (((~x) OR (~q)) AND ((~a) OR (~x)) AND ((~b) OR (~a)))
ff00,479b,0,3,3,generic,no,q,((~b) AND (a) AND (q)) OR (((~x) OR (~q)) AND (~a) AND ((~b) OR (~x))) OR ((~q) AND (b) AND (a))
ff00,47f0,0,3,3,generic,no,q,((~b) AND (a) AND (q)) OR ((~x) AND ((~b) OR (~a)) AND (q)) OR ((~q) AND (x))
ff00,494f,0,3,3,generic,no,q,((~b) AND (a) AND (x)) OR ((~x) AND (b) AND (a)) OR ((~x) AND ((~a) OR (~q)) AND ((~b) OR (~q)))
ff00,4a7a,0,3,3,generic,no,q,((~b) AND (a) AND (x)) OR (((~x) OR (~q)) AND ((~a) OR (~x)) AND (b)) OR ((~q) AND ((~b) OR (~a)) AND (x))
ff00,4b48,0,3,3,generic,no,q,((~b) AND (a) AND (x)) OR ((~x) AND (b) AND (a)) OR ((~x) AND (~a) AND (q))
ff00,4c07,0,3,3,generic,no,q,(((~b) OR (~x)) AND (a) AND (q)) OR ((~q) AND (~x) AND ((~b) OR (~a)))
ff00,4c4a,0,3,3,generic,no,q,(((~b) OR (~x)) AND (a) AND (q)) OR ((~b) AND (a) AND (x)) OR ((~q) AND (~x) AND (b))
ff00,4c99,0,3,3,generic,no,q,(((~b) OR (~x)) AND (a) AND (q)) OR (((~x) OR (~q)) AND (b) AND (a)) OR ((~q) AND (~a) AND (~b))
ff00,4cd7,0,3,3,generic,no,q,(((~b) OR (~x)) AND (a) AND (q)) OR (((~b) OR (~q)) AND (a) AND (x)) OR ((~q) AND ((~b) OR (~x)) AND ((~b) OR (~a)))
ff00,4d11,0,3,3,generic,no,q,(((~b) OR (~x)) AND (a) AND (q)) OR (((~x) OR (~q)) AND (~a) AND (~b))
ff00,4d6e,0,3,3,generic,no,q,(((~b) OR (~x)) AND (a)) OR ((~x) AND (~b) AND (q)) OR ((~q) AND ((~a) OR (~x)) AND (b))
ff00,4dd1,0,3,3,generic,no,q,(((~b) OR (~x)) AND (a) AND (q)) OR (((~b) OR (~q)) AND (a) AND (x)) OR (((~x) OR (~q)) AND (~a) AND (~b))
ff00,4e2a,0,3,3,generic,no,q,(((~b) OR (~x)) AND (a) AND (q)) OR (((~x) OR (~q)) AND ((~a) OR (~x)) AND (b))
ff00,4e77,0,3,3,generic,no,q,(((~b) OR (~x)) AND (a) AND (q)) OR ((~x) AND (b) AND (q)) OR ((~q) AND ((~b) OR (~a)))
ff00,4eff,0,3,3,generic,no,q,(((~b) OR (~x) OR (~q)) AND (a)) OR (((~x) OR (~q)) AND (b)) OR (~q)
ff00,4f4c,0,3,3,generic,no,q,(((~b) OR (~x)) AND (a)) OR ((~x) AND (q))
ff00,4fc1,0,3,3,generic,no,q,(((~b) OR (~q)) AND (a) AND (x)) OR ((~x) AND (q)) OR ((~x) AND (~a) AND (~b))
ff00,500e,0,3,3,generic,no,q,((~b) AND (x) AND (q)) OR ((~q) AND (~x) AND (a)) OR ((~q) AND (~x) AND (b))
ff00,5054,0,3,3,generic,no,q,((~b) AND (x)) OR ((~q) AND (~b) AND (a))
ff00,50a3,0,3,3,generic,no,q,((~b) AND (x) AND (q)) OR ((~q) AND (b) AND (x)) OR ((~q) AND (~x) AND (~a))
ff00,50dd,0,3,3,generic,no,q,((~b) AND (x)) OR ((~q) AND (a)) OR ((~q) AND (~b))
ff00,511b,0,3,3,generic,no,q,((~b) AND (x) AND (q)) OR ((~a) AND ((~b) OR (~q)) AND ((~b) OR (~x))) OR ((~q) AND (~x) AND (b))
ff00,5171,0,3,3,generic,no,q,(((~b) OR (~q)) AND ((~b) OR (~a)) AND (x)) OR ((~a) AND (~b))
ff00,51cd,0,3,3,generic,no,q,((~b) AND (x) AND (q)) OR ((~x) AND ((~a) OR (~q)) AND (~b)) OR ((~q) AND (a))
ff00,521a,0,3,3,generic,no,q,((~b) AND (x) AND (q)) OR ((~a) AND (~b) AND (x)) OR ((~x) AND ((~a) OR (~q)) AND (b))
ff00,52aa,0,3,3,generic,no,q,((~b) AND (x) AND (q)) OR (((~x) OR (~q)) AND ((~a) OR (~q)) AND (b))
ff00,531f,0,3,3,generic,no,q,((~b) AND (x) AND (q)) OR (((~a) OR (~q)) AND ((~a) OR (~x)) AND ((~b) OR (~x)))
ff00,5375,0,3,3,generic,no,q,(((~b) OR (~q)) AND ((~b) OR (~a)) AND (x)) OR ((~a) AND ((~b) OR (~x)) AND (q)) OR (((~a) OR (~q)) AND (~b))
ff00,53e0,0,3,3,generic,no,q,(((~b) OR (~q)) AND (a) AND (x)) OR ((~a) AND ((~b) OR (~x)) AND (q)) OR ((~q) AND (b) AND (x))
ff00,5431,0,3,3,generic,no,q,((~b) AND (a) AND (q)) OR ((~a) AND ((~b) OR (~q)) AND (x)) OR ((~q) AND (~a) AND (~b))
ff00,547d,0,3,3,generic,no,q,(((~b) OR (~q)) AND ((~b) OR (~a)) AND (x)) OR (((~b) OR (~q)) AND ((~b) OR (~x)) AND (a)) OR ((~q) AND (~b))
ff00,54fc,0,3,3,generic,no,q,(((~b) OR (~q)) AND (x)) OR (((~b) OR (~q)) AND (a))
ff00,553f,0,3,3,generic,no,q,((~b) AND (q)) OR (((~a) OR (~x)) AND ((~b) OR (~q)))
ff00,558c,0,3,3,generic,no,q,((~b) AND (q)) OR ((~x) AND ((~b) OR (~q)) AND (a)) OR ((~q) AND (b) AND (a))
ff00,55ce,0,3,3,generic,no,q,((~b) AND (q)) OR (((~b) OR (~q)) AND (a)) OR ((~q) AND (~x) AND (b))
ff00,564e,0,3,3,generic,no,q,((~b) AND (x) AND (q)) OR (((~b) OR (~q)) AND ((~b) OR (~x)) AND (a)) OR ((~x) AND ((~a) OR (~q)) AND (b))
ff00,571c,0,3,3,generic,no,q,(((~b) OR (~x)) AND ((~b) OR (~a)) AND (q)) OR ((~a) AND (~b) AND (x)) OR ((~x) AND ((~b) OR (~q)) AND (a))
ff00,575a,0,3,3,generic,no,q,(((~b) OR (~x)) AND ((~b) OR (~a)) AND (q)) OR ((~b) AND (x)) OR ((~x) AND ((~a) OR (~q)) AND (b))
ff00,57ac,0,3,3,generic,no,q,(((~b) OR (~x)) AND ((~b) OR (~a)) AND (q)) OR ((~x) AND ((~b) OR (~q)) AND (a)) OR ((~q) AND (b) AND (x))
ff00,57f0,0,3,3,generic,no,q,(((~b) OR (~x)) AND ((~b) OR (~a)) AND (q)) OR (((~b) OR (~q)) AND (x))
ff00,587d,0,3,3,generic,no,q,(((~b) OR (~q)) AND ((~b) OR (~a)) AND (x)) OR ((~x) AND (b) AND (a)) OR ((~q) AND (~b))
ff00,591b,0,3,3,generic,no,q,((~b) AND (x) AND (q)) OR ((~a) AND ((~b) OR (~q)) AND ((~b) OR (~x))) OR ((~x) AND (b) AND (a))
ff00,5a07,0,3,3,generic,no,q,((~b) AND (x) AND (q)) OR ((~x) AND (b) AND (q)) OR ((~q) AND (~x) AND ((~b) OR (~a)))
ff00,5a5c,0,3,3,generic,no,q,((~b) AND (x)) OR ((~x) AND (b) AND (q)) OR ((~q) AND ((~b) OR (~x)) AND (a))
ff00,5af1,0,3,3,generic,no,q,(((~b) OR (~q)) AND (x)) OR ((~x) AND (b) AND (q)) OR ((~q) AND (~a) AND (~b))
ff00,5b58,0,3,3,generic,no,q,((~b) AND (x)) OR ((~a) AND ((~b) OR (~x)) AND (q)) OR ((~x) AND (b) AND (a))
ff00,5bf8,0,3,3,generic,no,q,(((~b) OR (~q)) AND (x)) OR ((~a) AND ((~b) OR (~x)) AND (q)) OR (((~x) OR (~q)) AND (b) AND (a))
ff00,5c40,0,3,3,generic,no,q,((~b) AND (x) AND (q)) OR (((~b) OR (~x)) AND (a) AND (q)) OR ((~b) AND (a) AND (x))
ff00,5cb8,0,3,3,generic,no,q,(((~b) OR (~x)) AND (a) AND (q)) OR ((~a) AND ((~b) OR (~q)) AND (x)) OR (((~x) OR (~q)) AND (b) AND (a))
ff00,5d0e,0,3,3,generic,no,q,((~b) AND (q)) OR ((~x) AND (a)) OR ((~q) AND (~x) AND (b))
ff00,5d5f,0,3,3,generic,no,q,(((~b) OR (~q)) AND ((~b) OR (~x))) OR (((~b) OR (~x)) AND (a))
ff00,5dcf,0,3,3,generic,no,q,((~b) AND (q)) OR (((~b) OR (~x) OR (~q)) AND (a)) OR ((~x) AND ((~b) OR (~q)))
ff00,5e54,0,3,3,generic,no,q,((~b) AND (x)) OR ((~b) AND (a)) OR ((~x) AND (b) AND (q))
ff00,5f19,0,3,3,generic,no,q,(((~b) OR (~x)) AND (q)) OR ((~a) AND (~b)) OR ((~x) AND (b) AND (a))
ff00,5f51,0,3,3,generic,no,q,(((~b) OR (~x)) AND (q)) OR ((~b) AND (x)) OR ((~a) AND (~b))
ff00,5fa5,0,3,3,generic,no,q,(((~b) OR (~x)) AND (q)) OR ((~x) AND (~b)) OR ((~q) AND (b) AND (x))
ff00,5fe2,0,3,3,generic,no,q,(((~b) OR (~x)) AND (q)) OR (((~b) OR (~q)) AND (a) AND (x)) OR (((~x) OR (~q)) AND (~a) AND (b))
ff00,60f0,0,3,3,generic,no,q,(((~b) OR (~q)) AND (a) AND (x)) OR (((~a) OR (~q)) AND (b) AND (x)) OR ((~q) AND (x))
ff00,6267,0,3,3,generic,no,q,((~b) AND (a) AND (x)) OR ((~a) AND (b)) OR ((~q) AND (~x) AND ((~b) OR (~a)))
ff00,62f7,0,3,3,generic,no,q,(((~b) OR (~q)) AND (a) AND (x)) OR ((~a) AND (b)) OR ((~q) AND ((~b) OR (~a)))
ff00,63eb,0,3,3,generic,no,q,(((~b) OR (~q)) AND (a) AND (x)) OR (((~a) OR (~q)) AND (b)) OR ((~x) AND (~a))
ff00,64a4,0,3,3,generic,no,q,((~b) AND (a) AND (q)) OR (((~a) OR (~q)) AND (b) AND (x)) OR ((~x) AND (~b) AND (a))
ff00,6564,0,3,3,generic,no,q,((~b) AND (a)) OR ((~a) AND (b) AND (x)) OR ((~x) AND (~b) AND (q))
ff00,6611,0,3,3,generic,no,q,((~b) AND (a) AND (q)) OR ((~a) AND (b) AND (q)) OR ((~q) AND (~a) AND (~b))
ff00,666a,0,3,3,generic,no,q,((~b) AND (a) AND (q)) OR ((~b) AND (a) AND (x)) OR (((~a) OR (~q)) AND ((~a) OR (~x)) AND (b))
ff00,66f2,0,3,3,generic,no,q,((~b) AND (a) AND (q)) OR ((~a) AND (b)) OR ((~q) AND (x))
ff00,6764,0,3,3,generic,no,q,((~b) AND (a)) OR ((~a) AND (b) AND (x)) OR ((~x) AND ((~b) OR (~a)) AND (q))
ff00,68e8,0,3,3,generic,no,q,(((~b) OR (~q)) AND (a) AND (x)) OR (((~a) OR (~q)) AND (b) AND (x)) OR (((~x) OR (~q)) AND (b) AND (a))
ff00,6ad1,0,3,3,generic,no,q,(((~b) OR (~q)) AND (a) AND (x)) OR (((~a) OR (~x)) AND (b) AND (q)) OR ((~q) AND (~a) AND (~b))
ff00,6bd1,0,3,3,generic,no,q,(((~b) OR (~q)) AND (a) AND (x)) OR (((~a) OR (~x)) AND (b) AND (q)) OR (((~x) OR (~q)) AND (~a) AND (~b))
ff00,6ca2,0,3,3,generic,no,q,(((~b) OR (~x)) AND (a) AND (q)) OR (((~a) OR (~q)) AND (b) AND (x)) OR ((~q) AND (~a) AND (b))
ff00,6d75,0,3,3,generic,no,q,(((~b) OR (~x)) AND (a) AND (q)) OR ((~a) AND (b) AND (x)) OR (((~x) OR (~q)) AND (~b))
ff00,6e2a,0,3,3,generic,no,q,(((~b) OR (~x)) AND (a) AND (q)) OR (((~a) OR (~x)) AND (b))
ff00,6e7e,0,3,3,generic,no,q,(((~b) OR (~x)) AND (a)) OR (((~a) OR (~x)) AND (b)) OR ((~q) AND ((~b) OR (~a)) AND (x))
ff00,6f11,0,3,3,generic,no,q,(((~b) OR (~x)) AND (a) AND (q)) OR (((~a) OR (~x)) AND (b) AND (q)) OR (((~x) OR (~q)) AND (~a) AND (~b))
ff00,6fab,0,3,3,generic,no,q,(((~b) OR (~x)) AND (a) AND (q)) OR (((~a) OR (~x) OR (~q)) AND (b)) OR ((~x) AND (~a))
ff00,701b,0,3,3,generic,no,q,(((~b) OR (~a)) AND (x) AND (q)) OR ((~q) AND (~a) AND ((~b) OR (~x))) OR ((~q) AND (~x) AND (b))
ff00,705d,0,3,3,generic,no,q,(((~b) OR (~a)) AND (x) AND (q)) OR ((~q) AND (~b)) OR ((~q) AND ((~b) OR (~x)) AND (a))
ff00,70ab,0,3,3,generic,no,q,(((~b) OR (~a)) AND (x) AND (q)) OR ((~q) AND (b)) OR ((~q) AND (~x) AND (~a))
ff00,70f1,0,3,3,generic,no,q,(((~b) OR (~a) OR (~q)) AND (x)) OR ((~q) AND (~a) AND (~b))
ff00,712b,0,3,3,generic,no,q,(((~b) OR (~a)) AND (x) AND (q)) OR ((~x) AND (~a) AND ((~b) OR (~q))) OR ((~q) AND ((~a) OR (~x)) AND (b))
ff00,718b,0,3,3,generic,no,q,(((~b) OR (~a)) AND (x) AND (q)) OR ((~x) AND (~a) AND ((~b) OR (~q))) OR ((~q) AND (b) AND (a))
ff00,71fa,0,3,3,generic,no,q,(((~b) OR (~a) OR (~q)) AND (x)) OR ((~a) AND (~b) AND (q)) OR ((~q) AND (b))
ff00,7242,0,3,3,generic,no,q,(((~b) OR (~a)) AND (x) AND (q)) OR ((~b) AND (a) AND (x)) OR ((~x) AND (~a) AND (b))
ff00,72af,0,3,3,generic,no,q,(((~b) OR (~a)) AND (x) AND (q)) OR (((~a) OR (~q)) AND (b)) OR ((~q) AND (~x))
ff00,7311,0,3,3,generic,no,q,(((~b) OR (~a)) AND (x) AND (q)) OR ((~a) AND (q)) OR ((~a) AND (~b))
ff00,736a,0,3,3,generic,no,q,((~b) AND (a) AND (x)) OR ((~a) AND (q)) OR (((~a) OR (~q)) AND ((~a) OR (~x)) AND (b))
ff00,73d3,0,3,3,generic,no,q,(((~b) OR (~a)) AND (x) AND (q)) OR (((~b) OR (~q)) AND (a) AND (x)) OR ((~a) AND ((~b) OR (~x)))
ff00,7420,0,3,3,generic,no,q,(((~b) OR (~a)) AND (x) AND (q)) OR ((~b) AND (a) AND (q)) OR ((~a) AND (b) AND (x))
ff00,7474,0,3,3,generic,no,q,(((~b) OR (~a)) AND (x)) OR ((~b) AND (a))
ff00,74fa,0,3,3,generic,no,q,(((~b) OR (~a) OR (~q)) AND (x)) OR ((~b) AND (a) AND (q)) OR ((~q) AND (b))
ff00,753c,0,3,3,generic,no,q,((~b) AND (q)) OR ((~a) AND (x)) OR ((~x) AND ((~b) OR (~q)) AND (a))
ff00,75a8,0,3,3,generic,no,q,((~b) AND (q)) OR (((~a) OR (~q)) AND (b) AND (x)) OR ((~q) AND (b) AND (a))
ff00,7606,0,3,3,generic,no,q,(((~b) OR (~a)) AND (x) AND (q)) OR ((~x) AND (~b) AND (a)) OR ((~x) AND (~a) AND (b))
ff00,76fc,0,3,3,generic,no,q,(((~b) OR (~a) OR (~q)) AND (x)) OR (((~b) OR (~q)) AND (a)) OR ((~a) AND (b) AND (q))
ff00,773c,0,3,3,generic,no,q,(((~b) OR (~a)) AND (q)) OR ((~a) AND (x)) OR ((~x) AND ((~b) OR (~q)) AND (a))
ff00,7788,0,3,3,generic,no,q,(a AND b) XOR q
ff00,77c7,0,3,3,generic,no,q,(((~b) OR (~a)) AND (q)) OR (((~b) OR (~q)) AND (a) AND (x)) OR ((~x) AND ((~b) OR (~a)))
ff00,781b,0,3,3,generic,no,q,(((~b) OR (~a)) AND (x) AND (q)) OR ((~x) AND (b) AND (a)) OR ((~q) AND (~a) AND ((~b) OR (~x)))
ff00,78df,0,3,3,generic,no,q,(((~b) OR (~a)) AND (x) AND (q)) OR (((~x) OR (~q)) AND (b) AND (a)) OR ((~q) AND ((~b) OR (~x)))
ff00,79fd,0,3,3,generic,no,q,(((~b) OR (~a) OR (~q)) AND (x)) OR (((~a) OR (~q)) AND (~b)) OR (((~x) OR (~q)) AND (b) AND (a))
ff00,7a53,0,3,3,generic,no,q,((~b) AND (x)) OR (((~a) OR (~x)) AND (b) AND (q)) OR ((~q) AND (~a) AND ((~b) OR (~x)))
ff00,7aea,0,3,3,generic,no,q,(((~b) OR (~a)) AND (x) AND (q)) OR (((~b) OR (~q)) AND (a) AND (x)) OR (((~a) OR (~x) OR (~q)) AND (b))
ff00,7b51,0,3,3,generic,no,q,((~b) AND (x)) OR (((~a) OR (~x)) AND (b) AND (q)) OR ((~a) AND (~b))
ff00,7bf5,0,3,3,generic,no,q,(((~b) OR (~a) OR (~q)) AND (x)) OR (((~a) OR (~x)) AND (b) AND (q)) OR (((~a) OR (~q)) AND (~b))
ff00,7c40,0,3,3,generic,no,q,(((~b) OR (~a)) AND (x) AND (q)) OR (((~b) OR (~x)) AND (a) AND (q)) OR ((~b) AND (a) AND (x))
ff00,7ccf,0,3,3,generic,no,q,(((~b) OR (~a)) AND (x) AND (q)) OR (((~b) OR (~x) OR (~q)) AND (a)) OR ((~q) AND (~x))
ff00,7d37,0,3,3,generic,no,q,(((~b) OR (~a)) AND (x) AND (q)) OR (((~b) OR (~x)) AND (a) AND (q)) OR (((~a) OR (~x)) AND ((~b) OR (~q)) AND ((~b) OR (~a)))
ff00,7dec,0,3,3,generic,no,q,((~b) AND (q)) OR (((~b) OR (~x) OR (~q)) AND (a)) OR (((~a) OR (~q)) AND (b) AND (x))
ff00,7ece,0,3,3,generic,no,q,(((~b) OR (~a)) AND (x) AND (q)) OR (((~b) OR (~x) OR (~q)) AND (a)) OR ((~x) AND (b))
ff00,7f2b,0,3,3,generic,no,q,(((~b) OR (~a) OR (~x)) AND (q)) OR (((~a) OR (~x)) AND (b)) OR ((~x) AND (~a))
ff00,7f6a,0,3,3,generic,no,q,(((~b) OR (~a) OR (~x)) AND (q)) OR ((~b) AND (a) AND (x)) OR (((~a) OR (~x)) AND (b))
ff00,7fb5,0,3,3,generic,no,q,(((~b) OR (~a) OR (~x)) AND (q)) OR (((~a) OR (~q)) AND (b) AND (x)) OR (((~a) OR (~x)) AND (~b))
ff00,7ff7,0,3,3,generic,no,q,(((~b) OR (~a) OR (~x)) AND (q)) OR ((~b) OR (~a)) OR (((~b) OR (~a) OR (~q)) AND (x))
ff00,80b8,0,3,3,generic,no,q,((~q) AND (b) AND (a)) OR ((b) AND (a) AND (x)) OR ((~q) AND (~a) AND (x))
ff00,80f7,0,3,3,generic,no,q,((~q) AND ((~b) OR (~a))) OR ((b) AND (a) AND (x))
ff00,81d5,0,3,3,generic,no,q,(((~x) OR (~q)) AND ((~a) OR (~q)) AND (~b)) OR ((b) AND (a) AND (x))
ff00,82df,0,3,3,generic,no,q,((~x) AND ((~a) OR (~q)) AND (b)) OR ((b) AND (a) AND (x)) OR ((~q) AND ((~b) OR (~x)))
ff00,83c4,0,3,3,generic,no,q,((~x) AND (~a) AND (q)) OR ((b) AND (a) AND (x)) OR ((~q) AND (~b) AND (a))
ff00,84d5,0,3,3,generic,no,q,(((~x) OR (~q)) AND (~b) AND (a)) OR ((b) AND (a) AND (x)) OR ((~q) AND (~b))
ff00,85bf,0,3,3,generic,no,q,(((~x) OR (~q)) AND ((~a) OR (~x)) AND ((~b) OR (~q))) OR ((b) AND (a) AND (x))
ff00,879f,0,3,3,generic,no,q,((~x) AND ((~b) OR (~a) OR (~q))) OR ((b) AND (a) AND (x)) OR (((~x) OR (~q)) AND ((~a) OR (~x)) AND (~b))
ff00,8823,0,3,3,generic,no,q,((~q) AND (~a) AND (b)) OR ((b) AND (a) AND (q)) OR ((~q) AND (~x) AND (~a))
ff00,8873,0,3,3,generic,no,q,((~q) AND ((~b) OR (~a)) AND (x)) OR ((b) AND (a) AND (q)) OR ((~q) AND (~a))
ff00,88b7,0,3,3,generic,no,q,((~q) AND (b) AND (x)) OR ((b) AND (a) AND (q)) OR ((~q) AND ((~a) OR (~x)) AND ((~b) OR (~a)))
ff00,88f1,0,3,3,generic,no,q,((~q) AND (x)) OR ((b) AND (a) AND (q)) OR ((~q) AND (~a) AND (~b))
ff00,894d,0,3,3,generic,no,q,((~x) AND ((~a) OR (~q)) AND (~b)) OR ((b) AND (a) AND (q)) OR ((~q) AND ((~b) OR (~x)) AND (a))
ff00,89c5,0,3,3,generic,no,q,((~x) AND ((~a) OR (~q)) AND (~b)) OR ((b) AND (a) AND (q)) OR ((~q) AND (a) AND (x))
ff00,8a2e,0,3,3,generic,no,q,(((~x) OR (~q)) AND ((~a) OR (~x)) AND (b)) OR ((b) AND (a) AND (q)) OR ((~q) AND (~x) AND (a))
ff00,8a95,0,3,3,generic,no,q,((~x) AND (b) AND (q)) OR ((b) AND (a) AND (x)) OR ((~q) AND ((~a) OR (~x)) AND (~b))
ff00,8afa,0,3,3,generic,no,q,(((~x) OR (~q)) AND (b)) OR ((b) AND (a)) OR ((~q) AND (x))
ff00,8b73,0,3,3,generic,no,q,(((~x) OR (~q)) AND (~a)) OR ((b) AND (a) AND (q)) OR ((~q) AND ((~b) OR (~a)) AND (x))
ff00,8bd5,0,3,3,generic,no,q,((~x) AND (b) AND (q)) OR ((b) AND (a) AND (x)) OR (((~x) OR (~q)) AND ((~a) OR (~q)) AND (~b))
ff00,8c47,0,3,3,generic,no,q,(((~x) OR (~q)) AND (~b) AND (a)) OR ((b) AND (a) AND (q)) OR ((~q) AND (~x) AND ((~b) OR (~a)))
ff00,8ca4,0,3,3,generic,no,q,((~x) AND (~b) AND (a)) OR ((b) AND (a) AND (q)) OR ((~q) AND (b) AND (x))
ff00,8d07,0,3,3,generic,no,q,((~x) AND ((~b) OR (~q)) AND ((~b) OR (~a))) OR ((b) AND (a) AND (q))
ff00,8d87,0,3,3,generic,no,q,((~x) AND (a) AND (q)) OR ((b) AND (a) AND (x)) OR ((~x) AND ((~b) OR (~q)) AND ((~b) OR (~a)))
ff00,8df7,0,3,3,generic,no,q,((~x) AND (a) AND (q)) OR ((b) AND (a) AND (x)) OR (((~x) OR (~q)) AND ((~b) OR (~q)) AND ((~b) OR (~a)))
ff00,8f05,0,3,3,generic,no,q,((~x) AND (q)) OR ((b) AND (a) AND (q)) OR ((~x) AND (~b))
ff00,8f8c,0,3,3,generic,no,q,((~x) AND (q)) OR ((b) AND (a)) OR ((~x) AND (a))
ff00,9097,0,3,3,generic,no,q,((~a) AND (~b) AND (x)) OR ((b) AND (a) AND (x)) OR ((~q) AND (~x) AND ((~b) OR (~a)))
ff00,9187,0,3,3,generic,no,q,((~a) AND (~b) AND (q)) OR ((b) AND (a) AND (x)) OR ((~q) AND (~x) AND ((~b) OR (~a)))
ff00,9292,0,3,3,generic,no,q,((~a) AND (~b) AND (x)) OR ((b) AND (a) AND (x)) OR ((~x) AND (~a) AND (b))
ff00,93df,0,3,3,generic,no,q,(((~a) OR (~q)) AND ((~b) OR (~x))) OR ((b) AND (a) AND (x))
ff00,95cc,0,3,3,generic,no,q,(((~a) OR (~x)) AND (~b) AND (q)) OR ((b) AND (a) AND (x)) OR (((~x) OR (~q)) AND ((~b) OR (~q)) AND (a))
ff00,9810,0,3,3,generic,no,q,((~a) AND (~b) AND (x)) OR ((b) AND (a) AND (q))
ff00,9899,0,3,3,generic,no,q,((~a) AND (~b) AND (x)) OR ((b) AND (a)) OR ((~q) AND (~a) AND (~b))
ff00,9907,0,3,3,generic,no,q,((~a) AND (~b) AND (q)) OR ((b) AND (a) AND (q)) OR ((~q) AND (~x) AND ((~b) OR (~a)))
ff00,9989,0,3,3,generic,no,q,((~a) AND (~b) AND (q)) OR ((b) AND (a)) OR ((~x) AND (~a) AND (~b))
ff00,99f7,0,3,3,generic,no,q,(((~a) OR (~q)) AND ((~b) OR (~q)) AND ((~b) OR (~a))) OR ((b) AND (a) AND (q)) OR ((b) AND (a) AND (x))
ff00,9b10,0,3,3,generic,no,q,((~a) AND ((~b) OR (~x)) AND (q)) OR ((b) AND (a) AND (q)) OR ((~a) AND (~b) AND (x))
ff00,9b9f,0,3,3,generic,no,q,(((~a) OR (~q)) AND ((~a) OR (~x)) AND ((~b) OR (~x))) OR ((b) AND (a))
ff00,9cbc,0,3,3,generic,no,q,((~a) AND ((~b) OR (~q)) AND (x)) OR ((b) AND (a)) OR ((~x) AND (a))
ff00,9d75,0,3,3,generic,no,q,(((~a) OR (~x) OR (~q)) AND (~b)) OR ((b) AND (a) AND (q)) OR ((~a) AND ((~b) OR (~q)) AND (x))
ff00,9dfd,0,3,3,generic,no,q,(((~a) OR (~x) OR (~q)) AND (~b)) OR ((b) AND (a)) OR (((~a) OR (~q)) AND ((~b) OR (~q)) AND (x))
ff00,9f87,0,3,3,generic,no,q,(((~a) OR (~x)) AND ((~b) OR (~x)) AND (q)) OR ((b) AND (a) AND (x)) OR ((~x) AND ((~b) OR (~a)))
ff00,9ff8,0,3,3,generic,no,q,(((~a) OR (~x)) AND ((~b) OR (~x)) AND (q)) OR ((b) AND (a)) OR (((~a) OR (~q)) AND ((~b) OR (~q)) AND (x))
ff00,a04c,0,3,3,generic,no,q,((~q) AND ((~b) OR (~x)) AND (a)) OR ((b) AND (x) AND (q))
ff00,a099,0,3,3,generic,no,q,((~q) AND (b) AND (a)) OR ((b) AND (x) AND (q)) OR ((~q) AND (~a) AND (~b))
ff00,a0d1,0,3,3,generic,no,q,((~q) AND (a) AND (x)) OR ((b) AND (x) AND (q)) OR ((~q) AND (~a) AND (~b))
ff00,a113,0,3,3,generic,no,q,(((~x) OR (~q)) AND (~a) AND (~b)) OR ((b) AND (x) AND (q)) OR ((~x) AND (~a) AND ((~b) OR (~q)))
ff00,a191,0,3,3,generic,no,q,(((~x) OR (~q)) AND (~a) AND (~b)) OR ((b) AND (x) AND (q)) OR ((b) AND (a) AND (x))
ff00,a203,0,3,3,generic,no,q,((~a) AND (b) AND (q)) OR ((b) AND (x) AND (q)) OR ((~q) AND (~x) AND (~a))
ff00,a26e,0,3,3,generic,no,q,(((~a) OR (~q)) AND ((~a) OR (~x)) AND (b)) OR ((b) AND (x) AND (q)) OR ((~q) AND ((~b) OR (~x)) AND (a))
ff00,a2c2,0,3,3,generic,no,q,((~x) AND (~a) AND (b)) OR ((b) AND (x) AND (q)) OR ((~q) AND (a) AND (x))
ff00,a323,0,3,3,generic,no,q,((~a) AND (b)) OR ((b) AND (x) AND (q)) OR ((~x) AND (~a))
ff00,a3a8,0,3,3,generic,no,q,((~x) AND (~a) AND (q)) OR ((b) AND (x)) OR ((~q) AND (b) AND (a))
ff00,a41d,0,3,3,generic,no,q,((~x) AND ((~b) OR (~q)) AND (a)) OR ((b) AND (x) AND (q)) OR ((~q) AND ((~a) OR (~x)) AND (~b))
ff00,a4b5,0,3,3,generic,no,q,((~x) AND (~b) AND (a)) OR ((b) AND (x)) OR ((~q) AND ((~a) OR (~x)) AND (~b))
ff00,a517,0,3,3,generic,no,q,(((~x) OR (~q)) AND ((~a) OR (~x)) AND (~b)) OR ((b) AND (x) AND (q)) OR ((~x) AND ((~b) OR (~q)) AND ((~b) OR (~a)))
ff00,a5a3,0,3,3,generic,no,q,((~x) AND (~b) AND (q)) OR ((b) AND (x)) OR ((~x) AND (~a) AND ((~b) OR (~q)))
ff00,a60e,0,3,3,generic,no,q,((~x) AND ((~b) OR (~q)) AND (a)) OR ((b) AND (x) AND (q)) OR ((~x) AND ((~a) OR (~q)) AND (b))
ff00,a72f,0,3,3,generic,no,q,(((~a) OR (~q)) AND ((~a) OR (~x)) AND (b)) OR ((b) AND (x) AND (q)) OR ((~x) AND ((~b) OR (~a) OR (~q)))
ff00,a7c7,0,3,3,generic,no,q,((~x) AND ((~b) OR (~a))) OR ((b) AND (x) AND (q)) OR ((~q) AND (a) AND (x))
ff00,a830,0,3,3,generic,no,q,((~a) AND (b) AND (x)) OR ((b) AND (a) AND (q)) OR ((~q) AND (~a) AND (x))
ff00,a8af,0,3,3,generic,no,q,(((~a) OR (~q)) AND (b) AND (x)) OR ((b) AND (a)) OR ((~q) AND (~x))
ff00,a933,0,3,3,generic,no,q,((~a) AND (b) AND (x)) OR ((b) AND (a) AND (q)) OR (((~x) OR (~q)) AND (~a) AND ((~b) OR (~q)))
ff00,aa1d,0,3,3,generic,no,q,((~x) AND (b) AND (a)) OR ((b) AND (q)) OR ((~q) AND ((~a) OR (~x)) AND (~b))
ff00,aa5d,0,3,3,generic,no,q,((~x) AND (b) AND (a)) OR ((b) AND (q)) OR ((~q) AND (~b))
ff00,aaaf,0,3,3,generic,no,q,((~q) AND (~x)) OR (b)
ff00,aaf0,0,3,3,generic,no,q,q ? b : x
ff00,ab2b,0,3,3,generic,no,q,(((~a) OR (~x)) AND (b)) OR ((b) AND (q)) OR ((~x) AND (~a))
ff00,ab99,0,3,3,generic,no,q,(((~a) OR (~x)) AND (b) AND (q)) OR ((b) AND (a)) OR (((~x) OR (~q)) AND (~a) AND (~b))
ff00,abfb,0,3,3,generic,no,q,(((~x) OR (~q)) AND (~a)) OR (b) OR ((~q) AND (x))
ff00,ac64,0,3,3,generic,no,q,((~a) AND (b) AND (x)) OR ((b) AND (a) AND (q)) OR (((~x) OR (~q)) AND (~b) AND (a))
ff00,acec,0,3,3,generic,no,q,(((~x) OR (~q)) AND (a)) OR ((b) AND (x))
ff00,ad8f,0,3,3,generic,no,q,(((~x) OR (~q)) AND (b) AND (a)) OR ((b) AND (x) AND (q)) OR ((~x) AND ((~b) OR (~q)))
ff00,ae0f,0,3,3,generic,no,q,((~x) AND (a)) OR ((b) AND (q)) OR ((~q) AND (~x))
ff00,ae74,0,3,3,generic,no,q,(((~x) OR (~q)) AND (~b) AND (a)) OR ((b) AND (q)) OR ((~q) AND ((~b) OR (~a)) AND (x))
ff00,af00,0,3,3,generic,no,q,((~x) AND (q)) OR ((b) AND (q))
ff00,af75,0,3,3,generic,no,q,((~a) AND (b) AND (x)) OR ((b) AND (q)) OR (((~x) OR (~q)) AND (~b))
ff00,afdf,0,3,3,generic,no,q,(((~a) OR (~x)) AND (b) AND (q)) OR ((b) AND (a)) OR (((~x) OR (~q)) AND ((~b) OR (~x)))
ff00,b050,0,3,3,generic,no,q,(((~a) OR (~q)) AND (~b) AND (x)) OR ((b) AND (x) AND (q))
ff00,b0ac,0,3,3,generic,no,q,((~a) AND (x) AND (q)) OR ((b) AND (x)) OR ((~q) AND (~x) AND (a))
ff00,b10a,0,3,3,generic,no,q,((~a) AND (~b) AND (q)) OR ((b) AND (x) AND (q)) OR ((~q) AND (~x) AND (b))
ff00,b188,0,3,3,generic,no,q,((~a) AND (~b) AND (q)) OR ((b) AND (x) AND (q)) OR ((~q) AND (b) AND (a))
ff00,b1f5,0,3,3,generic,no,q,(((~a) OR (~q)) AND (~b)) OR ((b) AND (x))
ff00,b307,0,3,3,generic,no,q,((~a) AND (q)) OR ((b) AND (x) AND (q)) OR ((~x) AND ((~a) OR (~q)) AND ((~b) OR (~a)))
ff00,b391,0,3,3,generic,no,q,((~a) AND (q)) OR ((b) AND (a) AND (x)) OR ((~a) AND (~b))
ff00,b434,0,3,3,generic,no,q,((~a) AND (x)) OR ((b) AND (x) AND (q)) OR ((~x) AND (~b) AND (a))
ff00,b533,0,3,3,generic,no,q,(((~a) OR (~x)) AND (~b) AND (q)) OR ((b) AND (x) AND (q)) OR ((~a) AND ((~b) OR (~q)))
ff00,b5bf,0,3,3,generic,no,q,(((~a) OR (~x)) AND ((~b) OR (~q))) OR ((b) AND (x))
ff00,b755,0,3,3,generic,no,q,(((~a) OR (~x)) AND ((~b) OR (~a)) AND (q)) OR ((b) AND (x) AND (q)) OR (((~a) OR (~x) OR (~q)) AND (~b))
ff00,b7c0,0,3,3,generic,no,q,(((~a) OR (~x)) AND ((~b) OR (~a)) AND (q)) OR ((b) AND (x) AND (q)) OR ((~q) AND (a) AND (x))
ff00,b83f,0,3,3,generic,no,q,((~a) AND (x)) OR ((b) AND (a) AND (q)) OR ((~q) AND ((~a) OR (~x)))
ff00,b8bd,0,3,3,generic,no,q,((~a) AND (x)) OR ((b) AND (a)) OR ((~q) AND ((~a) OR (~x)) AND (~b))
ff00,b93f,0,3,3,generic,no,q,((~a) AND (x)) OR ((b) AND (a) AND (q)) OR (((~a) OR (~q)) AND ((~a) OR (~x)) AND ((~b) OR (~q)))
ff00,ba00,0,3,3,generic,no,q,((~a) AND (x) AND (q)) OR ((b) AND (q))
ff00,ba57,0,3,3,generic,no,q,((~a) AND (x) AND (q)) OR ((b) AND (q)) OR ((~q) AND ((~b) OR (~x)) AND ((~b) OR (~a)))
ff00,baf1,0,3,3,generic,no,q,(((~a) OR (~q)) AND (x)) OR ((b) AND (q)) OR ((~q) AND (~a) AND (~b))
ff00,bb44,0,3,3,generic,no,q,((~a) AND (q)) OR ((b) AND (q)) OR ((~q) AND (~b) AND (a))
ff00,bbb8,0,3,3,generic,no,q,((~a) AND (q)) OR ((b) AND (a)) OR ((~a) AND (x))
ff00,bc8c,0,3,3,generic,no,q,((~a) AND (x) AND (q)) OR ((b) AND (a)) OR ((~x) AND (a))
ff00,bd8f,0,3,3,generic,no,q,((~a) AND (x) AND (q)) OR ((b) AND (a)) OR ((~x) AND ((~b) OR (~q)))
ff00,beaa,0,3,3,generic,no,q,((~a) AND (x) AND (q)) OR (b) OR ((~x) AND (a) AND (q))
ff00,bf55,0,3,3,generic,no,q,(((~a) OR (~x) OR (~q)) AND (~b)) OR ((b) AND (q))
ff00,bfaa,0,3,3,generic,no,q,(((~a) OR (~x)) AND (q)) OR (b)
ff00,c00d,0,3,3,generic,no,q,((~q) AND (~x) AND (a)) OR ((a) AND (x) AND (q)) OR ((~q) AND (~x) AND (~b))
ff00,c055,0,3,3,generic,no,q,((~q) AND (~b)) OR ((a) AND (x) AND (q))
ff00,c0a7,0,3,3,generic,no,q,((~q) AND (b) AND (x)) OR ((a) AND (x) AND (q)) OR ((~q) AND (~x) AND ((~b) OR (~a)))
ff00,c0e0,0,3,3,generic,no,q,((~q) AND (b) AND (x)) OR ((a) AND (x))
ff00,c12b,0,3,3,generic,no,q,((~x) AND (~a) AND ((~b) OR (~q))) OR ((a) AND (x) AND (q)) OR ((~q) AND ((~a) OR (~x)) AND (b))
ff00,c1b3,0,3,3,generic,no,q,(((~x) OR (~q)) AND (~a) AND ((~b) OR (~q))) OR ((a) AND (x) AND (q)) OR ((b) AND (a) AND (x))
ff00,c21f,0,3,3,generic,no,q,((~x) AND ((~a) OR (~q)) AND (b)) OR ((a) AND (x) AND (q)) OR ((~q) AND ((~a) OR (~x)) AND ((~b) OR (~x)))
ff00,c2c6,0,3,3,generic,no,q,((~x) AND (~a) AND (b)) OR ((a) AND (x)) OR ((~q) AND (~b) AND (a))
ff00,c31b,0,3,3,generic,no,q,(((~x) OR (~q)) AND (~a) AND ((~b) OR (~x))) OR ((a) AND (x) AND (q)) OR ((~x) AND ((~a) OR (~q)) AND (b))
ff00,c3ab,0,3,3,generic,no,q,((~x) AND (~a)) OR ((a) AND (x) AND (q)) OR (((~x) OR (~q)) AND ((~a) OR (~q)) AND (b))
ff00,c407,0,3,3,generic,no,q,((~b) AND (a) AND (q)) OR ((a) AND (x) AND (q)) OR ((~q) AND (~x) AND ((~b) OR (~a)))
ff00,c474,0,3,3,generic,no,q,((~b) AND (a)) OR ((a) AND (x) AND (q)) OR ((~q) AND ((~b) OR (~a)) AND (x))
ff00,c4d3,0,3,3,generic,no,q,((~b) AND (a) AND (q)) OR ((a) AND (x)) OR ((~q) AND (~a) AND ((~b) OR (~x)))
ff00,c530,0,3,3,generic,no,q,((~x) AND (~b) AND (q)) OR ((a) AND (x) AND (q)) OR ((~q) AND (~a) AND (x))
ff00,c5c0,0,3,3,generic,no,q,((~x) AND (~b) AND (q)) OR ((a) AND (x))
ff00,c682,0,3,3,generic,no,q,((~b) AND (a) AND (q)) OR ((b) AND (a) AND (x)) OR ((~x) AND (~a) AND (b))
ff00,c74f,0,3,3,generic,no,q,(((~b) OR (~q)) AND ((~b) OR (~x)) AND (a)) OR ((a) AND (x) AND (q)) OR ((~x) AND ((~b) OR (~a) OR (~q)))
ff00,c7e7,0,3,3,generic,no,q,((~x) AND ((~b) OR (~a))) OR ((a) AND (x)) OR (((~x) OR (~q)) AND (~a) AND (b))
ff00,c850,0,3,3,generic,no,q,((~b) AND (a) AND (x)) OR ((b) AND (a) AND (q)) OR ((~q) AND (~b) AND (x))
ff00,c8d1,0,3,3,generic,no,q,(((~b) OR (~q)) AND (a) AND (x)) OR ((b) AND (a) AND (q)) OR ((~q) AND (~a) AND (~b))
ff00,c98f,0,3,3,generic,no,q,(((~x) OR (~q)) AND (b) AND (a)) OR ((a) AND (x) AND (q)) OR ((~x) AND ((~a) OR (~q)) AND ((~b) OR (~q)))
ff00,ca37,0,3,3,generic,no,q,((~x) AND (b) AND (q)) OR ((a) AND (x) AND (q)) OR ((~q) AND ((~a) OR (~x)) AND ((~b) OR (~a)))
ff00,caca,0,3,3,generic,no,q,((~x) AND (b)) OR ((a) AND (x))
ff00,cb33,0,3,3,generic,no,q,((~x) AND (b) AND (q)) OR ((a) AND (x) AND (q)) OR (((~x) OR (~q)) AND (~a))
ff00,cbf7,0,3,3,generic,no,q,(((~b) OR (~q)) AND (a) AND (x)) OR ((b) AND (a) AND (q)) OR (((~x) OR (~q)) AND ((~a) OR (~q)) AND ((~b) OR (~a)))
ff00,cc40,0,3,3,generic,no,q,((~b) AND (a) AND (x)) OR ((a) AND (q))
ff00,cc8b,0,3,3,generic,no,q,(((~b) OR (~x)) AND (a) AND (q)) OR ((b) AND (a)) OR ((~q) AND (~x) AND (~a))
ff00,ccd0,0,3,3,generic,no,q,(((~b) OR (~x)) AND (a) AND (q)) OR ((a) AND (x)) OR ((~q) AND (~b) AND (x))
ff00,cd0c,0,3,3,generic,no,q,((~x) AND (a)) OR ((a) AND (q)) OR ((~x) AND (~b) AND (q))
ff00,cd70,0,3,3,generic,no,q,((~x) AND (~b) AND (q)) OR ((a) AND (q)) OR ((~q) AND ((~b) OR (~a)) AND (x))
ff00,cdcd,0,3,3,generic,no,q,((~x) AND (~b)) OR (a)
ff00,ce23,0,3,3,generic,no,q,(((~x) OR (~q)) AND (~a) AND (b)) OR ((a) AND (q)) OR ((~q) AND (~x) AND (~a))
ff00,cea0,0,3,3,generic,no,q,((~x) AND (b) AND (q)) OR ((a) AND (q)) OR ((~q) AND (b) AND (x))
ff00,cf0a,0,3,3,generic,no,q,((~x) AND (q)) OR ((a) AND (q)) OR ((~x) AND (b))
ff00,cf93,0,3,3,generic,no,q,(((~b) OR (~x)) AND (a) AND (q)) OR ((b) AND (a) AND (x)) OR (((~x) OR (~q)) AND (~a) AND ((~b) OR (~x)))
ff00,cff3,0,3,3,generic,no,q,(((~b) OR (~x)) AND (a) AND (q)) OR ((a) AND (x)) OR (((~x) OR (~q)) AND (~a))
ff00,d05f,0,3,3,generic,no,q,((~b) AND (x)) OR ((a) AND (x) AND (q)) OR ((~q) AND ((~b) OR (~x)))
ff00,d0ca,0,3,3,generic,no,q,((~b) AND (x) AND (q)) OR ((a) AND (x)) OR ((~q) AND (~x) AND (b))
ff00,d11b,0,3,3,generic,no,q,((~a) AND ((~b) OR (~q)) AND ((~b) OR (~x))) OR ((a) AND (x) AND (q)) OR ((~q) AND (~x) AND (b))
ff00,d1a0,0,3,3,generic,no,q,((~a) AND (~b) AND (q)) OR ((a) AND (x) AND (q)) OR ((~q) AND (b) AND (x))
ff00,d222,0,3,3,generic,no,q,((~b) AND (x) AND (q)) OR ((a) AND (x) AND (q)) OR (((~x) OR (~q)) AND (~a) AND (b))
ff00,d337,0,3,3,generic,no,q,((~a) AND ((~b) OR (~x) OR (~q))) OR ((a) AND (x) AND (q)) OR (((~a) OR (~q)) AND ((~a) OR (~x)) AND (~b))
ff00,d3d1,0,3,3,generic,no,q,((~a) AND ((~b) OR (~x)) AND (q)) OR ((a) AND (x)) OR ((~a) AND (~b))
ff00,d4d4,0,3,3,generic,no,q,((~b) AND (x)) OR ((a) AND (x)) OR ((~b) AND (a))
ff00,d581,0,3,3,generic,no,q,((~b) AND (q)) OR ((b) AND (a) AND (x)) OR ((~x) AND (~a) AND (~b))
ff00,d5e2,0,3,3,generic,no,q,((~b) AND (q)) OR ((a) AND (x)) OR ((~q) AND (~a) AND (b))
ff00,d782,0,3,3,generic,no,q,(((~b) OR (~x)) AND ((~b) OR (~a)) AND (q)) OR ((b) AND (a) AND (x)) OR ((~x) AND (~a) AND (b))
ff00,d7e2,0,3,3,generic,no,q,(((~b) OR (~x)) AND ((~b) OR (~a)) AND (q)) OR ((a) AND (x)) OR (((~x) OR (~q)) AND (~a) AND (b))
ff00,d870,0,3,3,generic,no,q,(((~b) OR (~q)) AND ((~b) OR (~a)) AND (x)) OR ((b) AND (a) AND (q))
ff00,d8f0,0,3,3,generic,no,q,(((~b) OR (~q)) AND (x)) OR ((b) AND (a) AND (q))
ff00,d977,0,3,3,generic,no,q,(((~b) OR (~q)) AND ((~b) OR (~a)) AND (x)) OR ((b) AND (a) AND (q)) OR (((~a) OR (~q)) AND ((~b) OR (~q)) AND ((~b) OR (~a)))
ff00,da3a,0,3,3,generic,no,q,((~a) AND ((~b) OR (~q)) AND (x)) OR ((a) AND (x) AND (q)) OR (((~x) OR (~q)) AND ((~a) OR (~x)) AND (b))
ff00,db55,0,3,3,generic,no,q,(((~a) OR (~q)) AND (~b)) OR ((a) AND (x) AND (q)) OR ((~x) AND (b) AND (q))
ff00,dc0f,0,3,3,generic,no,q,((~b) AND (x) AND (q)) OR ((a) AND (q)) OR ((~q) AND (~x))
ff00,dc73,0,3,3,generic,no,q,(((~b) OR (~q)) AND ((~b) OR (~a)) AND (x)) OR ((a) AND (q)) OR ((~q) AND (~a))
ff00,dcfc,0,3,3,generic,no,q,(((~b) OR (~q)) AND (x)) OR (a)
ff00,dd5f,0,3,3,generic,no,q,(((~b) OR (~q)) AND ((~b) OR (~x))) OR ((a) AND (q))
ff00,ddd3,0,3,3,generic,no,q,(((~b) OR (~x)) AND (a) AND (q)) OR ((a) AND (x)) OR ((~a) AND ((~b) OR (~q)) AND ((~b) OR (~x)))
ff00,def2,0,3,3,generic,no,q,(((~b) OR (~q)) AND (x)) OR ((a) AND (q)) OR (((~x) OR (~q)) AND (~a) AND (b))
ff00,df80,0,3,3,generic,no,q,(((~b) OR (~x)) AND (q)) OR ((b) AND (a) AND (x))
ff00,dfc7,0,3,3,generic,no,q,(((~b) OR (~x)) AND (q)) OR ((a) AND (x)) OR ((~x) AND ((~b) OR (~a)))
ff00,e027,0,3,3,generic,no,q,((~a) AND (b) AND (x)) OR ((a) AND (x) AND (q)) OR ((~q) AND (~x) AND ((~b) OR (~a)))
ff00,e0aa,0,3,3,generic,no,q,(((~a) OR (~q)) AND (b) AND (x)) OR ((a) AND (x) AND (q)) OR ((~q) AND (b))
ff00,e10f,0,3,3,generic,yes,q,((~x) AND ((~a) OR (~q)) AND ((~b) OR (~q))) OR ((a) AND (x) AND (q)) OR ((b) AND (x) AND (q))
ff00,e207,0,3,3,generic,no,q,((~a) AND (b) AND (q)) OR ((a) AND (x) AND (q)) OR ((~q) AND (~x) AND ((~b) OR (~a)))
ff00,e27f,0,3,3,generic,no,q,(((~a) OR (~q)) AND ((~a) OR (~x)) AND (b)) OR ((a) AND (x) AND (q)) OR ((~q) AND ((~b) OR (~a) OR (~x)))
ff00,e2f7,0,3,3,generic,no,q,((~a) AND (b)) OR ((a) AND (x)) OR ((~q) AND ((~b) OR (~a)))
ff00,e3bf,0,3,3,generic,no,q,(((~a) OR (~q)) AND (b)) OR ((a) AND (x) AND (q)) OR (((~x) OR (~q)) AND ((~a) OR (~q)) AND ((~a) OR (~x)))
ff00,e433,0,3,3,generic,no,q,((~b) AND (a) AND (q)) OR ((b) AND (x) AND (q)) OR ((~q) AND (~a))
ff00,e4b1,0,3,3,generic,no,q,((~b) AND (a) AND (q)) OR ((b) AND (x)) OR ((~q) AND (~a) AND (~b))
ff00,e527,0,3,3,generic,no,q,((~a) AND (b) AND (x)) OR ((a) AND (x) AND (q)) OR ((~x) AND ((~b) OR (~q)) AND ((~b) OR (~a)))
ff00,e5e7,0,3,3,generic,no,q,((~b) AND (a)) OR ((b) AND (x)) OR ((~x) AND ((~b) OR (~q)) AND ((~b) OR (~a)))
ff00,e705,0,3,3,generic,no,q,((~a) AND (b) AND (q)) OR ((a) AND (x) AND (q)) OR ((~x) AND (~b))
ff00,e7e2,0,3,3,generic,no,q,((~a) AND (b)) OR ((a) AND (x)) OR ((~x) AND ((~b) OR (~a)) AND (q))
ff00,ea43,0,3,3,generic,no,q,((~b) AND (a) AND (x)) OR ((b) AND (q)) OR ((~q) AND (~x) AND (~a))
ff00,ead5,0,3,3,generic,no,q,(((~b) OR (~q)) AND (a) AND (x)) OR ((b) AND (q)) OR ((~q) AND (~b))
ff00,ebab,0,3,3,generic,no,q,(((~a) OR (~x) OR (~q)) AND (b)) OR ((a) AND (x) AND (q)) OR ((~x) AND (~a))
ff00,ec2a,0,3,3,generic,no,q,(((~b) OR (~x)) AND (a) AND (q)) OR ((b) AND (x) AND (q)) OR ((~q) AND ((~a) OR (~x)) AND (b))
ff00,ecb3,0,3,3,generic,no,q,(((~b) OR (~x)) AND (a) AND (q)) OR ((b) AND (x)) OR ((~q) AND (~a))
ff00,ed55,0,3,3,generic,no,q,(((~b) OR (~x)) AND (a) AND (q)) OR ((b) AND (x) AND (q)) OR (((~x) OR (~q)) AND (~b))
ff00,ee1f,0,3,3,generic,no,q,(((~b) OR (~x)) AND (a) AND (q)) OR ((b) AND (q)) OR ((~q) AND ((~a) OR (~x)) AND ((~b) OR (~x)))
ff00,ee72,0,3,3,generic,no,q,((~a) AND (b)) OR ((a) AND (q)) OR ((~q) AND ((~b) OR (~a)) AND (x))
ff00,ef23,0,3,3,generic,no,q,((~a) AND (b)) OR ((a) AND (q)) OR ((~x) AND (~a))
ff00,efe0,0,3,3,generic,no,q,(((~b) OR (~q)) AND (a) AND (x)) OR ((b) AND (x)) OR ((~x) AND (q))
ff00,f037,0,3,3,generic,no,q,((~q) AND ((~a) OR (~x)) AND ((~b) OR (~a))) OR ((x) AND (q))
ff00,f083,0,3,3,generic,no,q,(((~b) OR (~a)) AND (x) AND (q)) OR ((b) AND (a) AND (x)) OR ((~q) AND (~x) AND (~a))
ff00,f0c7,0,3,3,generic,no,q,(((~b) OR (~a)) AND (x) AND (q)) OR ((a) AND (x)) OR ((~q) AND (~x) AND ((~b) OR (~a)))
ff00,f10a,0,3,3,generic,no,q,((~a) AND (~b) AND (q)) OR ((x) AND (q)) OR ((~q) AND (~x) AND (b))
ff00,f153,0,3,3,generic,no,q,((~b) AND (x)) OR ((x) AND (q)) OR ((~a) AND ((~b) OR (~q)) AND ((~b) OR (~x)))
ff00,f1c3,0,3,3,generic,no,q,(((~b) OR (~a)) AND (x) AND (q)) OR ((a) AND (x)) OR ((~x) AND (~a) AND ((~b) OR (~q)))
ff00,f217,0,3,3,generic,no,q,((~x) AND (~a) AND (b)) OR ((x) AND (q)) OR ((~q) AND ((~a) OR (~x)) AND (~b))
ff00,f27f,0,3,3,generic,no,q,(((~a) OR (~q)) AND ((~a) OR (~x)) AND (b)) OR ((x) AND (q)) OR ((~q) AND ((~b) OR (~a) OR (~x)))
ff00,f303,0,3,3,generic,no,q,((~x) AND (~a)) OR ((x) AND (q))
ff00,f380,0,3,3,generic,no,q,(((~b) OR (~a)) AND (x) AND (q)) OR ((b) AND (a) AND (x)) OR ((~a) AND (q))
ff00,f3f2,0,3,3,generic,no,q,((~a) AND (q)) OR (x) OR ((~a) AND (b))
ff00,f440,0,3,3,generic,no,q,((~b) AND (a) AND (q)) OR ((x) AND (q)) OR ((~b) AND (a) AND (x))
ff00,f4dc,0,3,3,generic,no,q,((~b) AND (x)) OR ((x) AND (q)) OR (((~b) OR (~q)) AND (a))
ff00,f527,0,3,3,generic,no,q,((~a) AND (b) AND (x)) OR ((x) AND (q)) OR ((~x) AND ((~b) OR (~q)) AND ((~b) OR (~a)))
ff00,f5aa,0,3,3,generic,no,q,((~b) AND (q)) OR ((x) AND (q)) OR ((~q) AND (b))
ff00,f62a,0,3,3,generic,no,q,((~b) AND (a) AND (q)) OR ((x) AND (q)) OR (((~a) OR (~q)) AND ((~a) OR (~x)) AND (b))
ff00,f72f,0,3,3,generic,no,q,(((~a) OR (~q)) AND ((~a) OR (~x)) AND (b)) OR ((x) AND (q)) OR ((~x) AND ((~b) OR (~a) OR (~q)))
ff00,f7a8,0,3,3,generic,no,q,(((~b) OR (~a)) AND (q)) OR ((b) AND (x)) OR ((~q) AND (b) AND (a))
ff00,f7fc,0,3,3,generic,no,q,(((~b) OR (~a)) AND (q)) OR (x) OR (((~b) OR (~q)) AND (a))
ff00,f870,0,3,3,generic,no,q,(((~b) OR (~a)) AND (x)) OR ((b) AND (a) AND (q))
ff00,f900,0,3,3,generic,no,q,(((~b) OR (~a)) AND (x) AND (q)) OR ((b) AND (a) AND (q)) OR ((~a) AND (~b) AND (q))
ff00,f9f1,0,3,3,generic,no,q,(((~b) OR (~a) OR (~q)) AND (x)) OR ((b) AND (a) AND (q)) OR ((~a) AND (~b))
ff00,fa4a,0,3,3,generic,no,q,((~b) AND (a) AND (x)) OR ((x) AND (q)) OR ((~x) AND (b))
ff00,faee,0,3,3,generic,no,q,(((~b) OR (~a)) AND (x) AND (q)) OR (b) OR ((~q) AND (a))
ff00,fb75,0,3,3,generic,no,q,(((~b) OR (~a)) AND (x)) OR ((b) AND (q)) OR (((~a) OR (~q)) AND (~b))
ff00,fc11,0,3,3,generic,no,q,(((~b) OR (~a)) AND (x) AND (q)) OR ((a) AND (q)) OR ((~q) AND (~a) AND (~b))
ff00,fc74,0,3,3,generic,no,q,(((~b) OR (~a)) AND (x)) OR ((a) AND (q)) OR ((~b) AND (a))
ff00,fd13,0,3,3,generic,no,q,(((~b) OR (~a)) AND (x) AND (q)) OR ((a) AND (q)) OR ((~a) AND ((~b) OR (~q)) AND ((~b) OR (~x)))
ff00,fddf,0,3,3,generic,no,q,(((~b) OR (~a)) AND (x) AND (q)) OR (a) OR (((~b) OR (~q)) AND ((~b) OR (~x)))
ff00,ff04,0,3,3,generic,no,q,((~x) AND (~b) AND (a)) OR (q)
ff00,ff3c,0,3,3,generic,no,q,((~a) AND (x)) OR (q) OR ((~x) AND (a))
ff00,ff7f,0,3,3,generic,no,q,((~b) OR (~a) OR (~x)) OR (q)
ff00,ffc3,0,3,3,generic,no,q,(((~b) OR (~a) OR (~x)) AND (q)) OR ((a) AND (x)) OR ((~x) AND (~a))
ff07,f0f0,3,0,3,generic,no,((~x) AND ((~b) OR (~a))) OR (q),x
ff14,aaaa,3,0,3,generic,no,((~a) AND (~b) AND (x)) OR (q) OR ((~x) AND (~b) AND (a)),b
ff23,cccc,3,0,3,generic,no,((~a) AND (b)) OR (q) OR ((~x) AND (~a)),a
ff32,f0f0,3,0,3,generic,no,((~a) AND (x)) OR (q) OR ((~a) AND (b)),x
ff42,aaaa,3,0,3,generic,no,((~b) AND (a) AND (x)) OR (q) OR ((~x) AND (~a) AND (b)),b
ff51,cccc,3,0,3,generic,no,((~b) AND (x)) OR (q) OR ((~a) AND (~b)),a
ff60,f0f0,3,0,3,generic,no,((~b) AND (a) AND (x)) OR (q) OR ((~a) AND (b) AND (x)),x
ff77,55ff,2,1,3,generic,no,(q) OR (~b) OR (~a),"NAND(q,b)"
ff87,aaaa,3,0,3,generic,no,(((~b) OR (~a) OR (~x)) AND (q)) OR ((b) AND (a) AND (x)) OR ((~x) AND ((~b) OR (~a))),b
ff90,f0f0,3,0,3,generic,no,(((~b) OR (~a) OR (~x)) AND (q)) OR ((b) AND (a) AND (x)) OR ((~a) AND (~b) AND (x)),x
ffa1,f0f0,3,0,3,generic,no,(((~b) OR (~a) OR (~x)) AND (q)) OR ((b) AND (x)) OR ((~x) AND (~a) AND (~b)),x
ffac,cccc,3,0,3,generic,no,(((~b) OR (~a) OR (~x)) AND (q)) OR ((b) AND (x)) OR ((~x) AND (a)),a
ffba,aaaa,3,0,3,generic,no,(((~b) OR (~a) OR (~x)) AND (q)) OR (b) OR ((~a) AND (x)),b
ffc5,f0f0,3,0,3,generic,no,(((~b) OR (~a) OR (~x)) AND (q)) OR ((a) AND (x)) OR ((~x) AND (~b)),x
ffcf,7777,2,1,3,generic,no,(q) OR (a) OR (~x),"NAND(a,b)"
ffdd,7f7f,2,1,3,generic,no,(q) OR (a) OR (~b),(~b) OR (~a) OR (~x)
ffee,0fff,2,1,3,generic,no,(q) OR (a) OR (b),"NAND(q,x)"
fff5,33ff,2,1,3,generic,no,(q) OR (x) OR (~b),"NAND(q,a)"
fffc,77ff,2,1,3,generic,no,(q) OR (x) OR (a),(~b) OR (~a) OR (~q)
